{"tissue_lowres_scalef": 0.023524799059008037, "fiducial_diameter_fullres": 291.1581699999999, "spot_diameter_fullres": 180.24078000000003}