{"tissue_hires_scalef": 0.03920799843168006, "fiducial_diameter_fullres": 291.1581699999999, "spot_diameter_fullres": 180.24078000000003}