{"tissue_lowres_scalef": 0.026621705563936462, "fiducial_diameter_fullres": 290.70392, "spot_diameter_fullres": 179.95958}