{"tissue_lowres_scalef": 0.02674392689993314, "fiducial_diameter_fullres": 290.70392, "spot_diameter_fullres": 179.95958}