{"tissue_hires_scalef":0.066341594,"tissue_lowres_scalef":0.0189097180047506,"spot_diameter_fullres":180.23947}
