{"tissue_hires_scalef": 0.077363454, "tissue_lowres_scalef": 0.023209035, "fiducial_diameter_fullres": 291.03156, "spot_diameter_fullres": 180.16238}