{"tissue_hires_scalef": 0.06788175, "tissue_lowres_scalef": 0.020364525, "fiducial_diameter_fullres": 291.21250000000003, "spot_diameter_fullres": 180.27441}