{"tissue_lowres_scalef": 0.02158894645941278, "fiducial_diameter_fullres": 291.52017, "spot_diameter_fullres": 180.46486000000002}