{"tissue_hires_scalef": 0.03598157743235463, "fiducial_diameter_fullres": 291.52017, "spot_diameter_fullres": 180.46486000000002}