p_val	avg_log2FC	pct.1	pct.2	p_val_adj	gene	neglog10_padj	sig
0	0.676196489023687	0.501	0.351	0	Hspa5	300	TRUE
0	0.686075049100162	0.509	0.361	0	Hsph1	300	TRUE
0	-0.704579920544885	0.624	0.77	0	Rsrp1	300	TRUE
0	0.836892979664817	0.359	0.215	0	Tmem65	300	TRUE
0	0.667133603414153	0.457	0.32	0	Dnaja1	300	TRUE
0	-0.636947935891474	0.331	0.463	0	Thada	300	TRUE
0	-0.960347950676791	0.175	0.302	0	Rbm3	300	TRUE
0	0.598760056237328	0.468	0.346	0	Mcf2l	300	TRUE
0	-0.503062814912258	0.433	0.553	0	Ercc6l2	300	TRUE
0	0.510238285600761	0.768	0.649	0	Hsp90aa1	300	TRUE
0	0.827346521072185	0.264	0.157	0	Chordc1	300	TRUE
0	0.493727702078822	0.593	0.486	0	Fnbp1l	300	TRUE
0	0.554397429833871	0.637	0.538	0	Rgs9	300	TRUE
0	0.432019205357661	0.807	0.714	0	Pde10a	300	TRUE
0	-0.507160863462684	0.744	0.835	0	Plp1	300	TRUE
0	-0.39227609502523	0.865	0.946	0	Mbp	300	TRUE
0	-1.61224134661096	0.066	0.143	0	Agt	300	TRUE
0	0.400222728463951	0.866	0.793	0	Hsp90ab1	300	TRUE
0	0.451211396371995	0.745	0.677	0	Lrfn5	300	TRUE
0	0.367620354341514	0.862	0.807	0	Atp2b1	300	TRUE
0	0.314081459531472	0.912	0.859	0	Ddx5	300	TRUE
0	0.292839192929306	0.882	0.839	0	Arpp21	300	TRUE
0	-0.430951042219784	0.912	0.955	0	Cst3	300	TRUE
0	-0.574364270878957	0.97	0.992	0	Apoe	300	TRUE
0	-0.289390737736936	0.904	0.926	0	Prkn	300	TRUE
0	0.404611951456843	0.974	0.962	0	Phactr1	300	TRUE
0	-0.204357745435265	0.965	0.974	0	Rbm39	300	FALSE
3.693099174717e-305	0.280238051657258	0.867	0.814	5.1116185677258e-301	Lrrc7	299.820689016972	TRUE
1.57699575613508e-298	0.212335737859863	0.988	0.985	2.18271982606657e-294	Cadm2	293.661001807787	FALSE
7.70513111975414e-296	0.46114924075144	0.581	0.479	1.06646719828517e-291	Celf5	290.972052497353	TRUE
2.95008990136418e-282	0.400881521100289	0.739	0.668	4.08321943247816e-278	Pcsk2	277.388997280436	TRUE
4.09751494797249e-278	0.25753960220578	0.874	0.83	5.67137043948873e-274	Plcb1	273.246311984777	TRUE
7.49427128486578e-278	-0.483033146964855	0.489	0.604	1.03728208853827e-273	Mobp	272.984103121301	TRUE
3.27155923986214e-272	-0.327950861155307	0.809	0.847	4.52816514389319e-268	Fhit	267.344077742647	TRUE
7.57295017312338e-269	0.350515170738136	0.739	0.662	1.04817203346201e-264	Cacna1a	263.979567431998	TRUE
8.81808708144699e-260	1.20181629022117	0.128	0.06	1.22051143294308e-255	Synpo2	254.913458148045	TRUE
1.29255192889888e-259	0.276449486881863	0.927	0.899	1.78902112478894e-255	Dgkb	254.747384531246	TRUE
1.15470039980049e-258	0.316927911584225	0.751	0.664	1.59822082336386e-254	Samd5	253.79636321517	TRUE
2.48617250652364e-256	0.249398882916173	0.895	0.858	3.44111136627937e-252	Fgf14	251.463301271878	FALSE
1.12346764052223e-255	0.353313296796758	0.827	0.775	1.55499156124682e-251	Cacnb2	250.808271963495	TRUE
3.82998764876593e-252	0.353457619303811	0.736	0.663	5.30108590465692e-248	Gpr158	247.275635157929	TRUE
8.06638186450487e-247	-0.519749049616219	0.439	0.544	1.11646791386612e-242	Ptgds	241.952153753588	TRUE
1.79751858406925e-243	0.295809334884146	0.777	0.718	2.48794547221025e-239	Unc79	238.60415914222	TRUE
1.76276745827087e-238	0.174609111336498	0.983	0.973	2.43984643899271e-234	Adgrb3	233.612637506775	FALSE
3.60605408418611e-237	0.380688793536776	0.65	0.57	4.99113945792199e-233	Kcnip2	232.301800295299	TRUE
8.69461030782976e-233	0.368649768339702	0.631	0.539	1.20342101270672e-228	Olfm3	227.919582409644	TRUE
6.23704961437714e-230	0.408739927593494	0.615	0.531	8.6327003712594e-226	Grm1	225.06385333257	TRUE
2.50936315445946e-216	0.663575664562643	0.269	0.181	3.47320954208734e-212	Stip1	211.459269014493	TRUE
9.65165036438971e-212	0.331089681350882	0.791	0.718	1.33588492693518e-207	Pde7b	206.874230950356	TRUE
9.89833221608834e-212	0.791584964601854	0.187	0.112	1.37002816202879e-207	Art3	206.86327050548	TRUE
1.96147126237612e-210	0.376935713060528	0.561	0.469	2.71487237425479e-206	Ero1b	205.566250581714	TRUE
8.03208074368058e-210	0.394394734299637	0.582	0.496	1.11172029573283e-205	Neto2	204.954004465721	TRUE
1.72498916792739e-208	-0.244522363853516	0.869	0.895	2.3875575073283e-204	Luc7l2	203.622046159089	FALSE
1.09075194714093e-205	0.42476864816645	0.538	0.45	1.50970977003777e-201	Trim9	200.821106534419	TRUE
3.43008159364334e-205	0.408803265427712	0.541	0.453	4.74757593376175e-201	Ldlrad4	200.323528080335	TRUE
3.82869223966274e-204	0.400015193107703	0.587	0.509	5.2992929289172e-200	Dlgap3	199.275782073334	TRUE
7.72528204329779e-204	0.779675461267077	0.172	0.101	1.06925628761285e-199	Abcc4	198.970918187255	TRUE
2.22263370615603e-203	0.385176691297481	0.648	0.575	3.07634731269056e-199	Zfp385b	198.511964635233	TRUE
1.3628214550897e-200	0.38350561218187	0.645	0.578	1.88628117598966e-196	Camk4	195.724393569245	TRUE
5.56860743304075e-198	0.314902939579482	0.682	0.606	7.70750954807171e-194	Scn1a	193.113085928597	TRUE
2.8142352322061e-194	0.233450983153865	0.823	0.77	3.89518298489647e-190	Kalrn	189.409472135562	FALSE
1.53696369059591e-191	0.646953877050788	0.314	0.23	2.1273114441538e-187	Gpr63	186.672168923555	TRUE
4.09061627483449e-189	0.28448856720077	0.736	0.67	5.66182198599842e-185	Baiap2	184.247043789459	TRUE
1.06788751841293e-187	0.227716237696564	0.923	0.897	1.47806311423533e-183	Kcnd2	182.830307020895	FALSE
6.64780050523994e-187	0.270503167261396	0.764	0.704	9.2012206793026e-183	Itpr1	182.036154553185	TRUE
1.43028617272714e-186	0.266526459867496	0.767	0.705	1.97965909167163e-182	Neto1	181.70340959123	TRUE
6.32166195600239e-185	0.351045498666193	0.55	0.46	8.7498123133029e-181	Cdh18	180.058001262654	TRUE
4.90309992760429e-183	0.389264766301002	0.462	0.367	6.78638060979709e-179	Pdia3	178.168361786881	TRUE
4.44283336274478e-182	-0.634926794001686	0.232	0.315	6.14932565737505e-178	Rnf43	177.211172506881	TRUE
2.61669613935119e-180	0.236228424948388	0.797	0.732	3.62176912647598e-176	Mllt3	175.441079237703	FALSE
3.06065524409166e-179	-0.871388773324391	0.14	0.213	4.23625292334726e-175	Itih3	174.373018118457	TRUE
5.43513684087451e-179	0.323041529985643	0.651	0.583	7.5227729014544e-175	Cyld	174.123622048527	TRUE
1.0233823730175e-177	0.252338102504805	0.773	0.709	1.41646354249352e-173	Kcnab1	172.848794599045	TRUE
1.35876635330245e-177	0.39561617035411	0.461	0.369	1.88066850960593e-173	Naa16	172.725687747318	TRUE
1.06915228352404e-176	0.490408026285932	0.356	0.271	1.47981367562563e-172	Sgsm1	171.829792963485	TRUE
3.17104801870294e-175	0.319114585564483	0.633	0.558	4.38904756268674e-171	Rgs7bp	170.357629712821	TRUE
1.58909819008769e-172	0.18517304483526	0.924	0.888	2.19947080490037e-168	Celf2	167.65768179834	FALSE
1.89950927264666e-172	0.303737716151432	0.631	0.551	2.62911078427024e-168	Gabra4	167.580191113405	TRUE
7.40194198694682e-172	0.269932912579379	0.766	0.704	1.02450279041331e-167	Pbx3	166.989486854384	TRUE
1.31370627096892e-171	-0.468749968551986	0.279	0.365	1.81830084964808e-167	Cnp	166.740334258335	TRUE
2.30314271077471e-171	-0.610289543970071	0.26	0.341	3.18777982598328e-167	Enpp2	166.496511682151	TRUE
5.26053034677776e-171	-0.499230942499169	0.403	0.49	7.28110005297509e-167	Apod	166.137803001065	TRUE
6.99675590016427e-168	-0.346541759934548	0.438	0.529	9.68420984141736e-164	Edil3	163.013935808658	TRUE
1.77470298014058e-167	0.396588461050152	0.444	0.356	2.45636639481257e-163	Nmt2	162.609706852768	TRUE
8.69921567533879e-166	-0.832384157462596	0.22	0.29	1.20405844162364e-161	Mog	160.919352433129	TRUE
3.45921704137324e-164	0.823057602187441	0.146	0.086	4.7879023069647e-160	Cck	159.319854719581	TRUE
6.66114423873172e-164	0.267670492067076	0.73	0.671	9.21968974082858e-160	Cdh8	159.035283693492	TRUE
7.0980833634252e-163	0.220111987009258	0.874	0.827	9.82445718331682e-159	Kcnq5	158.007691435742	FALSE
2.80437450570923e-162	-0.527701013224954	0.251	0.332	3.88153475335215e-158	Cldn11	157.410996521024	TRUE
2.45711995699639e-161	0.599003073716386	0.33	0.247	3.4008997324787e-157	Cryab	156.468406172029	TRUE
1.17272251918709e-160	0.309955910217084	0.437	0.348	1.62316523880686e-156	Fstl5	155.789637266588	TRUE
9.97368745800784e-159	0.283483722595843	0.659	0.59	1.38045808106286e-154	Scn8a	153.859976776594	TRUE
2.49660720273612e-158	0.341394843468864	0.546	0.466	3.45555402930706e-154	Slc35f4	153.461482312232	TRUE
4.32672545852116e-157	0.477217524592545	0.391	0.312	5.98862070713914e-153	Cdh9	152.222673192345	TRUE
4.54912113301554e-157	0.410255163560291	0.457	0.37	6.29643856020681e-153	P4ha1	152.20090503007	TRUE
1.49160176307584e-156	0.270430002222564	0.664	0.594	2.06452600027327e-152	Runx1t1	151.685179643327	TRUE
3.9175535129088e-156	0.475803864107027	0.356	0.278	5.42228581721707e-152	Actn2	151.265817593807	TRUE
6.3426922961224e-156	0.331903349906196	0.559	0.478	8.77892040706301e-152	Brinp1	151.056558888431	TRUE
6.80126580207074e-154	0.20127848444916	0.804	0.76	9.41363199664611e-150	Gria4	149.026242783398	FALSE
1.04618616234884e-153	-0.313665729761164	0.753	0.794	1.44802626730702e-149	Tbc1d5	148.839223559932	TRUE
2.1854406353614e-153	0.259022261197171	0.672	0.598	3.02486838340372e-149	Vps13a	148.51929351741	TRUE
3.86547164107294e-153	-0.240609730671086	0.823	0.854	5.35019929840906e-149	Son	148.271630039925	FALSE
5.38657622293161e-153	0.483613126261879	0.312	0.234	7.45556015015965e-149	Kcnc3	148.12751972163	TRUE
8.81179583578479e-153	0.612970110913626	0.292	0.217	1.21964066163097e-148	Reln	147.913768105111	TRUE
2.26094822835178e-152	-0.667298861067802	0.15	0.217	3.1293784428617e-148	Pced1b	147.504541913457	TRUE
1.18666965097044e-151	0.422116655290046	0.411	0.332	1.64246946390819e-147	Kcna4	146.784502695911	TRUE
2.09994604389662e-150	0.189260216165624	0.869	0.825	2.90653531935731e-146	Snap25	145.536624395257	FALSE
5.36772562035708e-150	0.319638057116072	0.616	0.544	7.42946903113624e-146	Cntn4	145.129042223263	TRUE
8.96272948857896e-150	0.365936649653332	0.488	0.409	1.24053138851421e-145	Dgkh	144.906392242528	TRUE
9.25959570245207e-150	0.385460088949543	0.422	0.34	1.28162064117639e-145	Mtcl1	144.892240506662	TRUE
4.68330194516523e-149	0.346992443563419	0.473	0.39	6.48215822230319e-145	Znrf1	144.188280372527	TRUE
9.5061804792342e-149	0.192843099794882	0.848	0.795	1.31575044013081e-144	Meis2	143.880826476035	FALSE
9.54233122539679e-149	-0.878505313629343	0.101	0.159	1.32075406490717e-144	Igsf1	143.879178044003	TRUE
5.4991051543248e-148	0.283700244629196	0.669	0.596	7.61131144410096e-144	Prkd1	143.118540506979	TRUE
9.79933756547376e-147	0.341995514116544	0.444	0.357	1.35632631243722e-142	Hsp90b1	141.867635812945	TRUE
1.04467987475949e-146	0.380651100252292	0.289	0.21	1.44594141465461e-142	Ptpro	141.839849303036	TRUE
1.98761564472321e-146	0.511673857004432	0.212	0.144	2.75105881386139e-142	Pld5	141.560500124891	TRUE
2.04058890237232e-146	0.279536811035979	0.64	0.567	2.82437909977352e-142	Syndig1	141.549077010917	TRUE
5.06141651862225e-146	-0.768401284028928	0.129	0.191	7.00550660342506e-142	Gpd1	141.154560453224	TRUE
3.42975681392821e-144	0.271591202594958	0.621	0.541	4.74712640615804e-140	Etl4	139.323569203764	TRUE
1.45858690300873e-143	0.271035002922033	0.657	0.589	2.01883013245438e-139	Adcy9	138.694900221741	TRUE
7.30368158349385e-143	0.369200954017792	0.43	0.35	1.01090256797138e-138	Fbxo34	137.995290700226	TRUE
8.74443484809372e-143	0.381797726080116	0.389	0.309	1.21031722732465e-138	Pacsin2	137.917100785039	TRUE
3.01920347723703e-142	-0.611898779958323	0.213	0.284	4.17887953284377e-138	Sparc	137.378940148353	TRUE
2.63577147637295e-141	0.282654795706094	0.604	0.524	3.6481713004478e-137	Fxr1	136.4379247775	TRUE
1.97961992189266e-140	-0.284510414339149	0.651	0.715	2.73999193389164e-136	S100b	135.562250715673	TRUE
1.77091378584888e-138	0.193293851222522	0.885	0.853	2.45112177099344e-134	Dcc	133.610635112593	FALSE
5.8419886908929e-138	0.271115671116118	0.658	0.592	8.08589654706486e-134	Bcl11b	133.092271819436	TRUE
1.18174558914166e-137	0.348754603886726	0.504	0.428	1.63565406993097e-133	Kcnk2	132.786308541377	TRUE
1.53126622300195e-137	0.543573241385631	0.225	0.159	2.11942557925699e-133	Adamts19	132.673781828487	TRUE
1.17029900723968e-136	-0.607278914056875	0.179	0.245	1.61981085592044e-132	Ppp1r14a	131.790535694733	TRUE
1.17261950893869e-135	0.231255638570546	0.719	0.652	1.62302266232204e-131	Nedd4l	130.789675416062	FALSE
6.5018443962906e-135	-0.144287459445266	0.991	0.991	8.99920282890582e-131	Magi2	130.04579595971	FALSE
1.79673528477327e-134	-0.54779824954759	0.371	0.44	2.48686130765469e-130	St6galnac3	129.604348434674	TRUE
4.13262053469687e-134	-0.236591194004531	0.688	0.729	5.71996008207394e-130	Ptbp2	129.24260700201	FALSE
1.89899750193709e-133	0.250772577102206	0.62	0.541	2.62840244243113e-129	Cntn3	128.580308137915	TRUE
2.37026541926349e-133	0.339553430118392	0.44	0.363	3.28068436680259e-129	Epb41	128.484035550885	TRUE
5.7212272921616e-133	0.302700222819674	0.583	0.514	7.91875069508088e-129	Hs6st2	128.101343329652	TRUE
7.8614029516265e-133	-0.440592329971153	0.407	0.477	1.08809678253462e-128	Mfn1	127.963332473892	TRUE
1.55282177207841e-132	0.211797953507452	0.777	0.722	2.14926061473373e-128	Pclo	127.667710919698	FALSE
1.57715383034339e-132	0.387907367577606	0.344	0.267	2.18293861657828e-128	Ivns1abp	127.660958476318	TRUE
2.54489624280905e-132	0.237817777269816	0.745	0.7	3.52239088967201e-128	Lrrtm3	127.453162450808	FALSE
5.55445762877028e-132	0.625807810374587	0.158	0.102	7.68792480398094e-128	Pdia4	127.114190873177	TRUE
2.15258944197695e-131	0.285839132221636	0.603	0.536	2.9793990466403e-127	Ptpn5	126.525871325537	TRUE
2.51695395896282e-131	0.54152160574514	0.202	0.139	3.48371597460044e-127	Pdp1	126.457957260005	TRUE
1.93865732234468e-130	0.295767173098192	0.625	0.557	2.68329559985728e-126	Rnf150	125.571331481515	TRUE
3.50712279916248e-130	-0.224245521681023	0.716	0.754	4.85420866632079e-126	Luc7l3	125.313881558724	FALSE
5.29366572064361e-129	0.43346289048664	0.309	0.237	7.32696272394282e-125	Sv2b	124.135076017937	TRUE
7.92936469954858e-129	0.426695021826425	0.258	0.187	1.09750336806452e-124	Mpdz	123.959594138303	TRUE
8.0920191124547e-129	0.155222397875049	0.957	0.944	1.12001636535486e-124	Ppp3ca	123.950775631498	FALSE
1.91747607337889e-128	0.315937928037198	0.477	0.399	2.65397863316373e-124	Flrt2	123.576102577906	TRUE
1.11527345279927e-127	0.375982239899065	0.365	0.289	1.54364998601946e-123	Zfp566	122.811451166677	TRUE
5.36293499180362e-127	0.319172756434726	0.469	0.394	7.42283832215539e-123	Dtx3	122.129429998771	TRUE
6.51730667167426e-127	-0.330758195198242	0.343	0.419	9.02060416426435e-123	Bcas1	122.044764374163	TRUE
7.2008563042833e-127	0.608113303866717	0.183	0.125	9.96670521075851e-123	Sgpp2	122.001448386851	TRUE
1.0661021751516e-126	0.837627107191603	0.109	0.063	1.47559202062732e-122	Impg2	121.831033701918	TRUE
1.25730173221296e-126	0.221097473182469	0.77	0.717	1.74023132755596e-122	Robo2	121.759393017463	FALSE
1.27993054283772e-126	-0.397401289424919	0.447	0.509	1.77155186434169e-122	Gtdc1	121.751646128644	TRUE
1.28303759716941e-126	0.11876174242894	0.837	0.787	1.77585233824218e-122	Ntm	121.750593148553	FALSE
1.99477047348145e-126	0.402840235131198	0.223	0.157	2.76096181234568e-122	Prrt1	121.558939600171	TRUE
9.94833953535096e-126	0.517282916939038	0.162	0.106	1.37694967508793e-121	Hs3st5	120.861081932097	TRUE
3.9226904884788e-125	0.223737812602847	0.725	0.67	5.42939590510351e-121	Gnal	120.265248488952	FALSE
4.47659537678166e-125	0.318399403906873	0.513	0.442	6.1960556610035e-121	Clvs1	120.207884689499	TRUE
6.88496281439807e-125	0.316250038789012	0.439	0.361	9.52947703140837e-121	Purg	120.020930932374	TRUE
1.58833418331246e-124	0.252279012112885	0.636	0.568	2.19841334312278e-120	Camk2a	119.657890648691	TRUE
1.7015840856443e-124	0.223900331028212	0.655	0.581	2.35516253294028e-120	Atp2a2	119.627979116253	FALSE
1.80022172417561e-124	0.359189078380515	0.413	0.339	2.49168688843146e-120	Gprin3	119.603506533108	TRUE
3.13758024311498e-124	0.431888708423488	0.194	0.133	4.34272481449544e-120	Prkd2	119.36223768971	TRUE
3.81815044073036e-124	0.24303240151888	0.711	0.652	5.28470202501489e-120	Cacna1c	119.276979495119	FALSE
5.60724705973091e-124	0.31558572266691	0.437	0.36	7.76099065537355e-120	Inf2	119.110082839476	TRUE
6.93103239404759e-124	0.218645357212063	0.604	0.534	9.59324193660127e-120	Galntl6	119.01803460271	FALSE
7.86648626757994e-124	-0.385957674895191	0.323	0.397	1.08880036429574e-119	Tubb4a	118.963051742496	TRUE
8.74806839621412e-124	0.297815968535776	0.554	0.482	1.21082014672e-119	Lzts3	118.916920361471	TRUE
2.07003989838131e-123	0.190120268375963	0.888	0.853	2.86514222334958e-119	Ctnnd2	118.542853815134	FALSE
2.49115574231689e-123	0.222283994862168	0.728	0.665	3.44800866294081e-119	Dlgap2	118.462431651704	FALSE
5.59343530565801e-121	0.247150601964738	0.673	0.612	7.74187380656125e-117	Hivep2	116.11115391201	FALSE
1.43634073482391e-120	0.321372936093774	0.459	0.386	1.98803921106978e-116	Rbms1	115.701575054052	TRUE
5.82828471172146e-120	0.210280857620647	0.751	0.696	8.06692886949367e-116	Atxn1	115.093291772451	FALSE
1.18397912593771e-119	-0.264244039566065	0.59	0.652	1.63874550821038e-115	Rps16	114.785488485698	TRUE
1.91479492844295e-119	0.219106873157809	0.723	0.667	2.65026766045789e-115	Xkr6	114.576710262822	FALSE
2.04259268901152e-119	0.230464007668685	0.69	0.63	2.82715254086085e-115	Ngef	114.548650758236	FALSE
3.26876033068443e-119	0.17938902297514	0.842	0.794	4.52429117370031e-115	Grm7	114.344449452583	FALSE
5.63197455830016e-119	-0.481290513642567	0.252	0.319	7.79521598614325e-115	Mag	114.108171847083	TRUE
8.00219158422315e-119	0.186395447019451	0.824	0.777	1.10758333717233e-114	Mycbp2	113.955623586538	FALSE
6.32008925421296e-117	0.18842924380491	0.81	0.768	8.74763553675616e-113	Ppargc1a	112.05810931979	FALSE
1.47266156728036e-116	-0.352212348194193	0.495	0.565	2.03831087527274e-112	Glul	111.690729578367	TRUE
1.63700686551586e-116	0.490729784639043	0.231	0.169	2.26578120256051e-112	Mme	111.644782030531	TRUE
5.42619599278262e-116	0.247460930165328	0.683	0.617	7.51039787361043e-112	Homer1	111.124337055042	FALSE
1.65324502420015e-115	-0.572750576247564	0.143	0.2	2.28825643799543e-111	Gpatch4	110.640495307079	TRUE
1.26308133038988e-114	0.241940058133959	0.628	0.561	1.74823086939263e-110	Cap2	109.757401215476	FALSE
3.43627904558966e-114	-0.180527491776249	0.869	0.895	4.75615382700065e-110	Ckb	109.322744107557	FALSE
1.0342762233786e-113	0.180641122370401	0.843	0.8	1.43154172077832e-109	Rcan2	108.844195990402	FALSE
8.61455566055807e-113	0.185047740006532	0.705	0.634	1.19234064897784e-108	Gpc6	107.923599649935	FALSE
3.57006429509555e-112	0.201468027615833	0.744	0.684	4.94132599084176e-108	Sipa1l1	107.306156493742	FALSE
6.55747965888616e-112	-0.271776132734489	0.636	0.689	9.07620759586434e-108	Aldoc	107.042095579258	TRUE
8.08797002806626e-112	-0.544951281490846	0.143	0.2	1.11945593158465e-107	Opalin	106.950992998151	TRUE
1.21463861013207e-111	0.278221403317196	0.469	0.392	1.6811813002838e-107	Mboat2	106.774385449281	TRUE
5.89777093670622e-111	0.396939550645104	0.336	0.27	8.16310475349508e-107	Cnnm1	106.088144630357	TRUE
2.79159944684337e-110	0.209136946762704	0.741	0.691	3.86385279437591e-106	Ntrk3	105.412979427756	FALSE
4.25180736035961e-110	0.321961746880738	0.49	0.421	5.88492656747374e-106	Grin2a	105.230258951944	TRUE
4.4417806308501e-110	0.190149699744442	0.837	0.791	6.14786857115962e-106	Pbx1	105.2112754254	FALSE
6.91547337820448e-110	0.210704704445664	0.776	0.725	9.57170670277282e-106	Ahi1	105.019010617551	FALSE
5.11012578456072e-109	-0.227261789528342	0.669	0.717	7.07292509841049e-105	Slc8a1	104.15040094103	FALSE
2.88989082919537e-108	0.175561965924847	0.794	0.751	3.99989789668931e-104	Trpm3	103.39795109454	FALSE
3.31338740642721e-108	-0.286764532034596	0.523	0.577	4.5860595092359e-104	Taf1d	103.338560314114	TRUE
6.91554583169049e-107	-0.27494476639104	0.586	0.634	9.57180698564281e-103	Srsf5	102.019006067467	TRUE
1.48164952511703e-106	0.225391715576386	0.647	0.578	2.05075110771448e-102	Slit3	101.688087045192	FALSE
2.80941865159703e-106	0.216996627303843	0.677	0.616	3.88851635567545e-102	Prkce	101.410216069998	FALSE
9.85026119745356e-106	-0.264609496234855	0.557	0.607	1.36337465233955e-101	Babam2	100.865384784601	TRUE
1.57717614659389e-105	-0.673255549259854	0.113	0.163	2.18296950450061e-101	Gfap	100.660952331226	TRUE
3.48467392009709e-105	0.154938639754119	0.857	0.827	4.82313717280638e-101	Dock3	100.316670386317	FALSE
3.5885536541903e-105	0.198911079874607	0.741	0.686	4.96691711276479e-101	Cdk17	100.303913087391	FALSE
4.27719485630169e-104	0.521149889463445	0.159	0.109	5.92006540060717e-100	Xbp1	99.2276734954788	TRUE
1.58655743549993e-103	-0.256614970239712	0.568	0.624	2.19595414647545e-99	Eef1a1	98.658376732592	TRUE
1.98328091765394e-103	-0.403814056156186	0.508	0.571	2.74505911812481e-99	Sparcl1	98.5614482980631	TRUE
3.0848433805377e-102	0.212201348678943	0.65	0.582	4.26973172300224e-98	Epha5	97.3695994118321	FALSE
4.32971991840532e-102	0.228498556773343	0.655	0.593	5.9927653390648e-98	Sybu	97.2223727278007	FALSE
5.10159119705288e-102	0.231487618286776	0.56	0.49	7.06111237584089e-98	Srgap1	97.1511268767619	FALSE
5.25344100684846e-102	-0.825340249128221	0.073	0.115	7.27128769757896e-98	Pxmp2	97.1383886716126	TRUE
6.59114695444379e-102	0.291824944040077	0.454	0.384	9.12280649964565e-98	Plcxd3	97.0398715366924	TRUE
9.46115859631992e-102	0.693922293104172	0.166	0.117	1.30951896131664e-97	Osbpl3	96.8828882087809	TRUE
1.02356168612045e-101	-0.546414721701719	0.157	0.211	1.41671172975931e-97	Tsc22d3	96.8487185103108	TRUE
1.38206099536e-101	0.252029797012067	0.597	0.53	1.91291062367777e-97	Zfp804a	96.7183053209034	TRUE
4.19932359697694e-101	0.161232256348391	0.791	0.727	5.81228379057578e-97	Grin2b	96.2356531889934	FALSE
4.47069861460357e-101	0.185717523860507	0.78	0.74	6.18789395247281e-97	Mbnl1	96.2084571378057	FALSE
4.48286229920573e-101	0.267896086996511	0.527	0.461	6.20472970833065e-97	Gripap1	96.2072771325758	TRUE
5.52636171576047e-101	-0.169500071657333	0.869	0.896	7.64903725078406e-97	Actb	96.11639322406	FALSE
8.30823635597905e-101	-0.251357607896826	0.65	0.699	1.14994299403106e-96	Aplp1	95.9393236883346	TRUE
2.52245350909695e-100	-0.472398601381149	0.199	0.258	3.49132790194108e-96	Mal	95.4570093607773	TRUE
2.65050849308306e-100	-0.398759459081498	0.245	0.307	3.66856880527626e-96	Zfp536	95.4355033311697	TRUE
6.69156815715992e-100	0.187954830021433	0.467	0.394	9.26179948632504e-96	Cdh12	95.033304625515	FALSE
7.37500437419259e-100	-0.4671655588248	0.198	0.256	1.020774355432e-95	Cmtm5	94.9910702491189	TRUE
1.00067669432171e-99	0.168232614389936	0.775	0.719	1.38503661261069e-95	Cnksr2	94.8585387461341	FALSE
1.67867742849721e-99	0.248499859651415	0.506	0.434	2.32345742878299e-95	Gpbp1	94.6338652804109	FALSE
2.88892671811615e-99	0.522608598770091	0.171	0.12	3.99856347054457e-95	Fkbp4	94.3980960058894	TRUE
3.53832524992805e-99	0.258020782417874	0.574	0.515	4.89739597842541e-95	Aff3	94.3100347797285	TRUE
4.88027109209976e-99	0.179736693271086	0.872	0.84	6.75478321857528e-95	Nrg1	94.1703885842418	FALSE
5.15988105478398e-99	0.146754957467842	0.865	0.826	7.14179136792651e-95	Tanc2	94.1461928409371	FALSE
1.16604957727158e-98	-0.603185182138787	0.179	0.234	1.61392921990159e-94	Hapln2	93.7921155155125	TRUE
1.25969521026916e-98	0.482028389952367	0.245	0.187	1.74354414053354e-94	Ntng1	93.7585670533081	TRUE
2.2758771019199e-98	0.245753863139452	0.545	0.48	3.15004149676733e-94	Vav3	93.5016837250363	FALSE
3.28165911117157e-98	0.232900968391856	0.579	0.511	4.54214437577257e-94	Slc23a2	93.3427390654917	FALSE
4.38543395339954e-98	0.216024801331507	0.632	0.57	6.06987913490031e-94	Plcl2	93.2168199566296	FALSE
6.45871603542708e-98	0.242080784270498	0.739	0.69	8.93950886463462e-94	Schip1	93.0486863406267	FALSE
1.55177021717103e-97	0.213670330797207	0.774	0.722	2.14780515758642e-93	Pcdh7	92.6680051190726	FALSE
2.62540407619648e-97	-0.310827150738489	0.453	0.514	3.63382178186355e-93	Tssc4	92.4396363761615	TRUE
6.00728027925364e-97	-0.410431729295752	0.236	0.295	8.31467663451496e-93	Gstp1	92.0801546362312	TRUE
1.19932579383279e-96	-0.476821206186477	0.37	0.425	1.65998683124397e-92	Zeb2	91.7798953572255	TRUE
3.92464876277983e-96	0.43735254011637	0.239	0.182	5.43210635256356e-92	Arhgef3	91.2650317358043	TRUE
3.97984221312087e-96	0.210659937405465	0.68	0.615	5.5084996071806e-92	Setbp1	91.258966677202	FALSE
5.79069668722082e-96	0.371018385017465	0.299	0.237	8.01490328478234e-92	Lman2l	91.0961017138761	TRUE
9.17454375264959e-96	0.291063092478277	0.47	0.399	1.26984860080423e-91	Hspa8	90.8962480552289	TRUE
2.43760580673985e-95	0.164225054026764	0.779	0.722	3.37389019710862e-91	Arl15	90.4718690555838	FALSE
4.83269185648794e-95	0.227914969165375	0.579	0.514	6.68892879856495e-91	Dach1	90.1746434269439	FALSE
9.31078492939768e-95	0.469231657756305	0.187	0.136	1.28870574207793e-90	Kremen1	89.8898462363943	TRUE
1.80672739384273e-94	0.294078251547992	0.466	0.399	2.50069138581773e-90	Peli1	89.6019399019146	TRUE
2.43436893251902e-94	0.292217701621948	0.419	0.352	3.36941003949957e-90	Sntb2	89.472446134446	TRUE
2.90296914000548e-94	-0.549911637890927	0.15	0.201	4.01799958668159e-90	Ninj2	89.3959901122622	TRUE
3.1192442842684e-94	0.185535303455397	0.742	0.692	4.31734601385589e-90	Chn1	89.3647831434016	FALSE
3.30415343195842e-94	0.126277732733468	0.699	0.641	4.57327876517364e-90	Opcml	89.3397723253005	FALSE
3.6725700507958e-94	0.161759325752316	0.889	0.874	5.08320420730647e-90	Spock3	89.2938624430565	FALSE
3.76419607335008e-94	-0.32591065330646	0.765	0.787	5.21002378512384e-90	Prickle2	89.2831602940278	TRUE
1.25599057501272e-93	0.161120906665128	0.853	0.832	1.73841655487511e-89	Cttnbp2	88.7598461508979	FALSE
1.49798708486226e-93	0.293963123114751	0.446	0.383	2.07336392415785e-89	Slc8a3	88.6833244623142	TRUE
2.0816437982839e-93	0.324051246440789	0.374	0.311	2.88120318120475e-89	Phf24	88.5404261143803	TRUE
2.74596031371288e-93	0.274661284751164	0.447	0.381	3.80068367021e-89	Shisa7	88.4201382750954	TRUE
4.89181370221765e-93	0.359849024916046	0.315	0.255	6.77075934523944e-89	Hspa12a	88.1693626221636	TRUE
1.77567009693406e-92	-0.371080271338404	0.22	0.279	2.45770498116643e-88	Ankrd44	87.6094702503109	TRUE
1.7866725520846e-92	0.220995680635486	0.598	0.534	2.47293347934029e-88	Nmnat2	87.6067875657835	FALSE
3.83096161816073e-92	0.303039981676321	0.404	0.338	5.30243397569627e-88	Mxi1	87.2755247304812	TRUE
7.08811993885505e-92	-0.257906414188342	0.533	0.588	9.81066680736928e-88	Rpl32	87.008301473668	TRUE
7.70190885676028e-92	0.32447874817692	0.337	0.274	1.06602120486419e-87	Crim1	86.9722341564127	TRUE
4.62677982155568e-91	0.222711330840263	0.62	0.56	6.40392595101522e-87	Ppip5k2	86.1935536984972	FALSE
7.23123217214724e-91	-0.522843911617237	0.248	0.307	1.0008748449469e-86	Gja1	85.9996202257646	TRUE
1.47918984115065e-90	0.322072513980902	0.423	0.362	2.04734665913661e-86	Zdhhc2	85.6888086158604	TRUE
1.53180172275945e-90	0.244909995765565	0.59	0.531	2.12016676447136e-86	Kctd1	85.673629977731	FALSE
1.73633385821296e-90	-0.138496098278779	0.481	0.55	2.40325969315256e-86	Usp54	85.619199297357	FALSE
3.13167531108542e-90	0.308879224082506	0.329	0.266	4.33455179807333e-86	Rerg	85.3630558028445	TRUE
4.76815432704066e-90	0.171289891435054	0.788	0.736	6.59960240405698e-86	Rgs7	85.1804822279317	FALSE
4.83931288967899e-90	-0.246500864339081	0.542	0.591	6.69809297060469e-86	Itfg1	85.1740488286773	FALSE
5.30244085536598e-90	-0.605145527343461	0.119	0.165	7.33910838791205e-86	Pde8a	85.1343566983578	TRUE
7.7126994730314e-90	0.206502828461592	0.658	0.603	1.06751473406228e-85	Arhgef9	84.971626122038	FALSE
1.43374104673118e-89	0.293633897110438	0.466	0.403	1.98444098278063e-85	Atrnl1	84.7023618124705	TRUE
1.9208003320257e-89	0.386714998518146	0.243	0.187	2.65857973955678e-85	Enc1	84.5753503092335	TRUE
2.0773656674288e-89	0.236269535003412	0.49	0.423	2.8752818202882e-85	Foxo1	84.5413195815838	FALSE
8.41976316668487e-89	-0.262612187409393	0.567	0.621	1.16537941990085e-84	Ndrg2	83.9335326556318	TRUE
1.128827271013e-88	-0.224714635820202	0.445	0.506	1.56240982580909e-84	Tf	83.8062050384854	FALSE
2.04816824816033e-88	-0.392141235524029	0.168	0.223	2.83486967227871e-84	Smc1a	83.5474669021719	TRUE
2.11889992524038e-88	-0.422169678079994	0.243	0.299	2.93276938652521e-84	Cd9	83.5327220857058	TRUE
2.49765461920813e-88	0.188333420534247	0.738	0.689	3.45700375844597e-84	Osbpl8	83.4613001482934	FALSE
7.21188121746059e-88	0.25540821340527	0.521	0.46	9.9819647930872e-84	Pacsin1	83.0007839662466	TRUE
8.8677078773894e-88	0.250169579171404	0.496	0.432	1.22737944730947e-83	Ranbp9	82.9110211533307	TRUE
1.05952177026248e-87	-0.518864420055589	0.123	0.17	1.4664840822203e-83	Fggy	82.8337226466564	TRUE
2.95104811198831e-87	0.396768838758671	0.237	0.183	4.08454569180302e-83	Mroh1	82.3888562413385	TRUE
3.16122943199373e-87	-0.27847757238782	0.485	0.535	4.37545765682252e-83	Chka	82.3589765146559	TRUE
3.88318542059154e-87	0.179083830087893	0.635	0.572	5.37471694064075e-83	Npas2	82.2696444029202	FALSE
4.71812067722694e-87	0.362862210233835	0.279	0.221	6.53035082934981e-83	Cbr3	82.1850634865415	TRUE
4.99335462240114e-87	0.178355211557227	0.742	0.69	6.91130213286542e-83	Ndrg4	82.1604401211002	FALSE
6.79781660757452e-87	0.274865855088255	0.565	0.508	9.40885796654389e-83	Slc2a13	82.0264630874046	TRUE
8.37604320507442e-87	0.391525633982742	0.235	0.181	1.15932814001435e-82	Kitlg	81.9357936225114	TRUE
1.05823446453355e-86	0.545157109609076	0.152	0.108	1.46470232236089e-82	Traip	81.8342506298438	TRUE
1.23831458836986e-86	-0.27647597280913	0.436	0.497	1.71395122176273e-82	Rpl26	81.7660015420515	TRUE
1.36761126645184e-86	0.155127191150115	0.824	0.78	1.892910753896e-82	Stox2	81.7228698614742	FALSE
1.81534493006916e-86	-0.427570335830543	0.167	0.219	2.51261891770872e-82	Gatm	81.5998733747127	TRUE
3.23693221579484e-86	0.225079267568873	0.539	0.475	4.48023787988164e-82	Trank1	81.3486989263641	FALSE
7.60971161393667e-86	-0.669495884566884	0.083	0.122	1.05326018448497e-81	Lgi3	80.9774643327763	TRUE
3.38791196313322e-85	-0.520112894597316	0.132	0.179	4.68920894817269e-81	Pllp	80.3289004149437	TRUE
4.33919819880331e-85	-0.289745276995073	0.489	0.539	6.00588422696367e-81	Acaca	80.221423043778	TRUE
4.38616509807514e-85	0.128431485329378	0.922	0.888	6.07089111224581e-81	Csmd1	80.216747556581	FALSE
6.7025820258078e-84	-0.0838247644249686	0.921	0.944	9.27704378192058e-80	Fth1	79.0325903937958	FALSE
7.36286346348744e-84	0.330138374454638	0.322	0.263	1.0190939319813e-79	Rasgrp1	78.9917857843341	TRUE
9.40193285732749e-84	0.458909947051612	0.17	0.123	1.3013215267827e-79	Hyou1	78.8856153859476	TRUE
1.57513869603434e-83	0.251628170929354	0.463	0.402	2.18014946918113e-79	Tmtc1	78.6615137305168	TRUE
1.75829159200764e-83	0.160614071813587	0.644	0.583	2.43365139249777e-79	Mmp16	78.6137416320047	FALSE
4.962723939328e-83	-0.258645629993989	0.47	0.528	6.86890620442388e-79	Rpl17	78.1631124139161	TRUE
5.2758222190069e-82	0.623653629697084	0.116	0.077	7.30226553332745e-78	Tll1	77.1365423787867	TRUE
7.31965178004564e-82	0.36273414349346	0.251	0.197	1.01311300287612e-77	Tbc1d4	76.9943421106235	TRUE
8.23029226174778e-82	0.428543815221997	0.16	0.115	1.13915475194851e-77	Zbtb1	76.9434172738559	TRUE
1.93026079218315e-81	0.120303038648127	0.779	0.716	2.6716739624607e-77	Nrcam	76.5732165420587	FALSE
3.19865799143947e-81	0.214920156987677	0.559	0.495	4.42726252595137e-77	Mapk4	76.353864724646	FALSE
4.35952883032535e-81	0.00855485034802506	0.878	0.845	6.03402385405332e-77	Rora	76.2193929772795	FALSE
5.17499872203104e-81	0.224682812428208	0.522	0.46	7.16271573116317e-77	Smurf1	76.1449222844741	FALSE
5.96748461098061e-81	-0.459185213973836	0.194	0.244	8.25959545005826e-77	Dennd2a	76.0830412236372	TRUE
7.51570430391891e-81	-0.256985621080336	0.421	0.479	1.04024863270542e-76	Atf7	75.9828628463679	TRUE
7.79234852979736e-81	0.429323148773197	0.192	0.144	1.07853896000925e-76	Gprasp2	75.9671641622801	TRUE
1.5503950847611e-80	0.148227330672637	0.562	0.493	2.14590183681783e-76	Sorcs3	75.6683901484947	FALSE
1.60587253531004e-80	0.283772419287443	0.245	0.19	2.22268817612263e-76	Cntn6	75.6531214607775	TRUE
2.52622481393826e-80	0.313384627163052	0.36	0.302	3.49654776497195e-76	Cit	75.4563605346561	TRUE
2.57207470094997e-80	0.635766273702854	0.108	0.071	3.56000859358485e-76	Pdia5	75.4485489536726	TRUE
2.62952210998356e-80	-0.438368781147515	0.221	0.274	3.63952155242824e-76	Ntsr2	75.4389557044821	TRUE
5.30007431194443e-80	-0.447687021320425	0.257	0.315	7.33583285516228e-76	Camk2g	75.1345505724999	TRUE
1.54616404412672e-79	0.201313304930905	0.657	0.6	2.1400456534758e-75	Rbfox3	74.6695769617718	FALSE
2.59795636421154e-79	0.221307373233918	0.589	0.535	3.59583140370519e-75	Spred1	74.4442006790514	FALSE
3.31295229565453e-79	-0.460531937035586	0.142	0.189	4.58545727241544e-75	Creb5	74.3386173489832	TRUE
1.58476675856646e-78	0.275147782475912	0.362	0.302	2.19347567053183e-74	Pdlim7	73.658867178315	TRUE
1.80112980017706e-78	0.12723934209623	0.762	0.723	2.49294375642507e-74	Grip1	73.6032875195507	FALSE
1.86408786442905e-78	-0.5133654041887	0.166	0.213	2.58008401315625e-74	Phldb1	73.5883661522321	TRUE
6.44829198300395e-78	0.153237492110438	0.876	0.843	8.92508093367577e-74	Lrp1b	73.0493878369649	FALSE
1.45038484076158e-77	0.246064611973085	0.494	0.434	2.00747765809811e-73	Prkar2b	72.6973492794334	FALSE
1.68493969562103e-77	0.32401577815594	0.299	0.244	2.33212503270907e-73	Rasgrp2	72.6322481693676	TRUE
2.08487353468546e-77	-0.213543999896377	0.603	0.648	2.88567345935814e-73	Cox6a1	72.5397528148996	FALSE
2.51194154682127e-77	0.357733272561821	0.204	0.155	3.47677829495532e-73	Kcnj3	72.4588230022553	TRUE
3.50316174605085e-77	-0.583368565465493	0.204	0.253	4.84872617270898e-73	Adpgk	72.314372341568	TRUE
3.67525111068892e-77	-0.377153755023698	0.208	0.26	5.08691506230453e-73	Etfa	72.293545513849	TRUE
5.0458669516518e-77	-0.366966668727496	0.26	0.313	6.98398444778126e-73	Strada	72.1558967364059	TRUE
6.64732874866174e-77	0.212140739444376	0.568	0.507	9.20056772102271e-73	Srrm3	72.036185373687	FALSE
1.01040243931213e-76	0.134620731707324	0.871	0.844	1.39849801625192e-72	Ogt	71.8543381453321	FALSE
1.11409997283391e-76	0.374735350625812	0.272	0.219	1.54202577239941e-72	Syt10	71.8119083677135	TRUE
1.38510306361159e-76	0.332300025100271	0.281	0.227	1.9171211503448e-72	Poln	71.7173504414966	TRUE
2.54601972113475e-76	0.186214841902231	0.687	0.633	3.5239458960226e-72	Gabra2	71.452970768035	FALSE
3.03459814042522e-76	0.282267694276537	0.321	0.26	4.20018728616255e-72	Slc38a2	71.3767313439989	TRUE
3.23407304643407e-76	0.192694211457016	0.625	0.567	4.4762805035694e-72	Atp2b2	71.3490827064745	FALSE
3.6434716250273e-76	0.25760233992008	0.442	0.382	5.04292907620028e-72	Scn3b	71.2973171397194	TRUE
3.80539780197404e-76	0.289048665118908	0.378	0.318	5.26705109771227e-72	Cct3	71.2784324683623	TRUE
3.91452782944431e-76	0.152893256433598	0.73	0.671	5.41809796873387e-72	Cacna2d1	71.2661531464243	FALSE
4.53766539538432e-76	-0.23816523420591	0.57	0.609	6.28058267375144e-72	Tfdp2	71.2020000632284	FALSE
4.86766856484619e-76	-0.357159850808312	0.295	0.349	6.73734006060361e-72	Zfp608	71.1715115315079	TRUE
9.82156395130784e-76	0.272257846159403	0.381	0.322	1.35940266650052e-71	Tpd52l1	70.866651882534	TRUE
1.05540034615734e-75	0.256100129769858	0.449	0.392	1.46077961911638e-71	Reep1	70.8354152990698	TRUE
1.2879536640604e-75	0.386455451194776	0.222	0.173	1.782656666426e-71	Slitrk5	70.7489322924021	TRUE
1.36182190290849e-75	0.155684988888271	0.753	0.708	1.88489769581565e-71	Stxbp5l	70.7247122164653	FALSE
1.57829305804771e-75	0.0528094265969576	0.708	0.645	2.18451542164384e-71	Slc4a4	70.6606448850303	FALSE
2.88459541242202e-75	0.147536988027087	0.511	0.445	3.99256851033332e-71	Nav2	70.3987476228653	FALSE
2.92391381640211e-75	0.168152375994449	0.752	0.704	4.04698911328216e-71	Fat3	70.3928679638931	FALSE
3.40632755581885e-75	-0.598656485079027	0.076	0.113	4.71469797000886e-71	Nek10	70.3265461235332	TRUE
8.21249656299123e-75	-0.309259418337773	0.739	0.764	1.13669164928362e-70	Tmeff2	69.9443573305423	TRUE
1.06422063218767e-74	0.270056041017478	0.396	0.336	1.47298777701095e-70	Ptchd4	69.8318008569583	TRUE
1.24576398978056e-74	0.316656595885177	0.282	0.227	1.72426193825527e-70	Hrh3	69.7633967584082	TRUE
1.80696706562869e-74	0.292738685721513	0.39	0.332	2.50102311553667e-70	Gucy1a1	69.6018822943136	TRUE
1.93030488090414e-74	0.474065085394838	0.154	0.112	2.67173498565942e-70	Dsel	69.573206622534	TRUE
4.38922574572798e-74	0.122294533619904	0.892	0.863	6.0751273546621e-70	Mbnl2	69.2164446133927	FALSE
5.05930604710988e-74	0.232980267737289	0.504	0.446	7.00258549980478e-70	Scn3a	69.1547415798458	FALSE
5.32502961501038e-74	-0.289582931743884	0.372	0.425	7.37037349013586e-70	Car2	69.1325105039191	TRUE
6.45013189613802e-74	0.10443288634108	0.938	0.92	8.92762755744463e-70	Gria2	69.0492639359155	FALSE
8.84130207912773e-74	-0.280739494852084	0.41	0.462	1.22372462077207e-69	Rps19	68.9123163020717	TRUE
1.03331625012706e-73	-0.228329384643302	0.584	0.621	1.43021302180086e-69	Pspc1	68.8445992721136	FALSE
1.29721029244684e-73	0.228719247872217	0.523	0.467	1.79546876577567e-69	Nrg2	68.7458221455194	FALSE
1.366555407098e-73	0.137516277064252	0.519	0.451	1.89144933896434e-69	Htr2c	68.7232052864637	FALSE
2.14028856695456e-73	-0.349325475585623	0.429	0.478	2.96237340552181e-69	Septin4	68.5283601997862	TRUE
3.8465774862167e-73	-0.462070286404285	0.164	0.21	5.32404789867253e-69	Aspa	68.2737580459781	TRUE
4.11429081770971e-73	0.145482076986019	0.744	0.687	5.69458992079201e-69	Dok6	68.2445375449035	FALSE
5.47421958194416e-73	0.240422608595405	0.468	0.41	7.57686732336891e-69	Lrrk2	68.1205103175062	FALSE
6.90301643805087e-73	0.415171237371628	0.167	0.124	9.55446505190621e-69	Rab39a	68.0197936237852	TRUE
7.09371788634705e-73	0.238989273731269	0.499	0.44	9.81841492649295e-69	Gulp1	68.0079586185512	FALSE
9.04807730459254e-73	0.161060075786104	0.714	0.654	1.25234437972865e-68	Gria3	67.9022762289131	FALSE
1.1994540274133e-72	0.174826863026502	0.682	0.633	1.66016431934275e-68	Klhl2	67.7798489243382	FALSE
1.26908738813476e-72	0.186239726653776	0.64	0.586	1.75654385391733e-68	Cobl	67.7553410031298	FALSE
1.4096135874324e-72	0.133281570783255	0.847	0.804	1.95104616636519e-68	Cacna2d3	67.7097324540496	FALSE
1.72133933589964e-72	0.418359984784462	0.198	0.151	2.38250577481869e-68	Ahsa1	67.6229660380269	TRUE
2.34999322628161e-72	-0.135034658316724	0.856	0.879	3.25262562449638e-68	Ubb	67.4877659209087	FALSE
3.48847177148127e-72	0.234310329908571	0.471	0.413	4.82839377890723e-68	Pten	67.3161973183111	FALSE
3.55766724310595e-72	-0.333417735152944	0.389	0.439	4.92416723118295e-68	Tmem117	67.3076672062796	TRUE
4.4008929519826e-72	0.175369915687455	0.802	0.777	6.09127593483912e-68	Gng7	67.2152917265101	FALSE
5.05317256786069e-72	0.248181357858405	0.36	0.301	6.99409615117599e-68	Stim2	67.1552684015323	FALSE
5.35355515256555e-72	-0.408300170206592	0.2	0.249	7.40985568666597e-68	Selenop	67.1301902501981	TRUE
7.41414667861495e-72	-0.425429341143661	0.18	0.228	1.02619204178709e-67	Clybl	66.9887713576609	TRUE
7.76785772280625e-72	0.146713253560829	0.739	0.684	1.07514918741361e-67	Trio	66.9685312689809	FALSE
1.07049724301952e-71	0.231392993984834	0.502	0.447	1.48167523406331e-67	Mtmr7	66.8292469782128	FALSE
1.24595686160714e-71	0.269215910067873	0.172	0.128	1.72452889215045e-67	Chrm3	66.7633295252187	TRUE
1.378400620872e-71	0.0981574366319458	0.819	0.771	1.90784429934894e-67	Tnik	66.7194570712948	FALSE
1.8067379731929e-71	0.39641290383059	0.215	0.168	2.50070602869629e-67	Pde4a	66.6019373588968	TRUE
2.1778943825128e-71	-0.423083118643089	0.168	0.214	3.01442361483596e-67	Styxl1	66.5207957166338	TRUE
2.27836561321088e-71	0.213541743159819	0.529	0.473	3.15348584524518e-67	Unc80	66.501209114043	FALSE
2.45333468722408e-71	0.221843305579649	0.448	0.389	3.39566054058686e-67	Snx25	66.4690757320673	FALSE
1.06917352017867e-70	-0.303898290865734	0.335	0.386	1.47984306927929e-66	Rps14	65.8297843371453	TRUE
1.35729033041474e-70	0.141344980910791	0.749	0.688	1.87862554632704e-66	Rarb	65.7261597762433	FALSE
1.49532911921614e-70	0.133404693531972	0.895	0.867	2.06968503390705e-66	Grm5	65.6840957407478	FALSE
1.93956866144213e-70	0.162676799934095	0.717	0.666	2.68455698430205e-66	Dtnb	65.5711273729616	FALSE
2.85610674439436e-70	-0.450429709090236	0.142	0.185	3.95313734491624e-66	Invs	65.4030580965847	TRUE
9.10450068397906e-70	-0.288289663550579	0.367	0.42	1.26015393966954e-65	Rps27	64.8995763984813	TRUE
1.11062930599685e-69	0.348129976238805	0.255	0.206	1.53722202243024e-65	Ndst3	64.8132634024074	TRUE
1.76267240544661e-69	0.244553766442265	0.443	0.385	2.43971487637865e-65	Jak2	64.6126609256493	FALSE
1.95550980440174e-69	-0.307223869049109	0.338	0.39	2.70662112027245e-65	Dbi	64.5675725336241	TRUE
2.72015606794537e-69	-0.313665880685823	0.313	0.364	3.76496801364319e-65	Ranbp17	64.4242387091199	TRUE
2.78793503739545e-69	0.171780309905319	0.667	0.617	3.85878088525904e-65	Rock2	64.4135498814505	FALSE
3.25275417412622e-69	0.274249060917092	0.277	0.225	4.5021370524081e-65	Sel1l	64.3465812885006	TRUE
3.53697214883169e-69	-0.126110238519422	0.37	0.43	4.89552315119794e-65	Cab39l	64.3102008912892	FALSE
4.4183078457082e-69	0.204201822754265	0.573	0.519	6.11537988924471e-65	Actn1	64.2135765592854	FALSE
6.25897406860702e-69	0.569822859387604	0.109	0.075	8.66304600835898e-65	Plk5	64.0623293791109	TRUE
7.21169440116901e-69	0.266465891984332	0.388	0.333	9.98170622065803e-65	Gucy1b1	64.0007952163397	TRUE
7.45701628709308e-69	0.225015163511855	0.485	0.427	1.03212562429655e-64	Wnk2	63.9862674397065	FALSE
1.13521762380758e-68	0.371734433944333	0.227	0.18	1.57125471311207e-64	Cabp1	63.8037534066008	TRUE
1.33231363170032e-68	0.37633972350502	0.234	0.187	1.84405529763641e-64	Cacna1i	63.7342260599102	TRUE
2.98145692550058e-68	-0.0892239169855706	0.975	0.971	4.12663453058536e-64	Nkain2	63.3844039920817	FALSE
4.09241211471497e-68	-0.493887469379555	0.101	0.139	5.664307607977e-64	Sox10	63.2468531697216	TRUE
4.35474965083563e-68	-0.35101281838128	0.799	0.811	6.0274089917216e-64	Plcl1	63.2198693383444	TRUE
5.9061043931508e-68	-0.154188756517178	0.786	0.806	8.17463909056003e-64	Pde4d	63.0875314122993	FALSE
6.02829103198861e-68	-0.44894151760919	0.162	0.206	8.34375761737544e-64	Fa2h	63.078638320469	TRUE
6.071089173665e-68	-0.640165102293363	0.074	0.107	8.40299452526972e-64	Apoc1	63.0755659194088	TRUE
6.0712815010436e-68	0.12253481060134	0.957	0.944	8.40326072559445e-64	Nrxn3	63.0755521615156	FALSE
8.37349864098686e-68	0.126611860524545	0.747	0.695	1.15897594689899e-63	Slc35f1	62.9359255771835	FALSE
2.75949206477683e-67	-0.361343343559816	0.518	0.556	3.8194129668576e-63	Fnbp1	62.4180033818123	TRUE
5.10164735849844e-67	-0.175436201262241	0.666	0.707	7.06119010889769e-63	Rps29	62.1511220958082	FALSE
5.98055701866411e-67	-0.420447957788919	0.134	0.176	8.277688969533e-63	Stk3	62.0820908960499	TRUE
7.68953416937808e-67	0.24899321237415	0.446	0.392	1.06430842438362e-62	Nup93	61.9729325002385	FALSE
1.03131476308385e-66	0.320691929186616	0.307	0.256	1.42744276358436e-62	Sorcs2	61.8454412967128	TRUE
1.32587301344375e-66	-0.518721141423993	0.105	0.143	1.83514083790749e-62	Paxx	61.7363306001972	TRUE
1.35523242105511e-66	0.168449381081393	0.66	0.606	1.87577719398238e-62	Klhl29	61.7268187486705	FALSE
1.38149799031115e-66	-0.712839520419617	0.082	0.117	1.91213136838967e-62	Id2	61.7184822738764	TRUE
2.02253356212973e-66	0.237114839702966	0.479	0.425	2.79938870334376e-62	Cpne5	61.5529367942824	FALSE
4.026079741868e-66	-0.353035052576779	0.284	0.333	5.5724969707195e-62	Mcc	61.2539501589357	TRUE
5.83469482855311e-66	0.157506668372989	0.713	0.666	8.07580111220035e-62	Fbxo11	61.0928143852382	FALSE
6.8727486039372e-66	-0.196119744352357	0.59	0.635	9.51257134270947e-62	Rps23	61.0217020730725	FALSE
1.12135498415491e-65	0.208953538640411	0.524	0.47	1.55206743356882e-61	Kif5c	60.8090894136251	FALSE
1.20424545283102e-65	-0.240207362493919	0.624	0.655	1.66679613126341e-61	Sdccag8	60.7781175162379	FALSE
1.39101092437766e-65	-0.290934173084889	0.559	0.596	1.92529822043112e-61	Slc44a1	60.7155019905937	TRUE
1.45379094992823e-65	0.228770671950793	0.403	0.347	2.01219205379566e-61	Rsbn1	60.696330570374	FALSE
3.87724057620898e-65	0.164704762023318	0.641	0.584	5.36648868153084e-61	Ctdspl	60.2703097822737	FALSE
4.08398653690501e-65	-0.377213213547898	0.174	0.22	5.65264576573022e-61	Inpp4b	60.2477482296131	TRUE
7.86692893981403e-65	0.525614978756054	0.109	0.076	1.08886163455966e-60	Lonrf1	59.9630273040505	TRUE
1.77626156249746e-64	0.369365427196189	0.212	0.166	2.45852362865273e-60	Cartpt	59.609325613388	TRUE
1.84191684648021e-64	0.281986371641169	0.333	0.281	2.54939710721326e-60	Rab3gap2	59.5935625113181	TRUE
2.23105543161519e-64	-0.199038522123787	0.609	0.64	3.08800382289858e-60	Sarnp	59.5103221706865	FALSE
2.33264486867722e-64	-0.434898799798693	0.13	0.171	3.22861376273614e-60	Gpr37	59.4909839062821	TRUE
2.57296944737406e-64	0.145718399277859	0.66	0.605	3.56124701211043e-60	Rps6ka3	59.4483979021258	FALSE
4.12793178998909e-64	0.2937085666085	0.219	0.172	5.7134703905239e-60	Snta1	59.2431000189643	TRUE
4.92198716202565e-64	0.199669179109888	0.53	0.475	6.8125224309597e-60	Septin11	59.1666920547519	FALSE
4.96883327442003e-64	0.199060778441569	0.579	0.527	6.87736213512477e-60	Ttll11	59.1625781067986	FALSE
8.30207823222253e-64	-0.463171667510165	0.123	0.163	1.14909064812192e-59	Eya4	58.9396457098441	TRUE
1.35102835212837e-63	0.259751611440406	0.369	0.316	1.86995834218088e-59	Hectd2	58.7281680683097	TRUE
1.39258128545034e-63	-0.186234497372104	0.57	0.613	1.92747175719181e-59	Caly	58.7150119768493	FALSE
1.39674552745425e-63	0.288645624132738	0.289	0.239	1.93323548454942e-59	Nup58	58.7137152419821	TRUE
1.58728215020615e-63	0.271159971040083	0.295	0.243	2.19695722410034e-59	Scn4b	58.6581783989366	TRUE
2.4294416700078e-63	-0.339400389779102	0.205	0.252	3.3625902154578e-59	Csrp1	58.4733260550788	TRUE
2.55351793571989e-63	0.0859454024300774	0.436	0.368	3.5343241748299e-59	Maml2	58.4516936186994	FALSE
5.00473347036991e-63	-0.424782986218095	0.145	0.187	6.927051596339e-59	Plekhg3	58.1594515774964	TRUE
6.04204860983327e-63	-0.341407919249825	0.259	0.305	8.36279948087023e-59	Txndc16	58.0776483163918	TRUE
7.18886373189814e-63	-0.4945281948841	0.171	0.213	9.95010629132021e-59	Abca1	58.0021722799088	TRUE
7.32456609165915e-63	-0.584497501830868	0.104	0.14	1.01379319274654e-58	Srebf1	57.9940506292327	TRUE
8.88112735706788e-63	0.32960132835993	0.206	0.161	1.22923683749176e-58	Zfyve19	57.9103644333818	TRUE
1.12465523218002e-62	-0.258703219084432	0.401	0.452	1.55663530686036e-58	Nfia	57.807813123315	TRUE
1.13482198283285e-62	0.28026485538113	0.372	0.321	1.57070710643895e-58	Wipf3	57.803904791355	TRUE
1.46769770760852e-62	-0.468544911314376	0.124	0.163	2.03144039710095e-58	Epm2a	57.6921959154443	TRUE
1.82737327614582e-62	0.187563829568959	0.535	0.479	2.52926735151343e-58	Ric8b	57.5970052619366	FALSE
2.21069809347628e-62	-0.303980533673537	0.383	0.428	3.05982723118052e-58	Mrps28	57.5143030946502	TRUE
2.38383200178643e-62	0.171732830519459	0.65	0.602	3.29946187367259e-58	Nsf	57.4815568856832	FALSE
2.55366161422611e-62	0.209606068890852	0.457	0.4	3.53452304025035e-58	Gpr88	57.4516691829881	FALSE
4.88169120523966e-62	0.309419526144772	0.209	0.165	6.75674879717221e-58	Jph1	57.1702622270022	TRUE
5.85017575258327e-62	0.336154515496202	0.286	0.238	8.0972282591505e-58	Frmd6	57.0916636178817	TRUE
8.36763235783971e-62	0.203174263091076	0.453	0.396	1.15816399464859e-57	Hspa4	56.9362299406706	FALSE
1.0196811973156e-61	0.408603204249229	0.152	0.113	1.41134074520452e-57	Map2k3	56.8503681202666	TRUE
1.15027186494243e-61	0.176651241694275	0.59	0.533	1.59209128826682e-57	Slc25a17	56.7980320340519	FALSE
1.42523230326897e-61	-0.237349162230347	0.558	0.599	1.97266403095457e-57	Itm2b	56.7049468741634	FALSE
1.73067055534241e-61	-0.325293754565849	0.368	0.419	2.39542111564943e-57	Atp1a2	56.6206181264557	TRUE
1.95715678058304e-61	0.174740721519255	0.599	0.537	2.70890070000498e-57	Ano3	56.5672069145793	FALSE
2.7676967335302e-61	-0.511133066027895	0.183	0.226	3.83076904887915e-57	Atp1b2	56.416714030168	TRUE
4.2292796008531e-61	0.250756765636804	0.374	0.323	5.85374589554078e-57	Actr3b	56.2325661337231	TRUE
4.55234900957616e-61	-0.244332699719137	0.537	0.574	6.30090626415437e-57	Spock1	56.2005969811472	FALSE
5.50021942372807e-61	-0.223576927825126	0.49	0.536	7.61285370438202e-57	Rpl13a	56.1184525159298	FALSE
8.22666396473018e-61	0.256481264968415	0.318	0.266	1.1386525593583e-56	Pi4k2a	55.9436087733503	TRUE
1.01838767473787e-60	0.137129017680397	0.826	0.802	1.40955038060469e-56	Foxp1	55.8509193968214	FALSE
1.24838758845293e-60	0.207145212865228	0.407	0.35	1.72789326117769e-56	Dmtf1	55.7624830891218	FALSE
1.31283092208661e-60	0.13140636489014	0.748	0.698	1.81708927926008e-56	Elmod1	55.7406237339262	FALSE
2.04457927894457e-60	0.430992120491946	0.121	0.087	2.82990217998718e-56	Zfp335	55.548228576287	TRUE
2.70979253453431e-60	0.198722933064486	0.408	0.351	3.75062384704894e-56	Wasl	55.425896489393	FALSE
2.746137839125e-60	-0.474612580407811	0.109	0.145	3.80092938313291e-56	Minar2	55.4201101990106	TRUE
3.51562647403943e-60	-0.252148341752881	0.367	0.419	4.86597860271798e-56	Slc1a3	55.3128298051343	TRUE
3.62229395130452e-60	0.320260900580275	0.209	0.165	5.01361705800058e-56	Castor2	55.2998488406906	TRUE
3.93652929599672e-60	-0.359581482657428	0.276	0.322	5.44855019858906e-56	Pak1	55.263719043506	TRUE
4.08333925323037e-60	0.183264924610002	0.509	0.452	5.65174986039616e-56	Kif5a	55.2478170677459	FALSE
9.89537149551878e-60	0.250051414221799	0.309	0.258	1.36961836869475e-55	Banp	54.863400428069	TRUE
1.33839313441482e-59	0.176011516564611	0.584	0.527	1.85246993734356e-55	Kcnh7	54.7322488312038	FALSE
1.35815894411714e-59	-0.288766292001717	0.407	0.45	1.87982779455254e-55	Rsrc1	54.7258819333433	TRUE
1.36416849722299e-59	0.427589444394572	0.141	0.105	1.88814561700633e-55	Cacybp	54.7239645152161	TRUE
1.37713929225859e-59	-0.460933329313577	0.34	0.38	1.90609849441511e-55	Slain1	54.7198546616852	TRUE
1.78957254459042e-59	0.148417297652183	0.684	0.63	2.4769473589676e-55	Arhgap26	54.6060832231085	FALSE
2.16220326068774e-59	0.277470661138695	0.283	0.235	2.9927055331179e-55	Ptchd1	54.5239360134082	TRUE
3.11493189501633e-59	0.134944336242247	0.679	0.628	4.3113772358921e-55	Nktr	54.365383975685	FALSE
3.20053721969744e-59	0.124821105964174	0.972	0.964	4.42986356578323e-55	Rbfox1	54.3536096492938	FALSE
4.2921936114278e-59	-0.409259239116081	0.187	0.23	5.94082517757722e-55	Polr2a	54.2261532275477	TRUE
4.36206568326591e-59	-0.365819390341245	0.289	0.332	6.03753511220835e-55	Aatk	54.2191403305271	TRUE
4.39410195291467e-59	-0.560130626878929	0.085	0.118	6.08187651302919e-55	Atp10b	54.2159624020568	TRUE
5.57771004034829e-59	0.187574151914452	0.515	0.461	7.72010846684607e-55	Nin	54.1123765978221	FALSE
9.29648520144759e-59	0.148708096368919	0.669	0.613	1.28672651673236e-54	Hecw1	53.8905137490515	FALSE
9.53735779151519e-59	-0.337282509582366	0.358	0.401	1.32006569192362e-54	Bcl2l1	53.8794044559684	TRUE
1.50166111579431e-58	-0.261795494663813	0.359	0.409	2.0784491503709e-54	Laptm4a	53.6822605961197	TRUE
2.15874451086696e-58	-0.505671933379176	0.114	0.149	2.98791827749095e-54	Slc6a9	53.5246312850762	TRUE
2.83262068906297e-58	0.333230824510274	0.199	0.156	3.92063029573206e-54	Mafg	53.4066441085015	TRUE
2.94234782810612e-58	-0.323975415675263	0.296	0.341	4.07250362888168e-54	Mccc2	53.3901385200329	TRUE
3.29713398069908e-58	-0.534307300449362	0.142	0.18	4.5635631426856e-54	Agmo	53.3406959360771	TRUE
4.33389238425641e-58	0.293887493832027	0.24	0.195	5.9985404490493e-54	Prkaa2	53.2219544082887	TRUE
4.49774133891317e-58	0.388902727032238	0.189	0.149	6.22532378718972e-54	Entpd3	53.2058380554237	TRUE
4.93532153752496e-58	-0.549359426933053	0.111	0.147	6.8309785400883e-54	Id3	53.1655170790241	TRUE
5.44488669236897e-58	-0.598816022422359	0.075	0.106	7.53626767090789e-54	Slc29a3	53.1228436847993	TRUE
6.73589617604857e-58	0.28083430718549	0.321	0.273	9.32315389726883e-54	Ccdc180	53.0304371468225	TRUE
6.84188481623729e-58	0.288238875645608	0.233	0.187	9.46985277415404e-54	Pdia6	53.0236567728309	TRUE
7.99243467156584e-58	0.207664571745795	0.424	0.368	1.10623288289143e-53	Calr	52.9561534362248	FALSE
1.97438724613774e-57	0.333697149325046	0.225	0.183	2.73274938737925e-53	Mov10	52.5634001943845	TRUE
2.1120397583298e-57	0.188953509421294	0.439	0.383	2.92327422950428e-53	Gpr137c	52.5341304419898	FALSE
2.20243437339516e-57	0.223896218888539	0.423	0.371	3.04838941621625e-53	Lmtk2	52.5159295548812	FALSE
2.29619465942867e-57	0.139035384404607	0.804	0.759	3.17816302811522e-53	Sgip1	52.497823828842	FALSE
3.38205471849054e-57	0.512994417040256	0.112	0.08	4.68110193586276e-53	Lin28b	52.3296519015556	TRUE
4.04934304406937e-57	0.287470927648398	0.243	0.198	5.60469570729641e-53	Tmod3	52.2514479613437	TRUE
4.50020787307874e-57	0.239381265447925	0.368	0.318	6.22873771712828e-53	Dmtn	52.2055999562349	FALSE
6.89018398117692e-57	-0.240493443849389	0.535	0.575	9.53670364834697e-53	Ptn	52.0206017127926	FALSE
1.12195459389307e-56	-0.316837673956244	0.232	0.276	1.5528973534074e-52	Wfs1	51.8088572502097	TRUE
1.76392794783695e-56	0.112820730360113	0.77	0.735	2.44145267260113e-52	Tmem97	51.6123516900681	FALSE
2.0260393475233e-56	0.203937342264058	0.467	0.415	2.80424106090701e-52	Myh10	51.5521846558545	FALSE
2.09619366256968e-56	-0.27707523587467	0.328	0.373	2.90134164836269e-52	Wsb1	51.5374011277081	TRUE
2.28915372816624e-56	0.165815535121073	0.468	0.411	3.16841767515489e-52	Chst11	51.4991575726449	FALSE
2.4027997790577e-56	-0.427203381233353	0.158	0.197	3.32571517419376e-52	Akap7	51.4781149480127	TRUE
2.51315275678401e-56	0.229088714290467	0.29	0.24	3.47845473066475e-52	Dcun1d1	51.4586136442685	FALSE
3.2251247814343e-56	0.205007188763696	0.392	0.336	4.46389520998321e-52	Swt1	51.3502860090212	FALSE
3.42505796897106e-56	-0.308480587057013	0.265	0.311	4.74062273485284e-52	Rpl27	51.3241646050461	TRUE
3.64286874332479e-56	0.125859898020372	0.792	0.745	5.04209462763584e-52	Epha6	51.2973890079506	FALSE
4.876516516757e-56	0.218987122935443	0.38	0.328	6.74958651084336e-52	Lin7a	51.1707228318445	FALSE
5.3644504177026e-56	0.313498175039154	0.241	0.197	7.42493582314217e-52	Lmbr1l	51.1293072957853	TRUE
5.43136427155421e-56	-0.364635678782126	0.23	0.274	7.51755128825819e-52	Gab1	51.1239236002568	TRUE
5.50897772625184e-56	0.176792483908098	0.672	0.623	7.62497607090517e-52	Asap1	51.1177615149045	FALSE
7.7281089778222e-56	-0.171558677115347	0.55	0.591	1.06964756362037e-51	Snx24	50.9707592937055	FALSE
7.84467542365817e-56	0.247340593600451	0.325	0.276	1.08578152538853e-51	Ankrd10	50.9642575521536	FALSE
8.10692076016551e-56	-0.397879605814246	0.178	0.218	1.12207890241451e-51	Gsn	50.9499766032595	TRUE
8.29440367045244e-56	-0.326720426599804	0.28	0.324	1.14802841202732e-51	B2m	50.9400473636506	TRUE
8.51184964525309e-56	0.302324193504337	0.249	0.204	1.17812510939948e-51	Adora2a	50.928808587786	TRUE
1.07296858448706e-55	-0.282014139853008	0.412	0.451	1.48509581778854e-51	Crppa	50.8282455249364	TRUE
1.2240415729172e-55	0.409114099645612	0.135	0.1	1.6941959410747e-51	Htr1b	50.7710363630688	TRUE
1.24323292680955e-55	0.175248379453667	0.58	0.527	1.72075869399709e-51	Papola	50.7642800275302	FALSE
1.3050928365634e-55	-0.346635475862459	0.249	0.293	1.8063789950874e-51	Xrcc5	50.7431911254472	TRUE
1.33983091538268e-55	-0.413639951291558	0.153	0.193	1.85445996998116e-51	Ankrd55	50.731782536832	TRUE
2.10179507574396e-55	0.24413257296168	0.334	0.285	2.90909456433722e-51	Tiam2	50.5362421611516	FALSE
2.36788436039003e-55	-0.222462503661414	0.506	0.543	3.27738874321584e-51	Pnn	50.4844720422855	FALSE
2.84607114184184e-55	0.392642124754404	0.144	0.108	3.93924706742329e-51	Syt9	50.4045867796241	TRUE
3.25537485246639e-55	-0.43502207008046	0.127	0.164	4.50576433329874e-51	Tatdn3	50.3462315270872	TRUE
3.38361072878778e-55	-0.489304206931975	0.12	0.155	4.68325560971517e-51	Kndc1	50.3294521379985	TRUE
4.29820193457214e-55	-0.307054236406916	0.676	0.701	5.9491412976413e-51	Septin7	50.2255457160545	TRUE
4.94577459262463e-55	0.384309635318077	0.2	0.16	6.84544661365175e-51	Trpc3	50.1645982121732	TRUE
5.31289062871989e-55	0.240868667429001	0.358	0.309	7.35357191921119e-51	Celf3	50.1335016557475	FALSE
5.67542101928885e-55	0.0775614868516685	0.767	0.714	7.8553502327977e-51	Fmn2	50.1048344470619	FALSE
6.94378111562758e-55	-0.372912674912322	0.187	0.228	9.61088744214014e-51	Cd63	50.0172365089568	TRUE
6.96822001650118e-55	0.388944996720771	0.152	0.116	9.64471332483929e-51	Mgat1	50.0157106766039	TRUE
7.09259814859368e-55	-0.291866611753256	0.45	0.489	9.81686509746852e-51	Lin52	50.0080271770025	TRUE
7.98356353632504e-55	0.188034367562611	0.504	0.452	1.10500502906275e-50	Pcdh17	49.9566357454275	FALSE
1.09918492785753e-54	0.211190820087321	0.415	0.364	1.5213818586476e-50	Eml5	49.8177617666903	FALSE
1.40275094213411e-54	0.197738644014699	0.461	0.41	1.94154757900783e-50	Lgi1	49.7118519622916	FALSE
1.44831893531007e-54	0.189716968591597	0.58	0.524	2.00461823836267e-50	Ptprg	49.6979683226741	FALSE
1.52866811197977e-54	0.128466912310943	0.718	0.665	2.1158295337912e-50	Syn2	49.674519325066	FALSE
1.55403748107289e-54	0.112517633215817	0.776	0.722	2.15094327755298e-50	Gabrb3	49.6673710422255	FALSE
1.75248904638805e-54	-0.361186753648875	0.168	0.208	2.4256200891057e-50	Ugt8	49.6151772191847	TRUE
1.96957962948327e-54	-0.137378487167678	0.771	0.8	2.72609516516779e-50	Qki	49.5644589874647	FALSE
2.60705392217151e-54	0.267361079200655	0.266	0.22	3.60842333367759e-50	Meaf6	49.4426825175006	TRUE
2.64048409186085e-54	-0.217286980836591	0.548	0.577	3.65469403154461e-50	Klhdc10	49.4371489760177	FALSE
3.89292727738536e-54	0.138056796504599	0.589	0.533	5.38820064462908e-50	Foxp2	49.2685562404857	FALSE
4.37145376337832e-54	0.234949221618457	0.256	0.21	6.05052915389193e-50	Slc39a10	49.2182066421135	FALSE
6.13226229364256e-54	0.234991013803115	0.34	0.291	8.48766424063067e-50	Chst15	49.0712118088105	FALSE
6.23933261645378e-54	0.165307510683405	0.523	0.466	8.63586027443367e-50	Fras1	49.0636943930323	FALSE
1.0214692190921e-53	0.210213521501466	0.428	0.377	1.41381554614538e-49	Kcnh1	48.8496072471987	FALSE
1.03013190199973e-53	0.121019172829627	0.809	0.774	1.42580556555782e-49	Prkcb	48.8459396943738	FALSE
1.29070997407162e-53	0.136138478478977	0.595	0.535	1.78647167511252e-49	Cdh10	48.7480038652381	FALSE
1.53081294364607e-53	-0.491506700339113	0.143	0.179	2.11879819530053e-49	Stard9	48.6739104056493	TRUE
1.88305550341199e-53	0.114232028401522	0.826	0.788	2.60633712227254e-49	Usp34	48.5839694102376	FALSE
2.12344010145038e-53	-0.237850659514916	0.522	0.559	2.93905344441747e-49	Pde1a	48.5317925165458	FALSE
2.20570629971973e-53	0.15460489907585	0.614	0.557	3.05291808944208e-49	Lmo7	48.5152848477749	FALSE
2.54621159355661e-53	0.145427734673593	0.664	0.614	3.5242114666417e-49	Adam22	48.4529380400897	FALSE
3.10351357966622e-53	-0.241077332774225	0.45	0.488	4.29557314561601e-49	Copg2	48.3669788813387	FALSE
5.9569877717141e-53	-0.500306261999026	0.074	0.103	8.24506677482949e-49	Paqr6	48.0838058227578	TRUE
5.98487790517546e-53	0.159255832592438	0.768	0.727	8.28366950855336e-49	Gnao1	48.081777236369	FALSE
9.40068608719668e-53	0.233482904727955	0.331	0.281	1.30114896132889e-48	Lrrfip2	47.8856729806253	FALSE
9.73670496036387e-53	0.120656900525394	0.778	0.738	1.34765733356396e-48	Camta1	47.8704205210504	FALSE
1.01100832007659e-52	0.124268099353474	0.712	0.658	1.39933661581801e-48	Cacnb4	47.8540778017287	FALSE
1.10447768700453e-52	0.176420904997684	0.493	0.442	1.52870756658297e-48	Bbx	47.8156755848074	FALSE
1.48710898244004e-52	0.134882913897704	0.703	0.657	2.05830754259526e-48	Top1	47.6864897344942	FALSE
1.64761851144746e-52	0.178915822382834	0.522	0.47	2.28046878169443e-48	Rab6b	47.6419758686239	FALSE
1.71493429706981e-52	0.158018449869019	0.567	0.514	2.37364056057432e-48	Synpr	47.6245850454395	FALSE
1.76497493852232e-52	-0.286139133850753	0.192	0.234	2.44290181240874e-48	Plekhh1	47.6120939882808	TRUE
1.81852401498896e-52	-0.210315381882826	0.482	0.525	2.51701908914623e-48	Rps3	47.5991134907371	FALSE
1.85452330382277e-52	0.217031388875862	0.342	0.293	2.56684570482109e-48	Trim35	47.5906002363378	FALSE
1.89872091641746e-52	0.108680354475183	0.852	0.83	2.62801962041341e-48	Dgki	47.5803713967205	FALSE
2.33376400745706e-52	0.13476066388716	0.738	0.694	3.23016276272132e-48	Matr3	47.4907755937151	FALSE
2.8588290129431e-52	0.197583807192086	0.409	0.358	3.95690523681454e-48	Dlg4	47.402644350447	FALSE
5.43495743412579e-52	-0.191283691772744	0.533	0.572	7.5225245845735e-48	Ptms	47.1236363842556	FALSE
5.6624880651786e-52	0.101999589907279	0.857	0.822	7.8374497310137e-48	Ccser1	47.105825231694	FALSE
6.11793363984987e-52	0.2470925807448	0.296	0.25	8.46783195091621e-48	Rnf149	47.0722277693954	FALSE
6.73282425934892e-52	-0.222092604106571	0.477	0.519	9.31890205736485e-48	Rps15	47.0306352527229	FALSE
9.20904748391614e-52	-0.344611818163307	0.181	0.221	1.27462426224883e-47	Gtpbp6	46.8946178190583	TRUE
9.53114684211809e-52	0.177385557733343	0.436	0.383	1.31920603441757e-47	Zfhx4	46.8796873707745	FALSE
1.27821303624738e-51	0.180010074054162	0.459	0.405	1.76917466347e-47	Hcn1	46.7522292888333	FALSE
1.52527860967088e-51	0.217742141615631	0.413	0.363	2.11113812364546e-47	Tle1	46.6754833515457	FALSE
1.78101598370834e-51	-0.386239260811751	0.144	0.181	2.46510422305071e-47	Fmn1	46.608164714302	TRUE
2.29922493027125e-51	0.253221051969397	0.366	0.319	3.18235722598844e-47	Slc24a4	46.4972510715255	TRUE
2.35814282965444e-51	-0.354246912750651	0.275	0.316	3.26390549052471e-47	Sec11c	46.4862624251442	TRUE
3.35787434544536e-51	0.145515989481283	0.618	0.569	4.64763388153092e-47	Ewsr1	46.3327680909218	FALSE
3.51063013516753e-51	0.421439192463307	0.105	0.075	4.85906317008538e-47	Ube2g2	46.3134474548697	TRUE
4.16421476985743e-51	0.215747887660385	0.402	0.355	5.76368966295967e-47	Dpysl5	46.2392994111496	FALSE
5.47842582031633e-51	-0.149847860043593	0.723	0.741	7.58268917789984e-47	Rbm26	46.1201767458187	FALSE
8.2830071656884e-51	0.418832392026295	0.127	0.095	1.14645102180293e-46	Zdhhc23	45.9406444942834	TRUE
8.7163107575943e-51	0.185623307316596	0.443	0.394	1.20642457195863e-46	Adarb1	45.9184998258531	FALSE
8.84829602577602e-51	0.212510416471709	0.411	0.362	1.22469265292766e-46	Rai1	45.9119728875321	FALSE
9.41536530081491e-51	-0.462871529985368	0.134	0.169	1.30318071128579e-46	Gprc5b	45.8849953567567	TRUE
1.08217962138404e-50	0.132967147958234	0.716	0.669	1.49784481395766e-46	Celf1	45.8245331799163	FALSE
1.29059320919484e-50	-0.309626274664503	0.219	0.26	1.78631006084658e-46	Sil1	45.7480431557345	TRUE
1.59036970566281e-50	0.18877144767364	0.412	0.361	2.20123070960789e-46	Pfkp	45.6573344369293	FALSE
1.6151153230833e-50	0.183491437685755	0.429	0.379	2.2354811186796e-46	Nr6a1	45.6506289939185	FALSE
1.73389860821677e-50	0.302690229936063	0.193	0.154	2.39988906363283e-46	Zbtb7a	45.6198088333574	TRUE
2.37941455122146e-50	-0.245136816809275	0.412	0.452	3.29334768034562e-46	Myef2	45.4823624181843	FALSE
2.55886002370173e-50	-0.28623456231332	0.319	0.361	3.54171815880557e-46	Epb41l4b	45.4507860018545	TRUE
3.36660741648773e-50	0.171062379280008	0.556	0.507	4.65972132516066e-46	Cplane1	45.331640055534	FALSE
3.69896324189519e-50	0.150362067750134	0.576	0.523	5.11973502310713e-46	Smpd3	45.2907525157781	FALSE
4.71298542861307e-50	0.286450519365186	0.302	0.259	6.52324313174335e-46	Ebf1	45.1855364343233	TRUE
5.04806652871321e-50	0.1727996214277	0.424	0.371	6.98702888239195e-46	Ppm1l	45.155707461492	FALSE
5.75031891819812e-50	0.197885401933649	0.515	0.468	7.95901641467802e-46	Rap1gap	45.099140599608	FALSE
6.77475390881272e-50	0.302380753518955	0.18	0.142	9.37693688518769e-46	Per2	45.0279390071558	TRUE
7.35817586747103e-50	0.157612699545381	0.572	0.524	1.01844512181666e-45	Snx14	44.9920623676793	FALSE
9.41657385581166e-50	-0.12087965751354	0.781	0.806	1.30334798738289e-45	Pcsk1n	44.8849396143542	FALSE
1.86929197745175e-49	0.36184783522233	0.182	0.145	2.58728702599097e-45	Sh3pxd2a	44.587155389262	TRUE
2.00838778672897e-49	-0.423098348237621	0.135	0.169	2.77980953561156e-45	Bet1	44.5559849596455	TRUE
2.16235765877868e-49	0.176803238541299	0.536	0.487	2.99291923551557e-45	Pde2a	44.5239050025194	FALSE
2.16814443550261e-49	-0.314199239931403	0.319	0.359	3.00092871317916e-45	Tbcel	44.5227443210832	TRUE
2.83351170118714e-49	0.151121129217131	0.567	0.514	3.92186354561312e-45	Nyap2	44.4065075209227	FALSE
3.72351063806092e-49	0.276102113430903	0.246	0.205	5.15371107414012e-45	Pigl	44.2878799323943	TRUE
4.75680913517717e-49	-0.326397205459531	0.144	0.18	6.58389952399873e-45	Lpar1	44.1815168054546	TRUE
5.44677180532914e-49	0.21579539090388	0.386	0.337	7.53887685575607e-45	Camk2n1	44.1226933506395	FALSE
6.77580147121097e-49	-0.44407778104635	0.137	0.172	9.37838681630311e-45	Gpr37l1	44.0278718585324	TRUE
6.80564777694346e-49	0.235167504826139	0.156	0.12	9.41969708806745e-45	Emid1	44.0259630627163	FALSE
7.38484209941284e-49	0.44890208127143	0.125	0.094	1.02213599497973e-44	Plch2	43.9904913175672	TRUE
1.01985754672376e-48	0.256440671554576	0.273	0.23	1.41158483042036e-44	Sacs	43.8502930174275	TRUE
1.25409117134798e-48	0.185190974078269	0.567	0.521	1.73578759026274e-44	Grik5	43.7605034208766	FALSE
1.30104517770064e-48	0.266081284963655	0.222	0.181	1.80077663045546e-44	Tiprl	43.7445401540194	TRUE
1.3441912748833e-48	0.356051110680048	0.18	0.144	1.86049514356598e-44	Jakmip1	43.730371459276	TRUE
1.47352421771292e-48	0.258602472826279	0.266	0.224	2.03950486973646e-44	Gpr162	43.6904752533784	TRUE
1.49062771725263e-48	0.126846499242554	0.7	0.657	2.06317782344937e-44	Acap2	43.6854633389611	FALSE
1.4975552121466e-48	0.136377140258334	0.685	0.643	2.07276616913211e-44	Atp6v0a1	43.6834496883468	FALSE
1.72181513146436e-48	-0.386751629911098	0.132	0.167	2.38316432345983e-44	Wscd1	43.6228460112367	TRUE
1.91518693710591e-48	-0.515784519046424	0.082	0.111	2.6508102396483e-44	Fancl	43.5766213604688	TRUE
1.91928734078767e-48	0.18275236834838	0.415	0.363	2.65648560838422e-44	Lmo4	43.5756925325554	FALSE
2.87343405999422e-48	-0.273017677609344	0.372	0.412	3.97712008243799e-44	Myo6	43.4004312960261	TRUE
2.9441598603571e-48	-0.240394208071993	0.372	0.413	4.07501166272026e-44	Crym	43.3898711439675	FALSE
4.84070778724425e-48	0.131231694060483	0.632	0.583	6.70002364832477e-44	Myt1l	43.1739236644158	FALSE
1.44993280864821e-47	0.409934800292158	0.135	0.103	2.00685200044998e-43	Nt5dc3	42.6974846542977	TRUE
1.60749310951047e-47	0.139372480103262	0.686	0.642	2.22493121287344e-43	Gls	42.6526834113488	FALSE
1.683560994583e-47	0.131107146931644	0.519	0.465	2.33021677260233e-43	Khdrbs2	42.6326036760701	FALSE
2.64207219256505e-47	0.237930837769831	0.313	0.27	3.65689212172929e-43	Rgs8	42.4368878511546	FALSE
2.65994311540294e-47	-0.434842589938422	0.104	0.136	3.68162726602921e-43	Pck2	42.4339601822907	TRUE
2.72880022629696e-47	0.153381718431548	0.543	0.493	3.77693239321763e-43	Csnk2a1	42.4228607889388	FALSE
2.77186105808556e-47	0.348526260110081	0.157	0.123	3.83653289049622e-43	Ttc13	42.416061074252	TRUE
2.92298195745608e-47	0.201500824929555	0.44	0.393	4.04569932731495e-43	Flnb	42.3930063967358	FALSE
3.40767717345782e-47	0.140324441217003	0.687	0.646	4.71656597578296e-43	Cux1	42.3263740862294	FALSE
3.77493199225023e-47	-0.218313142923883	0.432	0.472	5.22488337047354e-43	Atp5pb	42.2819233994035	FALSE
3.83734453518672e-47	-0.259718319167453	0.411	0.45	5.31126857115195e-43	Ywhaq	42.2748017373645	TRUE
4.15599209617115e-47	-0.247397746295795	0.375	0.415	5.75230866031049e-43	B3galt4	42.2401578184052	FALSE
4.81465717011153e-47	-0.341474300895261	0.174	0.211	6.66396698915136e-43	Slc39a11	42.1762671629315	TRUE
4.93325395664987e-47	0.242819876403954	0.302	0.258	6.82811680139908e-43	Slc8a2	42.1656990584757	FALSE
4.94199851278985e-47	0.219269708266557	0.303	0.258	6.84022014155243e-43	Tbc1d16	42.1649299209812	FALSE
5.02305119711986e-47	-0.406492136776583	0.104	0.136	6.9524051619336e-43	Gas8	42.1578649266536	TRUE
5.2682868101028e-47	-0.428345186876035	0.126	0.159	7.29183577386328e-43	Wipf1	42.1371631210522	TRUE
7.64727547593615e-47	-0.497876521728594	0.098	0.128	1.05845939862432e-42	Nkain4	41.975325796399	TRUE
1.00079716817192e-46	-0.482306527593176	0.085	0.114	1.38520336046676e-42	Prr5l	41.8584864635344	TRUE
1.13567118174839e-46	0.208802322204447	0.356	0.31	1.57188248265795e-42	Stk32a	41.8035799258799	FALSE
1.35842690360538e-46	0.168606743370288	0.424	0.372	1.88019867728021e-42	Canx	41.7257962571791	FALSE
1.45119353925394e-46	0.165726793156274	0.524	0.477	2.00859697768138e-42	Cstf3	41.6971071951222	FALSE
1.48157164922098e-46	0.329757046480502	0.167	0.132	2.05064331968676e-42	Col11a1	41.6881098724267	TRUE
1.48181513626502e-46	0.190856220349582	0.426	0.378	2.05098033010441e-42	Wdr17	41.6880385047063	FALSE
2.1994918287497e-46	0.130239118098958	0.533	0.48	3.04431664017246e-42	Thrb	41.5165101784692	FALSE
3.09157466237082e-46	-0.199358714218797	0.502	0.541	4.27904849018745e-42	Ikzf4	41.3686527920621	FALSE
5.09957074371816e-46	-0.203922880455704	0.435	0.477	7.05831586638031e-42	Cfl1	41.1512989104481	FALSE
6.93839596903758e-46	0.152414929805396	0.546	0.497	9.60343386074491e-42	Ncoa7	41.0175734502811	FALSE
7.1766540090533e-46	0.13773268247469	0.606	0.555	9.93320681393067e-42	Jazf1	41.0029105222234	FALSE
1.23764704612914e-45	0.256535008205986	0.214	0.175	1.71302727654735e-41	Atg9a	40.7662357217048	TRUE
1.34875088264679e-45	-0.432444580101463	0.131	0.163	1.86680609667142e-41	Gbe1	40.7289007894526	TRUE
1.37709261188718e-45	0.162489029322654	0.553	0.506	1.90603388411305e-41	Mark1	40.719869383051	FALSE
1.43406164539291e-45	0.359606143887453	0.187	0.151	1.98488472338833e-41	P4ha2	40.7022647107901	TRUE
1.80341096263426e-45	0.122894211814064	0.688	0.646	2.49610111338209e-41	Zdhhc14	40.6027378260031	FALSE
2.20343355689701e-45	0.237505416600948	0.319	0.276	3.04977238610115e-41	Kcnt1	40.5157325721775	FALSE
2.31748131886944e-45	-0.259926233573867	0.342	0.383	3.2076258934472e-41	Eps15	40.4938162893548	TRUE
2.4618444678415e-45	-0.255714473188839	0.331	0.369	3.40743892793942e-41	Agbl3	40.4675719193514	TRUE
2.47157480402605e-45	-0.380224584177303	0.131	0.165	3.42090668625246e-41	Clic4	40.4658587721167	TRUE
2.73739268012966e-45	0.158350910111763	0.748	0.705	3.78882520856746e-41	Ntrk2	40.4214954297489	FALSE
3.30971437452894e-45	0.127462201419884	0.766	0.733	4.5809756657855e-41	Zswim6	40.3390420151969	FALSE
3.93982220286479e-45	0.127122293845593	0.614	0.566	5.45310791098515e-41	Pik3ca	40.2633559080198	FALSE
5.75369747166627e-45	-0.302939791063904	0.23	0.27	7.96369267053328e-41	Agpat4	40.0988855083215	TRUE
6.01842103887347e-45	-0.549663570339166	0.075	0.101	8.33009655990478e-41	Myrf	40.0793499643566	TRUE
6.23641839982631e-45	-0.259877057845497	0.514	0.543	8.63182670719959e-41	Dscaml1	40.0638972871461	TRUE
7.55164932808486e-45	-0.42036497389712	0.105	0.136	1.04522378350023e-40	Mrps26	39.9807907166969	TRUE
7.62442345978431e-45	0.211836189461416	0.372	0.327	1.05529645106875e-40	Gdap1	39.9766255223777	FALSE
1.01040623400022e-44	0.115332423215585	0.755	0.712	1.3985032684797e-40	Sorbs2	39.8543365142899	FALSE
1.26905484619576e-44	0.224869668230688	0.336	0.292	1.75649881261955e-40	Ubtd2	39.7553521394518	FALSE
1.68318382593505e-44	-0.257737733834016	0.361	0.399	2.32969473347671e-40	Ddhd2	39.6327009820865	TRUE
2.35965085867251e-44	0.229165416229496	0.318	0.274	3.26599275348863e-40	Basp1	39.4859847832011	FALSE
2.59832730051455e-44	-0.245276103775508	0.336	0.375	3.59634481664219e-40	Otud7b	39.4441386748961	FALSE
2.9738805469159e-44	-0.107823890398425	0.847	0.85	4.11614806498629e-40	Cadm1	39.3855090113027	FALSE
4.33503296940006e-44	-0.37895240347325	0.241	0.278	6.00011913294663e-40	Rnf220	39.2218401265717	TRUE
4.48351412984766e-44	-0.107306763567594	0.735	0.762	6.20563190712214e-40	Phlpp1	39.2072139885725	FALSE
4.51032551549056e-44	0.156484104015589	0.526	0.479	6.24274154599048e-40	Nrdc	39.2046246448018	FALSE
5.04242158016754e-44	-0.314475435887996	0.191	0.227	6.97921570910989e-40	Tspan2	39.1561933785722	TRUE
6.59541097373068e-44	0.230853861616317	0.287	0.245	9.12870832874063e-40	Rab15	39.0395906688387	FALSE
7.14692755936213e-44	0.125871736722412	0.692	0.642	9.89206243491312e-40	Tle4	39.0047131512015	FALSE
7.6217770194225e-44	0.15037191326336	0.532	0.484	1.05493015725827e-39	C2cd5	38.9767762923297	FALSE
7.70730079128796e-44	-0.44528164843945	0.204	0.241	1.06676750252217e-39	Aqp4	38.971930222913	TRUE
9.62249205668466e-44	-0.0381153621695201	0.63	0.674	1.33184912556572e-39	Luzp2	38.8755449700947	FALSE
1.01135348588818e-43	-0.407420837099545	0.093	0.122	1.39981435981783e-39	Ttyh2	38.853929555645	TRUE
1.08567973554609e-43	-0.13492864625166	0.71	0.738	1.50268932196934e-39	Rpl19	38.8231307996534	FALSE
1.26094324223459e-43	0.219499631799672	0.35	0.306	1.7452715415769e-39	Cacng8	38.7581369928688	FALSE
1.54398300522536e-43	0.113603641101783	0.699	0.651	2.13702687753242e-39	Tln2	38.6701900156503	FALSE
1.54551105635871e-43	-0.299243504082679	0.223	0.261	2.13914185310609e-39	Gfm2	38.6697604150645	TRUE
1.8448905011391e-43	-0.419247153282906	0.089	0.118	2.55351294262663e-39	St6gal1	38.5928619365564	TRUE
3.97077335525904e-43	0.110977842123699	0.775	0.74	5.49594740101404e-39	Arid1b	38.2599574323456	FALSE
4.17126866810117e-43	-0.150755802071201	0.669	0.687	5.77345296351883e-39	Pabpn1	38.2385643680445	FALSE
4.36757048181437e-43	-0.187247512385945	0.657	0.675	6.04515430387927e-39	Wwox	38.2185926092006	FALSE
4.53822454447417e-43	0.153191656408138	0.525	0.478	6.28135659200669e-39	Rab3gap1	38.2019465510403	FALSE
4.85266578587753e-43	0.161585420008306	0.498	0.451	6.71657471423309e-39	Bmerb1	38.1728521498566	FALSE
6.85898748029302e-43	0.273430312884038	0.275	0.235	9.49352457147357e-39	Kcnc1	38.0225725212121	TRUE
6.88337105526976e-43	0.163585807220958	0.432	0.383	9.52727387759888e-39	Erc1	38.0210313500737	FALSE
7.87980126727424e-43	0.101621537181574	0.637	0.584	1.09064329340343e-38	Cadps	37.962317266861	FALSE
7.9922118871189e-43	0.118395252484947	0.756	0.717	1.10620204729613e-38	Zmynd11	37.9561655420985	FALSE
8.61080833577299e-43	0.217979447706242	0.333	0.289	1.19182198175434e-38	Atp11c	37.9237886087866	FALSE
8.85600594430135e-43	0.151205222054482	0.527	0.478	1.22575978275075e-38	Epha7	37.9115946319772	FALSE
8.9258155568212e-43	0.21798586500897	0.36	0.318	1.23542213121962e-38	Shank3	37.9081846230238	FALSE
1.14919471439607e-42	-0.48391187627404	0.091	0.119	1.5906004041956e-38	Cox15	37.7984389115225	TRUE
1.85052421488908e-42	0.233915110862819	0.29	0.248	2.56131056582798e-38	Ptges3	37.5915377589592	FALSE
2.74475300141078e-42	0.210368586157161	0.36	0.318	3.79901262925266e-38	Ica1l	37.4203292626954	FALSE
3.58414074265902e-42	-0.151978776700453	0.637	0.659	4.96080920191435e-38	Huwe1	37.304447476078	FALSE
3.60478845239752e-42	0.157434494499206	0.52	0.472	4.98938769696341e-38	Clip1	37.3019527481935	FALSE
3.78259547563896e-42	-0.292354499965992	0.263	0.3	5.23549039783189e-38	Prr3	37.2810426325912	TRUE
3.80392741541526e-42	-0.213694109537247	0.402	0.441	5.26501593567626e-38	Rps9	37.2786003099931	FALSE
3.86007192161342e-42	0.0836042582392178	0.774	0.719	5.34272554670514e-38	Gria1	37.2722371347471	FALSE
3.863122145177e-42	-0.389255547949429	0.104	0.133	5.34694736113949e-38	Ift81	37.2718940913586	TRUE
4.41095571938711e-42	-0.140808625694782	0.66	0.685	6.1052038112037e-38	Zwint	37.2142998333401	FALSE
4.46143894163607e-42	-0.17395727352208	0.588	0.618	6.17507763911849e-38	Baz2b	37.2093575776588	FALSE
4.47764948847645e-42	-0.348753634179766	0.116	0.147	6.19751465700025e-38	Shld1	37.207782437461	TRUE
4.60987275951501e-42	-0.380079052651094	0.132	0.164	6.38052488644472e-38	Gps1	37.1951435930798	TRUE
4.82633826451785e-42	-0.24102591985555	0.435	0.464	6.68013479191915e-38	Hfm1	37.1752147742316	FALSE
5.39819538221435e-42	0.156612605727692	0.52	0.473	7.47164222852288e-38	Gad1	37.1265839319999	FALSE
5.53493602647527e-42	0.127253447478623	0.586	0.537	7.66090495424442e-38	Cdh11	37.1157199257432	FALSE
6.32658760314139e-42	0.105781758137401	0.642	0.586	8.75662990150799e-38	Slc35f3	37.0576630053374	FALSE
7.56043939193017e-42	0.213516947938342	0.26	0.219	1.04644041623705e-37	Tesc	36.980285495119	FALSE
7.93135276226362e-42	0.153055670632581	0.469	0.421	1.09777853582491e-37	Adgrb1	36.959485264959	FALSE
9.14962343049869e-42	0.353044400238002	0.112	0.084	1.26639937901532e-37	Ptpn13	36.8974293111039	TRUE
9.42089588700337e-42	0.146063979589255	0.58	0.537	1.30394619972014e-37	Syt14	36.8847403270448	FALSE
1.0150083479622e-41	0.0778815946172281	0.449	0.396	1.40487305441449e-37	Tmem132d	36.8523629172237	FALSE
1.03540549954601e-41	-0.396474668735696	0.15	0.182	1.43310475192163e-37	Omg	36.843722063951	TRUE
1.0862396034632e-41	-0.228440977857861	0.514	0.54	1.50346423515341e-37	Rnls	36.8229068985646	FALSE
1.31435366381193e-41	0.279713376861254	0.248	0.211	1.8191969060821e-37	Dpysl3	36.7401202912627	TRUE
2.75042766512735e-41	0.154172692496604	0.471	0.424	3.80686693130276e-37	Slc12a6	36.4194323036456	FALSE
4.42066403771488e-41	0.0732981677232454	0.88	0.846	6.11864109460117e-37	Map2	36.2133450207706	FALSE
4.83466287948167e-41	0.103547663040068	0.715	0.661	6.69165689149058e-37	Cacna1e	36.1744663351861	FALSE
4.9892618167114e-41	0.12492214129651	0.678	0.632	6.90563728051025e-37	Dmxl2	36.1607962367612	FALSE
5.17478103996373e-41	0.172145658602652	0.4	0.355	7.1624144374138e-37	Pdpk1	36.1449405530987	FALSE
5.41484047034957e-41	-0.139393286831341	0.624	0.658	7.49468069501084e-37	Tpt1	36.1252468651971	FALSE
8.273909216104e-41	0.121360065140902	0.712	0.67	1.14519177460096e-36	Adcy5	35.9411217799818	FALSE
8.69887007354549e-41	-0.414299213941936	0.099	0.127	1.20401060687943e-36	Olig1	35.9193696870907	TRUE
8.86442369332162e-41	-0.156260683210064	0.4	0.446	1.22692488339265e-36	Prex2	35.9111820254773	FALSE
9.37860682839336e-41	0.0866327184926516	0.647	0.599	1.29809297111792e-36	Zeb1	35.8866942016824	FALSE
1.19592528618026e-40	0.200726874334921	0.353	0.31	1.6552801886021e-36	Rap1gap2	35.7811284828161	FALSE
1.61828403655383e-40	0.182250342423108	0.358	0.315	2.23986693499416e-36	Stk32c	35.6497777812704	FALSE
1.78609186577248e-40	0.201967722461933	0.29	0.251	2.47212975141568e-36	Cpne8	35.606928738743	FALSE
1.87661475846151e-40	0.142511964794032	0.611	0.572	2.59742248718657e-36	Slc6a6	35.5854574038822	FALSE
2.24303969031877e-40	-0.236995228090598	0.474	0.509	3.1045912353702e-36	Clu	35.5079955729139	FALSE
2.39346382711187e-40	0.318094344596135	0.173	0.14	3.31279328310554e-36	Stum	35.4798056630639	TRUE
2.49252856849647e-40	-0.145825276950245	0.745	0.737	3.44990879165596e-36	Car11	35.4621923866091	FALSE
2.85354381688388e-40	0.279455051001642	0.162	0.129	3.94958999694898e-36	Jcad	35.4034479857165	TRUE
3.87704025709047e-40	-0.385063689289074	0.109	0.138	5.36621141983892e-36	P2rx7	35.270332220844	TRUE
3.95900369328083e-40	-0.304197289378715	0.196	0.231	5.47965701187e-36	Crebzf	35.2612466244561	TRUE
3.98932249418633e-40	-0.149440999812228	0.67	0.697	5.5216212642033e-36	Mt3	35.2579333855467	FALSE
3.99331192547332e-40	0.123705788848639	0.681	0.638	5.52714303604763e-36	Rit2	35.2574992962356	FALSE
5.98441419122342e-40	0.240617143476218	0.281	0.242	8.28302768207233e-36	Lrrfip1	35.0818108872163	FALSE
7.37154191959924e-40	-0.379349370196131	0.135	0.166	1.02029511709173e-35	Gstm5	34.9912741917806	TRUE
8.16421486662815e-40	0.118648300638694	0.676	0.628	1.13000897969e-35	Gucy1a2	34.9469181053535	FALSE
8.67790391057987e-40	-0.112152689505674	0.377	0.425	1.20110868026336e-35	Cdh20	34.9204176944262	FALSE
8.76714934830753e-40	0.14091104439189	0.498	0.452	1.21346114129924e-35	Cdkl5	34.915974126534	FALSE
1.22194695243819e-39	-0.416504502157788	0.091	0.118	1.6912967768697e-35	Cdh19	34.7717801787725	TRUE
1.35109416021016e-39	0.130801470628261	0.7	0.663	1.87004942714688e-35	Abl2	34.7281469145044	FALSE
1.71960912795234e-39	0.184363816715659	0.374	0.33	2.38011099399883e-35	Zfp451	34.6234027896001	FALSE
2.08952140284838e-39	0.10806617836246	0.694	0.644	2.89210657368245e-35	Scn2a	34.5387857073978	FALSE
3.41269709018237e-39	-0.22182207330339	0.413	0.449	4.72351404252141e-35	Rps12	34.325734789193	FALSE
4.67658503969875e-39	0.107569217472757	0.752	0.709	6.47286135344704e-35	Nebl	34.1889036953269	FALSE
5.46531632534136e-39	-0.241619340452928	0.161	0.195	7.56454432590497e-35	Myo16	34.1212172279455	FALSE
5.6453340130757e-39	0.159531019002206	0.432	0.388	7.81370680749808e-35	Hspbp1	34.1071428887696	FALSE
6.37722756305471e-39	0.150256538985809	0.471	0.426	8.82672067002402e-35	Spock2	34.0542006168574	FALSE
6.79870826708854e-39	-0.271670955912275	0.32	0.356	9.41009211247725e-35	Arhgap23	34.0264061253778	TRUE
6.90914342922991e-39	0.364891400471554	0.104	0.078	9.56294542039712e-35	Etv5	34.0194083229112	TRUE
8.45778094917283e-39	0.18413593468522	0.358	0.315	1.17064146117501e-34	Tubb3	33.9315760983317	FALSE
1.00872804599684e-38	-0.22241217711325	0.227	0.265	1.39618048846422e-34	Rab31	33.8550584355257	FALSE
1.08562934936138e-38	0.127575794512402	0.592	0.547	1.50261958245109e-34	Ptk2b	33.8231509556433	FALSE
1.16984638859518e-38	-0.344141664386137	0.158	0.191	1.61918438645459e-34	Usp6nl	33.7907036926548	TRUE
1.26454130354239e-38	0.238604426400492	0.222	0.186	1.75025161823302e-34	Smad1	33.7568995121395	FALSE
1.28456016941708e-38	-0.179776299156272	0.543	0.573	1.77795973049018e-34	Rpl3	33.7500780797122	FALSE
1.46236068721798e-38	0.192920404718729	0.366	0.325	2.0240534271784e-34	Jph3	33.6937780279871	FALSE
1.56421158265807e-38	0.231982406171859	0.214	0.179	2.16502525155704e-34	Srpk1	33.6645370339305	FALSE
1.70301020926608e-38	-0.166906697289456	0.545	0.579	2.35713643064518e-34	Rps2	33.6276152798594	FALSE
1.84879701895332e-38	-0.434613832889359	0.109	0.137	2.55891995393329e-34	Ddr1	33.5919432991495	TRUE
2.00754588611827e-38	-0.441559422699053	0.102	0.129	2.7786442609763e-34	Prtg	33.5561670506981	TRUE
2.36297609235106e-38	0.0975756548211395	0.979	0.976	3.2705952094231e-34	Dlg2	33.4853732037174	FALSE
2.38365995736397e-38	0.282415665568877	0.149	0.118	3.29922374698747e-34	Tfdp1	33.4815882304423	TRUE
2.4974275420909e-38	-0.32127357178149	0.342	0.376	3.45668946100801e-34	Acsl3	33.4613396344664	TRUE
3.00580319459232e-38	0.10960478452688	0.762	0.729	4.16033220163523e-34	Rapgef6	33.3808719896673	FALSE
3.49333630703495e-38	0.114047660971375	0.684	0.642	4.83512678256707e-34	Cspp1	33.3155921337325	FALSE
3.72547247659679e-38	0.222168774661603	0.267	0.229	5.15642645485761e-34	Syndig1l	33.2876511721308	FALSE
4.28520424339724e-38	-0.088224541616901	0.959	0.961	5.93115119328612e-34	Ncam1	33.2268610050557	FALSE
4.28763797692026e-38	0.237957986123398	0.242	0.205	5.93451972385533e-34	Unc13a	33.2266144224077	FALSE
4.88753023363288e-38	0.220161712566662	0.286	0.248	6.76483059637127e-34	Pfkfb3	33.1697430744518	FALSE
5.26131572479066e-38	-0.229111862509743	0.474	0.504	7.28218709468276e-34	Ulk2	33.1377381673213	FALSE
5.5366762033977e-38	0.114564401743301	0.581	0.533	7.66331353312275e-34	Pacs1	33.1155834055643	FALSE
7.59054706663516e-38	-0.270505328857576	0.308	0.343	1.05060761949297e-33	Lamp2	32.9785594538168	TRUE
7.68492948366274e-38	-0.229792541790792	0.456	0.486	1.06367108983376e-33	Stxbp6	32.9731926445534	FALSE
7.79041284318992e-38	-0.12922424265455	0.725	0.747	1.07827104162592e-33	Chchd10	32.9672720581782	FALSE
7.80424885092669e-38	0.398330507695128	0.1	0.075	1.08018608345676e-33	Rxrg	32.966501422238	TRUE
8.3319811353284e-38	-0.329427375407971	0.218	0.253	1.1532295089408e-33	Mlc1	32.9380842533752	TRUE
9.89503527473673e-38	0.16836606940024	0.426	0.385	1.36957183237631e-33	Rps6kc1	32.8634151845955	FALSE
1.02486953725895e-37	-0.374056566558126	0.141	0.172	1.41852192652011e-33	Iqck	32.8481639467958	TRUE
1.43059032988741e-37	0.269226236725157	0.173	0.141	1.98008007559717e-33	Zdhhc5	32.7033172462603	TRUE
1.45423962936792e-37	-0.270287679521591	0.278	0.313	2.01281307100814e-33	Odf2	32.6961965559604	TRUE
1.70095529916947e-37	-0.298789103701566	0.165	0.198	2.35429222958047e-33	Sugct	32.6281396307801	TRUE
1.94173337842506e-37	0.24072455084576	0.239	0.203	2.68755316907812e-33	Slc9a1	32.5706429351475	FALSE
2.13754252656133e-37	0.140010238116904	0.524	0.48	2.95857261101354e-33	Commd1	32.5289177675479	FALSE
2.26499472510322e-37	-0.311396986921631	0.183	0.216	3.13497919901536e-33	Use1	32.5037653364227	TRUE
2.76389438083071e-37	-0.44124949417864	0.102	0.129	3.82550621250779e-33	Tdp2	32.4173110884182	TRUE
2.89882646806862e-37	0.155682566868033	0.438	0.395	4.01226571445377e-33	Man1a2	32.3966103133137	FALSE
2.93440935853311e-37	0.185254468427607	0.461	0.42	4.06151599314568e-33	Tomm70	32.3913118322927	FALSE
3.22532550286394e-37	0.108460312077171	0.586	0.54	4.46417302851397e-33	Cdh13	32.3502589807657	FALSE
3.58590241530859e-37	0.192529005818637	0.295	0.255	4.96324753302862e-33	Brinp2	32.3042340646077	FALSE
4.40038081494176e-37	-0.358172046540735	0.114	0.142	6.09056708596089e-33	Rnf212	32.2153422688059	TRUE
4.47877445857593e-37	0.112097734456521	0.563	0.512	6.19907172811495e-33	Dapk1	32.2076733384921	FALSE
4.48609176678195e-37	-0.345270339439491	0.108	0.136	6.2091996144029e-33	Tmem98	32.2069643781569	TRUE
5.17009114806373e-37	0.153326747756895	0.422	0.377	7.155923158035e-33	Osbpl6	32.1453343316347	FALSE
5.49902532121461e-37	-0.371306073015236	0.134	0.163	7.61120094709315e-33	Shisa4	32.1185468118831	TRUE
5.65644811861774e-37	0.197232528874893	0.344	0.304	7.82908984097881e-33	Speg	32.106288723257	FALSE
6.53200910384756e-37	0.0707392951431736	0.91	0.904	9.0409538006354e-33	Ank3	32.0437857500001	FALSE
6.84453332287494e-37	0.1493822528111	0.615	0.575	9.4735185721912e-33	Camkmt	32.0234886891408	FALSE
6.9561758531504e-37	0.118085723478427	0.569	0.522	9.62804299834546e-33	Nos1ap	32.0164619788558	FALSE
7.80327554461429e-37	-0.259115125117205	0.257	0.293	1.08005136813006e-32	Fbxo8	31.9665555886196	TRUE
8.7264834686855e-37	-0.30330703550128	0.24	0.273	1.20783257690076e-32	Prorp	31.9179932610521	TRUE
9.80171864778392e-37	0.111343180941341	0.72	0.681	1.35665587803977e-32	Camk2b	31.8675302991503	FALSE
1.09804448570168e-36	0.0481480812131956	0.836	0.803	1.5198033726597e-32	Frmd5	31.8182125960636	FALSE
1.120069192674e-36	0.101203139128118	0.31	0.265	1.55028776958008e-32	Sema3e	31.8095876791583	FALSE
1.18988751786526e-36	0.112031616641644	0.676	0.634	1.6469233134773e-32	Aak1	31.7833266226329	FALSE
1.20823595310935e-36	0.361728818934919	0.119	0.093	1.67231938269865e-32	Stx1a	31.7766807765994	TRUE
1.34127022072097e-36	0.296667025043154	0.162	0.131	1.8564521124999e-32	Atad2	31.7313162489939	TRUE
1.342007869013e-36	-0.336825273248642	0.483	0.507	1.8574730915009e-32	Bin1	31.7310774689791	TRUE
1.35261479255228e-36	0.327493902807641	0.16	0.13	1.87215413437161e-32	Mrap2	31.7276583986794	TRUE
1.4855887385392e-36	0.13032189270808	0.373	0.328	2.0562033730121e-32	Slit2	31.6869339327658	FALSE
1.49260496795043e-36	0.244055979574782	0.133	0.104	2.06591453614019e-32	Cry1	31.6848876485717	FALSE
1.86509277871161e-36	-0.290091005380253	0.143	0.174	2.58147491501473e-32	Gng12	31.5881320907692	TRUE
2.10137896135855e-36	0.134801751055074	0.452	0.406	2.90851862041637e-32	Rgs17	31.5363281514915	FALSE
2.18486345124493e-36	-0.442600617385001	0.099	0.125	3.0240695028681e-32	Sec14l5	31.5194082315686	TRUE
2.33398940669508e-36	0.122036874203782	0.528	0.485	3.23047473780666e-32	Zranb1	31.4907336507774	FALSE
2.39534748869898e-36	0.209440374270161	0.345	0.306	3.31540045910825e-32	Galnt17	31.4794640067232	FALSE
3.0665355049814e-36	0.070208425670879	0.765	0.732	4.24439179244476e-32	Slc24a2	31.3721845339499	FALSE
3.15635136684743e-36	0.297024491446484	0.177	0.146	4.36870592685353e-32	Fbxo41	31.359647188214	TRUE
3.33512890568981e-36	0.223712111759717	0.28	0.243	4.61615191836526e-32	Fndc3b	31.3357199069099	FALSE
4.2851000692132e-36	-0.18974719471832	0.357	0.393	5.93100700579799e-32	Rnpc3	31.2268715629709	FALSE
4.49935575341102e-36	-0.102577321370364	0.822	0.82	6.22755829829619e-32	Faf1	31.2056821981937	FALSE
4.50036265208097e-36	0.0744523984963008	0.949	0.938	6.22895194674527e-32	Grid2	31.2055850194781	FALSE
5.53982365830622e-36	-0.202479051568998	0.167	0.201	7.66766992546164e-32	Abca8a	31.1153365907126	FALSE
6.49556890539961e-36	0.287348963533743	0.146	0.117	8.99051692196359e-32	Hps3	31.0462153371987	TRUE
6.65919339697467e-36	-0.216694778075614	0.592	0.616	9.21698958075265e-32	Map7	31.0354109034534	FALSE
8.01186025570936e-36	0.0994623332825348	0.739	0.7	1.10892157799273e-31	Plekha5	30.9550991657077	FALSE
9.49537286081476e-36	0.161106423105355	0.275	0.237	1.31425455766537e-31	Tshz2	30.8813205082297	FALSE
1.16979486132556e-35	0.0837357471927505	0.628	0.575	1.61911306756071e-31	Gabrb2	30.7907228220909	FALSE
1.34272938256079e-35	0.0987141284425053	0.789	0.746	1.85847173840238e-31	Dpp6	30.7308440387917	FALSE
1.49245817190869e-35	-0.261908958787138	0.513	0.537	2.06571135573881e-31	Dennd5a	30.6849303630524	TRUE
1.54521710920628e-35	-0.221566268133663	0.337	0.373	2.13873500085242e-31	Atp6v1g1	30.6698430231878	FALSE
1.54674403241509e-35	0.18694934399303	0.369	0.329	2.14084841526572e-31	Cxadr	30.6694140822358	FALSE
1.59957793895445e-35	0.137246833261381	0.509	0.466	2.21397582530685e-31	Bcl11a	30.65482712555	FALSE
1.64122458374218e-35	0.186093144744194	0.342	0.302	2.27161894635756e-31	Sertad2	30.6436645177557	FALSE
1.78606176912928e-35	0.0963320202107054	0.838	0.804	2.47208809465183e-31	Srrm2	30.6069360569087	FALSE
1.83673149247022e-35	0.103267374500664	0.685	0.641	2.54222005872803e-31	Asic2	30.5947868589139	FALSE
2.45724474048338e-35	0.167976556865486	0.351	0.308	3.40107244530304e-31	Gdi1	30.4683841171822	FALSE
2.57544346465598e-35	0.198098459626225	0.302	0.265	3.56467129943035e-31	Mtg2	30.4479805105316	FALSE
2.64384147782708e-35	0.119913374505569	0.636	0.592	3.65934098946047e-31	Me3	30.4365971196358	FALSE
2.65784483990678e-35	0.160941721927672	0.418	0.375	3.67872304291497e-31	Tnrc18	30.4343029073201	FALSE
3.24665804269705e-35	0.18244678101046	0.357	0.317	4.49369939689699e-31	Shc3	30.3473959827926	FALSE
3.30894415267534e-35	-0.302951281469316	0.169	0.201	4.57990960171793e-31	Plekhb1	30.3391430940185	TRUE
3.42258375144308e-35	0.107461170297966	0.643	0.597	4.73719817037236e-31	Ubr2	30.3244784471279	FALSE
3.70206741542216e-35	-0.112660860484401	0.749	0.765	5.12403150968581e-31	Ywhae	30.2903882082715	FALSE
3.93296900086583e-35	-0.425582018571088	0.085	0.11	5.44362239409839e-31	Tmem219	30.2641120079814	TRUE
4.16966823525897e-35	0.127939212301525	0.57	0.525	5.77123780442194e-31	Tcf20	30.2387310301758	FALSE
4.22797195537016e-35	0.356102429355613	0.116	0.091	5.85193598342784e-31	Mthfr	30.2327004334346	TRUE
4.6244183553391e-35	-0.411154255634219	0.094	0.12	6.40065744562485e-31	Rasgrf2	30.1937754150251	TRUE
5.26812254353896e-35	0.229125581830651	0.233	0.198	7.29160841251228e-31	Pip5k1c	30.1371766626791	FALSE
5.62529333764243e-35	-0.187456676407745	0.478	0.509	7.78596850863089e-31	Ldhb	30.1086873571752	FALSE
6.52084934419475e-35	-0.152877338686397	0.787	0.799	9.02550757729996e-31	Ankrd28	30.0445283648437	FALSE
7.51315324441696e-35	-0.197632169649243	0.377	0.411	1.03989554055975e-30	Dpp7	29.9830102841983	FALSE
7.96954801479295e-35	-0.164194609271277	0.455	0.491	1.10306514072749e-30	Srsf2	29.9573988398507	FALSE
8.36626973045644e-35	-0.308804672041093	0.161	0.191	1.15797539339248e-30	Psat1	29.9363006691297	TRUE
8.85677532328846e-35	0.145482032090781	0.525	0.483	1.22586627249636e-30	Dab1	29.9115569036223	FALSE
8.99001350622682e-35	-0.130554304012337	0.724	0.743	1.24430776939685e-30	Ndufa4	29.9050721871539	FALSE
9.05635922655413e-35	0.106757799995408	0.722	0.685	1.25349068054736e-30	Nell2	29.9018788905864	FALSE
9.54369785384113e-35	0.332359928835753	0.157	0.128	1.32094321995015e-30	Sncaip	29.8791158499043	TRUE
9.9266653583592e-35	-0.18477971357949	0.593	0.616	1.3739497522505e-30	Atrn	29.8620291498961	FALSE
1.23125442276064e-34	0.139462109879679	0.501	0.457	1.704179246543e-30	Inpp4a	29.7684847278261	FALSE
1.26821729933414e-34	0.0842250680504599	0.841	0.809	1.75533956400839e-30	Rbfox2	29.7556388583945	FALSE
1.30179268749962e-34	0.214573111702132	0.262	0.226	1.80181125876822e-30	Prelid3a	29.7442907036835	FALSE
1.37984507498935e-34	0.385564433902671	0.108	0.084	1.90984356829276e-30	Oprd1	29.7190022035426	TRUE
1.3985637453351e-34	-0.400317255979844	0.098	0.124	1.93575207991831e-30	Rapgef3	29.7131502654254	TRUE
1.75650993614561e-34	0.211037827633499	0.276	0.24	2.43118540261914e-30	Ttc19	29.6141819205215	FALSE
1.87392612186761e-34	0.172317198593017	0.381	0.342	2.59370114527696e-30	Bicdl1	29.5860800661988	FALSE
1.9447815697269e-34	-0.189174921007254	0.508	0.535	2.691772170659e-30	Gtf2i	29.5699617012136	FALSE
1.98067509871834e-34	0.162002238552504	0.404	0.363	2.74145240413605e-30	Rpgrip1l	29.5620192897406	FALSE
2.09591182801672e-34	0.0917663431089211	0.744	0.696	2.90095156115794e-30	Rims1	29.5374595227993	FALSE
2.17300045986505e-34	0.122809426294991	0.68	0.641	3.00764993649921e-30	Otud7a	29.5217727131249	FALSE
2.61805805020334e-34	0.244735908149041	0.155	0.125	3.62365414728644e-30	Dock11	29.4408532594204	FALSE
2.9791523990115e-34	0.111859414737996	0.631	0.584	4.12344483547181e-30	Dennd5b	29.3847398111676	FALSE
3.048513483176e-34	0.244757746859819	0.183	0.151	4.2194475120639e-30	Man1b1	29.3747444111639	FALSE
3.09692567540556e-34	-0.222273742331181	0.38	0.413	4.28645482732883e-30	Atp5po	29.3679017487121	FALSE
3.78049823407955e-34	0.190648615687783	0.32	0.282	5.2325876057895e-30	Gsg1l	29.2812834918201	FALSE
3.78388632752027e-34	0.177609036869828	0.356	0.316	5.23727706592081e-30	Ahdc1	29.2808944501547	FALSE
3.85314820657291e-34	-0.277696783433084	0.214	0.247	5.33314243271757e-30	Washc3	29.2730168174202	TRUE
4.14653114503143e-34	-0.321855603171424	0.125	0.154	5.739213757838e-30	Ganc	29.2411475995917	TRUE
5.53609873731151e-34	0.138501067144068	0.448	0.403	7.66251426231286e-30	Etnk1	29.1156287041162	FALSE
5.74933417215839e-34	-0.530056135831516	0.148	0.175	7.95765342768442e-30	Sytl2	29.0992149792034	TRUE
6.25742526665003e-34	0.343229810946195	0.112	0.087	8.66090231157031e-30	Utp25	29.0624368598854	TRUE
6.83694155880692e-34	-0.271217533199309	0.254	0.287	9.46301081154466e-30	Pram1	29.0239706637246	TRUE
8.27673853050973e-34	0.0460564243385604	0.304	0.349	1.14558338000785e-29	Nckap5	28.940973295685	FALSE
9.97853756755515e-34	-0.35992969992613	0.101	0.127	1.38112938472531e-29	Lnx1	28.8597656346436	TRUE
1.01728679329886e-33	0.19853320985716	0.312	0.275	1.40802665060496e-29	Lrrc8c	28.8513891249516	FALSE
1.04056069771187e-33	0.255078353743585	0.184	0.153	1.440240061703e-29	Ccdc82	28.8415651129162	TRUE
1.04115319077089e-33	0.317820186760205	0.135	0.108	1.44106013134599e-29	Kcnh3	28.8413178969328	TRUE
1.07484366629257e-33	0.32755103984275	0.144	0.117	1.48769111851555e-29	Ociad2	28.8274872297103	TRUE
1.11981595249914e-33	0.212625631118463	0.277	0.242	1.54993725985406e-29	Fam169a	28.8096858813463	FALSE
1.23184257614525e-33	-0.419195118923435	0.078	0.101	1.70499330964264e-29	Zdhhc15	28.7682773208304	TRUE
1.39480567209727e-33	0.0904765923025567	0.534	0.488	1.93055053074983e-29	Ankh	28.7143188265504	FALSE
1.41313338559195e-33	0.178138049243324	0.361	0.323	1.95591791899781e-29	Bsn	28.7086493745353	FALSE
1.41502071590606e-33	0.272090451554199	0.173	0.144	1.95853017288558e-29	Echdc2	28.7080697333748	TRUE
1.42461112445946e-33	0.249924772829294	0.191	0.159	1.97180425736434e-29	Rnft1	28.7051362000266	FALSE
1.54345740292714e-33	0.172865937441832	0.164	0.133	2.13629939139146e-29	Abcd2	28.6703378832363	FALSE
1.58654802171776e-33	-0.193771023520624	0.501	0.528	2.19594111685955e-29	Rnf13	28.6583793094705	FALSE
1.65757508669372e-33	-0.423131211414095	0.115	0.141	2.29424967749278e-29	Ptp4a3	28.6393593206733	TRUE
2.1762357604812e-33	0.315265089225737	0.14	0.113	3.01212791608203e-29	Sema4f	28.5211265888893	TRUE
2.18904311682904e-33	-0.160589206834262	0.521	0.552	3.02985457800308e-29	Pebp1	28.5185782155526	FALSE
2.35834614305311e-33	-0.139709288806249	0.663	0.678	3.26418689659981e-29	Ambra1	28.4862249829334	FALSE
2.49058546907364e-33	-0.146822648136639	0.609	0.633	3.44721934774482e-29	Tecr	28.4625310814066	FALSE
2.56480000889779e-33	-0.279920481809154	0.282	0.314	3.54993969231544e-29	Atg4c	28.449779024837	TRUE
2.59407944341002e-33	0.186988955963847	0.325	0.286	3.59046535762381e-29	Lrp11	28.4448492591792	FALSE
2.59757709569015e-33	0.126391229871713	0.536	0.491	3.59530645814473e-29	Peg3	28.4442640851396	FALSE
2.91176430453408e-33	0.122268384071661	0.605	0.565	4.03017297390561e-29	Ascc3	28.3946763136602	FALSE
3.50576945029682e-33	-0.361754658436845	0.49	0.509	4.85233549615582e-29	Ano4	28.3140491791385	TRUE
3.51688011208385e-33	-0.285445527578707	0.196	0.228	4.86771376313526e-29	Ikzf2	28.3126749675713	TRUE
4.23464628560076e-33	0.340719507029513	0.104	0.081	5.86117392390002e-29	Rab3ip	28.2320153912153	TRUE
5.03100100388187e-33	-0.442819584432845	0.081	0.104	6.96340848947289e-29	Carf	28.1571781273692	TRUE
5.77759642244051e-33	0.0961449175011562	0.673	0.627	7.99677120829991e-29	Tenm4	28.0970853291915	FALSE
6.08188519414216e-33	-0.434444728994162	0.078	0.101	8.41793729721216e-29	Pmp22	28.0747943135103	TRUE
6.64810864387141e-33	0.162616836335168	0.4	0.36	9.20164717398241e-29	Zbtb38	28.0361344232479	FALSE
7.17609882461014e-33	0.139826956572248	0.533	0.492	9.93243838314289e-29	Usp33	28.0029441204527	FALSE
7.78221686051069e-33	0.185566276046968	0.316	0.279	1.07713663566328e-28	Akap17b	27.9677292025973	FALSE
7.83067696852942e-33	0.222075684260828	0.238	0.204	1.08384399921416e-28	Prxl2c	27.9650332225541	FALSE
8.4850981904531e-33	0.194755439063954	0.287	0.251	1.17442244054061e-28	Rnf169	27.9301756589693	FALSE
8.65647562716071e-33	0.156966461703553	0.464	0.427	1.19814279155531e-28	Spred2	27.9214914207705	FALSE
1.01371906941701e-32	-0.397299701795994	0.078	0.1	1.40308856398009e-28	Prkcq	27.8529149151199	TRUE
1.08385974649641e-32	-0.254559880586894	0.173	0.204	1.50017027512568e-28	Tns3	27.823859444044	TRUE
1.31714357813137e-32	0.220777565031125	0.174	0.143	1.82305842649163e-28	Mxd4	27.7391994125868	FALSE
1.49089569571838e-32	-0.200942333756697	0.374	0.407	2.06354873244381e-28	Rps24	27.685385270435	FALSE
1.58479030128075e-32	-0.31459068266543	0.141	0.169	2.19350825600269e-28	Gpc1	27.6588607266433	TRUE
1.65879673170248e-32	-0.134624413006328	0.615	0.635	2.29594055634941e-28	Arglu1	27.6390393603436	FALSE
1.6969559933885e-32	-0.366806613415744	0.147	0.175	2.34875679044903e-28	Fbxl4	27.6291619513085	TRUE
1.77592030602589e-32	0.0719613596292423	0.9	0.877	2.45805129557043e-28	Alcam	27.6094090583288	FALSE
1.81179245178383e-32	0.104411817779236	0.578	0.531	2.50770193251399e-28	Chl1	27.6007240853682	FALSE
1.93414607520598e-32	-0.283948785527741	0.276	0.308	2.6770515826926e-28	Atg10	27.5723432605415	TRUE
1.97616738596811e-32	0.207073191644877	0.261	0.227	2.73521327891846e-28	Nova2	27.5630088037927	FALSE
1.99589740816252e-32	0.094019319109852	0.712	0.674	2.76252160263775e-28	Zmym4	27.5586943171549	FALSE
2.11884904024278e-32	0.104177929817191	0.692	0.649	2.93269895660004e-28	Map1b	27.5327325153343	FALSE
2.34340735791294e-32	0.278230336088579	0.159	0.13	3.2435101240873e-28	Mss51	27.4889847421523	TRUE
2.44379691587506e-32	-0.415900412471624	0.079	0.101	3.38245931126267e-28	Rars2	27.4707674189729	TRUE
2.58667647555542e-32	-0.134622731847595	0.722	0.741	3.58021890981625e-28	Cox4i1	27.4460904179319	FALSE
3.47146101495935e-32	0.12630728503066	0.509	0.466	4.80484919080523e-28	Ube2b	27.3183202389276	FALSE
3.52334265008379e-32	0.137615370387594	0.467	0.427	4.87665856198097e-28	Osbp2	27.3118776503626	FALSE
4.76068594193332e-32	-0.378903195335056	0.097	0.121	6.58926541222991e-28	Cobll1	27.1811629989412	TRUE
4.82268671720268e-32	-0.248578222266991	0.294	0.326	6.67508068528023e-28	Nubpl	27.1755434803813	FALSE
5.49659520189068e-32	0.172912427131965	0.296	0.259	7.6078374189369e-28	Arhgap33	27.1187387769346	FALSE
5.85172899240628e-32	0.214292902976781	0.203	0.17	8.09937809838953e-28	Spry2	27.091548326653	FALSE
5.96172111756471e-32	0.0824593246758392	0.844	0.818	8.25161819882131e-28	Pard3	27.0834608749768	FALSE
6.44809400745461e-32	-0.121368278522068	0.619	0.647	8.92480691571793e-28	Rps21	27.0494011708847	FALSE
6.71270303815436e-32	-0.188550128582083	0.75	0.757	9.29105227510945e-28	Kazn	27.0319350964053	FALSE
6.80543997219431e-32	0.196410490277346	0.233	0.199	9.41940946551415e-28	Acsl4	27.0259763237366	FALSE
6.8954578681397e-32	-0.290130602354213	0.3	0.331	9.54400323529215e-28	Fign	27.0202694221175	TRUE
9.00547814202095e-32	-0.474059857918359	0.081	0.103	1.24644822963712e-27	Ptprk	26.9043257549058	TRUE
9.47420512554647e-32	-0.318302111502027	0.143	0.171	1.31132473142689e-27	Plaat3	26.8822897479717	TRUE
9.48955606151383e-32	-0.249315883886551	0.251	0.284	1.31344945447413e-27	Vsnl1	26.8815866355276	FALSE
1.01822130610861e-31	0.186777668837675	0.252	0.217	1.40932010978492e-27	Abcf1	26.8509903510188	FALSE
1.13543229890025e-31	-0.369249071067469	0.104	0.128	1.57155184490784e-27	Dock5	26.8036712871975	TRUE
1.37111084289783e-31	-0.358100033128778	0.119	0.144	1.89775451765489e-27	Fah	26.7217599660515	TRUE
1.47912265297084e-31	0.109346927766404	0.546	0.504	2.04725366397694e-27	Camsap2	26.6888283429554	FALSE
1.61957639982338e-31	0.349439281999285	0.115	0.091	2.24165569499555e-27	Cacng2	26.6494310916725	TRUE
1.76554590859435e-31	0.164761864700794	0.322	0.283	2.44369209208543e-27	Ptp4a2	26.6119535165688	FALSE
1.78102686664161e-31	-0.308856294462113	0.162	0.191	2.46511928611866e-27	Zcwpw2	26.6081620605451	TRUE
2.13487370345545e-31	0.228196242727107	0.22	0.189	2.95487869295268e-27	Syt6	26.5294603435687	FALSE
2.49860607384128e-31	-0.15808141481124	0.495	0.524	3.45832066680372e-27	Rpl28	26.4611347399902	FALSE
2.50546980745472e-31	-0.207474310425069	0.248	0.28	3.46782076049808e-27	Slc25a13	26.4599433577755	FALSE
2.57245721447561e-31	0.214975884442753	0.22	0.188	3.56053803055569e-27	Adsl	26.4484843711153	FALSE
2.70842296194405e-31	-0.409917347646575	0.081	0.104	3.74872822162676e-27	Sat2	26.4261160442747	TRUE
2.86843602172471e-31	0.150333091248815	0.403	0.365	3.97020229766918e-27	Clpb	26.4011873636341	FALSE
3.4790431796959e-31	0.289072297733633	0.297	0.261	4.8153436650171e-27	Hdac4	26.3173727123828	TRUE
4.21311819678261e-31	0.14650785011425	0.364	0.324	5.83137689616681e-27	Mtmr12	26.2342288881561	FALSE
5.5247232196198e-31	-0.161162977578939	0.562	0.578	7.64676940827576e-27	Tial1	26.1165220059564	FALSE
5.70047165008798e-31	0.251843829999986	0.165	0.137	7.89002281088678e-27	Tut1	26.1029217411977	TRUE
5.74598834284203e-31	0.132071588658976	0.453	0.413	7.95302246532765e-27	Gprasp1	26.0994677907707	FALSE
5.86724391830782e-31	-0.335860914402284	0.147	0.174	8.12085230732985e-27	Elovl7	26.0903983878838	TRUE
6.83800161120757e-31	0.270342742066654	0.153	0.126	9.46447803007239e-27	Klc2	26.0239033325623	TRUE
6.88394921235156e-31	-0.19187438589011	0.412	0.444	9.5280741048158e-27	Rps11	26.0209948737768	FALSE
9.25682358183183e-31	0.0849685739171164	0.756	0.711	1.28123695196134e-26	Large1	25.8923705444061	FALSE
1.09278902181515e-30	0.170511155911895	0.364	0.327	1.51252928509435e-26	Kifc2	25.8202962079272	FALSE
1.18562529714814e-30	-0.233876403305639	0.291	0.322	1.64102397378274e-26	Rpl15	25.7848850742757	FALSE
1.20172996875446e-30	0.068737514037454	0.954	0.94	1.66331444975305e-26	Nlgn1	25.7790256396061	FALSE
1.23348675616616e-30	0.176706529604956	0.281	0.246	1.70726901920958e-26	Ncln	25.7676980404829	FALSE
1.42559590955692e-30	-0.205517832928361	0.421	0.45	1.97316729841773e-26	Lmbrd1	25.7048360907745	FALSE
1.61390042080703e-30	0.209616052794523	0.267	0.233	2.23379957243901e-26	Isyna1	25.6509557965242	FALSE
1.69682916721371e-30	-0.156373274179622	0.491	0.522	2.3485812503405e-26	Rpl34	25.6291944105865	FALSE
1.75704584042461e-30	0.144667443136308	0.293	0.257	2.4319271477317e-26	Epb41l3	25.6140494391904	FALSE
1.76339716087088e-30	0.118381528674106	0.547	0.507	2.44071801036138e-26	Fbxl5	25.6124823941258	FALSE
1.87605926970113e-30	-0.39401276744813	0.105	0.129	2.59665363519334e-26	Josd2	25.5855859765764	TRUE
2.03844133341447e-30	0.160119936020274	0.371	0.335	2.82140664957897e-26	Prkag2	25.5495343144329	FALSE
2.09724677370852e-30	0.21488552911708	0.192	0.161	2.90279925948997e-26	Khdrbs3	25.5371829963799	FALSE
2.21750513306129e-30	0.243439067032643	0.205	0.175	3.06924885467013e-26	Scn9a	25.5129678975478	FALSE
2.27463664208998e-30	0.0130594327572591	0.779	0.734	3.14832457631674e-26	Lrrtm4	25.5019205004436	FALSE
2.29027880310681e-30	0.123107805694889	0.444	0.404	3.16997489138013e-26	Nsd2	25.4989441777123	FALSE
2.43861790587738e-30	0.190869707476072	0.322	0.287	3.37529104352489e-26	Tbc1d8	25.4716887730116	FALSE
2.78227492064889e-30	-0.146305253738429	0.58	0.596	3.85094671767013e-26	Zranb2	25.4144324903053	FALSE
2.8433075550659e-30	-0.323857471070303	0.143	0.17	3.93542198696671e-26	Tex9	25.4050086923303	TRUE
2.90329384122137e-30	0.0963673578864623	0.557	0.509	4.0184490056345e-26	Sv2c	25.3959415385249	FALSE
3.75018990311189e-30	0.197481785632292	0.256	0.223	5.19063784489717e-26	Ap3s1	25.2847792711499	FALSE
3.87231112645686e-30	-0.191331692182703	0.404	0.434	5.35966583012893e-26	Man2b2	25.2708622872951	FALSE
3.9749791432989e-30	-0.270365086705574	0.235	0.265	5.50176863224001e-26	Mtss1	25.2594976770969	TRUE
4.03916614098933e-30	0.12262701108763	0.468	0.426	5.59060985574332e-26	Peak1	25.2525408141999	FALSE
4.58406846013062e-30	-0.197315748746851	0.386	0.418	6.34480915566678e-26	Rps5	25.1975814364357	FALSE
4.82116342283954e-30	0.104639797679283	0.573	0.531	6.67297229355221e-26	Ubn2	25.1756806783535	FALSE
4.84507910236633e-30	0.165244929266658	0.383	0.345	6.70607398558524e-26	Iqub	25.1735316594735	FALSE
4.99928768952367e-30	-0.367715855784484	0.088	0.111	6.91951409106972e-26	Alg6	25.1599244019271	TRUE
5.01776748073759e-30	-0.225643059203416	0.208	0.24	6.94509197008889e-26	Antkmt	25.1583219987618	FALSE
5.0300197775032e-30	-0.471294057492967	0.086	0.108	6.96205037404217e-26	Fxyd1	25.1572628386947	TRUE
5.14747091385884e-30	0.113578443950546	0.558	0.515	7.12461449187202e-26	Micu1	25.1472386300678	FALSE
5.3375301676986e-30	-0.226459148271047	0.356	0.387	7.38767550511164e-26	Lamp1	25.1314921886831	FALSE
5.82923153726657e-30	0.105739255906758	0.513	0.467	8.06823937073066e-26	Zfyve28	25.0932212255008	FALSE
5.89685608514461e-30	-0.371771216609662	0.089	0.112	8.16183850744865e-26	Mthfd1l	25.0882120025568	TRUE
6.90617130665847e-30	-0.227966261602814	0.35	0.38	9.55883170554599e-26	Dbp	25.01959518459	FALSE
7.24126119516558e-30	-0.160927403683392	0.54	0.566	1.00226296202287e-25	Rpl14	24.9990183184163	FALSE
7.28362382237517e-30	0.175503067056131	0.297	0.261	1.00812637325495e-25	Phf6	24.996485023677	FALSE
7.6145537526359e-30	0.264235845977344	0.167	0.14	1.05393038490234e-25	Tarbp1	24.9771880745611	TRUE
8.32207881195574e-30	0.157807868650011	0.357	0.32	1.15185892836279e-25	Kctd17	24.9386007070111	FALSE
8.72693452490417e-30	0.0614427958124528	0.879	0.866	1.20789500759199e-25	Dst	24.9179708137324	FALSE
9.08918851053605e-30	0.230804371213792	0.208	0.178	1.2580345817433e-25	Ago2	24.9003074205331	FALSE
1.01130213636686e-29	0.117184832068321	0.619	0.583	1.39974328694537e-25	Gsk3b	24.8539516066689	FALSE
1.03575194336538e-29	0.0904514587510525	0.681	0.628	1.43358426481202e-25	Ryr2	24.8435767745226	FALSE
1.30700911047283e-29	-0.273226571431665	0.296	0.326	1.80903130980545e-25	Slc3a2	24.7425539165243	TRUE
1.40138492704135e-29	0.119819460342936	0.663	0.624	1.93965687751793e-25	Dynll1	24.7122750893379	FALSE
1.55857539740949e-29	-0.469838156802967	0.103	0.127	2.15722420755447e-25	Pnpla7	24.666104714868	TRUE
1.71775627415176e-29	0.242436082291567	0.214	0.184	2.37754645905346e-25	Zfp831	24.6238709878655	FALSE
1.72593195081222e-29	-0.295831796114391	0.217	0.247	2.38886241311919e-25	Cradd	24.6218088627842	TRUE
1.79332713496593e-29	0.15291008832491	0.368	0.331	2.48214408750635e-25	Ralgps2	24.6051730114785	FALSE
1.79778389907338e-29	-0.29658003384218	0.158	0.186	2.48831269470746e-25	Cfap74	24.6040950447799	TRUE
1.88669876888967e-29	0.096793340546858	0.648	0.606	2.6113797660202e-25	Csnk1a1	24.5831299652917	FALSE
2.03184722729903e-29	-0.278588959245294	0.25	0.28	2.81227974730458e-25	Gna12	24.550941480712	TRUE
2.50971535312038e-29	-0.284183069237607	0.143	0.17	3.47369702025391e-25	Hepacam	24.4592080638884	TRUE
2.58548543467065e-29	0.227211892762967	0.172	0.143	3.57857039012765e-25	Ankrd27	24.4462904358363	FALSE
2.68624716331694e-29	-0.234136001934387	0.14	0.167	3.71803469874697e-25	Ermn	24.42968656147	FALSE
2.68660306155988e-29	0.162557778516373	0.318	0.283	3.71852729750503e-25	Actl6b	24.4296290260328	FALSE
3.00883229473052e-29	0.088734618375472	0.532	0.488	4.16452477913651e-25	Cdh4	24.380434549497	FALSE
3.08885194626193e-29	-0.0614944493742096	0.664	0.695	4.27527997882113e-25	Erbb4	24.369035439	FALSE
3.19429378524386e-29	0.163967792014784	0.468	0.432	4.42122202815602e-25	Cplx2	24.3544576748291	FALSE
3.37109772805586e-29	0.201261164975565	0.241	0.208	4.66593636540211e-25	Nxf1	24.3310611884619	FALSE
3.46602276219524e-29	0.12295858335221	0.37	0.33	4.79732210515443e-25	Ibtk	24.3190011208514	FALSE
3.72395048073163e-29	-0.26414509439179	0.321	0.352	5.15431986038065e-25	Gabrg1	24.2878286340412	TRUE
3.91694143195439e-29	0.159574000269845	0.291	0.256	5.42143863596807e-25	Spen	24.2658854535432	FALSE
4.14372080621613e-29	0.117624107533516	0.71	0.669	5.73532396788374e-25	Igsf11	24.241442045332	FALSE
4.18218386720583e-29	0.148686000261551	0.331	0.294	5.78856069059959e-25	Nf2	24.2374294089559	FALSE
4.22426306155739e-29	0.157105933402748	0.462	0.425	5.84680250350158e-25	Ptprn	24.2330815757519	FALSE
4.42791589358871e-29	-0.44106525490004	0.097	0.12	6.12867838831613e-25	Grip2	24.2126331683109	TRUE
4.6226216904532e-29	-0.218738467947971	0.392	0.422	6.39817068175628e-25	Nav1	24.1939441785757	FALSE
4.66029592983893e-29	-0.352465680156141	0.152	0.179	6.45031559649006e-25	Metap1d	24.1904190359909	TRUE
5.09951486667028e-29	-0.303202027863366	0.167	0.194	7.05823852695834e-25	Mtmr2	24.1513036691283	TRUE
5.15801430105058e-29	0.11447832566979	0.502	0.459	7.1392075940841e-25	Mpp7	24.1463499894303	FALSE
5.23687166303972e-29	-0.276571603547669	0.1	0.124	7.24835406881328e-25	Gjc3	24.1397606003235	TRUE
5.30637739617287e-29	-0.323328981037201	0.1	0.124	7.34455695404287e-25	Rnf167	24.1340343970443	TRUE
5.42761029198126e-29	0.278483757251479	0.142	0.116	7.51235540513126e-25	Syt4	24.1242238740385	TRUE
5.58886339564399e-29	0.255845264300104	0.162	0.135	7.73554582591085e-25	Nudt16l1	24.1115090367393	TRUE
5.67284388776056e-29	-0.266060598054599	0.212	0.242	7.85178322504939e-25	Spg11	24.1050316990701	TRUE
6.4619419416025e-29	-0.274298061391882	0.226	0.255	8.94397384137202e-25	Ndufa11	24.048469479646	TRUE
6.48492558943263e-29	0.203384362600589	0.194	0.164	8.9757855083337e-25	Cnot3	24.0469275341695	FALSE
6.52356096958595e-29	0.172221427348794	0.237	0.205	9.02926073800391e-25	Plk2	24.0443478056719	FALSE
7.25199351328995e-29	0.158651026199413	0.401	0.363	1.00374842217446e-24	P3h3	23.9983751243947	FALSE
7.84562174674734e-29	-0.19117858035255	0.458	0.48	1.0859125059673e-24	Stx1b	23.9642051652687	FALSE
8.44161257336625e-29	0.19130212650889	0.343	0.307	1.16840359627962e-24	Wwc1	23.9324071149628	FALSE
8.63248838060339e-29	0.213749943625381	0.255	0.224	1.19482271675932e-24	Zc3h12c	23.9226965288956	FALSE
8.63430071460165e-29	-0.232830502857535	0.285	0.315	1.19507356190801e-24	Clasrp	23.9226053612033	FALSE
8.6829070707207e-29	-0.338137807943875	0.121	0.146	1.20180116765845e-24	Pink1	23.9201673783662	TRUE
8.75676873911937e-29	-0.356381611754949	0.118	0.142	1.21202436118151e-24	Sulf2	23.916488650945	TRUE
9.55757817008901e-29	-0.260311955774961	0.216	0.246	1.32286439452202e-24	Zmat1	23.8784846726146	TRUE
9.61572950095441e-29	-0.149786284466943	0.51	0.535	1.3309131202271e-24	Usp40	23.8758502936143	FALSE
9.65887627778387e-29	-0.356657054874219	0.115	0.139	1.33688506560807e-24	Morn1	23.8739059282038	TRUE
9.7773626600788e-29	-0.143707326863327	0.548	0.573	1.35328476578151e-24	Uchl1	23.8686108071018	FALSE
1.10718022156384e-28	-0.339642075287339	0.106	0.13	1.53244814466651e-24	Btf3l4	23.8146142123177	TRUE
1.19997630129996e-28	-0.144069263628165	0.511	0.541	1.66088719862927e-24	Rplp2	23.7796598622364	FALSE
1.29159330823115e-28	0.117741224689835	0.53	0.49	1.78769429792273e-24	Fgd4	23.7477067450906	FALSE
1.44119128455283e-28	0.0884360043003887	0.748	0.709	1.99475285694957e-24	Myo9a	23.7001109042438	FALSE
1.51515953531245e-28	0.328089093615871	0.119	0.095	2.09713231282596e-24	Gcnt2	23.678374168048	TRUE
1.5462764060305e-28	0.11036406835142	0.531	0.485	2.14020117358681e-24	Sort1	23.669545402131	FALSE
1.58460652584316e-28	0.180911115070218	0.295	0.261	2.19325389241952e-24	Cct6a	23.658911091216	FALSE
1.60771596810357e-28	-0.305586591177191	0.104	0.128	2.22523967145215e-24	Sfxn4	23.6526232060837	TRUE
1.64512091078875e-28	-0.105927612187875	0.766	0.777	2.2770118526227e-24	Ddx17	23.6426347087282	FALSE
1.74042752475463e-28	0.244500637818293	0.156	0.129	2.40892573701288e-24	Cntnap1	23.6181765883382	FALSE
1.81468730360714e-28	-0.19393319868467	0.452	0.48	2.51170869692264e-24	Vmp1	23.6000307306415	FALSE
2.237883987268e-28	0.0711492790318758	0.427	0.383	3.09745522677764e-24	Ell2	23.5089949625641	FALSE
2.26335912252602e-28	0.114077632034798	0.516	0.474	3.13271536148827e-24	Snap91	23.5040790633215	FALSE
2.40370484113888e-28	-0.217003253238586	0.335	0.365	3.32696787062032e-24	Uri1	23.4779513932038	FALSE
2.7778696476377e-28	-0.240141981191061	0.317	0.346	3.84484937929535e-24	Btd	23.4151206688722	FALSE
2.85946764870581e-28	0.112911062682678	0.547	0.508	3.95778917257371e-24	Med13l	23.4025473439413	FALSE
3.01121970627575e-28	-0.224044841187605	0.271	0.301	4.16782919545626e-24	Ndufa6	23.380090087451	FALSE
3.11032107515069e-28	0.151097229223405	0.333	0.297	4.30499540011607e-24	Zmym5	23.3660273082534	FALSE
3.11892645202422e-28	0.212710332032739	0.293	0.26	4.31690610224673e-24	Afg1l	23.3648273976536	FALSE
3.21363998238771e-28	0.264211098842438	0.207	0.179	4.44799909962283e-24	Mfhas1	23.3518353093372	TRUE
3.22070969734773e-28	0.167670324669051	0.301	0.267	4.45778429209899e-24	Fam184a	23.3508809504403	FALSE
3.38852123429651e-28	-0.128939792745231	0.818	0.821	4.6900522403898e-24	Sntg1	23.3288223198464	FALSE
3.44711198801699e-28	-0.23131017745851	0.399	0.426	4.77114770261431e-24	Dock9	23.3213771385789	FALSE
3.51413222367591e-28	-0.405826845524683	0.105	0.127	4.86391041078982e-24	Pcsk6	23.3130144330071	TRUE
3.5237139167158e-28	0.108553389402502	0.552	0.514	4.87717243212634e-24	Ablim2	23.3118318896828	FALSE
3.61000592215321e-28	-0.198775505398261	0.425	0.453	4.99660919685226e-24	Dpyd	23.3013246169948	FALSE
3.85586042225432e-28	0.0995356623780553	0.474	0.432	5.33689641044221e-24	Klhl24	23.2727112268029	FALSE
3.88037592358139e-28	-0.240597599450514	0.26	0.29	5.370828315829e-24	Ammecr1	23.2699587300821	FALSE
3.92334095864949e-28	-0.332608721387142	0.129	0.155	5.43029622086676e-24	Yipf1	23.2651764791443	TRUE
3.95077564395144e-28	-0.221073378085542	0.276	0.307	5.46826856879319e-24	Mdh2	23.2621501636213	FALSE
3.95758044915547e-28	0.17544395796375	0.299	0.265	5.47768709967608e-24	Gxylt1	23.2614027794507	FALSE
4.16955254656994e-28	-0.147543060846051	0.689	0.705	5.77107767970746e-24	Psap	23.2387430799729	FALSE
4.55782701611091e-28	0.267919612234543	0.113	0.09	6.3084883729991e-24	Tbccd1	23.2000746930399	TRUE
4.68108137947557e-28	-0.36567339033783	0.091	0.114	6.47908473733214e-24	Slc50a1	23.1884863400554	TRUE
4.97373869242554e-28	0.105347851047692	0.536	0.495	6.88415172418619e-24	Rab11fip3	23.1621495665475	FALSE
5.15341818832508e-28	-0.27303615912705	0.155	0.182	7.13284611446075e-24	Phyh	23.1467371454398	TRUE
5.40843339100725e-28	-0.25036608113256	0.337	0.365	7.48581265649314e-24	Tns2	23.1257610459458	TRUE
5.56369095125662e-28	0.29214301972534	0.106	0.084	7.70070464563429e-24	Gls2	23.1134695333069	TRUE
5.77702150710487e-28	0.267566760557754	0.113	0.09	7.99597546798385e-24	Syvn1	23.0971285469871	TRUE
5.9062691024367e-28	0.0892804393484583	0.594	0.546	8.17486706468263e-24	Adamts3	23.0875193008749	FALSE
6.29009725635248e-28	-0.258472064417832	0.128	0.155	8.70612361251747e-24	Suclg2	23.0601751708734	TRUE
6.49275618422892e-28	0.131374441251172	0.477	0.44	8.98662383459126e-24	Osbpl9	23.0464034367872	FALSE
6.59925427038187e-28	-0.153540253450444	0.57	0.594	9.13402783563554e-24	Actg1	23.0393376692295	FALSE
6.9149458439595e-28	0.13206711011947	0.431	0.392	9.57097654262434e-24	Arhgap44	23.0190437481755	FALSE
7.20433298755279e-28	0.0960477794818932	0.611	0.565	9.97151728807182e-24	Ccdc30	23.0012387534536	FALSE
7.66770341450432e-28	0.075329216058474	0.82	0.789	1.06128682960154e-23	Kansl1	22.9741672252614	FALSE
7.81819470350696e-28	0.139186154920155	0.415	0.378	1.0821163289124e-23	Plppr4	22.9657260494983	FALSE
8.56192301195259e-28	-0.248354677400697	0.512	0.531	1.18505576408436e-23	Cdc37l1	22.9262612129751	FALSE
8.92103441719423e-28	0.324010340209887	0.106	0.084	1.23476037368385e-23	Dbndd1	22.9084173164807	TRUE
9.63801058246706e-28	0.0389617764174179	0.775	0.737	1.33399704471927e-23	Fry	22.8748451325361	FALSE
9.80718139541585e-28	-0.320357853545309	0.195	0.222	1.35741197693951e-23	Acer3	22.8672883231895	TRUE
1.05612026258512e-27	-0.156339891646	0.547	0.573	1.46177605544406e-23	Cox5b	22.8351191563347	FALSE
1.15293461511441e-27	-0.139426188836347	0.662	0.682	1.59577680077986e-23	Atp5f1b	22.7970278529404	FALSE
1.19516122602677e-27	0.310201486550471	0.11	0.087	1.65422265294366e-23	Tbc1d30	22.7814060362363	TRUE
1.22914540402969e-27	0.162059849265539	0.274	0.241	1.70126015371749e-23	Ubqln1	22.769229269759	FALSE
1.28338113798029e-27	-0.241159952193086	0.259	0.289	1.77632783307852e-23	Akr1a1	22.7504768792342	FALSE
1.38055601971006e-27	0.101272468705359	0.581	0.54	1.9108275868807e-23	Epb41l2	22.7187784973743	FALSE
1.56075408433536e-27	-0.30203719164287	0.126	0.151	2.16023972812857e-23	Rhbdl1	22.6654980512443	TRUE
1.61779880826433e-27	0.19218146060459	0.29	0.257	2.23919533051866e-23	Cep126	22.6499080201922	FALSE
1.62183305071152e-27	-0.396742921013592	0.087	0.108	2.24477912548981e-23	Aga	22.6488263848611	TRUE
1.70921411408587e-27	-0.314257226349444	0.082	0.104	2.36572325530625e-23	Pnck	22.6260360609435	TRUE
1.80092759823458e-27	0.174866741692706	0.239	0.208	2.49266388871648e-23	Ptpn12	22.6033362779008	FALSE
1.81934529833837e-27	0.236904520184747	0.181	0.154	2.51815582743014e-23	Mgat5b	22.5989173985732	FALSE
2.04854918140703e-27	0.217214111023813	0.176	0.148	2.83539692198547e-23	Cdk16	22.5473861364318	FALSE
2.1133211608167e-27	-0.16578793599178	0.598	0.615	2.92504781868639e-23	Arid4b	22.5338670296769	FALSE
2.19439856957165e-27	0.128271147286768	0.292	0.256	3.03726706014412e-23	Deptor	22.517517019854	FALSE
2.30258432603737e-27	0.231582262899561	0.166	0.139	3.18700696566832e-23	Adcy3	22.4966169873113	FALSE
2.58382590203018e-27	-0.293427406946893	0.179	0.206	3.57627343099997e-23	Itfg2	22.4465692837702	TRUE
2.67940813645377e-27	0.156228630060242	0.316	0.282	3.70856880166567e-23	Efnb2	22.4307936595114	FALSE
2.73929071393714e-27	-0.221880152642987	0.312	0.342	3.7914522771604e-23	Cep112	22.4211944060882	FALSE
2.84378783719426e-27	-0.123319542262366	0.612	0.629	3.93608674546058e-23	Morf4l1	22.4049353389349	FALSE
3.02304320004042e-27	0.0785345147358627	0.704	0.661	4.18419409317594e-23	Chsy3	22.3783881779553	FALSE
3.02341499380137e-27	0.195694275393596	0.186	0.158	4.18470869292048e-23	Dnajb11	22.3783347688441	FALSE
3.024640649417e-27	0.121948685813531	0.485	0.447	4.18640512285806e-23	Stk39	22.3781587468267	FALSE
3.31395053397951e-27	0.290878621538008	0.147	0.122	4.58683893408104e-23	Lrrc3b	22.3384865097629	TRUE
3.3815122408557e-27	-0.203228932638534	0.314	0.344	4.68035109256838e-23	Gaa	22.3297215674716	FALSE
3.4707386024103e-27	0.114454662396719	0.607	0.569	4.80384929959609e-23	Fam171a1	22.3184106252034	FALSE
3.58985085166975e-27	-0.147466883616749	0.59	0.606	4.9687125637961e-23	Ddx39b	22.3037561261299	FALSE
3.74066988828305e-27	0.218257350345106	0.207	0.178	5.17746119237257e-23	Fam78b	22.2858831476738	FALSE
3.84808726616288e-27	0.0622708378017511	0.735	0.694	5.32613758509604e-23	Tra2a	22.2735876190318	FALSE
4.0992879234463e-27	0.126819711165415	0.431	0.393	5.67382441484203e-23	Plppr5	22.2461241082379	FALSE
4.47175268046549e-27	0.122458010022459	0.438	0.398	6.18935288503229e-23	Safb2	22.2083547553661	FALSE
4.63681639656424e-27	0.278008494271015	0.12	0.097	6.41781757448457e-23	Hcn2	22.1926126318215	TRUE
4.64567039565079e-27	0.124863211251449	0.441	0.405	6.43007239462025e-23	Col25a1	22.1917841374324	FALSE
4.9466181638234e-27	-0.23106878735708	0.253	0.282	6.84661420054797e-23	Wdfy1	22.1645241434769	FALSE
5.3529287788962e-27	0.150794141442672	0.218	0.187	7.40898872287023e-23	Zfp322a	22.1302410662513	FALSE
5.39755701778304e-27	0.131230716309277	0.467	0.429	7.4707586683135e-23	Uxs1	22.126635292598	FALSE
5.4937145512261e-27	-0.239685103584108	0.177	0.205	7.60385031035204e-23	Nek7	22.1189664412579	FALSE
6.16834027722835e-27	-0.263436419707397	0.623	0.636	8.53759977771176e-23	Pex5l	22.068664207743	TRUE
6.19184393685569e-27	0.226338197214913	0.138	0.113	8.57013119300195e-23	Kiaa0408L	22.0670125297733	FALSE
7.24258458557018e-27	-0.156846689671076	0.608	0.631	1.00244613248877e-22	Plxdc2	21.9989389553576	FALSE
7.57455460553664e-27	-0.299006616044723	0.239	0.265	1.04839410295233e-22	Il1rap	21.979475430555	TRUE
7.69357067141961e-27	0.158930702154693	0.231	0.199	1.06486711663119e-22	Prpf18	21.972704583882	FALSE
8.3884156668307e-27	0.123078678632372	0.437	0.399	1.16104061244604e-22	Stxbp5	21.935152588657	FALSE
9.1963835652887e-27	0.102678950796417	0.515	0.476	1.27287144927161e-22	Ube2r2	21.8952154547054	FALSE
9.94955851099514e-27	0.0672877572073896	0.207	0.176	1.37711839350684e-22	Sema5a	21.8610287210093	FALSE
1.31273211348966e-26	0.130420935381662	0.5	0.46	1.81695251828104e-22	Fgf13	21.7406564217938	FALSE
1.31718534515263e-26	-0.27067512392812	0.102	0.125	1.82311623622576e-22	Qdpr	21.7391856411957	TRUE
1.46143932591752e-26	-0.289222040613782	0.138	0.164	2.02277817100245e-22	Cntln	21.6940517417432	TRUE
1.47709584423805e-26	0.110574558420082	0.576	0.538	2.04444835800988e-22	Mink1	21.689423855085	FALSE
1.5189772202421e-26	0.166258007845399	0.18	0.151	2.10241637053708e-22	Kdm7a	21.6772812704583	FALSE
1.56354904712135e-26	-0.182506009973683	0.518	0.54	2.16410823612066e-22	Mdm4	21.6647210221355	FALSE
1.66069342015371e-26	0.11202946786688	0.476	0.436	2.29856576283475e-22	Ripor2	21.6385430664067	FALSE
1.67239806100957e-26	0.084090278502821	0.739	0.686	2.31476615624334e-22	Caln1	21.6354928759993	FALSE
1.70827309859454e-26	-0.269702063919911	0.39	0.414	2.36442079576471e-22	Sh3gl3	21.6262752295608	TRUE
1.89630334881068e-26	-0.171006419950256	0.361	0.392	2.62467346508887e-22	Vwa8	21.5809247193556	FALSE
1.92088452983894e-26	0.157567464307302	0.188	0.159	2.65869627775008e-22	Ap5m1	21.5753312724582	FALSE
1.98084284839205e-26	0.221967194327163	0.169	0.142	2.74168458645944e-22	Hs6st1	21.5619825095171	FALSE
2.05276900864005e-26	-0.122223009894879	0.655	0.667	2.84123758485869e-22	Xrn1	21.5464924489666	FALSE
2.12113399758954e-26	-0.316943856028972	0.136	0.161	2.93586156606368e-22	Ivd	21.5322644264508	TRUE
2.45524840885716e-26	-0.170676263766376	0.551	0.571	3.39830932269919e-22	Apc	21.4687370930869	FALSE
2.46911716407272e-26	0.196043080296026	0.234	0.203	3.41750506679305e-22	Hspd1	21.4662908328747	FALSE
2.69735328700225e-26	-0.21494026872951	0.29	0.319	3.73340668453982e-22	Icam5	21.4278946992697	FALSE
2.79208701321478e-26	0.074671390750789	0.764	0.736	3.86452763499057e-22	Bcat1	21.4129035827428	FALSE
2.9071973465541e-26	0.189736506840469	0.203	0.174	4.02385184736553e-22	Gdpd5	21.3953580177772	FALSE
3.1081396693822e-26	0.156009232097472	0.307	0.274	4.30197611639191e-22	Vopp1	21.3663320050476	FALSE
3.1502114595386e-26	0.16754979519121	0.189	0.16	4.36020768114738e-22	Mtmr4	21.3604928243488	FALSE
3.41432200712145e-26	0.133052139284126	0.359	0.324	4.7257630900568e-22	Map6	21.325528054024	FALSE
3.6180827306042e-26	0.168775641874773	0.314	0.282	5.00778830742928e-22	Fbxw7	21.3003540381959	FALSE
3.90290809556397e-26	-0.325691174243009	0.16	0.186	5.4020150950701e-22	Golph3l	21.2674442065802	TRUE
4.07233084895713e-26	0.216425421975999	0.18	0.152	5.63651312804156e-22	Ephx4	21.2489894771431	FALSE
4.09851169050476e-26	0.265192969682141	0.134	0.111	5.67275003082763e-22	Gtpbp2	21.2462063531573	TRUE
4.23272017527959e-26	0.087478856692176	0.68	0.642	5.85850799460448e-22	Crebbp	21.2322129730968	FALSE
5.64281819077257e-26	0.160572940123982	0.26	0.228	7.81022465784832e-22	Trak1	21.1073364736438	FALSE
6.11078632376647e-26	0.168093548076292	0.322	0.289	8.45793935072517e-22	Ghr	21.0727354333698	FALSE
6.22864174799588e-26	-0.250685463732603	0.161	0.187	8.6210630434011e-22	Tmem108	21.0644391790224	TRUE
6.44906134951197e-26	0.102152267889578	0.527	0.489	8.92614581385951e-22	Eno2	21.0493360229809	FALSE
6.64205534453111e-26	0.120854003650682	0.296	0.261	9.19326880236552e-22	Itgb8	21.0365300413434	FALSE
7.33942290453694e-26	-0.266104359891536	0.146	0.171	1.01584952421696e-21	Fuz	20.9931706184715	TRUE
7.60595538105416e-26	-0.101607691552021	0.801	0.789	1.05274028429171e-21	Ube3a	20.9776787579799	FALSE
7.86098190160927e-26	0.118390990687766	0.388	0.349	1.08803850500174e-21	Eea1	20.963355734956	FALSE
7.91149212039681e-26	0.184578173307486	0.237	0.207	1.09502962438412e-21	Mllt6	20.9605741314791	FALSE
8.26179904543422e-26	0.0966623542964202	0.618	0.576	1.14351560587855e-21	Myo5a	20.9417579040781	FALSE
8.39204647157229e-26	-0.200023132142326	0.319	0.349	1.16154315213032e-21	Rpl5	20.9349646512241	FALSE
8.49692882404666e-26	0.274547716088366	0.11	0.089	1.1760599185363e-21	Josd1	20.9295705510262	TRUE
9.51156469424536e-26	0.0827641121001004	0.621	0.58	1.3164956693305e-21	Chd2	20.8805805651861	FALSE
1.04788460357194e-25	-0.26252505582192	0.174	0.201	1.45037707980392e-21	Kcnq1	20.8385190719802	TRUE
1.05278172674868e-25	-0.235952494961858	0.666	0.677	1.45715518799285e-21	Pak5	20.8364941931168	FALSE
1.15658033412199e-25	0.105757614611359	0.418	0.378	1.60082284045825e-21	Klhl7	20.7956567278362	FALSE
1.2303262640544e-25	0.168881962658823	0.327	0.295	1.7028945820777e-21	Anxa6	20.7688122362646	FALSE
1.31315690547281e-25	0.0851163818076859	0.683	0.649	1.81754047286492e-21	Kif21a	20.7405159095219	FALSE
1.33079334536737e-25	0.214655502912275	0.174	0.148	1.84195106932298e-21	Grm4	20.7347219108413	FALSE
1.34653072700197e-25	0.276413224553239	0.134	0.11	1.86373317924342e-21	Cnr1	20.7296162631605	TRUE
1.45831925183869e-25	0.172218352311388	0.283	0.251	2.01845967646993e-21	Taok3	20.6949799222316	FALSE
1.54530161087308e-25	-0.121011253256327	0.569	0.596	2.13885195960942e-21	Rps27a	20.6698192740305	FALSE
1.61255798903974e-25	0.143223866183046	0.261	0.229	2.2319415126299e-21	Acot7	20.6513171901444	FALSE
1.67069293723906e-25	-0.361334389479917	0.094	0.115	2.31240609443258e-21	Phgdh	20.6359358946961	TRUE
1.82096454242106e-25	0.112863786831355	0.453	0.415	2.52039702316499e-21	Sgcd	20.5985310420008	FALSE
2.18017331555324e-25	-0.178413627564137	0.373	0.402	3.01757788605724e-21	Rpl18	20.520341511604	FALSE
2.25195864474055e-25	0.301896775467106	0.108	0.087	3.11693596018539e-21	Prdm15	20.5062721205412	TRUE
2.36297607528661e-25	-0.210851994561851	0.324	0.352	3.27059518580419e-21	Hibadh	20.4853732068537	FALSE
2.40117614526053e-25	0.157699067716225	0.29	0.258	3.3234679026551e-21	Rnf112	20.4784085111932	FALSE
2.82552048290768e-25	-0.304298140886371	0.147	0.172	3.91080290039252e-21	Tst	20.4077340713987	TRUE
3.04730330970065e-25	0.109746681083161	0.383	0.345	4.21777251095667e-21	Tnk2	20.3749168479964	FALSE
3.76934256093791e-25	0.113697376842215	0.447	0.409	5.21714703859416e-21	Pdgfc	20.2825669230725	FALSE
3.93683353193818e-25	-0.358923229967648	0.108	0.13	5.44897129155563e-21	Fam227b	20.2636854802133	TRUE
3.97340643806736e-25	0.11642167371461	0.458	0.421	5.49959185092903e-21	Tet3	20.259669540227	FALSE
4.09737372733995e-25	0.0343196932719545	0.759	0.713	5.67117497601122e-21	Mctp1	20.2463269529708	FALSE
4.34681696510818e-25	0.136533346287738	0.391	0.355	6.01642936140623e-21	Snx12	20.2206611779624	FALSE
4.39920240182131e-25	-0.0479283646599313	0.992	0.99	6.08893604436088e-21	Lsamp	20.2154585875692	FALSE
4.47036298847565e-25	0.118924504585225	0.482	0.445	6.18742941234914e-21	Rgs6	20.2084897425638	FALSE
4.51380530828503e-25	0.105519966348129	0.547	0.508	6.2475579271973e-21	Reps2	20.2042897084155	FALSE
5.03543683998885e-25	-0.366836724035281	0.146	0.169	6.96954813022856e-21	Dusp3	20.156795378417	TRUE
5.20772331780963e-25	0.133857557677164	0.277	0.244	7.20800984418031e-21	C11h3orf70	20.1421846289005	FALSE
5.4129123913683e-25	0.0915730654544825	0.386	0.35	7.49201204089286e-21	Ust	20.1254015333137	FALSE
6.13633237673839e-25	0.094050013248087	0.309	0.273	8.49329764264361e-21	Zfhx2	20.0709236560527	FALSE
6.64021617343553e-25	0.325999594328425	0.116	0.095	9.19072320565212e-21	Pgbd5	20.0366503132204	TRUE
7.18790725592527e-25	0.159819025576173	0.328	0.296	9.94878243292616e-21	Madd	20.0022300664922	FALSE
7.7079153220632e-25	0.114823014049516	0.368	0.332	1.06685255972677e-20	Zfp398	19.9718955964345	FALSE
7.90949432088412e-25	0.09409982938477	0.55	0.51	1.09475310895357e-20	Bcr	19.9606838127954	FALSE
8.6808509722819e-25	-0.211530776136465	0.333	0.36	1.20151658307354e-20	Cipc	19.9202702307797	FALSE
8.84970543760808e-25	-0.141309069579126	0.484	0.512	1.22488772961933e-20	Gnas	19.9119037159046	FALSE
8.88636495675085e-25	0.208165814118052	0.161	0.135	1.22996177366389e-20	Rnf227	19.9101083859141	FALSE
9.8681994555848e-25	0.178695095880998	0.177	0.15	1.36585748664749e-20	Inka2	19.8645946125076	FALSE
1.09220230833466e-24	0.0522346707900083	0.768	0.715	1.511717214966e-20	Frmpd4	19.8205294412858	FALSE
1.11468591316394e-24	0.0950799131872941	0.632	0.595	1.54283677241021e-20	Mprip	19.8116800185845	FALSE
1.12293614336272e-24	0.14107031958344	0.279	0.247	1.55425591602834e-20	Txndc11	19.8084774708837	FALSE
1.15306389954603e-24	-0.254524306923088	0.193	0.219	1.59595574336166e-20	Ermard	19.7969791560181	TRUE
1.30377477232465e-24	0.242527208474259	0.115	0.094	1.80455466237455e-20	Kcnk13	19.7436299580444	FALSE
1.33122427006507e-24	-0.310806560734654	0.119	0.142	1.84254751219706e-20	Hydin	19.7345813045441	TRUE
1.42695568427352e-24	0.0958613949261454	0.403	0.366	1.97504936260298e-20	Lamc1	19.7044220455372	FALSE
1.45032116194839e-24	0.132769144644977	0.358	0.325	2.00738952025277e-20	Lzts1	19.6973683474515	FALSE
1.45553135764608e-24	0.111899591181432	0.427	0.39	2.01460095211794e-20	Tpp2	19.6958109651338	FALSE
1.48161448904638e-24	0.0726306320438292	0.786	0.757	2.0507026142891e-20	Cpeb4	19.6880973149302	FALSE
1.50983188907763e-24	-0.26498811288963	0.283	0.313	2.08975831767235e-20	Bcan	19.6799039375112	TRUE
1.52658203878497e-24	0.115097591259987	0.471	0.433	2.11294219988228e-20	Dcun1d4	19.6751123830308	FALSE
1.54239356768867e-24	-0.30168286605499	0.21	0.236	2.13482693703789e-20	Wrn	19.6706373259485	TRUE
1.55440375345342e-24	-0.239671440939298	0.385	0.408	2.15145023515488e-20	Gab2	19.6672686950602	FALSE
1.65113934676972e-24	-0.335925856439424	0.115	0.137	2.28534196986397e-20	Insyn2a	19.6410488045601	TRUE
1.66283193315448e-24	-0.249157155049216	0.258	0.287	2.30152567867912e-20	Paqr8	19.6379841752143	FALSE
1.79590986658632e-24	0.153277959590591	0.353	0.32	2.48571884634212e-20	Tnip2	19.604547994917	FALSE
1.86123189269529e-24	0.169850753871952	0.264	0.233	2.57613106267955e-20	Zmym6	19.5890320456792	FALSE
1.88226589856793e-24	0.113584884953729	0.479	0.443	2.60524423020787e-20	Gdpd1	19.5841515572552	FALSE
2.01969027561041e-24	0.17460173717159	0.209	0.181	2.79545331047237e-20	Map3k10	19.5535477569104	FALSE
2.07679813345772e-24	-0.16444403405284	0.39	0.42	2.87449629651884e-20	Stmn1	19.5414382465597	FALSE
2.69436464959686e-24	-0.368234231803569	0.119	0.141	3.72927011150701e-20	Myo1e	19.4283761594951	TRUE
2.86995762505983e-24	0.179050814766794	0.241	0.212	3.97230834884531e-20	Asic1	19.4009570469329	FALSE
2.95844483168336e-24	0.237686903399709	0.131	0.108	4.09478349153294e-20	B3gnt2	19.3877690562768	FALSE
3.58476070374413e-24	0.0686599538535209	0.835	0.8	4.96166729005225e-20	Nptn	19.304372361172	FALSE
4.36332880131949e-24	0.250435664835867	0.107	0.086	6.03928339390631e-20	N4bp2l1	19.2190145906066	TRUE
4.44060600599821e-24	-0.259892598174695	0.416	0.436	6.14624277290213e-20	Kif13a	19.2113902893694	TRUE
4.56356258152073e-24	-0.205289876917665	0.444	0.464	6.31642696908284e-20	Zfp462	19.1995285208345	FALSE
4.69907012752625e-24	0.248615314167795	0.118	0.096	6.50398296350908e-20	Shkbp1	19.1868206050007	FALSE
5.0486020137313e-24	-0.277740946384531	0.288	0.313	6.98777004720549e-20	Abca2	19.1556613951706	TRUE
5.88823654224228e-24	-0.121995870486287	0.594	0.617	8.14990819811754e-20	Rpl23	19.0888472831957	FALSE
6.06444948449538e-24	0.15771684691838	0.257	0.226	8.39380453149006e-20	Cdh7	19.076041148525	FALSE
7.20246433630227e-24	-0.289227764610306	0.118	0.141	9.96893088787598e-20	Rnpep	19.0013514148471	TRUE
7.63651991795668e-24	0.110268240409896	0.463	0.428	1.05697072184438e-19	Sesn3	18.9759370425105	FALSE
8.13892348959327e-24	0.203781392598663	0.172	0.146	1.1265084001946e-19	Tmem50b	18.948265565463	FALSE
8.3960185434166e-24	0.0991642751918451	0.271	0.24	1.16209292659429e-19	Nell1	18.9347591422611	FALSE
8.96045139124051e-24	0.0986522938191928	0.513	0.476	1.2402160770616e-19	Agap3	18.906502643144	FALSE
9.03732451710494e-24	-0.200394455684872	0.65	0.649	1.2508560864125e-19	Bend5	18.9027926539135	FALSE
9.86781406631288e-24	0.196400280357638	0.208	0.18	1.36580414491837e-19	Trmt1l	18.8646115736264	FALSE
1.0778944036922e-23	0.240207261467652	0.146	0.122	1.49191364415038e-19	Ccdc6	18.8262563142322	FALSE
1.10416617509323e-23	0.0812241434351453	0.654	0.607	1.52827640294654e-19	Pde8b	18.8157980924759	FALSE
1.20917761834119e-23	0.208572732855002	0.206	0.179	1.67362274154604e-19	Adcy1	18.7763424314858	FALSE
1.27385628556343e-23	-0.216430136714575	0.261	0.289	1.76314448484835e-19	Rpl23a	18.7537120970023	FALSE
1.32780654349395e-23	-0.161502325895998	0.402	0.43	1.83781703684998e-19	Rps13	18.7356977268137	FALSE
1.34870345920979e-23	0.216433309071299	0.142	0.119	1.86674045789227e-19	Cacnb3	18.7289160599517	FALSE
1.48541105862458e-23	-0.138191380307326	0.558	0.582	2.05595744624228e-19	Slc25a4	18.686985878516	FALSE
1.51738594109231e-23	0.0993533446158777	0.588	0.556	2.10021388106586e-19	Iqsec1	18.677736475439	FALSE
1.62453840902183e-23	-0.323943963280073	0.151	0.174	2.24852361192712e-19	Arfip2	18.6481025475108	TRUE
1.62878377198278e-23	0.0618428632929713	0.85	0.816	2.25439961880137e-19	Lrrc4c	18.64696909767	FALSE
1.6593148436974e-23	0.0727544770233859	0.845	0.818	2.29665767516157e-19	Ash1l	18.6389037330887	FALSE
1.66068591764054e-23	0.122878936600048	0.367	0.334	2.29855537860626e-19	Zfhx3	18.638545028423	FALSE
1.79617940513441e-23	0.113591204728754	0.423	0.389	2.48609191464654e-19	Cab39	18.6044828188618	FALSE
2.21154768536756e-23	0.0327324415443719	0.759	0.712	3.06100315131724e-19	Cntn5	18.5141362232942	FALSE
2.37355250178947e-23	-0.32197480728882	0.106	0.128	3.28523401772681e-19	Gjc2	18.4834336888173	TRUE
2.49014494059007e-23	-0.151267032586153	0.256	0.287	3.44660961227072e-19	Camk2d	18.4626079051149	FALSE
2.75502476104983e-23	0.247759359397144	0.13	0.108	3.81322977176907e-19	Zfp516	18.418707024885	FALSE
2.76040437330326e-23	0.215580472184811	0.172	0.147	3.82067569308905e-19	Tmem131l	18.4178598245674	FALSE
2.82011994403379e-23	-0.359263059562874	0.097	0.118	3.90332801453717e-19	Mmut	18.4085649514301	TRUE
2.93294197479348e-23	-0.269382156580273	0.385	0.407	4.05948498731166e-19	Lig3	18.3915290603529	TRUE
3.0549269073782e-23	0.204494543848704	0.161	0.137	4.22832433250216e-19	Tbc1d22b	18.3738317076433	FALSE
3.14431939679564e-23	-0.340117809153935	0.224	0.247	4.35205247710485e-19	Tesk2	18.3613058765498	TRUE
3.39685632695786e-23	0.0359716273793429	0.367	0.328	4.70158884214238e-19	Pik3c2b	18.3277553529644	FALSE
3.64051168524399e-23	0.148445618211333	0.306	0.273	5.03883222354621e-19	Rasd2	18.2976701019739	FALSE
4.11852317302136e-23	0.173596738907085	0.242	0.214	5.70044792377886e-19	Bbs5	18.2440910174534	FALSE
4.22335354344646e-23	0.234420565366811	0.143	0.12	5.84554363948425e-19	Zfp329	18.2331750929454	FALSE
4.34686347162088e-23	0.0850458364525628	0.626	0.583	6.01649373107046e-19	Epha4	18.2206565314787	FALSE
4.46148265082308e-23	0.150296707253232	0.248	0.219	6.17513813700422e-19	Klhl8	18.2093533228509	FALSE
4.46601960757755e-23	0.165872886846306	0.265	0.235	6.18141773884809e-19	Kcnb1	18.2089119058911	FALSE
4.79590211456347e-23	0.287674717743087	0.108	0.088	6.6380081167673e-19	Stx2	18.1779622208842	TRUE
5.03726856612278e-23	-0.320877534225205	0.086	0.105	6.97208342237054e-19	Stxbp4	18.1566374251107	TRUE
5.19556685294951e-23	0.253295155002137	0.15	0.127	7.19118408116742e-19	Erich2	18.1431995939595	TRUE
5.95568152648955e-23	0.121171428729354	0.303	0.27	8.24325880081418e-19	Ptbp3	18.0839010650718	FALSE
6.18260775245903e-23	0.168223745297232	0.287	0.257	8.55734739017855e-19	Dclk3	18.0676608372318	FALSE
6.18896522927191e-23	0.124972440195017	0.291	0.26	8.56614677383526e-19	Csnk2a2	18.0672144885992	FALSE
6.55936546095173e-23	0.0599410709150363	0.737	0.694	9.0788177345033e-19	Plppr1	18.0419707026696	FALSE
6.79031657097935e-23	-0.217418041180666	0.321	0.346	9.39847716589251e-19	Atm	18.0269425093819	FALSE
6.83198827572129e-23	0.0670356157340213	0.65	0.619	9.45615497242584e-19	Strn	18.0242854189588	FALSE
6.96712617976249e-23	0.288662932796093	0.115	0.094	9.64319934540926e-19	Plekha8	18.0157788553565	TRUE
7.28740397242954e-23	-0.272298027823532	0.133	0.156	1.00864958382397e-18	Nudt2	17.9962596863337	TRUE
7.3287627450335e-23	0.0878077988515876	0.257	0.225	1.01437405154009e-18	Atl2	17.9938018689035	FALSE
7.5050531179167e-23	0.119619565212396	0.373	0.338	1.03877440205085e-18	Cbl	17.9834787609921	FALSE
9.41085832051743e-23	0.156692313450611	0.252	0.222	1.30255690014282e-18	Phkg2	17.8852032961449	FALSE
1.05539352534003e-22	0.11280526977527	0.453	0.417	1.46077017842314e-18	Mapk14	17.8354181058274	FALSE
1.14414220156852e-22	-0.330874173911265	0.202	0.225	1.58360722119099e-18	Sh3d19	17.8003525265484	TRUE
1.15489880071502e-22	-0.282652079558558	0.215	0.239	1.59849543006966e-18	Sema6d	17.7962886009928	TRUE
1.15890202051498e-22	0.0916818958900853	0.45	0.413	1.60403628659478e-18	Atp8a2	17.7947858113077	FALSE
1.17076356831903e-22	0.17345974938626	0.235	0.207	1.62045385491037e-18	Plcg1	17.7903633317056	FALSE
1.17228128251876e-22	-0.321477534795944	0.097	0.118	1.62255452313421e-18	Smox	17.7898007005686	TRUE
1.18540104043478e-22	-0.082949381727047	0.795	0.809	1.64071358006578e-18	Zc3h10	17.7849672272673	FALSE
1.21933539463745e-22	-0.243335863612602	0.22	0.246	1.68768211971769e-18	Cops3	17.7727093507513	FALSE
1.39551985830515e-22	0.153723442791456	0.27	0.241	1.93153903588015e-18	Dhx32	17.7140965104568	FALSE
1.45450422107695e-22	0.199583043518066	0.16	0.135	2.0131792923926e-18	Dpp9	17.6961175454147	FALSE
1.56372835281666e-22	0.104162775204295	0.445	0.41	2.16435641313354e-18	Rap1gds1	17.6646712206858	FALSE
1.58246771289712e-22	0.0777132001869316	0.719	0.686	2.19029356142091e-18	Ubr5	17.6594976734882	FALSE
1.64906162810268e-22	-0.14772798887412	0.51	0.53	2.28246619945692e-18	Ubr1	17.6415956451181	FALSE
1.67681805813484e-22	-0.225310647169666	0.247	0.273	2.32088387426443e-18	Lekr1	17.6343465889831	FALSE
1.71625296199717e-22	0.192427082451959	0.155	0.131	2.37546572470028e-18	Ugdh	17.6242512315807	FALSE
1.78466174276717e-22	-0.17669993029667	0.399	0.424	2.47015031816404e-18	Ipo9	17.6072766174437	FALSE
1.84498069841281e-22	-0.176659153175625	0.306	0.333	2.55363778467318e-18	Thoc1	17.5928407042823	FALSE
1.95187298217616e-22	0.0870801781867373	0.356	0.319	2.70158739463003e-18	Cdh6	17.5683809787479	FALSE
2.03077942169193e-22	0.098863816893318	0.602	0.564	2.81080179756381e-18	Dclk2	17.5511697773947	FALSE
2.13511350689375e-22	0.19524834811617	0.179	0.154	2.95521060489164e-18	Meox2	17.5294115634179	FALSE
2.157151502753e-22	0.192978213008312	0.123	0.101	2.98571339496042e-18	Ppt2	17.52495188347	FALSE
2.29950415676756e-22	0.0860199230522172	0.684	0.647	3.18274370338198e-18	Atrx	17.4971983323776	FALSE
2.36124994194709e-22	0.146319712996727	0.631	0.6	3.26820604464897e-18	Oxr1	17.4856905711013	FALSE
2.37132400781407e-22	0.122984443158854	0.38	0.347	3.28214955921546e-18	Ski	17.483841633136	FALSE
2.38748147486466e-22	0.17212084164	0.167	0.142	3.30451310936017e-18	Rbm14	17.4808925208971	FALSE
2.41278662298571e-22	0.239584657846565	0.114	0.094	3.33953796487452e-18	Ppp1r11	17.4763136149806	FALSE
2.46883297287891e-22	-0.176144566570041	0.475	0.495	3.4171117177617e-18	Tbl1xr1	17.4663408223091	FALSE
2.58135239162943e-22	-0.281675875077449	0.205	0.229	3.5728498452543e-18	Spata13	17.4469852353363	TRUE
2.61769078221654e-22	0.0704547929849957	0.846	0.819	3.62314581166591e-18	Atp8a1	17.4409141876526	FALSE
2.6381225560143e-22	0.153084485021889	0.274	0.244	3.6514254297794e-18	Sh3rf2	17.4375375641903	FALSE
2.92180469541541e-22	0.193621159553121	0.188	0.163	4.04406987892447e-18	Trmt1	17.3931813486871	FALSE
3.49158205557584e-22	0.210033553892062	0.141	0.118	4.83269872312252e-18	Acvr1c	17.3158102785139	FALSE
3.57986214331952e-22	-0.163808153750447	0.41	0.435	4.95488719256855e-18	Zc3h6	17.3049662286061	FALSE
3.98931844597776e-22	-0.245863317777443	0.245	0.27	5.52161566107782e-18	Cadm4	17.257933826252	FALSE
4.00837142638825e-22	-0.109137555769539	0.684	0.695	5.54798689126398e-18	Slc22a17	17.2558645737448	FALSE
4.07937068298006e-22	-0.138753654838894	0.439	0.467	5.6462569623127e-18	Rps7	17.2482393609084	FALSE
4.09544152173462e-22	-0.187262312400282	0.344	0.369	5.66850061023289e-18	Dph6	17.2465318022741	FALSE
4.12605821042232e-22	0.109451189967834	0.436	0.4	5.71087716904553e-18	Ehbp1	17.2432971806476	FALSE
4.13220411952657e-22	0.173192170972818	0.115	0.094	5.71938372183673e-18	Magt1	17.2426507650225	FALSE
4.37415724288423e-22	-0.2495798849113	0.304	0.328	6.05427103987606e-18	Abcg1	17.217938140286	FALSE
4.43565807077721e-22	0.18077131579203	0.14	0.118	6.13939433576273e-18	Cachd1	17.2118744708149	FALSE
4.60022294464755e-22	-0.110835437142834	0.845	0.853	6.36716857768667e-18	Clasp2	17.196053651567	FALSE
4.95924002829908e-22	0.179261616156795	0.231	0.204	6.86408412316876e-18	Rangap1	17.1634174026063	FALSE
5.24509337964819e-22	0.180227490730745	0.221	0.194	7.25973374677107e-18	Tspan13	17.1390793069071	FALSE
5.89532110259099e-22	-0.22262050781066	0.207	0.232	8.15971393809619e-18	Inafm1	17.0883250664035	FALSE
6.51255373453583e-22	-0.171165818674135	0.352	0.38	9.01402562397104e-18	Atp5mc2	17.045081211704	FALSE
7.13381117202067e-22	0.0811993042764578	0.763	0.731	9.8739080431938e-18	Fam193a	17.0055109217306	FALSE
7.45010228330198e-22	0.136383550770076	0.351	0.32	1.03116865703183e-17	Pds5b	16.9866702960862	FALSE
7.48660194867601e-22	-0.158949949801678	0.472	0.494	1.03622057571625e-17	Atp9b	16.9845477883939	FALSE
7.48737755408674e-22	0.0951585367427292	0.124	0.102	1.03632792726115e-17	Zfp804b	16.984502798196	FALSE
7.51113267560029e-22	0.152365541954371	0.252	0.223	1.03961587362984e-17	Fam8a1	16.9831270979886	FALSE
7.56074285608355e-22	0.188942717346407	0.214	0.188	1.04648241871052e-17	Numbl	16.980268063571	FALSE
7.69786031845742e-22	0.179522300262634	0.216	0.19	1.06546084667769e-17	Raph1	16.9724625050152	FALSE
7.93036409408249e-22	0.105716049664751	0.355	0.322	1.09764169426196e-17	Stmn2	16.9595394045127	FALSE
8.01530731027963e-22	0.0810298379629067	0.596	0.559	1.1093986848158e-17	Fam117b	16.9549123533099	FALSE
9.16629830025952e-22	-0.167392776673967	0.452	0.471	1.26870734773892e-17	Asxl2	16.8966385449027	FALSE
9.97001362706199e-22	0.297096175825139	0.105	0.086	1.37994958612165e-17	Ttc7a	16.8601367794459	TRUE
1.00437397955273e-21	0.189773961923422	0.193	0.168	1.39015402509893e-17	Jade3	16.8569370784907	FALSE
1.03916096360889e-21	0.143045739608903	0.337	0.306	1.43830268973106e-17	Camkk2	16.8421497073839	FALSE
1.05545029382739e-21	0.0669155200913329	0.852	0.84	1.46084875168649e-17	Kcnq3	16.8353947462206	FALSE
1.07229676762044e-21	0.0783699706073504	0.509	0.471	1.48416595606345e-17	Fndc3a	16.82851753452	FALSE
1.10449406913879e-21	0.069388324265276	0.752	0.718	1.528730241095e-17	Diaph2	16.8156691431945	FALSE
1.35056048066846e-21	0.135396797936124	0.342	0.311	1.86931076129321e-17	Patj	16.7283184938614	FALSE
1.37732395470656e-21	0.141927111516053	0.265	0.236	1.90635408570935e-17	N4bp1	16.7197964304619	FALSE
1.38263980485161e-21	-0.26585005985771	0.117	0.138	1.91371175389511e-17	Tjp2	16.7181234757128	TRUE
1.40907239128225e-21	0.197249238245787	0.147	0.124	1.95029709677376e-17	L3mbtl3	16.7098992257343	FALSE
1.41084389450526e-21	0.238739546296652	0.137	0.116	1.95274903438474e-17	Zbtb40	16.7093535682766	FALSE
1.4614133834592e-21	0.215326766415176	0.167	0.143	2.02274226404589e-17	Cacng7	16.6940594511064	FALSE
1.47983650067138e-21	-0.192534432177439	0.334	0.359	2.04824170057926e-17	Rnf144a	16.6886187962147	FALSE
1.48346099739474e-21	0.142816270176964	0.308	0.278	2.05325836649406e-17	Cap1	16.6875563988599	FALSE
1.48451137035045e-21	0.106269224458327	0.482	0.448	2.05471218770206e-17	Dym	16.6872490030077	FALSE
1.63233462038595e-21	0.114428602421327	0.367	0.334	2.2593143480762e-17	Cnst	16.6460233396254	FALSE
1.75867175316314e-21	-0.329065500622109	0.097	0.117	2.4341775735531e-17	Limd2	16.6136477431145	TRUE
1.91220840348144e-21	-0.270761922981518	0.127	0.149	2.64668765125866e-17	Psmb6	16.5772973089211	TRUE
2.03081079078763e-21	0.230321832184233	0.127	0.106	2.81084521552917e-17	St8sia4	16.5511630689754	FALSE
2.18190778510708e-21	-0.204599297799272	0.245	0.271	3.01997856536671e-17	Ncl	16.5199961394852	FALSE
2.2017602848021e-21	0.14278155901652	0.242	0.214	3.04745641019459e-17	Spata2L	16.5160624976693	FALSE
2.21514797748245e-21	0.132563545484859	0.329	0.298	3.06598631563346e-17	Zc3h14	16.5134297878568	FALSE
2.27940713959177e-21	0.114236450282069	0.369	0.335	3.15492742190896e-17	Ywhag	16.5010106271099	FALSE
2.40744638495799e-21	-0.284697879065319	0.102	0.122	3.33214654142035e-17	Pld1	16.4772759074061	TRUE
2.42211583771077e-21	0.257933507058048	0.127	0.107	3.35245053097548e-17	Olfm1	16.4746376219127	TRUE
2.69284322022986e-21	-0.259612817795945	0.443	0.458	3.72716430112015e-17	Erbin	16.4286214622241	TRUE
2.81203142869054e-21	0.0852201349423678	0.653	0.621	3.89213270045058e-17	Dcaf6	16.4098123610833	FALSE
2.94935209035162e-21	-0.233512959879352	0.199	0.223	4.08219822825567e-17	Prdx6	16.3891059101179	FALSE
2.99279455980859e-21	-0.145591312983205	0.445	0.47	4.14232695023107e-17	Sub1	16.3827556256074	FALSE
3.07970420397642e-21	0.0539868690119202	0.519	0.476	4.26261858872376e-17	Strip2	16.3703235254864	FALSE
3.08362731408513e-21	0.143237283639861	0.354	0.323	4.26804856542523e-17	Miga1	16.3697706474537	FALSE
3.28624960443063e-21	-0.195478685776392	0.339	0.363	4.54849807749244e-17	Zfp106	16.3421319845158	FALSE
3.35831798654535e-21	-0.157101003260253	0.477	0.497	4.64824792517741e-17	Cog5	16.3327107158877	FALSE
3.35907436279207e-21	0.103035799238527	0.578	0.545	4.64929482554051e-17	Pam	16.3326129130457	FALSE
3.49052129199085e-21	-0.289481261449611	0.452	0.467	4.83123052024453e-17	Rab3c	16.3159422398305	TRUE
3.67355516628361e-21	-0.297306758333596	0.159	0.181	5.08456770565315e-17	Bloc1s1	16.2937459652644	TRUE
3.80434158078272e-21	0.211200314262768	0.137	0.115	5.26558918196136e-17	Vps37a	16.2785530272974	FALSE
3.88696897632125e-21	0.176795524511284	0.218	0.193	5.37995376012624e-17	Slc37a3	16.2692214570117	FALSE
4.39149216171674e-21	0.00452598041111241	0.787	0.744	6.07826430103214e-17	Gabrg3	16.2162204194281	FALSE
4.56933794929456e-21	-0.300783450133033	0.127	0.148	6.3244206556186e-17	Pgap2	16.1989792515896	TRUE
4.66319553580063e-21	0.169170146511021	0.184	0.159	6.45432894110165e-17	Mynn	16.1901489048037	FALSE
4.90030881499746e-21	-0.308768419272502	0.124	0.144	6.78251743083799e-17	Gpsm1	16.168609081443	TRUE
4.97754949523878e-21	0.0931775436044588	0.5	0.465	6.88942625636e-17	Kmt2a	16.1618169441406	FALSE
5.58560874329528e-21	0.0854511409519554	0.55	0.51	7.73104106159499e-17	Cers6	16.1117620200709	FALSE
5.84350663578899e-21	0.211986505223946	0.183	0.16	8.08799753459555e-17	Enox2	16.0921589897998	FALSE
6.17679081613968e-21	0.0858531059739094	0.61	0.575	8.54929616861893e-17	Akap11	16.0680696376305	FALSE
6.32398206467924e-21	0.112363889770653	0.311	0.281	8.75302357572254e-17	Cdc14b	16.0578419017859	FALSE
7.19860894289894e-21	0.13408093537133	0.302	0.273	9.96359463786642e-17	Gnb5	16.0015839497545	FALSE
7.5069982556997e-21	-0.301151713437044	0.115	0.135	1.0390436285714e-16	Zbtb25	15.9833662163985	TRUE
7.59503008288831e-21	-0.13911488859709	0.479	0.503	1.05122811377257e-16	Myl6	15.9783030329698	FALSE
8.26289270037558e-21	0.117145979975756	0.381	0.347	1.14366697865898e-16	Ints6	15.941700418188	FALSE
8.47688488567806e-21	0.125361671466398	0.402	0.369	1.1732856370267e-16	Dlgap4	15.9305962457845	FALSE
1.04235490322493e-20	0.130201259574121	0.314	0.284	1.44272342155363e-16	Rcor1	15.8408169176978	FALSE
1.07223720733623e-20	-0.0609834212175997	0.91	0.92	1.48408351867408e-16	Kirrel3	15.8285416578989	FALSE
1.18950324478341e-20	0.0919154708691448	0.525	0.489	1.64639144110472e-16	Strbp	15.7834669002898	FALSE
1.21942474022696e-20	-0.351388364185459	0.082	0.1	1.68780578294813e-16	Wdr6	15.7726775294205	TRUE
1.41558429887681e-20	0.0720316045448359	0.262	0.231	1.9593102280754e-16	Tbcb	15.707896794391	FALSE
1.4255115764936e-20	0.175166962125678	0.255	0.229	1.97305057302479e-16	Kcnab2	15.7048617828147	FALSE
1.42822389008782e-20	0.212089428940117	0.117	0.097	1.97680468627055e-16	Ostc	15.7040362380537	FALSE
1.52651894130539e-20	-0.226799987935028	0.231	0.255	2.11285486666079e-16	Erlec1	15.6751303338862	FALSE
1.66121561453633e-20	-0.234345122847262	0.393	0.414	2.29928853207973e-16	Stmn4	15.6384065267614	FALSE
1.6670475274936e-20	0.165113396405767	0.289	0.26	2.3073604828039e-16	Cct4	15.6368845496218	FALSE
1.70576519683542e-20	-0.231564984120215	0.279	0.303	2.3609496089399e-16	Ndufb7	15.6269132822109	FALSE
1.72915247951934e-20	0.120119673758308	0.26	0.231	2.39331994690272e-16	Galnt16	15.6209992395871	FALSE
1.84948607290439e-20	0.0768560587403857	0.623	0.593	2.55987367350696e-16	Thsd7a	15.5917814660368	FALSE
1.93659941608285e-20	0.129731529095382	0.325	0.295	2.68044725180027e-16	Rcan1	15.5717927347836	FALSE
2.02416717060247e-20	-0.25552455080485	0.188	0.211	2.80164978083088e-16	Ap3m1	15.5525861544745	TRUE
2.0295354395509e-20	-0.204482255215673	0.168	0.192	2.80908000188241e-16	Zcchc24	15.5514358920262	FALSE
2.15220240938732e-20	-0.120825148185726	0.142	0.12	2.97886335483299e-16	Il1rapl2	15.5259494181019	FALSE
2.21075830561537e-20	-0.146806387415547	0.544	0.558	3.05991057080223e-16	Nt5c2	15.5142912660592	FALSE
2.28882292263843e-20	0.144737625033449	0.278	0.25	3.16795980722385e-16	Syngap1	15.499220337061	FALSE
2.30809610895335e-20	-0.208232098921188	0.35	0.372	3.19463582440233e-16	B3galnt2	15.4955786425031	FALSE
2.36794575575473e-20	0.118137004741126	0.348	0.317	3.27747372054012e-16	Brd1	15.4844607818866	FALSE
2.4032209213502e-20	-0.290538860572835	0.15	0.172	3.32629807724081e-16	Hexb	15.4780388352427	TRUE
2.41274625861749e-20	0.122338855678084	0.373	0.342	3.33948209655246e-16	Dpf1	15.4763208805087	FALSE
2.42186472880623e-20	0.0856104230875246	0.397	0.362	3.3521029711407e-16	Ppm1b	15.4746826490181	FALSE
2.59591032698236e-20	0.120357782249742	0.395	0.361	3.59299948357628e-16	Mgat5	15.4445428452167	FALSE
2.64644351417115e-20	0.181825808188305	0.305	0.277	3.66294246796429e-16	Slc7a8	15.4361699025317	FALSE
2.69260475589918e-20	0.123375523798618	0.293	0.263	3.72683424264006e-16	Stk25	15.4286599228103	FALSE
3.2910709705118e-20	0.0812338246102664	0.609	0.575	4.55517133028539e-16	Ankrd12	15.3414952835871	FALSE
3.3099730680917e-20	-0.240923287601179	0.316	0.339	4.58133372354572e-16	Tmcc3	15.3390080712417	FALSE
3.49844248383571e-20	0.0683892868239178	0.582	0.544	4.84219424187701e-16	Itsn2	15.3149577930679	FALSE
3.52138649943221e-20	-0.152658140146967	0.139	0.162	4.87395105386412e-16	St18	15.3121188364856	FALSE
3.93028086519742e-20	-0.170167909214836	0.382	0.406	5.43990174551975e-16	Lrif1	15.2644089443761	FALSE
4.0460808708997e-20	0.0688378627581567	0.808	0.777	5.60018053341228e-16	Ssbp2	15.2517979723865	FALSE
4.23631802267097e-20	-0.276573049939934	0.146	0.168	5.86348777517889e-16	S100a16	15.2318439759743	TRUE
4.26217911843083e-20	0.276701890871817	0.114	0.095	5.89928211782011e-16	Slit1	15.2292008343305	TRUE
4.37476729179771e-20	-0.278635386442807	0.134	0.155	6.05511540857722e-16	Bbs2	15.2178775749271	TRUE
4.86812816460486e-20	-0.228808782417692	0.173	0.196	6.73797619262959e-16	Btf3	15.17147052785	FALSE
5.37173338214955e-20	-0.286550143586232	0.089	0.107	7.4350161742332e-16	Ror1	15.128718082371	TRUE
5.51900956161476e-20	-0.305338886890946	0.119	0.139	7.63886113423099e-16	Ech1	15.1169713848781	TRUE
5.93730624847584e-20	-0.353517420849385	0.09	0.108	8.2178255785154e-16	Dhdh	15.0852430807782	TRUE
5.96066532255099e-20	-0.193263502425634	0.335	0.358	8.25015687294282e-16	Fnbp4	15.0835377934615	FALSE
6.15418251165153e-20	0.0756754301440625	0.345	0.311	8.51800401437689e-16	Slco3a1	15.0696621595873	FALSE
6.3140656121242e-20	-0.317088558372271	0.222	0.242	8.7392982137411e-16	Chd7	15.0585234408366	TRUE
6.41685541237494e-20	-0.204771280509388	0.249	0.273	8.88156957626816e-16	Acat1	15.0515102776813	FALSE
6.43048577611436e-20	-0.309176124598093	0.099	0.118	8.90043536271989e-16	C2h4orf33	15.0505887494222	TRUE
6.43419716372139e-20	0.113301877410721	0.361	0.329	8.90557229430677e-16	Sesn1	15.0503381664564	FALSE
6.91816736716641e-20	0.108845645473719	0.363	0.332	9.57543545289502e-16	Sos1	15.0188414669166	FALSE
7.7776605840669e-20	-0.252917966830901	0.213	0.236	1.0765060014407e-15	Dgkg	14.9679835446744	TRUE
8.50845456047822e-20	0.0467884749380501	0.937	0.924	1.17765519571579e-15	B3galt1	14.9289818475098	FALSE
9.31666991751698e-20	0.155548315614342	0.285	0.257	1.28952028328353e-15	Serpini1	14.8895718223133	FALSE
1.03440699060362e-19	-0.162067084813847	0.47	0.49	1.43172271569447e-15	Ppp4r3b	14.8441410844753	FALSE
1.04735717918828e-19	0.137062015929314	0.293	0.263	1.4496470717145e-15	Hspe1	14.8387377173949	FALSE
1.04908197319013e-19	-0.210359922519201	0.248	0.273	1.45203435909246e-15	Trpc5	14.8380231069226	FALSE
1.11013968972569e-19	-0.286328728341964	0.108	0.128	1.53654434454933e-15	Kcnj10	14.813454901522	TRUE
1.12363406336983e-19	0.202350052129544	0.178	0.154	1.55522190711018e-15	Tagln3	14.8082076348316	FALSE
1.12555604566909e-19	0.128970494142372	0.334	0.305	1.55788212281059e-15	Rtn4rl1	14.807465406323	FALSE
1.18086641026152e-19	-0.155669222193294	0.373	0.397	1.63443719844296e-15	Gpx4	14.7866317620788	FALSE
1.2356702824886e-19	0.0957281907810146	0.416	0.383	1.71029123799247e-15	Prkcg	14.7669299292082	FALSE
1.23929452510955e-19	0.132823022323868	0.257	0.23	1.71530755220413e-15	Syn1	14.7656580002567	FALSE
1.24212877094818e-19	-0.196998305497962	0.088	0.106	1.71923043186938e-15	Tox2	14.7646659100597	FALSE
1.30023902942819e-19	-0.184860007788298	0.33	0.354	1.79966084063156e-15	Scfd2	14.744809333186	FALSE
1.30632361355799e-19	0.175203067227702	0.202	0.178	1.80808251352561e-15	Mtmr6	14.7427817539762	FALSE
1.31957511045063e-19	-0.369439938460879	0.138	0.157	1.82642391037472e-15	Adipor2	14.7383984159748	TRUE
1.42586833239311e-19	-0.200224490695337	0.306	0.33	1.9735443588653e-15	Ndufs7	14.7047531076298	FALSE
1.4950740957077e-19	-0.259607011905433	0.158	0.179	2.06933205586902e-15	Coq10a	14.6841698145732	TRUE
1.58767438402522e-19	0.101806773631617	0.355	0.323	2.19750011492931e-15	Tcp11l1	14.6580710935406	FALSE
1.66193059446405e-19	0.126661548585795	0.268	0.239	2.30027813579769e-15	Cct5	14.6382196485306	FALSE
1.80792569334727e-19	-0.137427883367252	0.416	0.441	2.50234995216196e-15	Foxn3	14.6016519545686	FALSE
1.91529039101177e-19	0.0740251520634438	0.652	0.612	2.65095343019938e-15	Cacna1d	14.5765979015333	FALSE
2.01806569251317e-19	-0.11912655731694	0.639	0.65	2.79320472500748e-15	Usp32	14.5538972319744	FALSE
2.098406094523e-19	-0.250672662088725	0.131	0.152	2.90440387542928e-15	Nhsl1	14.5369429924229	TRUE
2.1058964374066e-19	-0.233212291570377	0.17	0.192	2.91477125901447e-15	Dnajc17	14.5353955214695	FALSE
2.10737142567282e-19	-0.157698738789055	0.498	0.515	2.91681279027375e-15	Ttll5	14.5350914442962	FALSE
2.14480512585897e-19	-0.300149361230513	0.122	0.141	2.9686247747014e-15	Recql5	14.5274446924595	TRUE
2.39422034053591e-19	-0.294075537455776	0.094	0.112	3.31384037333575e-15	Tbc1d1	14.4796684152435	TRUE
2.4292664473289e-19	-0.252499529046536	0.354	0.374	3.36234768974793e-15	Eml2	14.4733573795546	TRUE
2.46461630542622e-19	0.087231275530964	0.332	0.299	3.41127542834043e-15	Ints3	14.4670832139906	FALSE
2.64188406865068e-19	-0.25877271466616	0.107	0.126	3.65663173941941e-15	Slc2a1	14.4369187753992	TRUE
2.76499196164679e-19	-0.235942905273931	0.212	0.235	3.82702537411533e-15	Psmb3	14.4171386582872	FALSE
2.77020149349552e-19	-0.26091187875303	0.426	0.442	3.83423588714715e-15	Tacc1	14.4163211722782	TRUE
2.79661555798278e-19	0.174272502945412	0.147	0.126	3.87079559380397e-15	Coa6	14.4121997619869	FALSE
2.82528412458362e-19	-0.171338869046062	0.193	0.217	3.91047575683619e-15	Mmd2	14.4077704021951	FALSE
2.92155632511421e-19	0.0977090283701654	0.393	0.361	4.04372610959057e-15	Map3k13	14.3932182677996	FALSE
2.93987155468559e-19	-0.211298422397215	0.275	0.298	4.06907621884032e-15	Serinc3	14.3905041751967	FALSE
3.08458224474892e-19	0.110837671003884	0.36	0.328	4.26937028495699e-15	Ccdc66	14.3696361769506	FALSE
3.39357218811738e-19	-0.224481599247718	0.336	0.356	4.69704326557326e-15	Hip1	14.3281754394094	FALSE
3.59994601968544e-19	-0.112000261495097	0.809	0.805	4.98268528584662e-15	Ssh2	14.3025365426777	FALSE
3.61674768561384e-19	0.0628518550108161	0.96	0.951	5.00594047165812e-15	Mdga2	14.3005143191273	FALSE
3.71821930613312e-19	-0.213971313881681	0.358	0.379	5.14638734161885e-15	Setd7	14.2884975298247	FALSE
3.79661025191588e-19	-0.174706669805084	0.317	0.341	5.25488824967677e-15	Resp18	14.2794365152332	FALSE
3.92404208074886e-19	-0.256395892123131	0.151	0.173	5.43126664396449e-15	Ctsd	14.2650988753219	TRUE
3.99374225807779e-19	0.166424238218171	0.192	0.168	5.52773865940548e-15	Scn2b	14.2574524977361	FALSE
4.32345884402457e-19	0.139059563487132	0.207	0.182	5.98409938601441e-15	Ugcg	14.2230012021691	FALSE
4.32801253282742e-19	0.247862402709774	0.134	0.115	5.99040214668643e-15	Mmp24	14.2225440216467	FALSE
4.52508792999796e-19	0.0735780375959822	0.679	0.649	6.26317420391017e-15	Scaper	14.2032055086652	FALSE
4.6251250587839e-19	0.245467222225356	0.116	0.097	6.40163559386279e-15	Azi2	14.1937090512289	FALSE
4.82059304669925e-19	-0.291671401389777	0.091	0.109	6.67218283593643e-15	Sox8	14.1757320613586	TRUE
4.85756735835845e-19	-0.0872010208841711	0.826	0.822	6.72335898070393e-15	Tjp1	14.1724136998152	FALSE
5.10532093953699e-19	-0.163065889771515	0.388	0.411	7.06627471241315e-15	Psmb2	14.1508094826999	FALSE
5.24163595209237e-19	0.175331305945405	0.116	0.097	7.25494832129105e-15	Tex261	14.1393656767973	FALSE
5.36608858509533e-19	-0.361447231195556	0.088	0.106	7.42720321063044e-15	Hmgn2	14.1291746934874	TRUE
5.89688458512279e-19	-0.256225696190649	0.094	0.112	8.16187795426846e-15	Spidr	14.0882099035819	TRUE
6.09835707353921e-19	0.0633366792960934	0.675	0.635	8.44073602548562e-15	Med12l	14.0736196815888	FALSE
6.75073240982499e-19	0.106285672645775	0.405	0.373	9.34368872843876e-15	Ppm1h	14.0294816378872	FALSE
7.0461887201807e-19	-0.221065127425499	0.18	0.203	9.75262980760211e-15	Pdhb	14.0108782605137	FALSE
7.46091546872953e-19	0.119247064018299	0.269	0.24	1.03266531002685e-14	Klhl13	13.9860404118403	FALSE
7.65014764054761e-19	0.0642095058974359	0.76	0.731	1.05885693492819e-14	Cyfip2	13.9751627146503	FALSE
7.89286032103598e-19	0.213453681415082	0.13	0.11	1.09245079703459e-14	Slc41a2	13.9615981141356	FALSE
8.25693201578864e-19	0.134627651503918	0.218	0.192	1.1428419603053e-14	Armcx3	13.9420138225468	FALSE
8.30858780105855e-19	0.200474902613126	0.135	0.115	1.14999163754451e-14	Ears2	13.9393053177172	FALSE
8.46281097994099e-19	-0.131366949887235	0.488	0.509	1.17133766773363e-14	Rpl18a	13.9313178905006	FALSE
9.15927785918991e-19	0.161004288924425	0.207	0.183	1.26773564849048e-14	Dzip1	13.89697129722	FALSE
9.75229866307952e-19	0.151335231781235	0.225	0.2	1.34981565795684e-14	Npl	13.8697255383188	FALSE
1.06527062175922e-18	-0.164652234836095	0.347	0.369	1.47444106757693e-14	Grb10	13.8313725812252	FALSE
1.10389984393428e-18	-0.248844397249005	0.16	0.182	1.52790777398943e-14	Letm2	13.8159028594097	FALSE
1.2082840411116e-18	0.0541144960862859	0.563	0.523	1.67238594130256e-14	Arhgap21	13.776663491947	FALSE
1.2191976917873e-18	-0.317139525717182	0.091	0.109	1.6874915252028e-14	Arhgef10	13.7727583995736	TRUE
1.33675748847455e-18	-0.137922643393199	0.617	0.629	1.85020603979763e-14	Apbb2	13.7327799056702	FALSE
1.34898715619394e-18	-0.255980419876739	0.112	0.131	1.86713312288803e-14	Slc48a1	13.7288247166119	TRUE
1.41447251880542e-18	-0.178275671936583	0.325	0.348	1.95777141327858e-14	Tubgcp5	13.7082380172045	FALSE
1.45641436216899e-18	0.107634940181166	0.425	0.395	2.0158231186781e-14	Sgms1	13.6955475783536	FALSE
1.54020221370101e-18	0.0635733812509565	0.561	0.527	2.13179388398357e-14	Clock	13.6712547880957	FALSE
1.59567736531647e-18	-0.293728316986174	0.101	0.119	2.20857704133452e-14	Gnl3	13.6558874467371	TRUE
1.61778015132539e-18	0.149647471557732	0.205	0.181	2.23916950744948e-14	Ppp2r5b	13.6499130286347	FALSE
1.65170072881577e-18	0.196771667336624	0.181	0.159	2.28611897875391e-14	Jdp2	13.6409011709348	FALSE
1.69293818100653e-18	0.159801926244423	0.2	0.176	2.34319573633114e-14	Pus10	13.6301914315661	FALSE
1.71197162865062e-18	-0.257036432622321	0.327	0.346	2.36953993121533e-14	Nt5e	13.6253359682221	TRUE
1.81416181635865e-18	0.163949956180766	0.178	0.155	2.51098137002201e-14	Mef2d	13.6001565094801	FALSE
1.82405365153256e-18	-0.126360386021396	0.606	0.617	2.52467265908621e-14	Nsmce2	13.5977949231169	FALSE
1.82807741732101e-18	0.0821495710678093	0.474	0.439	2.530241953314e-14	Adnp	13.5968379476127	FALSE
1.85203561780205e-18	-0.348905247493784	0.108	0.126	2.56340249859982e-14	Retsat	13.5911831967043	TRUE
1.89558873787781e-18	-0.0856312935284134	0.64	0.655	2.62368437209667e-14	Srsf7	13.5810884115607	FALSE
1.91062659365608e-18	-0.274004446325044	0.279	0.3	2.64449826827938e-14	Snx15	13.5776567130379	TRUE
1.95214564222976e-18	-0.276083115294404	0.122	0.141	2.7019647834102e-14	Zmynd12	13.5683203157397	TRUE
1.95341396125909e-18	-0.0933141252114196	0.766	0.77	2.70372026377871e-14	Tnrc6b	13.5680382440107	FALSE
1.96926619274097e-18	0.154640033814627	0.25	0.224	2.72566133737277e-14	Slc6a17	13.5645281061122	FALSE
2.05420193810678e-18	-0.213554072762799	0.312	0.335	2.8432209025336e-14	Plpp3	13.5461893967202	FALSE
2.08126786801894e-18	-0.136317035110245	0.507	0.528	2.88068285612502e-14	Rpl11	13.5405045519995	FALSE
2.27656479318126e-18	0.107018767461666	0.337	0.307	3.15099333024218e-14	Usp7	13.5015525161031	FALSE
2.37247219945295e-18	0.100637897336093	0.349	0.319	3.28373877126283e-14	Stat5b	13.4836313992723	FALSE
2.40226228502549e-18	-0.128144104179026	0.236	0.261	3.32497122870378e-14	Fgfr2	13.4782121083366	FALSE
2.57690012599859e-18	-0.224917453834262	0.214	0.236	3.56668746439465e-14	Cyc1	13.4477349446105	FALSE
2.60994311142404e-18	-0.2171955968611	0.295	0.319	3.61242226052201e-14	Arhgef4	13.4422014901702	FALSE
2.68701664531176e-18	0.123295808419244	0.337	0.307	3.71909973877601e-14	Nol4	13.4295621745802	FALSE
2.69045909598288e-18	-0.175911586954056	0.712	0.708	3.72386443474991e-14	Hecw2	13.4290061376562	FALSE
2.74606796543316e-18	-0.31169347302283	0.101	0.119	3.80083267095604e-14	Hint2	13.4201212494919	TRUE
2.75413706256239e-18	0.163692111993729	0.201	0.177	3.81200110829261e-14	Mcmdc2	13.4188469817679	FALSE
2.93198708973504e-18	0.123770244397827	0.313	0.285	4.05816333090226e-14	Pdzd4	13.3916704776866	FALSE
3.0406768155501e-18	0.0930724509911013	0.376	0.346	4.20860078040289e-14	Usp3	13.3758622686191	FALSE
3.24247378517322e-18	0.154340692871102	0.222	0.197	4.48790796605825e-14	Mmd	13.3479560577775	FALSE
3.25704885031128e-18	0.209981286828604	0.171	0.15	4.50808131371584e-14	Ncs1	13.3460082590457	FALSE
3.28835872551394e-18	0.216653497861364	0.125	0.106	4.55141731198384e-14	Slc5a6	13.3418533429197	FALSE
3.31267055228356e-18	-0.285384273168222	0.111	0.13	4.58506731141568e-14	Trappc2l	13.3386542842553	TRUE
3.42153439982861e-18	-0.251205133331718	0.277	0.299	4.73574576280279e-14	Lpp	13.3246116206381	TRUE
3.43090757594771e-18	0.140334790639845	0.27	0.244	4.74871917586922e-14	Socs7	13.3234235124514	FALSE
3.45422706803253e-18	-0.260280474083581	0.159	0.179	4.78099568486383e-14	Vwa3a	13.3204816482809	TRUE
3.73570433162904e-18	-0.227103213769175	0.186	0.208	5.17058836540775e-14	Nup160	13.2864600353758	FALSE
3.7478925994842e-18	-0.240098364767078	0.219	0.242	5.18745814694608e-14	Ift80	13.2850453942073	FALSE
3.78100671247873e-18	-0.232731335061701	0.17	0.192	5.23329139074182e-14	Exosc1	13.2812250829809	FALSE
3.98918869259556e-18	-0.239241364150288	0.169	0.191	5.52143606942151e-14	Prmt7	13.2579479519968	FALSE
4.12119866523104e-18	-0.295065886754725	0.144	0.164	5.70415107254629e-14	Mtmr10	13.2438089808588	TRUE
4.42821970980333e-18	0.0624411126019191	0.759	0.713	6.12909890033879e-14	Dpp10	13.2126033707306	FALSE
4.5028109372985e-18	-0.172899426461989	0.357	0.38	6.23234061831485e-14	Uqcrb	13.205348819037	FALSE
4.59856188550781e-18	0.0742662521483387	0.501	0.466	6.36486950573136e-14	Msl2	13.1962104959415	FALSE
4.63366431582872e-18	0.133891080464212	0.194	0.17	6.41345477953853e-14	Clint1	13.1929079630703	FALSE
4.94783572071237e-18	0.17305996060516	0.257	0.232	6.84829942103799e-14	Drd2	13.1644172597121	FALSE
5.00793801878475e-18	0.239683329033135	0.103	0.086	6.93148701179997e-14	Creg2	13.1591735862046	FALSE
5.10877545746032e-18	0.060794545553488	0.393	0.361	7.07105611067083e-14	Tpm1	13.1505157165026	FALSE
5.29152016293321e-18	0.182910067381405	0.139	0.119	7.32399305751585e-14	Ints14	13.1352520760421	FALSE
5.39823361644462e-18	0.156963892665247	0.28	0.254	7.471695148521e-14	Gabbr2	13.1265808559985	FALSE
5.60087843840987e-18	-0.333236560813128	0.088	0.105	7.75217584660311e-14	Ppdpf	13.1105763845198	TRUE
5.62043297419115e-18	-0.110691176641703	0.735	0.743	7.77924127957797e-14	Ppp2r2a	13.1090627583009	FALSE
5.80377626696567e-18	0.030662922420214	0.8	0.762	8.03300673110718e-14	Nav3	13.0951218691275	FALSE
5.82109443246624e-18	0.100907115061104	0.262	0.234	8.05697680397652e-14	Zfp521	13.0938278866873	FALSE
5.91032336734835e-18	0.0571836585639874	0.23	0.201	8.18047857274685e-14	Tjap1	13.0872212885752	FALSE
6.00282565854576e-18	0.0783077323335277	0.673	0.641	8.30851099399319e-14	Rufy2	13.0804768011298	FALSE
6.21567537886816e-18	0.120963416979013	0.319	0.291	8.60311629189142e-14	Etv1	13.065344206521	FALSE
6.40947556374516e-18	0.235235363083584	0.125	0.106	8.87135512777967e-14	Tent4a	13.0520100352342	FALSE
6.57902086944535e-18	0.136721014671185	0.317	0.29	9.10602278539931e-14	Kcnn3	13.0406712673201	FALSE
6.64822925897055e-18	0.0915357848115257	0.515	0.485	9.20181411734114e-14	Ap2b1	13.036126544015	FALSE
6.75341834628128e-18	-0.133817675142303	0.473	0.494	9.34740633308792e-14	Ndufb9	13.0293088780568	FALSE
7.29353570239946e-18	-0.247163716262738	0.13	0.15	1.00949827656911e-13	Adcyap1r1	12.9958944181539	FALSE
7.40215189626882e-18	-0.172773714431662	0.321	0.344	1.02453184396257e-13	Rpl31	12.9894745385392	FALSE
7.41087347050986e-18	0.156881778516214	0.203	0.18	1.02573899705327e-13	Ano8	12.9889631329471	FALSE
7.53083392382742e-18	-0.195158356757278	0.257	0.279	1.04234272339695e-13	Rpl22l1	12.9819894610676	FALSE
7.8187846428546e-18	0.177834380520229	0.163	0.142	1.08219798241751e-13	Pcgf3	12.9656932800743	FALSE
8.08058156680229e-18	0.273434532914446	0.107	0.09	1.11843329466111e-13	Nlgn2	12.9513899128856	TRUE
8.14357149117708e-18	0.134274604475842	0.222	0.197	1.12715173009382e-13	Ppa2	12.9480176180204	FALSE
8.32788366760863e-18	0.0733044431824299	0.712	0.681	1.15266237843371e-13	Chchd3	12.9382978814781	FALSE
8.35978727334486e-18	-0.246049760684121	0.187	0.209	1.15707815650366e-13	Wwc2	12.9366373050138	FALSE
8.45790950116523e-18	0.0587160561778681	0.47	0.436	1.17065925405628e-13	Atp2c1	12.9315694974281	FALSE
8.94742334858944e-18	-0.255878264184858	0.371	0.386	1.23841286567826e-13	Epha3	12.9071345448201	TRUE
9.00994815431234e-18	-0.254508205378185	0.174	0.195	1.24706692403837e-13	Pea15	12.9041102394159	TRUE
9.04674757572233e-18	-0.173781828594808	0.239	0.262	1.25216033195573e-13	Clmn	12.9023400586451	FALSE
9.81453030069966e-18	0.130019996764215	0.233	0.208	1.35842913891984e-13	Zswim8	12.866963011187	FALSE
1.0238044077315e-17	-0.218275916487239	0.244	0.266	1.41704768074117e-13	Rpl4	12.8486155363902	FALSE
1.07376094929794e-17	-0.180930344397645	0.307	0.33	1.48619252992327e-13	Ubl5	12.8279249259273	FALSE
1.07678836850298e-17	0.129589423023245	0.277	0.25	1.49038278084497e-13	Ncoa3	12.8267021757092	FALSE
1.0781538407293e-17	0.129831046616453	0.278	0.251	1.49227273095342e-13	Shoc2	12.8261517970217	FALSE
1.09419303284198e-17	0.223925207003112	0.133	0.114	1.51447257675659e-13	Radil	12.8197385862275	FALSE
1.10295146397019e-17	0.102739536372334	0.402	0.372	1.52659512128114e-13	Maco1	12.816276129878	FALSE
1.10883332188877e-17	-0.183561768913018	0.271	0.295	1.53473620082625e-13	P4htm	12.8139662627738	FALSE
1.13659431371704e-17	0.119473798362049	0.319	0.29	1.57316018961576e-13	Cald1	12.8032270523773	FALSE
1.16748293555552e-17	0.170744790094458	0.187	0.165	1.6159131311024e-13	Ubac1	12.7915819899085	FALSE
1.18451795768833e-17	0.236386541385771	0.17	0.149	1.63949130523641e-13	Mid1	12.7852908821955	FALSE
1.22497229504826e-17	0.062235151251288	0.772	0.74	1.6954841535763e-13	Fbxl17	12.770706264893	FALSE
1.26621491722239e-17	-0.157644680643466	0.396	0.418	1.75256806692752e-13	Slc9a9	12.7563251057339	FALSE
1.30153231725755e-17	0.0629183169572798	0.668	0.633	1.80145088031617e-13	Cdk13	12.7443775751725	FALSE
1.31520587385995e-17	0.1031415674736	0.266	0.239	1.82037645000956e-13	Aebp2	12.7398387915446	FALSE
1.34041437668048e-17	-0.216717464667109	0.197	0.219	1.85526753876345e-13	Pggt1b	12.7315934541187	FALSE
1.35432432535947e-17	-0.388045225727882	0.104	0.121	1.87452029873004e-13	Zdhhc9	12.7271098523463	TRUE
1.39235846363056e-17	0.114180014736811	0.355	0.326	1.92716334951106e-13	Pgap1	12.7150814722752	FALSE
1.42247528088969e-17	0.0696969619455376	0.694	0.662	1.96884803627943e-13	Ankrd17	12.7057878031875	FALSE
1.45085392957723e-17	-0.109559516698871	0.615	0.627	2.00812692392784e-13	Itm2c	12.6972088410193	FALSE
1.50560183988109e-17	-0.207844064069325	0.214	0.236	2.08390350657941e-13	Trim23	12.6811223945521	FALSE
1.64590857787554e-17	-0.221793010995126	0.367	0.385	2.27810206263753e-13	Klf9	12.6424268227295	FALSE
1.65381219868455e-17	0.150377591468088	0.202	0.179	2.28904146419929e-13	Lhfpl4	12.6403463403487	FALSE
1.74370083790398e-17	0.0581613888049388	0.671	0.64	2.4134563297429e-13	Nova1	12.6173605551106	FALSE
1.82389060075804e-17	-0.22704570654561	0.175	0.196	2.5244469805092e-13	Denr	12.597833746107	FALSE
1.8810297810652e-17	0.0964270680978996	0.391	0.361	2.60353331997234e-13	Man2a1	12.5844368598598	FALSE
1.93901383836557e-17	-0.257181908062413	0.199	0.22	2.68378905368179e-13	Kif17	12.5712516227885	TRUE
2.01158734390577e-17	-0.23501669811849	0.215	0.236	2.78423804269998e-13	Trip4	12.5552936368016	FALSE
2.01318063987987e-17	-0.296556393578331	0.087	0.103	2.78644332365773e-13	Mcm9	12.554949786081	TRUE
2.04091900083754e-17	-0.0822481039706409	0.772	0.773	2.82483598905924e-13	Zfr	12.5490067623983	FALSE
2.08329459039789e-17	-0.0821267722201942	0.84	0.837	2.88348804256971e-13	Akt3	12.5400818452091	FALSE
2.10236623537563e-17	-0.219859295855668	0.112	0.131	2.90988510638341e-13	Ppfibp2	12.5361241583161	FALSE
2.25324113040697e-17	0.307806921502883	0.153	0.134	3.11871104859629e-13	Pld2	12.5060248611561	TRUE
2.25614801675159e-17	-0.212255777452388	0.189	0.211	3.12273446998587e-13	Acp1	12.5054649428023	FALSE
2.26579148593492e-17	0.100734617607297	0.392	0.362	3.13608199568253e-13	Svop	12.5036125908196	FALSE
2.40956559204809e-17	0.143449984528396	0.228	0.203	3.33507973595377e-13	Drd1	12.4768937783979	FALSE
2.41101265744965e-17	0.191780245939324	0.141	0.122	3.33708261917606e-13	Fam210a	12.4766330409904	FALSE
2.44368333073802e-17	-0.144048228145126	0.462	0.48	3.38230209807449e-13	Zfp407	12.4707876049975	FALSE
2.53227198773777e-17	0.183548795383834	0.148	0.128	3.50491765822784e-13	Dvl1	12.4553221805496	FALSE
2.53266866196557e-17	0.128397741390799	0.325	0.298	3.50546669502655e-13	Ctif	12.4552541547067	FALSE
2.5417404604921e-17	0.104791026290649	0.305	0.276	3.51802297136712e-13	Stt3b	12.4537013290896	FALSE
2.54618302729316e-17	-0.222625510222398	0.222	0.244	3.52417192807646e-13	Rbks	12.4529429125206	FALSE
2.58298726528497e-17	0.0900935194564176	0.321	0.292	3.57511267388093e-13	Fzd3	12.4467102663458	FALSE
2.86738104573242e-17	-0.117044700947352	0.539	0.555	3.96874210539824e-13	Tra2b	12.4013471212595	FALSE
3.01170396120894e-17	-0.127023259013393	0.498	0.515	4.16849945270929e-13	Uqcrc2	12.3800202511863	FALSE
3.22552480240283e-17	-0.195566619567419	0.336	0.356	4.46444887900575e-13	Tspan3	12.3502321456398	FALSE
3.24519675677103e-17	-0.222525117209391	0.118	0.138	4.49167683104678e-13	Kcnip1	12.3475914980789	FALSE
3.35306504207314e-17	0.0739931806945288	0.588	0.554	4.64097732473344e-13	Snca	12.3333905534873	FALSE
4.31536626463572e-17	-0.106886258216703	0.597	0.614	5.97289844688229e-13	Rpsa	12.223814869203	FALSE
4.35518032947245e-17	0.143270720240224	0.248	0.224	6.02800509402282e-13	Ppargc1b	12.2198263893526	FALSE
4.40301828309733e-17	0.12519409338399	0.327	0.299	6.09421760563501e-13	Prkch	12.2150820425257	FALSE
4.47362081922308e-17	0.162555235466332	0.214	0.191	6.19193857588666e-13	Mpp3	12.2081733605109	FALSE
4.62337254294644e-17	0.100344972781181	0.336	0.308	6.39920993669217e-13	Uggt1	12.1938736418466	FALSE
4.86130124013474e-17	-0.184610701336963	0.315	0.336	6.7285270464705e-13	Agps	12.1720799975299	FALSE
4.87852574930932e-17	0.0620297079030457	0.542	0.509	6.75236748961903e-13	Agtpbp1	12.1705439297754	FALSE
5.06294839979293e-17	0.15331526449102	0.199	0.177	7.00762688015339e-13	Hook1	12.1544290301568	FALSE
5.21693303385233e-17	0.146526114362817	0.222	0.198	7.22075701215501e-13	Cadm3	12.1414172693324	FALSE
5.46035597408929e-17	0.070098956685385	0.526	0.489	7.55767870373699e-13	Rps6ka2	12.1216115749964	FALSE
5.76572010512631e-17	-0.293009978508733	0.109	0.127	7.98033319750533e-13	Sf3a2	12.0979789754642	TRUE
5.81800469389346e-17	0.0868530985946113	0.328	0.299	8.05270029681794e-13	Micos10	12.0940584640592	FALSE
6.28732084454555e-17	-0.184345789306768	0.269	0.291	8.70228078093549e-13	Pigk	12.0603669082136	FALSE
6.54275229107921e-17	0.070657649785538	0.671	0.638	9.05582344608274e-13	Cpeb3	12.0430720531544	FALSE
6.57435262115403e-17	-0.237958466846715	0.145	0.165	9.09956146293929e-13	Wdr55	12.040979537219	FALSE
8.11537397856323e-17	0.0688802215684394	0.529	0.496	1.12324891237294e-12	Pitpnm2	11.9495239932563	FALSE
8.48684485046762e-17	-0.185265429054643	0.266	0.289	1.17466419575322e-12	Ccnl1	11.9300862685198	FALSE
8.49848428468089e-17	-0.262347865790316	0.123	0.142	1.17627520984268e-12	Ccdc91	11.929491055698	TRUE
8.86079673960177e-17	-0.154314887555561	0.721	0.726	1.22642287672828e-12	Trim2	11.9113597570902	FALSE
9.01015209054504e-17	0.143087399151156	0.196	0.173	1.24709515085234e-12	Usp19	11.9041004094616	FALSE
9.1794341151873e-17	-0.330618668306811	0.129	0.148	1.27052547588307e-12	Acss1	11.8960166222905	TRUE
9.28343959652124e-17	0.203950405434396	0.172	0.152	1.2849208745545e-12	Mindy4	11.8911236153696	FALSE
9.7136992040089e-17	0.0805607752738342	0.519	0.486	1.34447310682687e-12	Rundc3b	11.8714478804422	FALSE
9.89535901532814e-17	0.100176301970792	0.274	0.248	1.36961664131157e-12	Nck1	11.8634009758081	FALSE
9.96282421753224e-17	-0.280173353894453	0.13	0.148	1.37895449994864e-12	Enho	11.8604500635901	TRUE
1.00464388038606e-16	0.0532581630043287	0.662	0.619	1.39052759484234e-12	Trerf1	11.8568203881958	FALSE
1.07235208165885e-16	0.0903212304821523	0.49	0.458	1.48424251622401e-12	Mapk8ip3	11.8284951321751	FALSE
1.08785459308483e-16	0.178301464993767	0.153	0.133	1.50569954228871e-12	Zcchc2	11.8222616816176	FALSE
1.11819821593624e-16	0.112986130526095	0.31	0.282	1.54769815067735e-12	Myo9b	11.8103137363391	FALSE
1.14170966272188e-16	0.0632179225440817	0.788	0.763	1.58024034417335e-12	Sptbn1	11.8012768546848	FALSE
1.15948405764691e-16	0.0947991485639405	0.374	0.345	1.60484188418909e-12	Bdp1	11.7945677496808	FALSE
1.29250258352895e-16	0.122053471353951	0.264	0.239	1.78895282586242e-12	Cnnm2	11.747401111494	FALSE
1.33789474807018e-16	-0.299020935990379	0.09	0.106	1.85178012080394e-12	Cpne7	11.7324105824439	TRUE
1.38818601214379e-16	0.151434466712246	0.205	0.183	1.92138825940822e-12	Naa40	11.7163848673711	FALSE
1.4069074609113e-16	-0.232594596773891	0.167	0.188	1.94730061664732e-12	Ndufa3	11.7105669986221	FALSE
1.4338862939246e-16	-0.274532582310901	0.191	0.211	1.98464201942104e-12	Unc5d	11.7023178178735	TRUE
1.5014266095151e-16	-0.158866295622053	0.44	0.456	2.07812457022985e-12	Ankfy1	11.6823284228318	FALSE
1.53933636785903e-16	0.1824801916494	0.148	0.129	2.13059546675368e-12	Ttc9b	11.6714990013577	FALSE
1.54558339217897e-16	0.0806627757674062	0.361	0.33	2.13924197311491e-12	Ddrgk1	11.6697400888997	FALSE
1.5939640325071e-16	0.102146965385132	0.258	0.232	2.20620561739308e-12	Shld2	11.6563540139549	FALSE
1.59664639717362e-16	0.256188039814657	0.136	0.117	2.20991827832801e-12	Cpne4	11.6556237860106	TRUE
1.62683923028294e-16	0.0780040678132211	0.57	0.538	2.25170817863462e-12	Synj1	11.6474878947358	FALSE
1.87162021859887e-16	-0.14948856553698	0.374	0.397	2.5905095445627e-12	Rpl10	11.5866148032443	FALSE
1.89893276601664e-16	0.179247533734974	0.119	0.101	2.62831284144363e-12	Terb1	11.5803229430596	FALSE
1.92197762261169e-16	-0.388451596336062	0.108	0.124	2.66020922745684e-12	Hs3st1	11.5750842044379	TRUE
2.03648909116201e-16	-0.159880694427043	0.341	0.362	2.81870455107734e-12	Ccdc47	11.5499504433058	FALSE
2.05089528617022e-16	0.113990570910588	0.166	0.145	2.8386441655882e-12	Fbxo9	11.5468890444615	FALSE
2.06457019575298e-16	0.155516934456435	0.241	0.217	2.8575716079417e-12	Rab26	11.5440028778026	FALSE
2.18254678282275e-16	0.0921288010312712	0.281	0.254	3.02086300210497e-12	Nsa2	11.5198689697876	FALSE
2.18365256216025e-16	-0.129137464487837	0.539	0.554	3.02239351128601e-12	Atp5f1c	11.5196489917991	FALSE
2.28243180350918e-16	0.188725362258756	0.329	0.303	3.15911385923705e-12	Alk	11.5004347211834	FALSE
2.30848816308516e-16	0.0936169803366215	0.292	0.265	3.19517846652617e-12	Nucb1	11.4955048793325	FALSE
2.32090092972893e-16	-0.175759895128638	0.314	0.336	3.21235897683781e-12	Vps8	11.4931759288515	FALSE
2.45773319828068e-16	-0.244561797583402	0.232	0.252	3.40174851974029e-12	Mta3	11.4682977955224	FALSE
2.49436246319784e-16	0.1972943134086	0.124	0.106	3.45244708531213e-12	Dusp11	11.461872969008	FALSE
2.55746415282666e-16	0.097723612176587	0.368	0.341	3.53978613392737e-12	Phtf1	11.4510229762965	FALSE
2.58063188711316e-16	0.0963981899188268	0.4	0.372	3.57185259495333e-12	Cep290	11.4471064721013	FALSE
2.62938073148493e-16	0.0551866110705312	0.642	0.598	3.63932587044829e-12	Slc4a10	11.438979055323	FALSE
2.72332142588383e-16	-0.274300512883357	0.121	0.139	3.76934918556581e-12	Itgb3bp	11.4237336284459	TRUE
2.81968589911231e-16	0.149661525081024	0.158	0.138	3.90272725296135e-12	Socs5	11.4086317988783	FALSE
2.86320397422053e-16	0.11471994830683	0.261	0.236	3.96296062071864e-12	St3gal5	11.4019802431565	FALSE
2.88710084002849e-16	-0.238140501850649	0.47	0.481	3.99603627268344e-12	Ppp1r16b	11.3983705782652	FALSE
2.92424905702784e-16	-0.176960142288193	0.153	0.173	4.04745311983223e-12	Lap3	11.3928181728195	FALSE
2.95446198970215e-16	0.0731521938626054	0.592	0.556	4.08927083994675e-12	Sptbn4	11.3883541243689	FALSE
2.98115491211349e-16	-0.272339919487219	0.093	0.109	4.12621651385628e-12	Adck5	11.3844479871467	TRUE
3.17459157272674e-16	-0.176739592861829	0.359	0.379	4.39395219581107e-12	Srebf2	11.357144672315	FALSE
3.22074727039052e-16	-0.199266891096905	0.263	0.283	4.45783629694752e-12	Ercc8	11.3508758839576	FALSE
3.25662323959799e-16	0.14000774583437	0.25	0.225	4.50749222592758e-12	Zfp236	11.3460650136327	FALSE
3.4519674752747e-16	0.141644151731035	0.232	0.208	4.77786818252772e-12	Cct7	11.3207658362501	FALSE
3.68333999178139e-16	-0.248040836894697	0.163	0.182	5.09811088262462e-12	Cstb	11.2925907229687	FALSE
3.83411877370601e-16	-0.225892877629088	0.213	0.233	5.30680379468649e-12	Atxn7	11.2751669689864	FALSE
3.86332670650669e-16	0.163284138110307	0.156	0.136	5.34723049447592e-12	Kansl2	11.2718710950615	FALSE
3.91390904037052e-16	0.126537312140798	0.287	0.262	5.41724150277684e-12	Lrrc23	11.2662218029608	FALSE
4.09495249748762e-16	0.154896449246833	0.188	0.167	5.66782375177262e-12	Lamp5	11.2465836631569	FALSE
4.28962660269671e-16	-0.213465440415599	0.226	0.248	5.93727218079252e-12	Ndufa12	11.2264130413709	FALSE
4.54398311636517e-16	-0.242139854393342	0.229	0.248	6.28932703136104e-12	Cirbp	11.2013958223135	FALSE
4.82865029917147e-16	0.10156337869489	0.37	0.34	6.68333487908323e-12	Ypel3	11.175006777318	FALSE
4.83126099039828e-16	-0.147205052130384	0.34	0.362	6.68694833681026e-12	Rps28	11.1747720321351	FALSE
5.1313043527277e-16	0.18053082043642	0.138	0.119	7.10223835461041e-12	Nus1	11.1486047566535	FALSE
5.17718809533491e-16	-0.206787614045733	0.233	0.254	7.16574604275305e-12	Usp8	11.144738587488	FALSE
5.28084147873262e-16	0.154727823669262	0.151	0.131	7.30921269071382e-12	B4galt5	11.136129400401	FALSE
5.32618312099807e-16	-0.258806160704043	0.139	0.159	7.37197005777342e-12	Gramd2b	11.1324164373936	TRUE
5.54654197589098e-16	-0.197880996748244	0.212	0.233	7.6769687488307e-12	Nek9	11.1148102273022	FALSE
6.12334377450946e-16	-0.271156519307839	0.131	0.149	8.47532011829855e-12	Cep162	11.0718438892328	TRUE
6.14676861654075e-16	-0.221564604497926	0.144	0.164	8.50774244215405e-12	Timp3	11.0701856661182	FALSE
6.15445537038542e-16	0.082052333490265	0.492	0.461	8.51838167815047e-12	Klc1	11.0696429046472	FALSE
6.15533736819898e-16	-0.199916553583433	0.257	0.277	8.51960245132421e-12	Stxbp3	11.0695806701657	FALSE
6.19190100966104e-16	-0.2630017661605	0.106	0.123	8.57021018747184e-12	Gstm7	11.0670085267186	TRUE
6.2761777569634e-16	-0.073208322319035	0.629	0.647	8.68685763341305e-12	Rps8	11.0611372959648	FALSE
6.37029064434762e-16	0.0769991659006218	0.469	0.438	8.81711928084154e-12	Csnk1g3	11.0546732838918	FALSE
6.46262142990046e-16	-0.24761376374518	0.206	0.225	8.94491432112523e-12	Fkbp15	11.048423814967	FALSE
6.61166254903598e-16	0.191608498314246	0.184	0.164	9.1512021341207e-12	Ankrd33b	11.0385218517344	FALSE
6.72840635206588e-16	0.180270967260667	0.167	0.147	9.31278723189439e-12	Stk24	11.0309203192044	FALSE
7.01928912431119e-16	0.0398009010130884	0.566	0.523	9.71539807695912e-12	Fstl4	11.0125393999963	FALSE
7.28936127260036e-16	0.0863560651640553	0.367	0.338	1.00892049374062e-11	Suco	10.9961430562509	FALSE
7.38455373995824e-16	-0.173489682060438	0.27	0.291	1.02209608314762e-11	Hnrnph3	10.9905082760023	FALSE
7.61932124738292e-16	-0.125112480120813	0.482	0.5	1.05459025385027e-11	Pcca	10.9769162465818	FALSE
7.65690722361542e-16	0.0750937413419632	0.306	0.278	1.05979252882061e-11	Mgat3	10.9747791464403	FALSE
8.07018501932476e-16	0.0730884147082274	0.636	0.608	1.11699430852474e-11	Slmap	10.9519490397605	FALSE
8.12476236338254e-16	0.150922259883707	0.194	0.172	1.12454835871578e-11	Ppp1r37	10.9490218639528	FALSE
8.14496077441116e-16	0.248398757371505	0.101	0.085	1.12734402078625e-11	Nrep	10.9479435342375	FALSE
8.27102530004039e-16	0.113714807215404	0.365	0.338	1.14479261177859e-11	Dpy19l3	10.9412731820734	FALSE
8.57635137102165e-16	0.189685419665744	0.102	0.085	1.18705279326311e-11	Gosr2	10.9255299657017	FALSE
8.7377111115316e-16	0.042710503073077	0.981	0.979	1.20938659494709e-11	Grik2	10.9174348494995	FALSE
8.98146688650659e-16	-0.31669472596452	0.122	0.139	1.24312483176138e-11	Ccdc107	10.9054852583068	TRUE
9.34683109916122e-16	0.139668058385135	0.196	0.174	1.2936948924349e-11	Zfat	10.8881681364617	FALSE
1.00549419285757e-15	0.183827635360415	0.148	0.129	1.39170451233416e-11	Arid3b	10.856452964643	FALSE
1.01589921984708e-15	0.00433442155659691	0.515	0.479	1.40610611019035e-11	Epn2	10.8519819045429	FALSE
1.0263202094295e-15	0.174020816037653	0.13	0.112	1.42052980187136e-11	Hmg20b	10.8475496506052	FALSE
1.05451260437603e-15	0.171401805078622	0.198	0.176	1.45955089571687e-11	Sdk2	10.8357807562131	FALSE
1.05642047015071e-15	-0.171743333553423	0.295	0.316	1.4621915727356e-11	Fkbp8	10.8349957234579	FALSE
1.05679611868155e-15	-0.161424021307501	0.291	0.313	1.46271150786714e-11	Ireb2	10.8348413217873	FALSE
1.0756438446796e-15	-0.144399372174176	0.457	0.473	1.48879864542103e-11	Inpp5f	10.8271640350186	FALSE
1.10041085251931e-15	-0.213531372800307	0.163	0.183	1.52307866097198e-11	Lamtor4	10.8172776664973	FALSE
1.10546141924341e-15	-0.215326081377091	0.175	0.195	1.5300691503748e-11	Ctsa	10.8152889411121	FALSE
1.15198129680275e-15	-0.136897681574191	0.488	0.505	1.59445731290469e-11	Prnp	10.7973871032746	FALSE
1.18775652571863e-15	0.0766126897374848	0.514	0.483	1.64397380724715e-11	Cdk10	10.7841051061747	FALSE
1.22182320694386e-15	-0.360513073467178	0.126	0.142	1.691125500731e-11	Pex11g	10.7718241616202	TRUE
1.23954629633114e-15	0.0913778952205798	0.381	0.352	1.71565602875193e-11	Fam193b	10.7655697793014	FALSE
1.30926993287633e-15	-0.281403083990054	0.153	0.171	1.81216051409413e-11	Pc	10.741803336848	TRUE
1.33177909068722e-15	0.175725485556693	0.183	0.163	1.84331543942018e-11	Dagla	10.7344003392913	FALSE
1.34023903919158e-15	-0.113378669229965	0.234	0.257	1.85502485414507e-11	Sox6	10.7316502672103	FALSE
1.35787579350623e-15	0.0863805546683216	0.413	0.384	1.87943588579198e-11	Hdgfl3	10.7259724850189	FALSE
1.42695583174703e-15	0.114491990425235	0.373	0.347	1.97504956672106e-11	Rps6kl1	10.7044220006536	FALSE
1.50919788339335e-15	-0.254390903550656	0.114	0.132	2.08888079040473e-11	Ttc8	10.6800863439099	TRUE
1.58352854236495e-15	-0.287338507669891	0.119	0.136	2.19176185548733e-11	rnf141	10.6592066356194	TRUE
1.65674061879783e-15	-0.151665785233448	0.252	0.274	2.29309469047808e-11	Chga	10.6395780112522	FALSE
1.68160716957763e-15	0.10805028381394	0.319	0.293	2.32751248341239e-11	Cyp46a1	10.6331079810394	FALSE
1.71651135066946e-15	-0.225150901093823	0.117	0.135	2.3758233604616e-11	Stk16	10.62418585175	FALSE
1.7318479754773e-15	0.082094374549313	0.424	0.394	2.39705078285813e-11	Sergef	10.620322765098	FALSE
1.77982085716606e-15	-0.182938584824072	0.311	0.332	2.46345004840355e-11	Anapc1	10.6084562395278	FALSE
1.91013032252295e-15	-0.262633786911668	0.127	0.144	2.64381137940401e-11	Tmbim4	10.5777695324716	TRUE
1.98381437119687e-15	0.0801745131722501	0.388	0.359	2.74579747117358e-11	Ptpre	10.5613314992899	FALSE
2.03049071208594e-15	0.0842707174242341	0.52	0.488	2.81040219459815e-11	Man1a1	10.5512315240823	FALSE
2.03240467895207e-15	0.192320384540677	0.13	0.113	2.81305131613756e-11	Ubash3b	10.5508223452923	FALSE
2.06128541545684e-15	-0.206648342256983	0.202	0.223	2.85302514353381e-11	Puf60	10.5446944009157	FALSE
2.10112223178598e-15	0.118645785992814	0.248	0.224	2.90816328101497e-11	Ap3d1	10.5363812133381	FALSE
2.13409906948919e-15	-0.201315999219124	0.207	0.228	2.95380652207999e-11	Emc7	10.5296179549093	FALSE
2.13955550249799e-15	-0.253429535416693	0.149	0.168	2.96135877100747e-11	Rpl10a	10.5285089742959	TRUE
2.16847389963433e-15	0.111068415498737	0.249	0.225	3.00138472448388e-11	Naa35	10.5226783321288	FALSE
2.23279818308175e-15	0.0651178181946861	0.735	0.703	3.09041596520344e-11	Chd9	10.509983061276	FALSE
2.28475486977346e-15	0.146280882759707	0.2	0.179	3.16232921525345e-11	Smad2	10.4999929196899	FALSE
2.29415794545879e-15	-0.254449245321345	0.089	0.105	3.17534401230951e-11	Haghl	10.498209216969	TRUE
2.30019414410916e-15	-0.148235470732527	0.342	0.363	3.18369871486149e-11	Tpi1	10.4970680378766	FALSE
2.58052779594872e-15	0.154927447238204	0.476	0.446	3.57170852237263e-11	Spire1	10.4471239899543	FALSE
2.58537314642979e-15	0.145239591399791	0.202	0.18	3.57841497197348e-11	Rwdd4	10.4463092977574	FALSE
2.60081007936996e-15	0.147688103665622	0.243	0.221	3.59978123085596e-11	Zdhhc18	10.4437238917658	FALSE
2.61298531316239e-15	0.0865433829822516	0.245	0.22	3.61663297194806e-11	Rab5c	10.4416955626637	FALSE
2.61373351121549e-15	-0.276862720976884	0.12	0.137	3.61766855287336e-11	Mrps34	10.4415712252739	TRUE
2.61399303632949e-15	-0.291719170387215	0.184	0.202	3.61802776158365e-11	Slc6a1	10.441528105067	TRUE
2.64277687120863e-15	0.155565248833653	0.191	0.171	3.65786746743986e-11	Rnf217	10.436772034016	FALSE
2.69028128734147e-15	0.0697334439757529	0.421	0.39	3.72361832980933e-11	Tnks2	10.4290348405136	FALSE
2.7458108105146e-15	0.130430822608683	0.108	0.091	3.80047674283325e-11	Rmi1	10.4201619208056	FALSE
2.8305495778444e-15	-0.170434532013803	0.331	0.352	3.91776367069443e-11	Ssr3	10.4069617652808	FALSE
2.89664583847245e-15	0.0375221907440264	0.755	0.704	4.00924750502971e-11	Ptprn2	10.3969371323874	FALSE
2.90513499102694e-15	-0.263927889623364	0.109	0.125	4.02099734108038e-11	Stx17	10.395666214078	TRUE
2.91430519658479e-15	-0.209142395188265	0.216	0.236	4.033689822593e-11	Sdhc	10.3942975006486	FALSE
3.16025379326817e-15	-0.207383458887893	0.211	0.231	4.37410727526247e-11	Sfi1	10.3591105700676	FALSE
3.26457480070309e-15	0.119877827806666	0.24	0.217	4.51849798165315e-11	Tmed8	10.3450059073762	FALSE
3.86346607068417e-15	-0.154837178235733	0.293	0.315	5.34742338843396e-11	Anapc4	10.2718554287702	FALSE
4.03088225328679e-15	0.128643391940777	0.195	0.173	5.57914412677425e-11	Fra10ac1	10.2534324192574	FALSE
4.16319189547543e-15	0.303042023385486	0.158	0.14	5.76227390252754e-11	Nim1k	10.2394061019166	TRUE
4.21579233078888e-15	0.0812777591898928	0.431	0.402	5.83507816504489e-11	Arf5	10.2339533218945	FALSE
4.36911961233129e-15	-0.204310217472158	0.225	0.245	6.04729845542774e-11	Dhrsx	10.2184385969064	FALSE
4.52205531978609e-15	0.0854765304046462	0.377	0.348	6.25897676811592e-11	Nufip2	10.2034966604451	FALSE
4.61502677934702e-15	0.0702866263303727	0.586	0.554	6.38765856529421e-11	Hdlbp	10.1946583059292	FALSE
4.72563845694596e-15	0.125754782173792	0.226	0.203	6.5407561882589e-11	Diras2	10.1843720392287	FALSE
4.74208166338723e-15	0.129908268814346	0.181	0.16	6.56351523029427e-11	Hltf	10.182863502662	FALSE
5.04431873267965e-15	0.187691928814013	0.136	0.119	6.9818415579019e-11	Stx3	10.1560300110517	FALSE
5.07282025693152e-15	-0.147230540395082	0.195	0.217	7.02129051761892e-11	Cast	10.1535830569342	FALSE
5.36101978655856e-15	-0.22628760958254	0.157	0.176	7.4201874865757e-11	Nol10	10.1295851212228	FALSE
5.53909051387503e-15	0.204762841459256	0.121	0.104	7.66665518025443e-11	Zmat3	10.1153940693746	FALSE
5.60415257610005e-15	-0.228036319000219	0.144	0.162	7.75670758058007e-11	Maoa	10.1103225806757	FALSE
5.66619072512016e-15	0.15838164510133	0.16	0.141	7.84257458263882e-11	Clk3	10.1055413424836	FALSE
5.74785120825117e-15	-0.136517568201161	0.434	0.452	7.95560085734045e-11	Dnajc18	10.0993270141101	FALSE
5.90284487828266e-15	-0.135647937035819	0.455	0.47	8.17012759603102e-11	Tmem59	10.0877711608703	FALSE
6.03037968804584e-15	0.0979708846119597	0.331	0.305	8.34664852622425e-11	Ppip5k1	10.0784878740674	FALSE
6.05814818651034e-15	0.0824495036673301	0.459	0.429	8.38508290494897e-11	Pde1b	10.0764926390825	FALSE
6.70235392201364e-15	-0.182863226221248	0.207	0.228	9.27672806345907e-11	Cnpy2	10.0326051740558	FALSE
6.76440102581364e-15	-0.108787161946017	0.578	0.592	9.36260745982866e-11	Cox7c	10.0286031846257	FALSE
6.81244364352347e-15	0.219249980805907	0.155	0.136	9.42910324700084e-11	Bcar3	10.0255296087895	FALSE
6.88631486013913e-15	-0.271283796974952	0.106	0.122	9.53134839791857e-11	Tmbim1	10.0208456554634	TRUE
7.00293175293653e-15	0.119272191700751	0.267	0.243	9.69275783923945e-11	Mat2a	10.0135526374015	FALSE
7.17720186939306e-15	-0.234118768783256	0.125	0.142	9.93396510742693e-11	Sh3bgrl3	10.0028773697765	FALSE
7.31249904988657e-15	0.0739303295137085	0.454	0.424	1.0121229934948e-10	Nap1l1	9.99476670869143	FALSE
7.44784879087338e-15	0.115120033759826	0.271	0.246	1.03085675114478e-10	Prrt2	9.98680168050668	FALSE
7.53326924255586e-15	0.0816928437536117	0.484	0.454	1.04267979586216e-10	ST7	9.98184904175648	FALSE
7.58382881976844e-15	-0.277884419512949	0.105	0.121	1.04967774694415e-10	Tpp1	9.97894400969636	TRUE
7.86228140221074e-15	0.10521842641141	0.214	0.192	1.08821836887999e-10	Zfp365	9.9632839475756	FALSE
7.8889621876505e-15	0.111767124894057	0.282	0.258	1.09191125639271e-10	Hmgxb3	9.96181265689235	FALSE
8.2884532492599e-15	0.224197794238139	0.146	0.128	1.14720481423006e-10	Bcl7c	9.94035903916131	FALSE
8.51330525884134e-15	0.138692641938559	0.209	0.187	1.17832658087623e-10	Tmem39b	9.92873432532502	FALSE
8.70414674204794e-15	-0.264162901996531	0.115	0.132	1.20474095056686e-10	Cmtm4	9.91910632722525	TRUE
9.16535788287169e-15	0.134730498650169	0.195	0.174	1.26857718456827e-10	Msl1	9.8966831036789	FALSE
9.18693931342043e-15	0.169167815981366	0.118	0.101	1.27156427037052e-10	Taf4	9.8956616838077	FALSE
9.30209900616925e-15	0.138807720685039	0.154	0.134	1.28750352344389e-10	Tmem192	9.89025157377404	FALSE
9.40029522015459e-15	0.12103816457783	0.307	0.283	1.3010948614216e-10	Dop1b	9.88569103834228	FALSE
9.52243554657801e-15	0.121435637597985	0.219	0.197	1.31800030400186e-10	Slc25a40	9.8800844895703	FALSE
9.60520301497326e-15	-0.18216942976671	0.677	0.68	1.32945614930245e-10	Picalm	9.8763259828379	FALSE
1.02108394425578e-14	-0.199406953786645	0.298	0.316	1.41328228724442e-10	Man1c1	9.84977108404799	FALSE
1.03135306053634e-14	-0.127587266972366	0.417	0.436	1.42749577108834e-10	Leng8	9.84542516966405	FALSE
1.09674690107112e-14	0.26218943588841	0.116	0.1	1.51800738577253e-10	Irak2	9.81872611540203	TRUE
1.12306629622134e-14	0.0935277325880331	0.362	0.335	1.55443606059995e-10	Lmo3	9.80842713730668	FALSE
1.14667873372002e-14	0.113396805212574	0.201	0.18	1.58711803534188e-10	Hdgf	9.79939077318756	FALSE
1.15586859729751e-14	-0.164654708271356	0.33	0.351	1.59983772551948e-10	Dgkd	9.79592406639753	FALSE
1.16130651346777e-14	0.0955495794696457	0.372	0.346	1.60736434529073e-10	Uba6	9.79388566946294	FALSE
1.2183255947424e-14	-0.223735715428916	0.177	0.196	1.68628445568296e-10	Nhlrc2	9.77306916333332	FALSE
1.22158663049316e-14	0.0516688226844415	0.43	0.398	1.69079805526559e-10	Hlf	9.77190826036272	FALSE
1.26107005627016e-14	-0.18470392349167	0.241	0.261	1.74544706488352e-10	Pacs2	9.75809331773355	FALSE
1.28921807554299e-14	-0.240404044138422	0.165	0.184	1.78440673835905e-10	Coa8	9.74850614542447	FALSE
1.29437286973354e-14	0.18297370275505	0.182	0.163	1.7915414889982e-10	Gramd4	9.74677312987335	FALSE
1.29959664098621e-14	0.0428189250304785	0.889	0.867	1.79877171078902e-10	Ctnna2	9.74502395118239	FALSE
1.31800532331076e-14	-0.322318746223972	0.085	0.1	1.82425116799443e-10	Mad1l1	9.73891536701397	TRUE
1.32244606022323e-14	-0.221270860105812	0.119	0.136	1.83039759195498e-10	Prodh	9.73745456423833	FALSE
1.32430099234155e-14	0.169208835651239	0.179	0.159	1.83296500349994e-10	Arhgap10	9.73684582687191	FALSE
1.37402765416527e-14	-0.216723030100891	0.194	0.214	1.90179167613015e-10	Senp8	9.72083705777833	FALSE
1.42651026660092e-14	0.128510366563602	0.186	0.165	1.97443286000234e-10	Maz	9.70455762973005	FALSE
1.42987696083833e-14	0.0709638947461762	0.349	0.319	1.97909270149633e-10	Ccnt2	9.70353386278935	FALSE
1.43056594567175e-14	-0.224799056024928	0.116	0.133	1.98004632540427e-10	Epha10	9.70332464881317	FALSE
1.48280969043592e-14	0.0921462142795265	0.349	0.323	2.05235689253235e-10	Got1	9.6877471157921	FALSE
1.54050345400313e-14	0.113117208761194	0.196	0.174	2.13221083068574e-10	Siah1	9.67116985495669	FALSE
1.54652620434529e-14	0.128453577177841	0.254	0.231	2.14054691943431e-10	Chd3	9.66947524826504	FALSE
1.58479414173964e-14	0.0851809495136489	0.665	0.636	2.19351357158184e-10	Add1	9.65885967420872	FALSE
1.64744995295649e-14	-0.124105846388496	0.273	0.296	2.28023547988707e-10	Ttc28	9.64202030109832	FALSE
1.67113596018451e-14	0.152954464419822	0.159	0.139	2.31301928249137e-10	Pdcd7	9.63582074671719	FALSE
1.71466919112147e-14	0.0789733762730762	0.492	0.464	2.37327362743123e-10	Aplp2	9.62465218675836	FALSE
1.71900059984169e-14	-0.256432605922363	0.122	0.139	2.37926873024089e-10	Nfix	9.62355650312053	TRUE
1.75051820835774e-14	-0.138228053634089	0.181	0.201	2.42289225218794e-10	Daam2	9.61566589883017	FALSE
1.75801551708494e-14	-0.192083963251663	0.224	0.244	2.43326927719726e-10	Npm1	9.61380982730849	FALSE
1.76397828585614e-14	0.0894142675164067	0.423	0.395	2.44152234545348e-10	Dbn1	9.61233929658455	FALSE
1.76841928639648e-14	0.156836630716626	0.146	0.128	2.44766913430137e-10	Malt1	9.61124728867462	FALSE
1.80647402067608e-14	0.180725899670841	0.139	0.122	2.50034069201777e-10	Grsf1	9.60200081109498	FALSE
1.84511778408499e-14	0.128242133778733	0.169	0.149	2.55382752495203e-10	Myh9	9.59280843655222	FALSE
1.95453225460353e-14	-0.336842285991456	0.102	0.118	2.70526809359674e-10	Pik3ip1	9.56778968959612	TRUE
1.96708333108951e-14	-0.152138938816499	0.356	0.376	2.722640038561e-10	Uqcrq	9.56500977312951	FALSE
2.05272660341017e-14	-0.241758759017623	0.327	0.343	2.84117889178002e-10	Rab40c	9.54650142053015	FALSE
2.05426043247031e-14	0.0624097372021204	0.608	0.575	2.84330186458216e-10	Rapgef5	9.54617703015728	FALSE
2.08310097998642e-14	-0.225212214386467	0.168	0.187	2.88322006639921e-10	Entpd4	9.5401222081233	FALSE
2.11052789944665e-14	-0.263935242522592	0.123	0.14	2.92118166562411e-10	Supt4h1	9.53444143380878	TRUE
2.14899263785751e-14	-0.135971122360077	0.271	0.293	2.97442071005859e-10	Scg3	9.52659760369077	FALSE
2.20475145883785e-14	0.090538326095206	0.354	0.327	3.05159649417747e-10	Mtx2	9.51547289271501	FALSE
2.28941078028554e-14	0.128509513670378	0.248	0.225	3.16877346099321e-10	Lasp1	9.49910880787733	FALSE
2.29090469985121e-14	0.0770395537698817	0.43	0.403	3.17084119506406e-10	Mbtd1	9.49882550815721	FALSE
2.31341387756233e-14	-0.166334675244107	0.202	0.221	3.20199614793402e-10	Dner	9.49457919488143	FALSE
2.37339273782791e-14	0.157855275621756	0.196	0.177	3.28501288842761e-10	Myo1b	9.48346292218882	FALSE
2.45972822134501e-14	0.0172542404200908	0.79	0.765	3.40450983116363e-10	Cdc42bpa	9.46794540737668	FALSE
2.68241686237084e-14	0.239019564563001	0.104	0.089	3.71273317920748e-10	Celsr3	9.43030626083623	FALSE
2.72195632067408e-14	-0.13083010272036	0.476	0.49	3.767459743445e-10	Atp5me	9.4239513795689	FALSE
2.80197879494335e-14	0.0691875599275941	0.457	0.428	3.87821885008109e-10	Arpc2	9.41136768708279	FALSE
2.81717254306591e-14	0.108508383248994	0.219	0.196	3.89924851685753e-10	Kif3b	9.40901908436565	FALSE
2.8340843833207e-14	0.126208917255463	0.21	0.189	3.92265619495418e-10	Cnbd2	9.40641975436789	FALSE
2.88042018021563e-14	0.149607416204978	0.168	0.148	3.98678957143645e-10	Ttl	9.39937668642833	FALSE
2.89911763357009e-14	-0.285856283889081	0.096	0.111	4.01266871662436e-10	Nup37	9.3965666938622	TRUE
3.05770263241256e-14	-0.210618529287998	0.197	0.216	4.23216621352222e-10	Fmr1	9.37343728421531	FALSE
3.24310778374787e-14	0.102016288431098	0.29	0.265	4.48878548348543e-10	Ythdc2	9.34787114878962	FALSE
3.25004756643802e-14	-0.266164814000258	0.247	0.264	4.49839083670687e-10	Nrde2	9.34694281416247	TRUE
3.29059224920842e-14	-0.19252874973578	0.209	0.229	4.55450873212938e-10	Ptdss1	9.34155846093722	FALSE
3.51620589723482e-14	0.125609908074586	0.154	0.135	4.86678058236271e-10	Crk	9.31275823337786	FALSE
3.52292943067265e-14	0.0729063437964207	0.5	0.471	4.87608662499402e-10	Zhx3	9.31192858762652	FALSE
3.6864991992109e-14	0.190868912275459	0.178	0.159	5.10248354162781e-10	Bmp6	9.292218387453	FALSE
3.68881994157255e-14	-0.142351513005773	0.426	0.443	5.10569568113057e-10	Ncdn	9.29194507436224	FALSE
3.9723598267003e-14	0.175642500395962	0.143	0.126	5.49814323613589e-10	Wipf2	9.25978395022316	FALSE
4.07404551126833e-14	0.0669696784119909	0.523	0.493	5.6388863921465e-10	Atl1	9.24880665514758	FALSE
4.14181159549675e-14	-0.222552650579508	0.146	0.164	5.73268142932705e-10	Ccdc12	9.24164219172079	FALSE
4.14893227120007e-14	0.134725432232702	0.288	0.266	5.74253715656801e-10	Lrrc10b	9.24089618606063	FALSE
4.28469663869835e-14	-0.223763944716253	0.151	0.169	5.93044861762239e-10	Atp6v0e2	9.22691245253987	FALSE
4.43344397781215e-14	0.10408013802541	0.215	0.193	6.13632980968979e-10	Ctdsp2	9.21209130637996	FALSE
4.45359589820801e-14	0.120453842116772	0.23	0.208	6.1642220827097e-10	Ift57	9.21012172304286	FALSE
4.61235649875064e-14	0.161255339823323	0.124	0.107	6.38396262992076e-10	Rexo4	9.19490966389835	FALSE
4.76282752533349e-14	0.114424502555937	0.171	0.151	6.59222957781408e-10	Nup188	9.180967676517	FALSE
4.76289801636452e-14	0.111653483883014	0.335	0.309	6.59232714445014e-10	Klhl3	9.1809612488983	FALSE
4.81607368953701e-14	0.119220823749548	0.101	0.085	6.66592759368818e-10	Sema5b	9.17613940802209	FALSE
4.85490034318017e-14	0.101360769697381	0.276	0.252	6.71966756499567e-10	Tuba4a	9.17265221180617	FALSE
5.13200887535964e-14	0.128927835113372	0.243	0.221	7.10321348438528e-10	Traf3	9.14854513257598	FALSE
5.44970934269384e-14	0.160273773607923	0.153	0.135	7.54294270122255e-10	Acvr1b	9.12245919132123	FALSE
5.55455846338489e-14	0.132317822110567	0.235	0.213	7.68806436917103e-10	Frrs1l	9.1141829891456	FALSE
5.59591609044562e-14	-0.241157538543545	0.177	0.195	7.74530746078578e-10	Gtf2a1	9.1109613376372	FALSE
5.67491383544317e-14	-0.234826892499494	0.199	0.218	7.8546482396369e-10	Tmeff1	9.10487325951075	FALSE
5.69151430119572e-14	-0.21339955956708	0.131	0.149	7.877624944285e-10	Folh1	9.10360469990475	FALSE
5.77798352725993e-14	0.127073636653319	0.174	0.154	7.99730700008047e-10	Inpp1	9.09705623199552	FALSE
5.80067787285117e-14	-0.243454036607663	0.241	0.258	8.02871824381331e-10	Efcab14	9.09535378275009	FALSE
5.91497395096098e-14	-0.123276210313362	0.488	0.502	8.1869154455251e-10	Tmem175	9.08687969498133	FALSE
5.94705778588379e-14	0.1235580935371	0.216	0.194	8.23132268144175e-10	Acss2	9.08453037291695	FALSE
6.07485751318565e-14	0.0988756921173256	0.289	0.264	8.40821028400026e-10	Hace1	9.07529643541476	FALSE
6.17744699579798e-14	0.0136413214694651	0.981	0.976	8.55020438688399e-10	Pcdh9	9.06802350363031	FALSE
6.42333408878944e-14	-0.129593248629491	0.401	0.42	8.89053671229346e-10	Atp5pd	9.05107202034007	FALSE
6.46626650969476e-14	-0.171408513356318	0.227	0.248	8.94995947606852e-10	Nceh1	9.04817893109299	FALSE
6.78327153733687e-14	-0.183713459469496	0.208	0.228	9.38872613482796e-10	Ppp1r14b	9.02739332894205	FALSE
6.85313709487417e-14	0.156483480229145	0.128	0.111	9.48542705301534e-10	Prkrip1	9.02294311152356	FALSE
6.85550685415464e-14	-0.164433443495357	0.407	0.423	9.48870703683544e-10	Kmt5b	9.0227929619693	FALSE
6.94655352712402e-14	0.0617863156651497	0.422	0.392	9.61472473689235e-10	Phf3	9.01706314480667	FALSE
7.03497706659772e-14	0.188176655617433	0.103	0.088	9.7371117578779e-10	Anxa11	9.01156984534225	FALSE
7.11580540592606e-14	-0.221530259062938	0.191	0.209	9.84898626234226e-10	Sdf4	9.00660846831738	FALSE
7.59380875830126e-14	0.0578047956324449	0.528	0.498	1.05105907023648e-09	Cd47	8.97837287563983	FALSE
7.60558659000549e-14	0.0946687327708752	0.341	0.315	1.05268923992266e-09	Gcc2	8.97769981618918	FALSE
7.91445041285358e-14	0.0496100140146536	0.755	0.725	1.09543908164306e-09	Vps13c	8.96041176894023	FALSE
8.10360257874718e-14	0.041272680113253	0.675	0.641	1.1216196329244e-09	Magi1	8.95015439738374	FALSE
8.16025154800291e-14	0.0907875670222887	0.312	0.288	1.12946041675908e-09	Rab11fip2	8.94712898482714	FALSE
8.25408172248301e-14	-0.266669657762542	0.095	0.11	1.14244745120887e-09	S1pr1	8.94216376690351	TRUE
8.37347370412543e-14	-0.138653616403105	0.186	0.206	1.158972495388e-09	Ankrd6	8.93592687054456	FALSE
8.73323746332943e-14	-0.143616343458806	0.41	0.426	1.20876739729943e-09	Rpl6	8.91765726223943	FALSE
8.90365729003804e-14	0.0604191760540969	0.301	0.275	1.23235520551417e-09	Rgs20	8.90926409609964	FALSE
9.04041403141797e-14	-0.138981475644628	0.276	0.297	1.25128370608856e-09	Adgrg1	8.90264421067458	FALSE
9.11913990610193e-14	0.0573296802926297	0.744	0.71	1.26218015440357e-09	Gmds	8.89887865263595	FALSE
9.27288683677294e-14	0.132725762753208	0.164	0.145	1.28346026707774e-09	Otud5	8.89161757152388	FALSE
9.39979350390853e-14	0.106201424765658	0.28	0.256	1.30102541887598e-09	Gsr	8.88571421829642	FALSE
9.80519126011815e-14	0.0822342508812827	0.289	0.264	1.35713652231295e-09	Phyhip	8.86737646191663	FALSE
1.00515409734237e-13	-0.10066015516914	0.868	0.867	1.39123378613158e-09	Tcf12	8.85659988402983	FALSE
1.03497200661019e-13	0.0512383630070412	0.701	0.677	1.43250475434916e-09	Aopep	8.84390392797546	FALSE
1.03536671527252e-13	0.0726651888992297	0.396	0.366	1.43305107060869e-09	Smc6	8.84373833208115	FALSE
1.04418761044215e-13	0.11083447300454	0.264	0.241	1.44526007161298e-09	Slain2	8.84005399546559	FALSE
1.06536368012456e-13	0.108293124202995	0.294	0.271	1.4745698696604e-09	Arhgef7	8.83133464441496	FALSE
1.07680640332931e-13	-0.339187225294221	0.104	0.119	1.4904077428481e-09	C5h1orf122	8.8266949018937	TRUE
1.09546016046858e-13	0.0326064058372699	0.898	0.871	1.51622640810456e-09	Negr1	8.81923594352667	FALSE
1.10899290990499e-13	-0.122983899494887	0.477	0.492	1.53495708659949e-09	Taf15	8.81390376175915	FALSE
1.12001261403406e-13	-0.143370825138669	0.433	0.449	1.55020945908454e-09	Prpf40a	8.80960961745632	FALSE
1.19137807454946e-13	0.0891657189286946	0.451	0.424	1.64898639298391e-09	Fam135b	8.78278292802824	FALSE
1.20881153922423e-13	0.13880893576796	0.214	0.194	1.67311605144026e-09	Lingo1	8.77647393426048	FALSE
1.26256254848324e-13	-0.192928676053671	0.246	0.265	1.74751282335565e-09	Vcl	8.7575796286912	FALSE
1.31826836963341e-13	0.0819153805579035	0.367	0.341	1.8246152504096e-09	Gtf3c1	8.73882869955824	FALSE
1.35813102217935e-13	-0.266652050182536	0.187	0.203	1.87978914779844e-09	Serinc5	8.72589086195077	TRUE
1.35964630558954e-13	-0.127392200034336	0.493	0.507	1.88188645156649e-09	Sos2	8.72540658438687	FALSE
1.38326017842017e-13	-0.126426485840765	0.486	0.501	1.91457041295136e-09	Ppp2r3a	8.71792865679402	FALSE
1.38411141830966e-13	0.165288858031753	0.177	0.159	1.91574861408241e-09	Sms	8.71766147995454	FALSE
1.43525744328864e-13	0.151691255115447	0.169	0.15	1.9865398272558e-09	Clcn2	8.70190272354391	FALSE
1.47480047261163e-13	0.0583344367703319	0.539	0.51	2.04127133414175e-09	Far1	8.69009926324652	FALSE
1.48350700201536e-13	-0.245560016923904	0.111	0.126	2.05332204148946e-09	Dus2	8.68754293086642	FALSE
1.48648434092264e-13	0.121468795320135	0.221	0.2	2.05744297627103e-09	Spats2	8.68667219277864	FALSE
1.5595362824323e-13	0.0973810981489108	0.275	0.252	2.15855416851455e-09	Sppl2a	8.66583704833188	FALSE
1.57025006279993e-13	-0.0848832138742615	0.538	0.556	2.17338311192138e-09	Brinp3	8.66286371190866	FALSE
1.69972250585107e-13	-0.168484024714548	0.292	0.312	2.35258592034847e-09	Rack1	8.62845450645466	FALSE
1.71547415618899e-13	-0.197691369191552	0.178	0.196	2.37438777958119e-09	Vipas39	8.62444835160748	FALSE
1.8967667670448e-13	0.085125891874593	0.35	0.324	2.62531488226671e-09	Ttc7b	8.58081859952297	FALSE
2.20737333241046e-13	0.103973503473885	0.227	0.206	3.05522542938931e-09	Begain	8.51495673988039	FALSE
2.21741352697121e-13	0.0891111943240803	0.3	0.275	3.06912206268086e-09	Yaf2	8.51298583881009	FALSE
2.22683156751415e-13	-0.198456701957977	0.108	0.124	3.08215757259634e-09	Plxnb1	8.51114516212643	FALSE
2.29461509262383e-13	-0.267914953184518	0.099	0.114	3.17597674970064e-09	Tmem256	8.49812268556285	TRUE
2.38452001663829e-13	0.12679928248885	0.194	0.174	3.30041415502906e-09	Fbxo33	8.48143155892271	FALSE
2.39742125914885e-13	-0.264444903924838	0.093	0.107	3.31827076478792e-09	Ctsf	8.47908817923525	TRUE
2.402031914785e-13	0.0727310522256824	0.529	0.501	3.32465237325391e-09	Zc3h12b	8.47825375796093	FALSE
2.47357438931996e-13	-0.318175648725437	0.092	0.106	3.42367431225775e-09	Urm1	8.46550755565281	TRUE
2.69097501211608e-13	0.0946421630972261	0.283	0.259	3.72457851426986e-09	Dlat	8.42892286634753	FALSE
2.69702204805509e-13	-0.135939281167507	0.458	0.471	3.73294821671305e-09	Srek1	8.4279480345451	FALSE
2.73449274810162e-13	0.17050925639982	0.155	0.138	3.78481141264745e-09	Col4a2	8.4219557553943	FALSE
2.75153237567137e-13	-0.0936544555012571	0.268	0.29	3.80839596116674e-09	Lhfpl6	8.41925790408749	FALSE
2.83092244802614e-13	-0.208575533174889	0.157	0.175	3.91827976031298e-09	Vps28	8.40690455914714	FALSE
2.86096315573649e-13	0.124454105019308	0.206	0.186	3.95985910385487e-09	Spin1	8.40232026647523	FALSE
2.97921072335285e-13	0.170654891185232	0.149	0.132	4.12352556219269e-09	Gne	8.3847313088528	FALSE
3.0094065337558e-13	0.0652666658570958	0.5	0.471	4.16531958337141e-09	Sh3gl2	8.38035167181539	FALSE
3.05978563427022e-13	0.102583445826649	0.437	0.41	4.23504929639341e-09	Nudt3	8.37314153007305	FALSE
3.11766187357218e-13	-0.144297527237448	0.38	0.398	4.31515579921126e-09	Serinc1	8.36500351941199	FALSE
3.15197507463222e-13	-0.149701068620168	0.151	0.169	4.36264870079846e-09	Rasa3	8.36024975686128	FALSE
3.24940741184996e-13	0.0895089960785838	0.187	0.167	4.49750479874153e-09	Selenom	8.34702836459923	FALSE
3.39115004410084e-13	-0.137415049341736	0.494	0.503	4.69369077603997e-09	Syn3	8.32848552544964	FALSE
3.41931872093078e-13	-0.173611608688004	0.263	0.281	4.73267904164029e-09	Ift74	8.32489294729008	FALSE
3.53969493668573e-13	0.111656868324416	0.217	0.195	4.89929176186672e-09	Tmod1	8.3098666967356	FALSE
3.56370568842988e-13	0.0800876156810535	0.195	0.174	4.9325250433558e-09	Nsun7	8.30693070107554	FALSE
3.66211531597132e-13	-0.193283390409491	0.177	0.195	5.0687338088359e-09	Slc25a11	8.29510051571864	FALSE
3.68163916687108e-13	-0.148948762850412	0.353	0.372	5.09575677086627e-09	Nhs	8.29279130979194	FALSE
3.69596609336030e-13	-0.265886503126297	0.097	0.112	5.11558666982e-09	Fads1	8.29110455298699	TRUE
3.8077637600765e-13	0.0918642313880172	0.248	0.226	5.27032582032188e-09	Hipk3	8.27816253514915	FALSE
3.84560763490835e-13	0.183538820372281	0.154	0.137	5.32270552747665e-09	Ankrd26	8.27386756000224	FALSE
3.95514643766918e-13	-0.221473311989345	0.193	0.21	5.47431818437791e-09	Capns1	8.26166996364793	FALSE
3.95556022507557e-13	0.144353191081054	0.178	0.159	5.47489090752709e-09	Esd	8.26162453013735	FALSE
4.13153900515371e-13	-0.19661651867991	0.196	0.214	5.71846313703325e-09	Rpl36a	8.24272067414196	FALSE
4.13837287927429e-13	0.0967117172019811	0.195	0.175	5.72792190220354e-09	Ugp2	8.24200291208171	FALSE
4.15236603077674e-13	-0.224512902303835	0.219	0.236	5.74728982319809e-09	Wwp2	8.24053690179758	FALSE
4.22689666177045e-13	-0.273997552024801	0.12	0.136	5.85044766955647e-09	Rtkn	8.23281090092987	TRUE
4.28026762137536e-13	0.155299291779209	0.25	0.229	5.92431841474563e-09	Washc4	8.2273616074684	FALSE
4.42517317178643e-13	0.0618082421796875	0.734	0.707	6.1248821870696e-09	Ncoa1	8.2129022605957	FALSE
4.5233174360251e-13	-0.17856116466647	0.218	0.237	6.26072366320235e-09	Cox7a2l	8.20337546474944	FALSE
4.55571661140319e-13	0.0829962547953839	0.317	0.293	6.30556736184316e-09	Slc4a3	8.2002758304181	FALSE
4.9094630673143e-13	0.0738547458961476	0.427	0.4	6.79518783146973e-09	Spns1	8.16779853406859	FALSE
4.9761302526799e-13	0.137662076822239	0.175	0.157	6.88746188273425e-09	Foxj2	8.16194079164854	FALSE
5.04118917830304e-13	0.0901074095173688	0.257	0.234	6.97750994168923e-09	Coro7	8.15629953604783	FALSE
5.06640785969632e-13	-0.19101717950092	0.176	0.194	7.01241511860568e-09	Asrgl1	8.15413238259771	FALSE
5.11291335221835e-13	-0.177098824577846	0.295	0.314	7.07678337080542e-09	Mob3b	8.15016409848882	FALSE
5.5839111181312e-13	0.0882544814503133	0.415	0.39	7.7286913786054e-09	Neurl1	8.11189403456323	FALSE
5.70609651911929e-13	-0.110410964500181	0.492	0.505	7.897808192113e-09	Kidins220	8.10249341784162	FALSE
5.73057650282923e-13	-0.222713958485265	0.092	0.107	7.93169093756594e-09	Olfm2	8.10063421664585	FALSE
5.92118704597748e-13	0.0573664565052723	0.536	0.502	8.19551499033743e-09	Plxna2	8.08642375100934	FALSE
6.04426752329465e-13	0.0936046863290242	0.304	0.281	8.36587067899212e-09	Ocrl	8.07748885309918	FALSE
6.05889370596246e-13	-0.185780912976382	0.239	0.258	8.38611477842263e-09	Frg1	8.07643919782388	FALSE
6.09018558750769e-13	-0.25181312353863	0.119	0.134	8.42942587166939e-09	Oxa1l	8.07420200417205	TRUE
6.19183545007067e-13	0.144984544658726	0.192	0.173	8.57011944644281e-09	Tcaf1	8.06701312503485	FALSE
6.25072304437395e-13	0.145373122357629	0.173	0.155	8.65162576571798e-09	Pmepa1	8.06290227464658	FALSE
6.36802729761874e-13	0.0638754694551554	0.49	0.461	8.81398658263410e-09	Lrp6	8.05482761494391	FALSE
6.60463009612693e-13	-0.263708472073331	0.338	0.349	9.14146851604929e-09	Slc12a2	8.03898403214501	TRUE
6.69748862280358e-13	-0.240864087305907	0.156	0.173	9.26999400282244e-09	Slc20a2	8.03292054682012	FALSE
6.89364680984901e-13	-0.174917353125462	0.261	0.279	9.54149654951201e-09	Prpsap2	8.02038350242152	FALSE
7.01969611263003e-13	0.107754463871898	0.313	0.289	9.71596138949123e-09	Rasgef1b	8.01251421971749	FALSE
7.03733164465904e-13	0.181609016243581	0.118	0.103	9.74037072937258e-09	C8h15orf61	8.01142451307449	FALSE
7.13156508248895e-13	-0.194470936034548	0.09	0.105	9.87079923067296e-09	Cux2	8.00564768143184	FALSE
7.28916777380164e-13	-0.138133287916286	0.909	0.904	1.00889371157189e-08	Ncam2	7.99615458491202	FALSE
7.62670533508953e-13	-0.25096024530699	0.115	0.13	1.05561228542974e-08	Sirt3	7.97649556401537	TRUE
7.73791776711568e-13	-0.278753218861907	0.111	0.126	1.07100519814648e-08	Dbt	7.97020842130553	TRUE
8.01265751248606e-13	0.0979405168627658	0.235	0.213	1.1090319263032e-08	Foxg1	7.95505595140023	FALSE
8.05779010931246e-13	0.124858861935491	0.193	0.174	1.11527872902994e-08	Srrm4	7.95261658073062	FALSE
8.06182007350436e-13	-0.091798646989522	0.675	0.685	1.11583651637374e-08	Gatad2b	7.9523994301634	FALSE
8.06445434505671e-13	-0.245561546997076	0.183	0.2	1.1162011258993e-08	Coro1c	7.95225754375126	FALSE
8.15219682991741e-13	0.0588805004737294	0.645	0.615	1.12834556322887e-08	Jakmip2	7.94755787444825	FALSE
8.26224626211347e-13	-0.116203342084051	0.532	0.542	1.14357750513912e-08	Cdk12	7.94173439606504	FALSE
8.33968022019894e-13	0.140949488708555	0.125	0.109	1.15429513927774e-08	Rcn1	7.93768313314596	FALSE
8.55851681860594e-13	0.129038239509698	0.154	0.136	1.18458431286325e-08	Tnpo2	7.92643402290395	FALSE
8.7359637778291e-13	-0.229321228788332	0.121	0.137	1.20914474648933e-08	Taf10	7.91752170671673	FALSE
9.44062045365811e-13	0.0904762469402056	0.273	0.251	1.30667627699082e-08	Slc35b1	7.88383199354456	FALSE
9.46115612087009e-13	-0.126260118612309	0.472	0.487	1.30951861868963e-08	Zdhhc20	7.88288832241119	FALSE
9.52923224162618e-13	0.0575776408601653	0.63	0.599	1.31894103456348e-08	Pja2	7.87977461987147	FALSE
1.02418823661793e-12	0.0730218749779904	0.485	0.456	1.41757893830288e-08	Ap1g2	7.84845274794488	FALSE
1.02447915629038e-12	0.150027778459931	0.151	0.134	1.41798160022152e-08	Phf2	7.84832940453667	FALSE
1.05604980438651e-12	0.154968285350587	0.104	0.09	1.46167853425137e-08	Kbtbd2	7.83514813090201	FALSE
1.0866476336028e-12	0.0901000184715268	0.374	0.35	1.50402898966963e-08	Amfr	7.82274379277881	FALSE
1.10157667179049e-12	0.0830140644754819	0.447	0.419	1.52469227142521e-08	Abcd3	7.8168178011092	FALSE
1.12906331385376e-12	0.0801665731202819	0.408	0.382	1.56273653270499e-08	Sez6l2	7.80611423505649	FALSE
1.1644779486648e-12	0.0641357477196167	0.344	0.318	1.61175392874695e-08	Tbc1d12	7.7927012624967	FALSE
1.18026484641033e-12	-0.230134688403129	0.149	0.165	1.63360457391654e-08	Txn1	7.78685305927777	FALSE
1.18436773984918e-12	0.129900938681049	0.24	0.219	1.63928338872525e-08	Ajap1	7.78534596191403	FALSE
1.1905990262361e-12	0.0562847033880758	0.596	0.567	1.64790811221339e-08	Med13	7.78306700833748	FALSE
1.22853561779738e-12	0.151589658794517	0.174	0.156	1.70041614859335e-08	Mapk9	7.76944477925674	FALSE
1.24003451413752e-12	0.0639975208782802	0.335	0.308	1.71633177101775e-08	Pak2	7.76539875821502	FALSE
1.26554689382414e-12	-0.116618514627703	0.416	0.434	1.75164345574199e-08	Rpl7a	7.75655428912798	FALSE
1.28459587197382e-12	0.120020466256377	0.23	0.209	1.77800914639897e-08	Prcc	7.7500660092711	FALSE
1.28937262430361e-12	0.0671322862635358	0.434	0.407	1.78462064929863e-08	Abat	7.74845408623259	FALSE
1.30183250117961e-12	-0.116966760072513	0.476	0.488	1.8018663648827e-08	Zfp612	7.74427742154016	FALSE
1.31941060483442e-12	0.0171955821214906	0.829	0.797	1.82619621815132e-08	Tenm2	7.73845256092981	FALSE
1.34014131851993e-12	-0.151579833855096	0.191	0.21	1.85488959896344e-08	Gnai2	7.7316819340208	FALSE
1.41381071450115e-12	0.0939960745663269	0.359	0.335	1.95685540994104e-08	Gpr149	7.70844126273475	FALSE
1.42611558524328e-12	0.0825870806172365	0.287	0.265	1.97388658153522e-08	B4galt6	7.70467780527758	FALSE
1.43272733050522e-12	0.127118704419012	0.12	0.105	1.98303789815228e-08	Entpd1	7.70266898584455	FALSE
1.43851843294202e-12	0.0871396158005297	0.351	0.327	1.99105336303505e-08	Ccdc62	7.70091710011268	FALSE
1.46364308201334e-12	0.0646312717038697	0.454	0.426	2.02582838981466e-08	Gak	7.69339734698816	FALSE
1.47301582740329e-12	0.138329981285244	0.21	0.19	2.0388012067089e-08	Cdc42ep3	7.69062511803661	FALSE
1.48597310038854e-12	0.0855793389357611	0.433	0.409	2.05673536824777e-08	Tspoap1	7.68682158361061	FALSE
1.58915169222405e-12	0.0580932355793577	0.628	0.599	2.1995448572073e-08	Bicd1	7.65766717665645	FALSE
1.62099939033132e-12	-0.232736331179349	0.14	0.156	2.24362525615758e-08	Msmo1	7.64904967984627	FALSE
1.65863248032799e-12	0.133390652713888	0.139	0.122	2.29571321602198e-08	Fem1a	7.63908236561127	FALSE
1.68137579681595e-12	-0.20884104388033	0.171	0.188	2.32719224037295e-08	Pbdc1	7.63316773983973	FALSE
1.68979779207814e-12	-0.205609085349816	0.145	0.162	2.33884912401536e-08	Clcc1	7.63099779303522	FALSE
1.72343681979161e-12	0.120010296734777	0.297	0.276	2.38540890227357e-08	Clvs2	7.62243716430537	FALSE
1.73912051078827e-12	-0.0817910424055561	0.418	0.436	2.40711669898205e-08	Bsg	7.61850285426366	FALSE
1.84127221834537e-12	0.0984717191485243	0.265	0.244	2.54850487741182e-08	Lrp12	7.59371453090752	FALSE
1.85126494944127e-12	0.0553391761088425	0.615	0.583	2.56233581652167e-08	Senp6	7.59136395277055	FALSE
1.88644910071734e-12	-0.293869152277151	0.122	0.137	2.61103420030287e-08	Npc1	7.58318743958819	TRUE
1.93743708827066e-12	-0.284337710032809	0.088	0.102	2.68160667387542e-08	Eif3g	7.57160492219374	TRUE
1.93824865839836e-12	0.164261758556394	0.137	0.121	2.68272996808917e-08	Pdk3	7.57142303931864	FALSE
1.94183730916373e-12	-0.177796638454391	0.277	0.295	2.68769701961352e-08	Fis1	7.57061969027828	FALSE
1.94649371530703e-12	-0.181987610681491	0.231	0.248	2.69414195135646e-08	Psmd6	7.56957952551478	FALSE
1.96247673934668e-12	0.10477018624412	0.282	0.261	2.71626405492974e-08	Vat1l	7.56602801346934	FALSE
1.9676080681459e-12	0.125275754758393	0.118	0.102	2.72336632712074e-08	Synpo	7.56489393664514	FALSE
1.99634104090723e-12	0.098764313647313	0.282	0.259	2.7631356347197e-08	Cbx5	7.55859779624001	FALSE
1.99909766925789e-12	-0.148826541241166	0.341	0.36	2.76695108401984e-08	Atp5mf	7.55799851853452	FALSE
2.08658502814004e-12	0.078810750608462	0.263	0.24	2.88804233744862e-08	Ints13	7.53939644448691	FALSE
2.1133520419867e-12	0.0759546986953112	0.445	0.418	2.9250905613138e-08	Ube2d3	7.53386068354077	FALSE
2.1943494850011e-12	-0.124046952270545	0.428	0.443	3.03719912219003e-08	Ggnbp2	7.51752673431371	FALSE
2.2039278081565e-12	-0.184204968194945	0.113	0.128	3.05045647926941e-08	Cecr2	7.51563516668798	FALSE
2.23629911133426e-12	0.16652808639225	0.154	0.138	3.09526159999776e-08	Ablim3	7.50930264013842	FALSE
2.31893052568635e-12	0.104171470805949	0.179	0.159	3.20963174060248e-08	Cep68	7.49354479382532	FALSE
2.34804542718973e-12	0.0757398702312822	0.358	0.333	3.2499296757733e-08	Akap5	7.48812603648391	FALSE
2.43470883864731e-12	-0.240947746492527	0.117	0.132	3.36988050357174e-08	Drap1	7.47238549899796	FALSE
2.67598765943156e-12	-0.136877373336686	0.282	0.301	3.70383451941923e-08	Cdk14	7.43134842504316	FALSE
2.77128261418807e-12	-0.117696118340259	0.155	0.173	3.83573226629771e-08	Acsbg1	7.4161517141519	FALSE
2.86551683145196e-12	0.162809554734741	0.123	0.108	3.96616184641265e-08	Lpl	7.40162956759673	FALSE
2.95177601441466e-12	0.049429625768675	0.307	0.281	4.08555318155133e-08	Snrnp48	7.38874913192714	FALSE
2.99543324161305e-12	-0.182176285549137	0.264	0.282	4.14597914971662e-08	Kcne2	7.38237288631977	FALSE
3.25872877222055e-12	0.135650637956623	0.193	0.174	4.51040649363046e-08	Klhdc1	7.34578431621843	FALSE
3.33254715593632e-12	-0.171696718082066	0.258	0.276	4.61257851853146e-08	Ndufb10	7.33605622790612	FALSE
3.37575768387531e-12	0.186095918394253	0.113	0.098	4.67238621025181e-08	Prrt3	7.33046126648449	FALSE
3.38515947000341e-12	-0.157595037347378	0.206	0.224	4.68539922243171e-08	Htra1	7.32925339886106	FALSE
3.4402034516168e-12	-0.150841302168346	0.303	0.321	4.76158559738282e-08	Orc3	7.3222484041015	FALSE
3.59259767891536e-12	0.0660600370668437	0.391	0.365	4.97251444738675e-08	Ap1s1	7.30342394638126	FALSE
3.77297573634688e-12	0.0720848877414914	0.409	0.383	5.22217571667772e-08	Zdhhc17	7.28214851905087	FALSE
3.85793272101301e-12	0.109197028219815	0.228	0.208	5.3397646791541e-08	Dnajc2	7.27247788169742	FALSE
3.94629726465052e-12	0.0921042456936523	0.24	0.219	5.46207004400279e-08	Ccdc149	7.26264273489404	FALSE
3.97755614924795e-12	0.103943688498018	0.22	0.199	5.50533546617408e-08	Tead1	7.25921621226546	FALSE
3.99442972606158e-12	-0.209244345486537	0.172	0.189	5.52869018384183e-08	Xrcc1	7.25737774632783	FALSE
4.13119893200012e-12	-0.0706852739282873	0.762	0.765	5.71799244178136e-08	Elmo1	7.24275642304148	FALSE
4.15873654200505e-12	0.0591683415331075	0.418	0.391	5.7561072477892e-08	Pak3	7.23987112288534	FALSE
4.18434855608297e-12	0.0569836979336222	0.509	0.481	5.79155683647444e-08	Ppp2r2c	7.23720467727311	FALSE
4.26596387897791e-12	-0.0586582432532429	0.419	0.442	5.90452060489332e-08	Add3	7.22881535750876	FALSE
4.27828487537064e-12	-0.18055075301052	0.221	0.239	5.9215740960005e-08	Gdi2	7.22756283207142	FALSE
4.43950568293576e-12	0.0809314306349056	0.426	0.402	6.14471981575139e-08	Fam98c	7.21149791509604	FALSE
4.50150237185814e-12	-0.183599984461834	0.341	0.357	6.23052943288885e-08	Meis1	7.20547504804181	FALSE
4.67448969770412e-12	0.125906335379211	0.183	0.165	6.46996119059228e-08	Tgfbr3	7.189098324395	FALSE
4.72975964110997e-12	0.0379786380622056	0.642	0.608	6.54646031926031e-08	Penk	7.18399346021256	FALSE
4.77220841172277e-12	-0.218660476739872	0.28	0.295	6.60521366266549e-08	Abhd17b	7.18011312944752	FALSE
4.81987265177338e-12	0.102152725262375	0.206	0.186	6.67118573731953e-08	Cnnm3	7.1757969676715	FALSE
4.85824571358911e-12	-0.273573057639422	0.097	0.111	6.72429789217869e-08	Ino80b	7.1723530551874	TRUE
5.07988260993814e-12	0.0951772682923917	0.216	0.196	7.03106552041538e-08	Zfp341	7.15297885498425	FALSE
5.20993667416651e-12	0.0689549933981533	0.378	0.352	7.21107335071387e-08	Hacd3	7.14200008679267	FALSE
5.29425229292321e-12	-0.112558739043019	0.634	0.636	7.32777459863502e-08	St3gal3	7.13502789797483	FALSE
5.38622109746669e-12	-0.193168173087342	0.172	0.189	7.45506862100364e-08	Eif3k	7.127548354681	FALSE
5.40323674016629e-12	0.118659551685443	0.167	0.149	7.47861997206417e-08	Ccdc138	7.12617853499809	FALSE
5.73470851863547e-12	-0.182016578509219	0.37	0.385	7.93741006064335e-08	Gse1	7.10032118269368	FALSE
6.1322463148792e-12	-0.137246561713528	0.363	0.38	8.48764212442431e-08	Khdc4	7.07121294044794	FALSE
6.40667872988669e-12	0.114032828690273	0.184	0.166	8.86748403003616e-08	Taok2	7.05219958500132	FALSE
6.99316459233771e-12	-0.270398792006399	0.132	0.147	9.67923911225462e-08	Kctd3	7.0141587813628	TRUE
7.5231798848465e-12	-0.177750832574952	0.318	0.334	1.0412833278616e-07	Sirt2	6.9824310851052	FALSE
7.61543307703846e-12	0.105939236894643	0.174	0.156	1.05405209219289e-07	Abcf2	6.97713792537311	FALSE
8.42251610905409e-12	-0.118565903628147	0.458	0.471	1.16576045465418e-07	Luc7l	6.93339068106047	FALSE
8.63301807738457e-12	0.0782389013418033	0.358	0.333	1.1948960320908e-07	Ttbk2	6.92266988103682	FALSE
8.91416994364063e-12	0.0629662845999231	0.443	0.415	1.2338102618993e-07	Clstn1	6.90875162194444	FALSE
8.97750320628998e-12	-0.308591642171976	0.096	0.109	1.2425762187826e-07	Tp53bp2	6.90567696244858	TRUE
9.06461745045323e-12	-0.112972748663595	0.633	0.643	1.25463370131723e-07	Limch1	6.90148305084975	FALSE
9.25145612355792e-12	-0.122814462418577	0.528	0.532	1.28049404206165e-07	Atp1a3	6.8926224378951	FALSE
9.28259821106494e-12	0.0552962291262644	0.421	0.393	1.2848044183935e-07	Map4k3	6.89116297854063	FALSE
9.51251066835601e-12	-0.183369025600178	0.276	0.293	1.31662660160716e-07	Rcn2	6.88053737451017	FALSE
9.5740330375115e-12	0.0856619400411207	0.247	0.226	1.32514191272197e-07	Slc25a27	6.87773760956733	FALSE
9.59461137335282e-12	-0.139228018903332	0.325	0.343	1.32799016018576e-07	Rps4x	6.87680514288431	FALSE
9.64934075325569e-12	0.143491064739294	0.176	0.159	1.33556525365812e-07	Fam171a2	6.87433488816576	FALSE
9.73871465651231e-12	0.127970489760394	0.159	0.142	1.34793549560787e-07	E2f3	6.87033089012402	FALSE
9.7565222739399e-12	-0.134921033894323	0.463	0.476	1.35040024793602e-07	Elob	6.86953749098113	FALSE
9.91483847953387e-12	0.0517474238668131	0.594	0.566	1.37231279395228e-07	Akap9	6.86254688775128	FALSE
9.9713079754383e-12	0.0843615459644474	0.379	0.354	1.38012873688041e-07	Erp44	6.86008040120086	FALSE
1.05438075052109e-11	0.0565363514703246	0.374	0.349	1.45936839679623e-07	Ptprr	6.83583506280147	FALSE
1.07343916403812e-11	-0.175592033643377	0.192	0.209	1.48574714694516e-07	Usp11	6.82805509503722	FALSE
1.13341815306388e-11	-0.178934434655749	0.318	0.334	1.56876406565572e-07	Marcks	6.80444236724068	FALSE
1.13819891151981e-11	-0.212430586545127	0.173	0.189	1.57538111343457e-07	Npc2	6.80261436540492	FALSE
1.14067820105269e-11	-0.210601617936004	0.12	0.135	1.57881269807703e-07	Spint2	6.80166938931819	FALSE
1.1421239813179e-11	0.150309092083567	0.128	0.113	1.5808138025421e-07	Cc2d1a	6.80111928078928	FALSE
1.15524116829881e-11	0.126676403944562	0.203	0.185	1.59896930104238e-07	Kif3c	6.79615987428746	FALSE
1.17631200108995e-11	0.0819235007690125	0.315	0.292	1.62813344070861e-07	Smap2	6.78831000350796	FALSE
1.17940344258337e-11	-0.162621607059133	0.284	0.303	1.63241230487964e-07	Swi5	6.78717014023962	FALSE
1.19733099445687e-11	-0.0545134917571954	0.841	0.836	1.65722582942775e-07	Birc6	6.78061830643184	FALSE
1.21657439808412e-11	0.102552250387046	0.296	0.273	1.68386062438824e-07	Mras	6.77369385853952	FALSE
1.2296526361566e-11	0.108037625713251	0.243	0.223	1.70196221370435e-07	Slc16a7	6.76905008617967	FALSE
1.26063156294004e-11	-0.265375802638248	0.093	0.106	1.74484014626531e-07	Mppe1	6.75824435482223	TRUE
1.27077492625404e-11	0.0704653746817333	0.469	0.443	1.75887957542822e-07	Slc12a5	6.75476389420789	FALSE
1.30665169783843e-11	-0.106994216422994	0.442	0.458	1.80853661497817e-07	Fam135a	6.74267269424436	FALSE
1.3424283601425e-11	-0.216832919030471	0.125	0.14	1.85805509327323e-07	Ssr4	6.73094141286669	FALSE
1.37253167226914e-11	0.184772148587943	0.11	0.096	1.89972108758771e-07	Sh2d5	6.72131015642252	FALSE
1.39188839535447e-11	0.0402712196041147	0.474	0.444	1.92651272801012e-07	Ttyh1	6.71522811736144	FALSE
1.39236946381501e-11	-0.135258888126344	0.38	0.396	1.92717857486635e-07	Csnk1d	6.71507804119	FALSE
1.39637177607926e-11	0.128137224421664	0.126	0.111	1.93271817527131e-07	Actr8	6.71383146922431	FALSE
1.42358382779804e-11	0.126825404713868	0.238	0.219	1.97038237605527e-07	Disp1	6.70544948566762	FALSE
1.48845803922006e-11	0.116008440551566	0.197	0.178	2.06017477208449e-07	Edrf1	6.6860959352948	FALSE
1.48853962180544e-11	0.0811882216110892	0.321	0.298	2.06028769054091e-07	Rasgef1a	6.68607213220814	FALSE
1.52306739524717e-11	0.0473545861837732	0.644	0.613	2.10807758176161e-07	Tlk1	6.67611341020002	FALSE
1.54411512349189e-11	0.166509665059872	0.114	0.099	2.13720974242512e-07	Zc2hc1a	6.67015285476247	FALSE
1.57511729831131e-11	0.114343206206586	0.157	0.141	2.18011985259268e-07	Naa50	6.66151963029959	FALSE
1.58957360678618e-11	-0.283073805601787	0.119	0.133	2.20012882915275e-07	Lima1	6.6575518881996	TRUE
1.59437453823986e-11	0.0790703613935891	0.294	0.272	2.20677379837779e-07	Synj2bp	6.65624218117954	FALSE
1.71916926941508e-11	0.0584897304370865	0.464	0.437	2.37950218579742e-07	Cacna1b	6.62351389192455	FALSE
1.72891360607871e-11	0.0606188729361368	0.303	0.279	2.39298932217354e-07	Btbd1	6.62105923926013	FALSE
1.74576296121654e-11	-0.130542158057277	0.395	0.411	2.41631051461981e-07	Smchd1	6.61684725625926	FALSE
1.80232088270994e-11	-0.160972831460848	0.564	0.557	2.49459233375882e-07	Mgat4c	6.60300041663969	FALSE
1.80680901563696e-11	0.0395233921626406	0.891	0.859	2.50080435854311e-07	Ttc3	6.60192028241127	FALSE
2.07774461034496e-11	0.0839360856441468	0.268	0.246	2.87580631517845e-07	Rundc3a	6.54124036692676	FALSE
2.09923086509724e-11	-0.187771692711732	0.156	0.172	2.90554544038109e-07	Keap1	6.5367723281576	FALSE
2.12524194205087e-11	0.0951600896683202	0.15	0.133	2.94154737199261e-07	Mon1a	6.53142415314792	FALSE
2.20739936392869e-11	-0.206659489275162	0.091	0.104	3.05526145961369e-07	Shank1	6.51495161828274	FALSE
2.2250194088338e-11	-0.162966094177674	0.433	0.447	3.07964936376686e-07	Nkain3	6.51149872767158	FALSE
2.23209519747179e-11	-0.170651891459202	0.267	0.284	3.08944296282071e-07	Arhgef28	6.51011981830371	FALSE
2.27340279635134e-11	0.0654813402243588	0.492	0.465	3.14661681042989e-07	Snd1	6.5021561415	FALSE
2.28242665637957e-11	-0.166071624284371	0.254	0.271	3.15910673509497e-07	Mettl16	6.50043570056535	FALSE
2.31534105854693e-11	-0.173563595348404	0.894	0.896	3.20466355913481e-07	Pde4b	6.49421755805807	FALSE
2.37714706110808e-11	0.10635763140346	0.17	0.153	3.2902092472797e-07	Tcp1	6.48277648136638	FALSE
2.47688727445327e-11	-0.152888329275666	0.295	0.312	3.42825967657077e-07	Ociad1	6.46492628948207	FALSE
2.48672106660706e-11	-0.166538309255211	0.24	0.257	3.44187062829083e-07	Fktn	6.4632054577956	FALSE
2.51899936968588e-11	0.128431008110448	0.196	0.179	3.48654702758223e-07	Top3b	6.45760447252655	FALSE
2.58758570273533e-11	-0.192048313934973	0.197	0.214	3.58147737115598e-07	Immp1l	6.44593778849898	FALSE
2.65338544793527e-11	0.063119854650672	0.491	0.464	3.67255079848721e-07	Fyttd1	6.43503218836273	FALSE
2.67993575009866e-11	-0.141414199075266	0.411	0.425	3.70929907171155e-07	Ndufb8	6.43070814915785	FALSE
2.70899112735323e-11	-0.223510461740938	0.137	0.152	3.74951461936961e-07	Igsf8	6.42602494874505	FALSE
2.71648147415766e-11	0.0756123813379566	0.368	0.344	3.75988200838162e-07	Shprh	6.42482578377255	FALSE
2.7683459414886e-11	0.138073470821908	0.149	0.133	3.83166761761437e-07	Map3k14	6.41661217133064	FALSE
2.89463766598891e-11	0.135921152809087	0.159	0.143	4.00646799349525e-07	Camta2	6.39723832236109	FALSE
3.03311078182906e-11	-0.183347274757378	0.245	0.262	4.1981286331296e-07	Pomp	6.37694425851148	FALSE
3.11049519742736e-11	-0.162823641693571	0.243	0.261	4.30523640275921e-07	Pycr3	6.36600299622078	FALSE
3.17202460017625e-11	-0.0850073425054505	0.485	0.501	4.39039924910395e-07	Ly6h	6.35749598458734	FALSE
3.18241103162259e-11	-0.23391408098866	0.129	0.144	4.40477510886882e-07	Amn1	6.35607626011699	FALSE
3.23436002869292e-11	-0.197864097795938	0.205	0.221	4.47667771571388e-07	Rftn2	6.34904417015199	FALSE
3.30594521227189e-11	-0.10217816258528	0.558	0.566	4.57575876830553e-07	Tnks	6.33953687939758	FALSE
3.31840777419208e-11	0.10086755500366	0.196	0.177	4.59300820025926e-07	Zfp318	6.33790277920124	FALSE
3.39310058270115e-11	0.0787961823568629	0.35	0.327	4.69639051651666e-07	Nck2	6.32823579759588	FALSE
3.80229755677726e-11	0.0455685023881311	0.405	0.378	5.26276004833541e-07	Sgk3	6.27878643086805	FALSE
3.82327400523777e-11	-0.201308928913667	0.126	0.141	5.29179355064959e-07	Kank1	6.27639710733461	FALSE
4.16428523180872e-11	-0.188329460205944	0.159	0.174	5.76378718934645e-07	Wipi1	6.23929206259065	FALSE
4.18405486837456e-11	-0.175637790921662	0.095	0.109	5.79115034331723e-07	Glis3	6.23723516025649	FALSE
4.4552131130771e-11	0.0837829979624587	0.316	0.294	6.16646046981001e-07	Cep295	6.20996404820652	FALSE
4.50095807086692e-11	0.0479287232146923	0.668	0.64	6.2297760658869e-07	Mark3	6.2055275641109	FALSE
4.66478681030701e-11	-0.238593430402014	0.098	0.112	6.45653142414593e-07	Mrpl58	6.19000073090746	FALSE
4.71631927852456e-11	0.0510461803606619	0.882	0.865	6.52785751340585e-07	Dip2c	6.18522933369919	FALSE
4.80013603188033e-11	0.0993119665123396	0.163	0.146	6.64386828172556e-07	Ddx23	6.17757898625779	FALSE
4.89304875068286e-11	-0.239032383786276	0.475	0.475	6.77246877582015e-07	Arap2	6.16925298858645	FALSE
4.92508060210081e-11	-0.126511851452511	0.414	0.427	6.81680406136773e-07	Usp22	6.16641918895442	FALSE
4.92598489790618e-11	0.127416244005448	0.225	0.207	6.81805569719194e-07	Pex5	6.16633945530949	FALSE
4.96602026750493e-11	0.0689130070954682	0.41	0.385	6.87346865225357e-07	Hdac9	6.16282404367296	FALSE
5.02246216806262e-11	0.0833282536470079	0.35	0.327	6.95158988681547e-07	Iqsec2	6.15791585726519	FALSE
5.07606022079281e-11	-0.0653427947247863	0.279	0.255	7.02577495159932e-07	Xylt1	6.15330576556647	FALSE
5.11645735828874e-11	-0.219379121652016	0.119	0.133	7.08168862960745e-07	Mrrf	6.14986317238391	FALSE
5.12519653471845e-11	0.143196778434721	0.106	0.092	7.0937845237038e-07	Preb	6.14912200751726	FALSE
5.1361131510019e-11	0.149702621240605	0.111	0.097	7.10889421230173e-07	Ubtf	6.14819794847474	FALSE
5.3247941711599e-11	0.062411953389427	0.446	0.42	7.37004761230241e-07	Pcbp2	6.13252970648377	FALSE
5.49518937624469e-11	0.094229815050151	0.254	0.234	7.60589161566028e-07	Zrsr2	6.11884986759865	FALSE
5.61786297991624e-11	-0.192449375845096	0.287	0.303	7.77568415050207e-07	Acsl1	6.10926138883281	FALSE
5.89301267773976e-11	-0.264643854346704	0.121	0.135	8.1565188472596e-07	Ddit4	6.08849515595241	TRUE
5.98243869304213e-11	-0.210211334035385	0.193	0.209	8.28029339503961e-07	Dnajc19	6.08195427461738	FALSE
6.00876697748718e-11	0.105008634079238	0.206	0.188	8.31673437354001e-07	St6gal2	6.08004716913679	FALSE
6.0865455718552e-11	0.072338711933303	0.428	0.402	8.42438772600478e-07	Nexn	6.07446165329107	FALSE
6.10294912083696e-11	0.0584394171529312	0.194	0.175	8.44709187815043e-07	B3galt5	6.07329278201521	FALSE
6.12239356488083e-11	0.203137280900169	0.143	0.128	8.47400493315156e-07	Cdh22	6.07191128750993	FALSE
6.17871074608703e-11	0.0665602651733555	0.338	0.314	8.55195354365905e-07	Baz1b	6.06793466698863	FALSE
6.64051840873243e-11	0.0549720425391495	0.37	0.345	9.19114152952655e-07	Smap1	6.03663054637378	FALSE
6.73504730777867e-11	0.135725023790768	0.158	0.142	9.32197897869645e-07	Fam234b	6.03049188074761	FALSE
6.77766584726626e-11	0.0344509609390193	0.522	0.494	9.38096729920123e-07	Fyn	6.02775237792731	FALSE
7.06580343032332e-11	-0.211843843934574	0.226	0.242	9.77977852791051e-07	Insr	6.00967098009946	FALSE
7.08968975599445e-11	0.0603932663027603	0.42	0.395	9.81283959127191e-07	Evl	6.0082053004313	FALSE
7.17832182601811e-11	-0.102626212894803	0.651	0.64	9.93551523939167e-07	Nalcn	6.00280960617646	FALSE
7.27195479268657e-11	-0.0224902433154943	0.622	0.591	1.00651126285575e-06	Frmd4b	5.99718136099516	FALSE
7.47089862416773e-11	-0.131384447884988	0.377	0.393	1.03404707857106e-06	Ubc	5.985459688033	FALSE
7.49173559808506e-11	-0.219904032348031	0.128	0.142	1.03693112413095e-06	Tmem147	5.98425008970862	FALSE
7.63464827191117e-11	-0.132157507493981	0.409	0.423	1.05671166731522e-06	Tlk2	5.97604349743831	FALSE
8.0199574985307e-11	0.034475478617559	0.822	0.804	1.11004231737163e-06	Ptk2	5.95466046459111	FALSE
8.16271226315266e-11	-0.214285808201678	0.159	0.174	1.12980100434296e-06	Ndufs8	5.946998043531	FALSE
8.26237576045434e-11	-0.231976904757513	0.119	0.132	1.14359542900449e-06	Lage3	5.94172758920256	FALSE
8.61285364347204e-11	0.0797956471364134	0.224	0.204	1.19210507279297e-06	Ppp1r1a	5.92368546395561	FALSE
8.73310680297211e-11	-0.152210633342029	0.201	0.216	1.20874931259937e-06	Dip2a	5.91766375988672	FALSE
8.77483063767931e-11	0.117793834116605	0.19	0.173	1.21452430856119e-06	Hsf1	5.91559378841888	FALSE
8.80056682839245e-11	0.093016411486179	0.239	0.219	1.2180864547178e-06	Chst1	5.91432188619051	FALSE
8.84018377604746e-11	-0.135962689327989	0.188	0.205	1.22356983644273e-06	Entr1	5.91237123782331	FALSE
8.84380878527747e-11	-0.174439957641907	0.211	0.227	1.22407157397025e-06	Dpagt1	5.91219318736077	FALSE
8.89283023900477e-11	-0.200822223099896	0.265	0.28	1.23085663338065e-06	Snx1	5.90979252948758	FALSE
8.95005619453217e-11	-0.198518962317162	0.17	0.185	1.2387772778852e-06	Arl2bp	5.90700676923354	FALSE
9.18910420802196e-11	0.0610953219999469	0.515	0.488	1.27186391343232e-06	Stxbp1	5.89555935473097	FALSE
9.42224509569195e-11	0.168079928587259	0.144	0.129	1.30413294369472e-06	Nup210	5.88467813424055	FALSE
9.56366070422379e-11	0.168235510340116	0.101	0.088	1.32370627807161e-06	Ets2	5.87820837136478	FALSE
9.61875169426587e-11	-0.094440586564843	0.826	0.822	1.33133142200334e-06	Ccdc88a	5.87571381768072	FALSE
9.98852260991353e-11	0.0902240348309543	0.28	0.259	1.38251141443813e-06	Prdm5	5.85933127434006	FALSE
9.99714526125342e-11	-0.156463433063156	0.292	0.309	1.38370487561009e-06	Elp3	5.85895652878211	FALSE
1.00041768947224e-10	-0.177019212025168	0.185	0.201	1.38467812399852e-06	Araf	5.85865116899476	FALSE
1.01976358193559e-10	-0.246147998937803	0.093	0.105	1.41145477375706e-06	Bscl2	5.85033303308378	FALSE
1.07018431850573e-10	-0.117158412124277	0.536	0.545	1.48124211524378e-06	Rnf130	5.82937394841982	FALSE
1.07324285192577e-10	0.107433235420378	0.128	0.113	1.48547543135045e-06	Csnk1e	5.82813452670593	FALSE
1.07573669937954e-10	-0.112419541686572	0.442	0.456	1.48892716561122e-06	Chm	5.8271265462685	FALSE
1.1306862731502e-10	0.119281992578697	0.168	0.152	1.56498287066719e-06	Tmem38a	5.80549041160982	FALSE
1.16254943083232e-10	0.129844866230679	0.241	0.223	1.60908466721502e-06	L1cam	5.79342110348527	FALSE
1.17070961319224e-10	0.10895759157196	0.16	0.143	1.62037917561938e-06	Rxrb	5.79038334680893	FALSE
1.19393330455233e-10	0.127979761422813	0.183	0.166	1.65252308683089e-06	Mfsd11	5.78185246442131	FALSE
1.19808850587136e-10	0.137595117360947	0.153	0.137	1.65827430097655e-06	Mmp17	5.78034362966795	FALSE
1.21630811468872e-10	0.079285922314956	0.269	0.248	1.68349206154066e-06	Zc3h7a	5.77378892717445	FALSE
1.22109052664561e-10	0.097855556555217	0.252	0.233	1.69011139793019e-06	Inpp5b	5.77208466940292	FALSE
1.27452779603809e-10	-0.142405401805082	0.372	0.387	1.76407392249632e-06	Atp5f1a	5.75348321996407	FALSE
1.31843488886893e-10	0.0777808888094791	0.267	0.246	1.82484572968348e-06	Phc2	5.73877384440154	FALSE
1.3234122294169e-10	0.02741418067598	0.517	0.487	1.83173486673593e-06	Wwp1	5.73713738778963	FALSE
1.33643154192354e-10	-0.119432869443815	0.498	0.508	1.84975489717637e-06	Map4k4	5.73288581422179	FALSE
1.34443647864676e-10	-0.142523634044036	0.274	0.291	1.86083453009499e-06	Usp36	5.73029224366755	FALSE
1.36027682795779e-10	-0.229685496610386	0.088	0.1	1.88275915757638e-06	Zfp438	5.72520523135099	FALSE
1.36115538339022e-10	-0.197791903639633	0.218	0.233	1.8839751661504e-06	Fam76a	5.72492482621136	FALSE
1.37552427271133e-10	0.120270958525335	0.15	0.134	1.90386314585975e-06	Plpp5	5.72036427293371	FALSE
1.38281382120244e-10	0.0638739530374188	0.277	0.255	1.9139526099263e-06	Hipk1	5.71806881969518	FALSE
1.40004426097564e-10	-0.16270576129452	0.271	0.287	1.93780126161638e-06	Blmh	5.71269076568008	FALSE
1.41636486904707e-10	0.0959760497580917	0.179	0.162	1.96039061524805e-06	Slc33a1	5.70765738520233	FALSE
1.42966655768933e-10	0.114325643822596	0.176	0.159	1.97880148249781e-06	Prkag1	5.70359777293876	FALSE
1.43108832769899e-10	0.0442679907417616	0.676	0.644	1.98076935436817e-06	Ext1	5.70316609182988	FALSE
1.44430777507394e-10	0.100281187448595	0.213	0.194	1.99906639147984e-06	Dlst	5.69917278218276	FALSE
1.46442598332957e-10	0.0987272209609416	0.168	0.151	2.02691200352646e-06	Tmtc3	5.69316510538318	FALSE
1.46561606459384e-10	-0.199457354684002	0.102	0.115	2.02855919500433e-06	Acsl5	5.69281231470915	FALSE
1.51127240108683e-10	0.0940801229339141	0.276	0.256	2.09175213034428e-06	Tmem63b	5.67948978003495	FALSE
1.53901063830863e-10	0.0550543584332079	0.475	0.448	2.13014462448298e-06	Wdr70	5.6715909094802	FALSE
1.54815494431018e-10	0.03620552089712	0.555	0.522	2.14280125841972e-06	Arhgap18	5.66901810724757	FALSE
1.58105254009362e-10	0.142837980683215	0.236	0.219	2.18833482074358e-06	Xpo1	5.65988622910429	FALSE
1.6245220702009e-10	0.0393281151081132	0.248	0.227	2.24850099736507e-06	Ppm1d	5.64810691545648	FALSE
1.62736638182196e-10	0.186412101527258	0.118	0.104	2.25243780907977e-06	Ppil6	5.64734719126848	FALSE
1.63194821432797e-10	-0.242308587604457	0.099	0.112	2.25877952345134e-06	Ubxn2b	5.64612615793374	FALSE
1.68377498334538e-10	0.0925488044439886	0.251	0.232	2.33051295444833e-06	Gmeb1	5.63254847864438	FALSE
1.68689325870363e-10	-0.137253383752978	0.314	0.33	2.3348289593717e-06	Hmgn3	5.63174492868322	FALSE
1.69776383772597e-10	-0.077181359832864	0.296	0.316	2.34987492779651e-06	Cspg5	5.62895525245734	FALSE
1.70098618545961e-10	-0.227857908788097	0.144	0.158	2.35433497929465e-06	Mthfd1	5.62813174484468	FALSE
1.72240316720601e-10	0.0140053344938926	0.417	0.385	2.38397822372983e-06	Msi2	5.62269771594403	FALSE
1.74326307510824e-10	0.112345710316638	0.144	0.128	2.41285042225731e-06	Rbp4	5.61746960009774	FALSE
1.75299855847543e-10	0.105347279334443	0.12	0.106	2.42632530478584e-06	Msh6	5.61505097238857	FALSE
1.76647511768726e-10	0.132252393431554	0.143	0.128	2.44497821039094e-06	Gcfc2	5.61172500694901	FALSE
1.77109444131181e-10	0.0504426012142183	0.686	0.657	2.45137181621967e-06	Dync1i2	5.61059081135679	FALSE
1.77436860558984e-10	0.135930555080926	0.169	0.153	2.45590358699689e-06	Chst10	5.60978868657693	FALSE
1.77926369825433e-10	-0.095385899581695	0.412	0.429	2.46267888475382e-06	Osbpl1a	5.60859221328118	FALSE
1.83635289719221e-10	-0.204520895845314	0.112	0.126	2.54169604500374e-06	Hscb	5.59487638685457	FALSE
1.84252057642782e-10	0.06231174497188	0.462	0.436	2.55023272983374e-06	Clec16a	5.59342018479328	FALSE
1.86668901939431e-10	0.192859129148303	0.154	0.139	2.58368427174367e-06	Far2	5.58776055856286	FALSE
1.86831598176952e-10	0.0797632090037039	0.324	0.301	2.5859361503672e-06	Ahctf1	5.58738220253588	FALSE
1.87774320193682e-10	0.108038323338853	0.143	0.127	2.59898436580076e-06	Tspan12	5.58519633299106	FALSE
1.93417103405353e-10	-0.166971320457451	0.235	0.251	2.67708612823349e-06	Ap4e1	5.57233765630099	FALSE
1.9370396182912e-10	0.140335464695105	0.176	0.16	2.68105653567686e-06	Myo5b	5.57169402791432	FALSE
1.94299894867224e-10	0.113835352169226	0.147	0.132	2.68930484485725e-06	Adck1	5.57035996574419	FALSE
1.96207814851647e-10	0.115659910939667	0.119	0.105	2.71571236536165e-06	Chtf8	5.56611623024992	FALSE
2.02648057777209e-10	-0.0800668162424021	0.701	0.7	2.80485176769435e-06	Mapk1	5.5520900856283	FALSE
2.03801061148127e-10	0.151040398050653	0.16	0.144	2.82081048735122e-06	C14h4orf50	5.54962609039987	FALSE
2.11195934014397e-10	0.0338688699877654	0.965	0.956	2.92316292269327e-06	Adgrl3	5.53414697853418	FALSE
2.11686195372627e-10	0.0468288743828246	0.609	0.584	2.92994863015252e-06	Dennd4a	5.53313999392469	FALSE
2.12600739012565e-10	-0.203942823981389	0.111	0.124	2.94260682867291e-06	Thyn1	5.53126776153092	FALSE
2.18000394314217e-10	-0.235452915242541	0.089	0.101	3.01734345770307e-06	Plbd2	5.52037525220635	FALSE
2.21286563664907e-10	0.0965785929548451	0.225	0.206	3.06282732768598e-06	Jade1	5.51387748662372	FALSE
2.21621750420587e-10	-0.0594537661544141	0.717	0.721	3.06746664757134e-06	Scg5	5.5132201506399	FALSE
2.26557344345537e-10	-0.217870537394121	0.105	0.118	3.13578020308657e-06	Zfp110	5.50365438601693	FALSE
2.27118651565121e-10	-0.200901896444402	0.146	0.161	3.14354925631284e-06	Pex3	5.50257973029478	FALSE
2.33805815356147e-10	-0.211982001720142	0.115	0.129	3.23610629034443e-06	Gstcd	5.48997722236509	FALSE
2.37320080134705e-10	0.0638260624533018	0.128	0.113	3.28474722914445e-06	Gnpda2	5.48349804504224	FALSE
2.3755399464382e-10	0.101998951262342	0.24	0.221	3.28798483986511e-06	Calcoco1	5.48307019355842	FALSE
2.41367933874625e-10	0.085141429366939	0.348	0.326	3.34077357275868e-06	Brk1	5.47615295849352	FALSE
2.43164571067429e-10	-0.225572729064535	0.318	0.33	3.36564082814429e-06	Rffl	5.47293223259012	FALSE
2.49628706479751e-10	0.0781604454561198	0.278	0.257	3.45511092638624e-06	Dcun1d5	5.46153800503534	FALSE
2.52757403318646e-10	0.179281515921146	0.128	0.114	3.49841521933339e-06	Arhgef37	5.45612864632575	FALSE
2.56611448728256e-10	-0.150756589359528	0.25	0.266	3.55175906184779e-06	Xrcc4	5.44955650281997	FALSE
2.59192146930169e-10	0.0537331773153693	0.223	0.203	3.58747850566047e-06	Crybg3	5.44521069232095	FALSE
2.63810931576642e-10	0.178304300722268	0.178	0.162	3.6514071039523e-06	Map3k5	5.43753974383921	FALSE
2.63819841838408e-10	-0.132010274483996	0.406	0.419	3.65153043088541e-06	Wdr20	5.43752507571251	FALSE
2.6641297946311e-10	-0.19886348849168	0.157	0.172	3.6874220487489e-06	Uqcc2	5.43327715180186	FALSE
2.68140074909424e-10	-0.355417857830983	0.617	0.611	3.71132677682134e-06	Ctnna3	5.4304708049823	TRUE
2.69317434132675e-10	-0.220688181025435	0.091	0.103	3.72762260583035e-06	Vwa5b2	5.4285680631909	FALSE
2.75031466288268e-10	-0.0985959218356861	0.351	0.369	3.80671052489592e-06	Dcps	5.41945014714681	FALSE
2.75701842379418e-10	-0.212743168635191	0.127	0.14	3.81598920037352e-06	Wbp2	5.4183928630625	FALSE
2.76735185394412e-10	-0.228854974996023	0.133	0.148	3.83029170104406e-06	Rgma	5.41676815048835	FALSE
2.78805495399357e-10	0.132802774004225	0.127	0.113	3.85894686182251e-06	Lemd2	5.41353120167638	FALSE
2.79462644968496e-10	-0.241412560611813	0.101	0.114	3.86804246900895e-06	Psen2	5.41250876624493	FALSE
2.84277725678138e-10	0.101566632366513	0.261	0.242	3.93468800111111e-06	Septin8	5.40508969907819	FALSE
2.85256103523839e-10	-0.200666894764034	0.224	0.239	3.94822972887346e-06	Romo1	5.40359758571885	FALSE
2.88695675033784e-10	0.0574590253915654	0.399	0.376	3.9958368381426e-06	Cwc27	5.39839225361448	FALSE
2.97410947680985e-10	0.0891175201026548	0.226	0.208	4.11646492685251e-06	Gpatch1	5.38547558051708	FALSE
3.02074521718708e-10	-0.170785525345719	0.127	0.141	4.18101345510864e-06	Plekhg1	5.37871843482461	FALSE
3.14827451384965e-10	0.0382572872264637	0.881	0.858	4.35752675461931e-06	Mbd5	5.36075993770096	FALSE
3.17914689449053e-10	0.0778385827462815	0.181	0.163	4.40025721666435e-06	Dcbld2	5.3565219361245	FALSE
3.19184400521719e-10	0.0690489917576659	0.348	0.326	4.41783128762111e-06	Cbx6	5.35479087340217	FALSE
3.20987969226645e-10	0.0618842028834176	0.381	0.357	4.44279448206599e-06	Lingo2	5.35234377619623	FALSE
3.28960751495117e-10	0.0703065862771219	0.36	0.337	4.55314576144391e-06	Asph	5.34168844624848	FALSE
3.32333530171667e-10	0.0287179582491759	0.899	0.886	4.59982839110604e-06	Dock4	5.33725837053276	FALSE
3.37943548970326e-10	-0.227858185355747	0.134	0.147	4.67747666129828e-06	Rps19bp1	5.32998837077497	FALSE
3.41139488486703e-10	0.106589365719888	0.201	0.184	4.72171166014446e-06	Bend6	5.32590053742494	FALSE
3.47864664357005e-10	-0.181553951837817	0.239	0.254	4.81479481936531e-06	Atl3	5.31742221543791	FALSE
3.50520246425474e-10	-0.190382244575216	0.152	0.166	4.85155073077498e-06	Brf1	5.3141194230114	FALSE
3.5220463077077e-10	0.0862370662002971	0.278	0.259	4.87486429449822e-06	Rhobtb2	5.3120374696005	FALSE
3.53628907362922e-10	0.0655805096943944	0.459	0.434	4.8945777068102e-06	Camkv	5.31028477219864	FALSE
3.55584648439115e-10	0.143157713382885	0.102	0.089	4.92164711904579e-06	Ubfd1	5.30788952833033	FALSE
3.65834128366265e-10	0.0687402227021983	0.368	0.345	5.06351017071747e-06	Hs2st1	5.29554831334686	FALSE
3.6716778830147e-10	-0.185031305407736	0.125	0.139	5.08196935788065e-06	Smg5	5.29396795788924	FALSE
3.70493610055409e-10	0.178221822953565	0.103	0.09	5.12800205677692e-06	Arvcf	5.29005180929917	FALSE
3.74475633673864e-10	-0.170078432203041	0.184	0.2	5.18311724567996e-06	Mrpl17	5.28540896700922	FALSE
3.82117311420649e-10	-0.0777121448418048	0.739	0.736	5.28888570737321e-06	Taok1	5.27663581796749	FALSE
3.97214123641266e-10	-0.15460652012515	0.315	0.33	5.49784068531876e-06	Cdc73	5.25980784915778	FALSE
4.02787155416138e-10	-0.182459418179922	0.205	0.22	5.57497701811476e-06	Psma6	5.25375691858052	FALSE
4.21350757768283e-10	0.0623429331341072	0.192	0.174	5.83191583827081e-06	Trmt11	5.23418875204919	FALSE
4.28240851393844e-10	-0.20658157005331	0.092	0.104	5.9272816241422e-06	Trdmt1	5.22714443754835	FALSE
4.32099959394636e-10	-0.124349834475495	0.171	0.186	5.98069553798116e-06	Zmat4	5.22324830585412	FALSE
4.33393571532835e-10	0.0643705877293734	0.355	0.331	5.99860042358596e-06	Snx3	5.22195006615244	FALSE
4.42461398085653e-10	0.124732098805634	0.154	0.138	6.12410821090352e-06	Zfr2	5.21295714407059	FALSE
4.48607902847492e-10	0.0502404822296081	0.589	0.56	6.20918198331214e-06	C1qtnf4	5.20696561134261	FALSE
4.53704578234467e-10	0.0874142348205096	0.264	0.244	6.27972506734326e-06	Efr3b	5.20205936969424	FALSE
4.5910848897173e-10	-0.187897727819497	0.174	0.189	6.35452059585771e-06	Bckdha	5.19691720835578	FALSE
4.79636116852349e-10	0.0556242475681537	0.312	0.29	6.63864349335336e-06	Calb1	5.17792065309229	FALSE
5.16753944682557e-10	0.0484135521237682	0.438	0.413	7.15239134835127e-06	Rasa1	5.14554873082013	FALSE
5.18234747278435e-10	-0.17231358109226	0.302	0.317	7.17288713708082e-06	Slc38a9	5.14430600258553	FALSE
5.27997787236234e-10	0.0788684120768164	0.223	0.204	7.30801737313672e-06	Brms1l	5.13620042888266	FALSE
5.31807061283107e-10	-0.20197170378692	0.141	0.155	7.36074153521948e-06	Snapin	5.1330784317995	FALSE
5.33826504586005e-10	0.136335950119951	0.189	0.173	7.3886926499749e-06	Gpr176	5.13143239856454	FALSE
5.40383937782999e-10	-0.201490150831658	0.175	0.19	7.47945408285449e-06	Cep63	5.12613009965641	FALSE
5.43211248052485e-10	0.0485532582169298	0.569	0.541	7.51858688429444e-06	Vti1a	5.12386377723053	FALSE
5.53321423486176e-10	-0.198009752349817	0.127	0.141	7.65852182247217e-06	Oscp1	5.1158550458103	FALSE
5.60820718095896e-10	0.130541067140865	0.151	0.136	7.76231955916529e-06	Ulk4	5.11000848219309	FALSE
5.78144683564904e-10	-0.159541898574344	0.569	0.573	8.00210056522184e-06	Fmnl2	5.0967959949907	FALSE
6.08138831138985e-10	-0.0681579568284554	0.849	0.845	8.41724956179469e-06	Gpatch8	5.07482979629997	FALSE
6.13175335488831e-10	-0.102857314856586	0.13	0.145	8.48695981850092e-06	Anln	5.07124785398508	FALSE
6.13532652896561e-10	0.0514561377084402	0.4	0.376	8.49190544874129e-06	Arhgap20	5.07099485003577	FALSE
6.19899769858655e-10	-0.128670945161043	0.307	0.323	8.58003271461364e-06	Cnbp	5.06651105623648	FALSE
6.20588732847519e-10	-0.209288177559984	0.127	0.141	8.58956865134251e-06	Krcc1	5.06602864490512	FALSE
6.21121050060247e-10	-0.139901134778285	0.3	0.315	8.59693645388388e-06	Cox5a	5.06565628343152	FALSE
6.24104017282678e-10	-0.255327956165716	0.096	0.108	8.63822370320955e-06	Tpgs1	5.06357555326241	TRUE
6.34766247173102e-10	0.110542316788931	0.132	0.117	8.7857996271229e-06	Skil	5.05621870567201	FALSE
6.40070412056152e-10	0.0948142655482471	0.147	0.132	8.8592145732692e-06	Adam17	5.05260477942393	FALSE
6.41116859281755e-10	-0.124107103160919	0.185	0.201	8.87369844931877e-06	Shroom2	5.05189533379188	FALSE
6.427256452408e-10	0.132946258382522	0.168	0.153	8.89596565577791e-06	Rbm24	5.05080690241837	FALSE
6.57820774989027e-10	-0.177671519386752	0.181	0.195	9.10489734662313e-06	Pcbp4	5.0407249463047	FALSE
6.69799424403304e-10	0.0384233051683777	0.382	0.357	9.27069383316613e-06	Ubl3	5.03288776136368	FALSE
6.79043627182402e-10	0.052175833735398	0.332	0.309	9.39864284383163e-06	Prim1	5.02693485363304	FALSE
6.91784555116545e-10	0.0989559052734514	0.121	0.107	9.5749900273681e-06	Tfb1m	5.0188616696895	FALSE
6.93157366966087e-10	0.0536880939567045	0.34	0.317	9.59399111617761e-06	Caap1	5.01800068801697	FALSE
6.96061096355217e-10	0.0761967118321829	0.111	0.098	9.63418163465256e-06	Polk	5.01618517012624	FALSE
7.02383899437723e-10	0.0552144444849458	0.578	0.551	9.72169555211752e-06	Cdh2	5.01225798356035	FALSE
7.12226331446985e-10	-0.187940679019684	0.121	0.135	9.85792465355772e-06	Rab34	5.00621450558373	FALSE
7.19431798710204e-10	0.00341493458523301	0.928	0.93	9.95765552594793e-06	Zbtb20	5.00184290173676	FALSE
7.25690485099907e-10	-0.174399726860932	0.22	0.235	1.00442820042678e-05	C1h11orf58	4.99808110249256	FALSE
7.41334673963784e-10	-0.141722357374148	0.309	0.325	1.02608132223327e-05	Dnajc7	4.98881821778407	FALSE
7.44921045946639e-10	0.147374690052776	0.109	0.096	1.03104521969474e-05	Birc2	4.98672228696359	FALSE
7.50635483453565e-10	-0.196086075021036	0.184	0.198	1.03895457264808e-05	Rab2b	4.98340344116234	FALSE
7.55259330301172e-10	0.0626642071957671	0.373	0.35	1.04535443906985e-05	Ensa	4.98073643220053	FALSE
7.63864121078909e-10	-0.164864129998261	0.14	0.155	1.05726432998532e-05	Rin2	4.97581641978582	FALSE
7.74975442639287e-10	0.18505735836706	0.11	0.097	1.07264351015704e-05	Vgf	4.96954459051871	FALSE
7.81766354703178e-10	0.0532428571482484	0.72	0.69	1.08204281154467e-05	Trps1	4.96575555581929	FALSE
8.01730181021389e-10	0.202353257431552	0.129	0.116	1.1096747435517e-05	Tox3	4.95480429849315	FALSE
8.06000279123663e-10	-0.133919938427083	0.351	0.366	1.11558498633506e-05	Mff	4.95249733914936	FALSE
8.114761511032e-10	-0.0934896080151112	0.594	0.597	1.12316414074194e-05	Map2k1	4.94955677071152	FALSE
8.20266606147559e-10	0.133546888080123	0.116	0.102	1.13533100956884e-05	Kmt5c	4.94487749999425	FALSE
8.40333355597646e-10	0.0638398450776319	0.638	0.608	1.1631053974827e-05	Rabep1	4.93438092889052	FALSE
8.41802903293022e-10	0.057074700013674	0.466	0.442	1.16513939844787e-05	Arnt	4.93362211210146	FALSE
8.47541795098384e-10	0.0598231064707574	0.281	0.26	1.17308259859567e-05	Tasor2	4.93067140744851	FALSE
8.64409446410932e-10	0.0197185115990433	0.519	0.489	1.19642911477737e-05	Gas7	4.92211302707393	FALSE
8.67558957635427e-10	-0.234831570117682	0.287	0.298	1.20078835326319e-05	Myo1d	4.92053353307163	FALSE
8.74122168936364e-10	0.0478029523983947	0.507	0.482	1.20987249402482e-05	Actr2	4.91726039667468	FALSE
8.90288427584092e-10	0.11004718896966	0.126	0.112	1.23224821261914e-05	Crat	4.90930180311863	FALSE
8.94553371110961e-10	0.0933493777411591	0.267	0.249	1.23815132095468e-05	Kif3a	4.90722627467003	FALSE
9.01171805572638e-10	0.13628225423586	0.106	0.093	1.24731189609309e-05	Zfp746	4.90402493560309	FALSE
9.80323265794389e-10	-0.0649484071960214	0.763	0.752	1.35686543218601e-05	Lrba	4.867463221579	FALSE
9.8935650324205e-10	-0.218159064278987	0.136	0.149	1.36936833613732e-05	Nphp1	4.86347971853079	FALSE
1.00557691172439e-09	-0.0532283823143351	0.283	0.302	1.39181900351774e-05	Slc1a2	4.85641723806191	FALSE
1.00992747188259e-09	-0.169052749702679	0.301	0.315	1.3978406138327e-05	Lrrc4b	4.85454234538517	FALSE
1.03789661522652e-09	0.0428482280143154	0.775	0.752	1.43655270513502e-05	Herc1	4.84267843571491	FALSE
1.05748931571649e-09	-0.156897196947319	0.265	0.28	1.4636709618832e-05	Mapk8ip1	4.83455654315426	FALSE
1.05864489875775e-09	0.10700225111182	0.221	0.204	1.4652704043706e-05	Crkl	4.83408222221124	FALSE
1.06090268099834e-09	0.137534276682426	0.145	0.13	1.46839540076981e-05	Slc25a25	4.83315698444006	FALSE
1.12990273042421e-09	0.164887320425873	0.11	0.098	1.56389836918015e-05	Slc35d1	4.80579147323165	FALSE
1.15880792350439e-09	0.0650810206650657	0.252	0.233	1.60390604692243e-05	Kpna3	4.7948210752652	FALSE
1.16915803616075e-09	-0.205594273335834	0.136	0.15	1.61823163785009e-05	Rps25	4.79095931224183	FALSE
1.25040210662065e-09	-0.160530676256035	0.223	0.239	1.73068155577365e-05	Nono	4.76178283466241	FALSE
1.27123213004668e-09	0.0894003488243714	0.313	0.293	1.75951239119762e-05	Ankrd13d	4.7546076703407	FALSE
1.31705672778485e-09	0.0878641726649447	0.241	0.223	1.82293821692701e-05	Phlpp2	4.73922805021632	FALSE
1.34026616411559e-09	-0.227534850951616	0.162	0.175	1.85506239775239e-05	Atf1	4.73164147766954	FALSE
1.3863944212391e-09	0.0379494345194233	0.626	0.596	1.91890851843703e-05	Mib1	4.71694572921712	FALSE
1.42769896415923e-09	-0.144243102881308	0.236	0.252	1.97607813629279e-05	Fbf1	4.70419588692962	FALSE
1.4377586074601e-09	0.114795595668947	0.174	0.158	1.99000168858553e-05	Zcchc14	4.70114655507619	FALSE
1.45662404997802e-09	0.103971874923889	0.248	0.231	2.01611334757457e-05	Shc2	4.695485055142	FALSE
1.47798996817972e-09	0.075311638256518	0.343	0.322	2.04568591495756e-05	Megf8	4.68916104504799	FALSE
1.4860149224326e-09	0.104573918602304	0.154	0.139	2.05679325413896e-05	Slc25a28	4.6868093607599	FALSE
1.49641463489555e-09	-0.125831703820994	0.351	0.366	2.07118749615894e-05	Ndufv2	4.68378058441828	FALSE
1.53801600780778e-09	-0.146339037001698	0.253	0.268	2.12876795640675e-05	Fermt2	4.67187167568913	FALSE
1.65564756543752e-09	0.0420871649306442	0.313	0.291	2.29158179532207e-05	Ube2q2	4.63986463651082	FALSE
1.71202335479025e-09	-0.136862875151003	0.216	0.231	2.36961152536519e-05	Dctn2	4.62532284648731	FALSE
1.72068212794637e-09	0.0285313354980498	0.358	0.332	2.38159613329057e-05	Acbd5	4.62313188347215	FALSE
1.72894472424995e-09	0.0341700994793031	0.697	0.673	2.39303239283435e-05	Glcci1	4.62105142260094	FALSE
1.74658153577874e-09	0.0567656264305711	0.179	0.162	2.41744350367136e-05	Tmem230	4.61664366670948	FALSE
1.77265921491167e-09	-0.0965620641822557	0.369	0.385	2.45353761935925e-05	Sqstm1	4.61020727872448	FALSE
1.78691440856111e-09	0.0320418522414261	0.662	0.635	2.47326823288943e-05	Cask	4.60672878062755	FALSE
1.79970087194256e-09	-0.197031744916169	0.093	0.105	2.4909659768557e-05	Fabp7	4.60363220428394	FALSE
1.8100507344599e-09	0.0813872517063787	0.224	0.206	2.50529122156594e-05	Atp2b3	4.6011417833425	FALSE
1.85388226947824e-09	0.0440866642491669	0.601	0.575	2.56595844918483e-05	Nr3c2	4.59075038047701	FALSE
1.88098800173576e-09	-0.218408918277892	0.192	0.206	2.60347549320247e-05	Usp20	4.58444650603017	FALSE
1.89045785108953e-09	0.0806171496875473	0.389	0.368	2.61658271169302e-05	Wdr47	4.58226553240755	FALSE
1.93582020152318e-09	-0.0499980464406109	0.852	0.854	2.67936874092824e-05	Uba52	4.57196751366678	FALSE
1.94579041156957e-09	-0.197259930209744	0.148	0.162	2.69316850865345e-05	Nsfl1c	4.56973647240029	FALSE
2.00958291045557e-09	-0.181574873064862	0.24	0.254	2.78146370636155e-05	Cpd	4.55572660253234	FALSE
2.07774702260356e-09	-0.188903522861357	0.169	0.183	2.87580965398558e-05	Ifnar1	4.54123986271177	FALSE
2.10659951155948e-09	-0.143334397634852	0.244	0.26	2.91574438394947e-05	Casd1	4.53525055220118	FALSE
2.11552562107782e-09	-0.217272886432299	0.142	0.156	2.92809901213381e-05	Selenos	4.53341424192501	FALSE
2.16406247589348e-09	0.103719738876991	0.116	0.103	2.99527887288417e-05	Cgrrf1	4.523562736775	FALSE
2.21262070216906e-09	-0.220594282239581	0.117	0.13	3.06248831387219e-05	Polr3h	4.51392555984553	FALSE
2.27008494433485e-09	-0.150097697005878	0.238	0.254	3.14202457145386e-05	Apoo	4.50279042298634	FALSE
2.27070184276696e-09	-0.12464427420804	0.4	0.414	3.14287842057375e-05	Ndufa13	4.50267241894908	FALSE
2.41143192528713e-09	0.116893476479846	0.116	0.103	3.33766292778992e-05	Paf1	4.47655752505417	FALSE
2.42163439622367e-09	0.0429369644554553	0.568	0.541	3.35178416781318e-05	Dyrk1a	4.47472395476301	FALSE
2.46165095442961e-09	0.0560026061289099	0.436	0.412	3.40717108602603e-05	Cop1	4.46760605843343	FALSE
2.48846140416613e-09	-0.0690700417875836	0.727	0.725	3.44427942950635e-05	Stag1	4.46290162209356	FALSE
2.50038971749601e-09	0.0473517574904855	0.409	0.384	3.46078940798623e-05	Hnrnph1	4.46082482709482	FALSE
2.51496167171113e-09	0.0470212418150746	0.405	0.381	3.48095844981538e-05	Adgrb2	4.45830116060643	FALSE
2.51802484182432e-09	-0.0545277165408782	0.821	0.819	3.48519818356904e-05	Rbm5	4.45777252098542	FALSE
2.59794482449243e-09	-0.182077599705864	0.096	0.108	3.59581543157997e-05	Pfkfb2	4.44420260812443	FALSE
2.65514433713955e-09	-0.026676861744195	0.534	0.5	3.67498527703486e-05	Tmtc2	4.43474439647511	FALSE
2.66386837694985e-09	-0.15037858883913	0.172	0.187	3.68706022053628e-05	Sox2	4.4333197690299	FALSE
2.71512016953817e-09	0.048044387732764	0.355	0.332	3.75799782665778e-05	Zc3h15	4.42504347539856	FALSE
2.7789694755953e-09	-0.0951972948817122	0.514	0.523	3.84637165117146e-05	Phc3	4.41494875487266	FALSE
2.79035634809580e-09	0.164221827819168	0.115	0.103	3.86213222139939e-05	Rnf215	4.41317286208402	FALSE
2.85418243186419e-09	-0.0541228764575373	0.294	0.312	3.95047390394323e-05	Grik4	4.40335080272236	FALSE
2.86566804832594e-09	-0.0688195102298113	0.737	0.739	3.96637114568793e-05	Tcf4	4.40160664994346	FALSE
2.86899316705605e-09	-0.309603885387296	0.092	0.103	3.97097344252227e-05	Megf11	4.40110301744496	TRUE
2.8737277544575e-09	-0.16647104803356	0.235	0.25	3.97752658494462e-05	Nipsnap2	4.40038690893942	FALSE
2.88609831130551e-09	-0.132115785212165	0.294	0.309	3.99464867267795e-05	Acadsb	4.39852141064955	FALSE
2.91509623268582e-09	-0.137716158993141	0.345	0.359	4.03478469566045e-05	Nup214	4.39417963516282	FALSE
2.92881972123252e-09	-0.305546345514795	0.093	0.104	4.05377937615793e-05	Ifngr1	4.39213989114486	TRUE
2.94023939398282e-09	0.0687186708931955	0.283	0.263	4.06958534521162e-05	Got2	4.39044983929089	FALSE
2.95917075773602e-09	-0.261506839026857	0.112	0.124	4.09578824578243e-05	Aifm3	4.38766250468492	TRUE
2.97144960626593e-09	0.148152629204512	0.141	0.127	4.11278340003267e-05	Crmp1	4.3858641620317	FALSE
2.98796472780827e-09	-0.189391504084513	0.168	0.182	4.13564197975943e-05	Gns	4.38345706492013	FALSE
3.05979109491767e-09	-0.0963445601055158	0.514	0.524	4.23505685447554e-05	Dzip3	4.37314075500995	FALSE
3.07205978253226e-09	-0.144819320103125	0.269	0.284	4.2520379450029e-05	Atp5f1d	4.37140286850626	FALSE
3.11540354800131e-09	-0.0730046826488298	0.639	0.643	4.31203005078862e-05	Pura	4.36531822118723	FALSE
3.13519371523218e-09	0.12249727808757	0.155	0.14	4.33942162125286e-05	Celsr2	4.36256815146382	FALSE
3.16392989271334e-09	0.126976142383908	0.164	0.15	4.37919536450453e-05	Ttc39b	4.35860567964604	FALSE
3.18557830731282e-09	0.109548545197935	0.12	0.107	4.40915893515168e-05	Lpcat4	4.35564424605567	FALSE
3.26070722158731e-09	0.0949081660937448	0.115	0.102	4.513144865399e-05	Lysmd4	4.34552072603366	FALSE
3.26541326121498e-09	0.153470277230721	0.128	0.115	4.51965849484766e-05	Add2	4.34489437921657	FALSE
3.26615148463372e-09	-0.213756342346688	0.088	0.1	4.52068026988153e-05	Abhd1	4.34479620783774	FALSE
3.27930020116321e-09	0.0447072347489961	0.271	0.25	4.53887940843e-05	Fam76b	4.34305135569054	FALSE
3.3082208119757e-09	-0.260963503755057	0.089	0.101	4.57890842585556e-05	C1qbp	4.33923804189342	TRUE
3.38610330224539e-09	-0.102638492156855	0.885	0.881	4.68670558063784e-05	Samd12	4.3291323280502	FALSE
3.39448307769461e-09	0.0466730880834798	0.644	0.617	4.69830402783711e-05	U2surp	4.32805888339923	FALSE
3.47052644271916e-09	-0.207794071309085	0.092	0.104	4.80355564936758e-05	Fam228b	4.31843717361575	FALSE
3.48317147888566e-09	-0.248703905758148	0.091	0.103	4.82105764392564e-05	Tmem42	4.3168576757584	FALSE
3.49467703213087e-09	-0.184812435988104	0.222	0.236	4.83698248017233e-05	Gtf2h1	4.31542548564819	FALSE
3.51169451403004e-09	0.0451284978155596	0.554	0.529	4.86053637686898e-05	Setd2	4.31331580220668	FALSE
3.54337780720739e-09	-0.142315588754476	0.332	0.345	4.90438922295575e-05	Lmbr1	4.30941507057077	FALSE
3.57726571761194e-09	-0.186352655499826	0.137	0.15	4.95129347974669e-05	Fnta	4.30528133081716	FALSE
3.60156022612626e-09	0.0816857274690789	0.236	0.218	4.98491950898135e-05	Fam219a	4.30234184980718	FALSE
3.68777114658317e-09	0.109811322226558	0.212	0.196	5.10424404398577e-05	Zfp704	4.29206856931381	FALSE
3.77184240763480e-09	0.0985243837919354	0.15	0.136	5.22060707640732e-05	Cluh	4.28227899228433	FALSE
3.81296979214766e-09	0.0918439261584667	0.306	0.287	5.27753148931158e-05	Sytl5	4.27756916671885	FALSE
3.82324147401681e-09	-0.145184643140754	0.234	0.25	5.29174852418666e-05	Tab2	4.27640080264649	FALSE
3.87449442242582e-09	-0.0598831491407552	0.668	0.677	5.36268773007958e-05	Atp6v0c	4.27061749131807	FALSE
3.89558613051336e-09	-0.194406232487521	0.105	0.117	5.39188076324355e-05	Mfsd10	4.26825972041152	FALSE
3.9353284333993e-09	-0.262737388516107	0.092	0.104	5.44688808466797e-05	Rcl1	4.26385154793422	TRUE
3.93769293940241e-09	0.0292344028049453	0.53	0.498	5.45016079742688e-05	Syt16	4.26359068443803	FALSE
4.04679908643055e-09	0.0218265768300221	0.275	0.255	5.60117461552853e-05	Kcnh5	4.25172088807427	FALSE
4.09409289386468e-09	-0.191604189852846	0.118	0.13	5.6666339743981e-05	Fdft1	4.2466748388907	FALSE
4.09563769807455e-09	0.0934487375533444	0.185	0.169	5.66877213790498e-05	Hdac3	4.24651099956916	FALSE
4.1334505547119e-09	0.113028456633669	0.106	0.093	5.72110891277674e-05	Naf1	4.24251978448958	FALSE
4.26014635062898e-09	0.0662450139655171	0.403	0.382	5.89646856390557e-05	Fam13c	4.22940801249076	FALSE
4.2617147944728e-09	0.0635438211348384	0.249	0.229	5.8986394470298e-05	Sccpdh	4.2292481491692	FALSE
4.30232669327718e-09	0.0721209484932286	0.166	0.15	5.95485037616494e-05	Ccdc186	4.22512914629242	FALSE
4.30798545925066e-09	0.0374654220852579	0.45	0.423	5.96268267414883e-05	Stag2	4.22455830260012	FALSE
4.36136790225105e-09	0.0328577502748413	0.727	0.692	6.03656931350568e-05	Fchsd2	4.21920980831751	FALSE
4.40407434931555e-09	0.181879596420792	0.142	0.129	6.09567930688765e-05	Rgcc	4.21497788925911	FALSE
4.41950634069992e-09	0.0513581401136085	0.234	0.215	6.11703872616275e-05	Wdtc1	4.2134587700326	FALSE
4.42252885971609e-09	0.110854909186519	0.244	0.227	6.12122219473304e-05	Lonrf2	4.21316185572462	FALSE
4.61515059497909e-09	0.0565024433610768	0.404	0.383	6.38782993851055e-05	Adar	4.19464665448559	FALSE
4.6233854670402e-09	0.0479886357405052	0.587	0.56	6.39922782493034e-05	Usp47	4.19387242782922	FALSE
4.66616763719314e-09	0.0688817429990443	0.384	0.364	6.45844262663903e-05	Apba2	4.18987219410989	FALSE
4.72164660431203e-09	-0.150007913472086	0.216	0.231	6.53523106502828e-05	Ddx1	4.1847390525375	FALSE
4.7583840237093e-09	0.10528682028271	0.188	0.172	6.58607932721604e-05	Ythdf1	4.18137304265467	FALSE
4.7957258731657e-09	-0.194866200021511	0.122	0.135	6.63776418104864e-05	Sf3b5	4.17797818077474	FALSE
4.91462076946182e-09	-0.199028003972992	0.262	0.275	6.80232660701211e-05	Cuedc1	4.16734251968089	FALSE
4.9812952750261e-09	0.0495594947740292	0.561	0.533	6.89461079016362e-05	Ppp6r2	4.16149024529019	FALSE
5.05999448204556e-09	-0.0959894254391196	0.569	0.575	7.00353836259926e-05	Smg6	4.15468248811446	FALSE
5.20310598333238e-09	-0.183172616469253	0.154	0.168	7.20161899153035e-05	Rpf2	4.14256985911761	FALSE
5.23641394475121e-09	-0.096638375817837	0.494	0.507	7.24772054093014e-05	Adk	4.1397985606226	FALSE
5.23856208482795e-09	-0.227119865352019	0.134	0.146	7.25069378161037e-05	Nap1l5	4.13962043603461	FALSE
5.33125227492773e-09	0.0777157406047593	0.206	0.189	7.37898627372747e-05	Lats1	4.13200329752196	FALSE
5.55074355925825e-09	-0.154767971890083	0.291	0.304	7.68278416036934e-05	Rnf157	4.11448136768101	FALSE
5.62117223833716e-09	-0.165715757932805	0.207	0.222	7.78026449508246e-05	Wls	4.10900563863984	FALSE
5.69538891667263e-09	-0.289542577313429	0.125	0.137	7.88298779956659e-05	Larp6	4.10330914559048	TRUE
5.72736241668597e-09	0.0349413444982259	0.532	0.504	7.92724232093505e-05	Pip5k1a	4.10087786603563	FALSE
5.74720640298745e-09	0.0239297044383355	0.826	0.792	7.95470838237493e-05	Rims2	4.09937573685295	FALSE
6.03209354764366e-09	0.050759767877339	0.353	0.332	8.34902067929359e-05	Git2	4.07836446326155	FALSE
6.0815679590616e-09	-0.148052638329596	0.415	0.426	8.41749821213716e-05	Itch	4.0748169671833	FALSE
6.17572610690071e-09	0.0423931438343125	0.371	0.345	8.54782250456127e-05	Abhd3	4.0681445045344	FALSE
6.27139617587957e-09	0.0708320952253444	0.317	0.296	8.68023944703491e-05	Irf2	4.06146829451341	FALSE
6.46904372532613e-09	-0.144738079797961	0.258	0.273	8.95380342022389e-05	Park7	4.04799244473582	FALSE
6.49597116005747e-09	0.161001775513826	0.105	0.093	8.99107368263554e-05	Dnaaf1	4.04618844323883	FALSE
6.69217594427545e-09	0.0300330017303274	0.856	0.838	9.26264072447165e-05	Arhgap32	4.03326518085907	FALSE
6.69577800627332e-09	-0.194419967801682	0.138	0.151	9.26762633848291e-05	Rif1	4.03303148485254	FALSE
6.73594417739934e-09	0.039643829620578	0.376	0.353	9.32322033593842e-05	Oxsr1	4.0304340519637	FALSE
6.88260297473617e-09	0.0650161653120924	0.311	0.291	9.52621077733234e-05	Slc38a1	4.02107981350051	FALSE
6.94884190812176e-09	0.0611604181249414	0.41	0.387	9.61789208503132e-05	Shank2	4.01692010011918	FALSE
7.07218332111055e-09	0.0196948778707497	0.756	0.71	9.78860893474911e-05	Celf4	4.00927902166848	FALSE
7.51771497634731e-09	0.0891310575158692	0.215	0.198	0.000104052692987623	Snph	3.98274667533193	FALSE
7.68670741606773e-09	-0.224885613292628	0.106	0.118	0.000106391717345793	Ecd	3.97309218079127	FALSE
7.69584525154285e-09	-0.143203411146637	0.393	0.405	0.000106518194126605	Eif5b	3.97257620505227	FALSE
7.70177071722387e-09	0.0125529078990551	0.533	0.503	0.000106600208497096	Csmd2	3.97224194588121	FALSE
7.97441693952982e-09	0.0632693416438053	0.251	0.233	0.000110373904860032	Dot1l	3.95713359250252	FALSE
8.11399104233758e-09	0.129005097099135	0.116	0.104	0.000112305750016995	Tdrd7	3.94959800743647	FALSE
8.1322823682799e-09	-0.138252253158088	0.09	0.101	0.000112558920259362	Heg1	3.94862008159721	FALSE
8.18263790380948e-09	0.0648690420538423	0.204	0.186	0.000113255891226627	Wdr82	3.94593919805093	FALSE
8.35635872337779e-09	-0.0987069235490955	0.532	0.538	0.000115660361090272	Tut4	3.9368154561681	FALSE
8.88847846875621e-09	0.0947294255614644	0.211	0.194	0.000123025430486055	Lrch2	3.91000510662397	FALSE
9.21627805202987e-09	0.0699166989801292	0.228	0.211	0.000127562504518146	Ina	3.89427696255755	FALSE
9.27223108278787e-09	-0.163399312163828	0.272	0.286	0.000128336950416867	Glyr1	3.89164828476481	FALSE
9.3657451638186e-09	0.111748723115502	0.124	0.111	0.000129631278812413	Kat2a	3.88729019463342	FALSE
9.44602196199541e-09	-0.149555106847319	0.279	0.293	0.000130742389975978	Mtmr1	3.8835835803775	FALSE
9.4501973593003e-09	0.0861181788016507	0.131	0.117	0.000130800181650075	Mcrs1	3.88339165288048	FALSE
9.45882947458542e-09	0.0932092880419895	0.128	0.114	0.000130919658757737	Spcs3	3.8829951353517	FALSE
9.46381797692814e-09	0.0406996684339584	0.692	0.664	0.000130988704618662	Abi2	3.88276615268993	FALSE
9.46528423167426e-09	0.0592996762436485	0.285	0.265	0.000131008999050603	Rsbn1l	3.8826988714909	FALSE
9.47929552550095e-09	-0.151242688082154	0.272	0.286	0.000131202929368459	G3bp2	3.88205646835705	FALSE
9.79367861386985e-09	0.0394258860704458	0.313	0.292	0.000135554305694573	Uso1	3.86788668310234	FALSE
9.88322115923621e-09	0.0651004247786642	0.214	0.197	0.000136793664064988	Ccni	3.8639340175672	FALSE
9.98623853886007e-09	0.0642347658338771	0.21	0.192	0.000138219527616362	Mat2b	3.85943059562373	FALSE
1.0047788028588e-08	-0.138956861237531	0.252	0.267	0.000139071434103686	Bex3	3.85676206688198	FALSE
1.01777399597923e-08	-0.150908960398685	0.305	0.318	0.000140870098783485	Ak3	3.85118118085402	FALSE
1.02286099249617e-08	0.0448058538362429	0.358	0.336	0.000141574189971395	Setd3	3.84901591454664	FALSE
1.02931707216069e-08	-0.241508805515676	0.263	0.276	0.000142467775957761	Sat1	3.84628335534885	FALSE
1.03464015682341e-08	-0.26513493743881	0.129	0.141	0.000143204544105928	Lhpp	3.84404320096099	TRUE
1.07975515363213e-08	0.0924483304647938	0.249	0.231	0.000149448910814223	Hdgfl2	3.8255072457575	FALSE
1.09228642214025e-08	0.115856868815492	0.177	0.162	0.000151183363688432	Rhot2	3.82049599624105	FALSE
1.10005842628642e-08	-0.154304993353071	0.198	0.212	0.000152259086782304	Gabarap	3.81741677934105	FALSE
1.11738064303307e-08	-0.166927926216424	0.419	0.425	0.000154656654802207	Pip4k2a	3.81063138777399	FALSE
1.12867555636855e-08	0.113110047777717	0.133	0.12	0.000156219983756971	Cherp	3.80626341168628	FALSE
1.13084455645127e-08	0.11190444812399	0.118	0.105	0.00015652019505842	Kdm1b	3.80542961954504	FALSE
1.14550731900146e-08	-0.140847256509121	0.303	0.317	0.000158549668022993	Upf3b	3.79983466297737	FALSE
1.17552278767495e-08	-0.0829933567810146	0.604	0.609	0.00016270410904209	Arf3	3.78860147895145	FALSE
1.19297290270342e-08	0.0960286954354093	0.148	0.134	0.00016511937946318	Mex3c	3.78220195217633	FALSE
1.2226445110493e-08	0.111926757737491	0.143	0.129	0.000169226226774333	Iqgap1	3.77153232888151	FALSE
1.22919441761816e-08	0.0289539479371288	0.919	0.905	0.000170132799342529	Sorcs1	3.76921195211171	FALSE
1.24176600525561e-08	-0.292027744819247	0.173	0.184	0.000171872832787429	Dpy19l1	3.76479276498214	TRUE
1.24325166050943e-08	-0.11539970670189	0.371	0.384	0.00017207846233111	Trim24	3.76427348339754	FALSE
1.24342410758915e-08	0.0554628019258194	0.11	0.098	0.000172102330731415	Heca	3.76421324810975	FALSE
1.24814721760589e-08	0.0779091394976184	0.319	0.299	0.000172756056388831	Brd9	3.76256671842471	FALSE
1.26827669543945e-08	-0.205681870999839	0.093	0.104	0.000175542177415774	Pms2	3.75561851898051	FALSE
1.27180382738805e-08	-0.181296660459222	0.155	0.168	0.00017603036774878	Aco1	3.75441240373101	FALSE
1.27283943662017e-08	0.0474717803488482	0.456	0.433	0.000176173706422597	Map3k3	3.75405890868036	FALSE
1.28872322901878e-08	-0.270370430643111	0.118	0.13	0.000178372182128489	Lrig1	3.74867287468018	TRUE
1.30685754853842e-08	-0.156310966023338	0.253	0.266	0.000180882153293203	Clptm1	3.74260428061742	FALSE
1.31813307312419e-08	0.0478460101660605	0.172	0.156	0.000182442798651119	Cbll1	3.73887327435362	FALSE
1.33316620461298e-08	0.0834837687017688	0.245	0.227	0.000184523534380483	Ptpn2	3.73394823546828	FALSE
1.38239554850314e-08	-0.100214126446678	0.549	0.554	0.000191337367868319	Uimc1	3.71820020470248	FALSE
1.38647848500525e-08	0.106237547732024	0.147	0.134	0.000191902487109577	Iars2	3.71691939665085	FALSE
1.43254346350167e-08	-0.24780105591074	0.091	0.102	0.000198278340783267	Ipo13	3.70272472397955	FALSE
1.47067785655513e-08	0.107287264308143	0.195	0.18	0.000203556522125796	Cep104	3.69131497789345	FALSE
1.47778810864685e-08	-0.152932373959354	0.197	0.211	0.000204540652117811	Vdac3	3.68922036376482	FALSE
1.50461109482521e-08	0.0607454179806263	0.242	0.224	0.000208253221634757	Gnptg	3.68140827142237	FALSE
1.51599075936427e-08	0.074439205624893	0.222	0.206	0.000209828281003609	Plpp1	3.67813597726706	FALSE
1.53291143931465e-08	0.0609467934702215	0.344	0.324	0.00021217027231554	Fam120b	3.67331546621104	FALSE
1.54356395309375e-08	0.0469840021596736	0.545	0.518	0.000213644686747706	Lrch3	3.67030790343113	FALSE
1.58262498526775e-08	-0.0856056535446419	0.575	0.579	0.00021905112421091	Atp9a	3.65945451360043	FALSE
1.59938159751511e-08	-0.214622423318552	0.106	0.118	0.000221370406912066	Sf3a3	3.65488043663615	FALSE
1.59986182413222e-08	-0.0286612573801853	0.261	0.278	0.000221436875078141	Rdx	3.65475005595299	FALSE
1.66127319043571e-08	0.120054801463246	0.114	0.102	0.000229936822288206	Htra2	3.63839147485492	FALSE
1.67942760949692e-08	-0.185121438176935	0.156	0.169	0.000232449575430469	Tmem128	3.63367124271975	FALSE
1.6903047673018e-08	0.0713959809918358	0.292	0.272	0.000233955082842242	Nup153	3.6308675150097	FALSE
1.69663276783625e-08	-0.0726994040700311	0.588	0.596	0.000234830941396215	Oaz1	3.62924468088131	FALSE
1.7146718767214e-08	-0.20954208788384	0.152	0.164	0.000237327734457009	Cyp20a1	3.62465150654534	FALSE
1.71777092257571e-08	0.0953959187317872	0.165	0.151	0.000237756673393704	Kmt5a	3.62386728436999	FALSE
1.72005271525932e-08	-0.0582977579434945	0.804	0.799	0.000238072496319043	Usp9x	3.62329077421633	FALSE
1.7230583094191e-08	0.0514843810159314	0.345	0.325	0.000238488500606698	Fam120a	3.62253255684801	FALSE
1.7813798769031e-08	-0.11388961836449	0.459	0.468	0.000246560788762158	Cwf19l2	3.60807598929038	FALSE
1.81482647592999e-08	0.110689154699077	0.13	0.117	0.00025119013253347	Fmnl1	3.59999742492861	FALSE
1.8163735820032e-08	0.161607101404223	0.118	0.106	0.000251404267485063	B3gat2	3.59962735461552	FALSE
1.84172258445974e-08	0.0692381808634428	0.24	0.222	0.000254912822915072	Cct8	3.59360831760571	FALSE
1.84536418071158e-08	0.0472945381735988	0.498	0.473	0.00025541685625229	Zfc3h1	3.59275044483381	FALSE
1.89450079580731e-08	-0.189760910626682	0.133	0.145	0.00026221785514769	Mesd	3.58133773931222	FALSE
1.92043597166887e-08	-0.202597644941931	0.103	0.115	0.000265807542838689	Urb1	3.57543269921443	FALSE
1.92480163591108e-08	0.0256614203268839	0.807	0.762	0.000266411794426453	Kcnma1	3.57444655224596	FALSE
1.94075712843294e-08	0.102586785177349	0.121	0.108	0.000268620194146404	C2h1orf52	3.57086134134459	FALSE
1.9594254381308e-08	0.0771867069081158	0.23	0.213	0.000271204074891684	Suds3	3.56670378940056	FALSE
1.96315813595222e-08	-0.150261543809854	0.249	0.263	0.000271720717597147	Ndufa1	3.56587724713567	FALSE
1.99654368454137e-08	0.0511094780270391	0.317	0.297	0.00027634161137737	Parp6	3.55855371432018	FALSE
2.04591692932558e-08	-0.250372491722495	0.097	0.108	0.000283175362187953	Utp14a	3.54794453534416	TRUE
2.07772821120932e-08	-0.193077269683637	0.164	0.177	0.000287578361713483	Sar1b	3.54124379472159	FALSE
2.07822855786518e-08	0.0610492663868023	0.15	0.135	0.00028764761469412	Rnmt	3.54113922299248	FALSE
2.08702095879997e-08	0.0486211367772771	0.211	0.194	0.000288864570907504	Ralbp1	3.53930572088655	FALSE
2.11457474246808e-08	-0.148920535371466	0.132	0.145	0.000292678290105007	Tbc1d32	3.53360949088112	FALSE
2.18474538654261e-08	-0.106174951744559	0.394	0.406	0.000302390608951362	Msra	3.51943170041929	FALSE
2.21311878217121e-08	-0.242141674050403	0.113	0.124	0.000306317770640318	Caprin2	3.51382780741426	FALSE
2.21568910120673e-08	0.0636057873398568	0.356	0.335	0.000306673528498023	Evi5	3.51332370991056	FALSE
2.22432115470972e-08	0.0430427473752537	0.517	0.492	0.000307868291023372	Htt	3.51163503906928	FALSE
2.28713704570638e-08	0.014061752199547	0.889	0.885	0.00031656263849622	Macf1	3.49954034295566	FALSE
2.3144345242005e-08	-0.146070760579576	0.269	0.283	0.000320340882494591	Sem1	3.49438763233589	FALSE
2.32128479684889e-08	0.0476965812921669	0.339	0.319	0.000321289028731855	Fat1	3.49310410433509	FALSE
2.37547460144445e-08	0.114187684765891	0.118	0.105	0.000328789439585926	Tmf1	3.48308214004687	FALSE
2.38724763770861e-08	0.0844265973897165	0.149	0.135	0.000330418945535249	Tyw5	3.48093505909523	FALSE
2.43808245981324e-08	0.100271603568262	0.201	0.185	0.000337454993262751	Gfod2	3.47178414129525	FALSE
2.49441520120144e-08	-0.145690445464992	0.242	0.256	0.000345252007998292	Itgb1bp1	3.46186378686941	FALSE
2.50318870324019e-08	-0.174711046775525	0.262	0.275	0.000346466348415475	Tmcc2	3.46033894115951	FALSE
2.51112934101336e-08	0.0732574347209864	0.212	0.196	0.000347565412089659	Cep192	3.4589634488114	FALSE
2.62892710415175e-08	0.067674593072228	0.326	0.307	0.000363869800485643	Flrt1	3.43905398735602	FALSE
2.6289777020048e-08	0.0877374781058273	0.236	0.219	0.000363876803734485	Creld1	3.43904562875343	FALSE
2.65770210374802e-08	-0.200215034721934	0.109	0.121	0.000367852548179763	Lamtor3	3.43432623117625	FALSE
2.66079651249475e-08	0.0547879703448267	0.315	0.295	0.000368280845294398	Emsy	3.43382086870761	FALSE
2.66211529664536e-08	0.0542768231712307	0.753	0.73	0.000368463378208685	Ppp1r12a	3.43360567044332	FALSE
2.67174797995674e-08	-0.144970272424662	0.225	0.239	0.000369796637905813	Sgpl1	3.43203704165059	FALSE
2.6973264082483e-08	0.0274112873394255	0.471	0.445	0.000373336948165647	Cdk19	3.42789902697593	FALSE
2.69991851371508e-08	0.0747503469351107	0.244	0.227	0.000373695721483305	Rfx1	3.42748187444586	FALSE
2.70901945923388e-08	-0.0131913651625934	0.897	0.875	0.000374955383352561	Grm3	3.42602040671649	FALSE
2.72133786904564e-08	0.0530048557458804	0.463	0.44	0.000376660374454607	Eps15l1	3.42405006618085	FALSE
2.72368215081322e-08	0.0689936839434566	0.173	0.158	0.000376984846494058	Zfp251	3.42367610660131	FALSE
2.74244803325028e-08	-0.144415334972618	0.53	0.534	0.000379582232282172	Hdac8	3.42069412449133	FALSE
2.75826132181825e-08	0.104485338141389	0.18	0.166	0.000381770949552864	Tbc1d2b	3.41819712185354	FALSE
2.76681641588672e-08	-0.0907916977629035	0.215	0.231	0.000382955060122881	Prex1	3.41685218761304	FALSE
2.785805318992e-08	0.0870682772822096	0.15	0.137	0.000385583314201682	Ccm2	3.4138817680963	FALSE
2.79247817650247e-08	0.0767719240452607	0.199	0.183	0.000386506904409707	Sgta	3.41284274360787	FALSE
2.81181755763946e-08	-0.10856174245837	0.501	0.507	0.000389183668152878	Armh3	3.40984539291526	FALSE
2.832933229383e-08	0.0820968608048714	0.282	0.264	0.000392106288278901	Smarca1	3.40659619278541	FALSE
2.89640476891372e-08	-0.180718832224207	0.187	0.2	0.000400891384065348	Ctsb	3.3969732774813	FALSE
2.90714567921609e-08	-0.168516854665436	0.25	0.262	0.000402378033460298	Dhrs7	3.39536573622095	FALSE
2.91417459353122e-08	0.0747067508093971	0.353	0.333	0.000403350905490656	Lrrn2	3.3943169637634	FALSE
2.9331993340617e-08	-0.227149294281306	0.119	0.131	0.00040598411982748	Ralgds	3.39149095363014	FALSE
3.033691118421e-08	0.0389289643221019	0.499	0.475	0.000419893187700651	Pkn2	3.37686117124921	FALSE
3.06303221859646e-08	-0.118447845086672	0.311	0.324	0.000423954289375936	Kcnd3	3.37268096638361	FALSE
3.13464026480285e-08	0.0957753803822796	0.156	0.142	0.000433865559051362	Nanp	3.36264482349975	FALSE
3.25522210401724e-08	-0.167285700647114	0.136	0.149	0.000450555291417025	Nrsn2	3.34625190549769	FALSE
3.3398662715829e-08	0.0434415610857937	0.447	0.424	0.000462270890649789	Helz	3.33510345336745	FALSE
3.37372029712368e-08	0.0832202530681314	0.283	0.265	0.000466956626324889	Cops4	3.33072345738373	FALSE
3.39626604968186e-08	-0.119602869868519	0.426	0.435	0.000470077183936466	Stx8	3.32783082758427	FALSE
3.42362767099975e-08	-0.119359421449814	0.429	0.438	0.000473864305943075	Naca	3.32434600350947	FALSE
3.43701606599987e-08	0.0596747156601183	0.273	0.256	0.000475717393695042	Magi3	3.32265096914416	FALSE
3.45085648729604e-08	0.0719891588145526	0.279	0.261	0.000477633046406644	Sgsm2	3.3209056329349	FALSE
3.48867898894016e-08	0.0418151599847194	0.773	0.749	0.000482868058859208	Kmt2e	3.31617152170668	FALSE
3.57484425838244e-08	-0.199441110014038	0.185	0.197	0.000494794193802714	Idh2	3.30557540527218	FALSE
3.61847549963014e-08	-0.0829726725804107	0.751	0.721	0.000500833193903807	Ppfia2	3.30030689495034	FALSE
3.67694166163374e-08	0.0794790032402997	0.652	0.628	0.000508925495386727	Pde1c	3.29334579194766	FALSE
3.75552066586956e-08	0.0289635894312356	0.282	0.261	0.000519801615363005	Nipa1	3.2841623751964	FALSE
3.76639922598338e-08	0.0831744516329416	0.203	0.187	0.00052130731686836	Pip4k2b	3.28290617944042	FALSE
3.88977914611865e-08	-0.0925598512243105	0.591	0.598	0.000538384331614283	Prkacb	3.26890758770026	FALSE
3.92635158146331e-08	-0.157069559445732	0.209	0.222	0.000543446322390337	Ubxn1	3.26484334585722	FALSE
4.02384429952229e-08	0.0971559033410401	0.189	0.173	0.000556940289496881	Tmem33	3.25419136377074	FALSE
4.29896501614306e-08	-0.146229418119594	0.285	0.297	0.000595019747884361	Emc10	3.22546862039769	FALSE
4.30566569519108e-08	0.0685143237239021	0.288	0.271	0.000595947188871397	Ppp1r12c	3.22479222448451	FALSE
4.43088934551115e-08	0.0172065275126875	0.356	0.333	0.000613279394312198	Pcmtd2	3.212341627008	FALSE
4.54832575556316e-08	-0.18437082347869	0.161	0.173	0.000629533767827497	Ppt1	3.20098096962629	FALSE
4.58825180574599e-08	0.0147393491612598	0.411	0.388	0.000635059932433303	Pde3b	3.19718528715393	FALSE
4.62592954923633e-08	0.0538387910098637	0.571	0.546	0.0006402749089098	Per3	3.19363351697254	FALSE
4.72602824382754e-08	0.0524043085867427	0.495	0.471	0.000654129569228169	Dop1a	3.18433621860634	FALSE
4.79252814640453e-08	0.100537218493264	0.115	0.103	0.000663333820743851	Cnih4	3.17826785919495	FALSE
4.84510077081125e-08	-0.144635863782331	0.167	0.18	0.000670610397687985	Aamp	3.1735297172008	FALSE
4.85829568969778e-08	0.0685189672359003	0.436	0.414	0.00067243670641107	Itsn1	3.17234858768249	FALSE
4.86028863020805e-08	0.0427526510437029	0.44	0.415	0.000672712549307097	Serbp1	3.17217047057201	FALSE
4.86083429795255e-08	0.131055858282739	0.124	0.112	0.000672788075179612	Kcnj4	3.17212171478682	FALSE
4.875775428703e-08	0.0548338951397435	0.267	0.25	0.000674856077086783	Foxk2	3.17078883693431	FALSE
5.05272035581771e-08	-0.145678418564133	0.278	0.291	0.000699347024448729	Ilf2	3.15530726859664	FALSE
5.07882812596948e-08	-0.208904827266233	0.128	0.14	0.000702960600915436	Taf1b	3.15306901535644	FALSE
5.10065752537864e-08	0.163093297551393	0.111	0.1	0.000705982008087657	B3glct	3.15120636677796	FALSE
5.13209238854513e-08	0.0334709173521872	0.467	0.442	0.000710332907498531	Tasor	3.14853806535895	FALSE
5.14880926272637e-08	-0.0938528553852868	0.478	0.487	0.000712646690053957	St7l	3.1471257276368	FALSE
5.15151767124319e-08	-0.22320466312158	0.162	0.174	0.00071302156087677	Nwd1	3.14689733742972	FALSE
5.18812969371586e-08	0.0712003464896445	0.268	0.251	0.000718089030907213	Hnrnpll	3.14382170724143	FALSE
5.33038934468705e-08	0.0647330000542247	0.34	0.321	0.000737779189198134	Mapre3	3.13207359923646	FALSE
5.34634268171806e-08	-0.21855084803515	0.095	0.106	0.000739987290576596	Prpf38a	3.13077573929585	FALSE
5.36118587075456e-08	0.0518589509234997	0.331	0.31	0.000742041736371139	Metap2	3.1295716670041	FALSE
5.36263572149807e-08	-0.126708615849836	0.317	0.329	0.000742242410212548	Phf12	3.12945423458023	FALSE
5.41955327829084e-08	0.0680743566522019	0.273	0.255	0.000750120369248234	Pdss1	3.1248690412672	FALSE
5.47980666910323e-08	-0.211306588276819	0.164	0.176	0.000758460041070578	Csad	3.12006729477136	FALSE
5.48784811983909e-08	0.00837714757935148	0.275	0.256	0.000759573058266928	Aff2	3.11943044790226	FALSE
5.4900633977826e-08	-0.17920849254152	0.163	0.175	0.000759879674887089	Scand1	3.11925517175829	FALSE
5.50865093042841e-08	-0.139545126646763	0.248	0.262	0.000762452375280596	Spata7	3.11778727827467	FALSE
5.5265912876661e-08	0.0499213289064452	0.349	0.329	0.000764935500125865	Brd8	3.1163751833044	FALSE
5.62130233803946e-08	-0.173209040194743	0.154	0.167	0.000778044456608041	Ranbp3	3.10899558719033	FALSE
5.62167828463259e-08	0.0746544682093938	0.296	0.279	0.000778096491375997	Pou6f1	3.10896654301842	FALSE
5.75564734357134e-08	-0.0836922208298737	0.129	0.143	0.00079663914882371	Ccdc141	3.09873835509423	FALSE
5.77128243166174e-08	-0.228244800577701	0.119	0.13	0.000798803201366301	Gadd45gip1	3.09756020327438	FALSE
5.83080693679911e-08	0.0670426740281587	0.231	0.214	0.000807041988122365	Fsd1l	3.09310386957102	FALSE
5.84104523572162e-08	-0.14424701501762	0.233	0.246	0.000808459071076229	Ajm1	3.09234196172626	FALSE
5.85615591878876e-08	-0.242928342342828	0.096	0.106	0.000810550540719553	Tril	3.09121990015997	FALSE
5.9558727390831e-08	0.0434619004143459	0.351	0.331	0.000824352345816492	Vps54	3.08388712187478	FALSE
6.01857722248329e-08	0.0644890854809601	0.199	0.183	0.000833031273363912	N4bp2	3.07933869415812	FALSE
6.09012446436767e-08	0.0450464369526585	0.275	0.256	0.000842934127113129	Scamp3	3.07420636291864	FALSE
6.26308531628733e-08	-0.185122751579267	0.431	0.437	0.00086687363862733	Kif13b	3.06204420361535	FALSE
6.58187135088973e-08	0.0272940581329657	0.629	0.595	0.000910996813676648	Dync1i1	3.04048314202269	FALSE
6.62140948876088e-08	-0.130692808517238	0.357	0.369	0.000916469287339394	Pfdn1	3.03788208450702	FALSE
6.65273548700897e-08	0.0568891927401284	0.427	0.404	0.000920805118756912	Map1a	3.03583227512794	FALSE
6.69507420771934e-08	-0.193059802582909	0.177	0.19	0.000926665221090434	Nop56	3.03307713629037	FALSE
6.84706187960226e-08	-0.185088221492667	0.105	0.116	0.000947701834755749	Pla2g6	3.02332827857797	FALSE
7.09520009244138e-08	0.070841375247052	0.155	0.141	0.000982046644794811	Xpa	3.00786788380582	FALSE
7.12079089795945e-08	-0.237175218662189	0.149	0.16	0.000985588668186567	Cdk5rap3	3.00630429845515	FALSE
7.18441024270586e-08	0.0224158984421506	0.515	0.489	0.000994394221692918	Car12	3.00244140799289	FALSE
7.19283922731427e-08	0.0727188015778492	0.292	0.274	0.000995560877452569	Thoc5	3.00193217819473	FALSE
7.4257312898747e-08	-0.140106507216191	0.197	0.211	0.00102779546783156	Man2a2	2.98809330171223	FALSE
7.70731949752758e-08	-0.140401754082849	0.171	0.184	0.00106677009165279	Ldlrad3	2.97192916884665	FALSE
7.81347661086352e-08	-0.216910895462354	0.104	0.115	0.00108146329770962	Mre11	2.96598821489586	FALSE
7.87285002973373e-08	0.124676007801143	0.13	0.118	0.00108968117261545	Atpaf2	2.96270055272763	FALSE
8.10649769012146e-08	-0.171630989638537	0.106	0.118	0.00112202034528971	Timp2	2.94999926806475	FALSE
8.24565673741563e-08	0.0666053666694082	0.222	0.206	0.0011412813490257	Acap3	2.94260727997516	FALSE
8.47348603771273e-08	-0.0207250823654342	0.337	0.315	0.00117281520247982	Mtus1	2.93077041317506	FALSE
8.57931887678414e-08	-0.124397271755704	0.375	0.387	0.00118746352573569	Prdm2	2.92537972133678	FALSE
8.7929946408064e-08	-0.20199923205905	0.148	0.16	0.00121703838823401	Nop10	2.91469572289133	FALSE
8.81727280679983e-08	-0.135775467285413	0.329	0.342	0.00122039872918916	Atp5mc3	2.91349825326367	FALSE
8.84403831918142e-08	-0.2271483061015	0.091	0.101	0.0012241033437579	Prdx3	2.91218191574503	FALSE
8.89565395723092e-08	0.123810182550806	0.165	0.152	0.00123124746422033	Ciao3	2.9096546509319	FALSE
8.89906249805517e-08	0.0329382641168054	0.78	0.758	0.00123171924035582	Tenm3	2.90948827452538	FALSE
9.01384514010062e-08	-0.131127096631344	0.22	0.234	0.00124760630584133	Kiz	2.9039224388322	FALSE
9.10506277888155e-08	0.0976803643919513	0.181	0.166	0.001260231739225	Tpgs2	2.89954958677716	FALSE
9.15806599080492e-08	0.0171575168593181	0.69	0.659	0.00126756791378731	Eml6	2.89702876272999	FALSE
9.21400226223717e-08	-0.132139450800573	0.205	0.219	0.00127531005311625	Cstf2	2.89438421680839	FALSE
9.23869579869455e-08	0.038955212604184	0.619	0.593	0.00127872788549731	Kifap3	2.89322186396564	FALSE
9.30792620568459e-08	0.0404185670490396	0.389	0.368	0.0012883100661288	Caprin1	2.8899795998623	FALSE
9.34954791427909e-08	0.0753795126478055	0.241	0.224	0.00129407092681537	Trafd1	2.88804191974122	FALSE
9.40864730415204e-08	-0.119306416685589	0.366	0.377	0.00130225087336768	Mpc2	2.88530534263119	FALSE
9.60290473474672e-08	-0.0378985261711993	0.936	0.919	0.00132913804433629	Nrxn1	2.87642991087059	FALSE
9.90132515064493e-08	0.0555865797203512	0.294	0.276	0.00137044241410076	Sptb	2.86313920876637	FALSE
1.00224570559469e-07	-0.209546245008567	0.119	0.13	0.0013872082811136	Ice2	2.85785832728481	FALSE
1.00537978055739e-07	0.10728475451883	0.103	0.092	0.00139154615426949	Fam53a	2.85650238457813	FALSE
1.01595584456105e-07	0.0504912162945721	0.283	0.265	0.00140618448445695	Emc2	2.85195769828795	FALSE
1.0164661896446e-07	-0.147198167959316	0.274	0.287	0.00140689085308709	Parn	2.85173959392323	FALSE
1.01755737618948e-07	-0.110449088399395	0.303	0.317	0.00140840116438386	Eif4a1	2.85127362455238	FALSE
1.02187699051349e-07	-0.156652622050925	0.146	0.159	0.00141437994256972	Elmod3	2.84943391105064	FALSE
1.03099796257943e-07	-0.214114035232897	0.117	0.129	0.00142700428000619	C1h9orf85	2.84557472430632	FALSE
1.03766097522589e-07	0.131489869771458	0.104	0.093	0.00143622655581015	Ssx2ip	2.84277704743534	FALSE
1.06660109193691e-07	-0.256492658997364	0.095	0.105	0.00147628257134988	Ift46	2.83083050739606	TRUE
1.06681734981725e-07	-0.176487257505864	0.099	0.11	0.00147658189388205	Cib1	2.83074246127948	FALSE
1.07774915197682e-07	0.0594535860892394	0.357	0.339	0.00149171260125111	Wdr37	2.82631484155081	FALSE
1.09094508175224e-07	0.207053296108033	0.136	0.123	0.00150997708765328	Clstn2	2.82102964262818	FALSE
1.10278335475473e-07	0.116476135457716	0.108	0.097	0.00152636244131602	Mypop	2.81634232904583	FALSE
1.12557172878957e-07	0.106284731040324	0.145	0.133	0.00155790382981764	Lepr	2.80745935505153	FALSE
1.13991114151909e-07	-0.173760390354212	0.135	0.147	0.00157775101097657	Pnkp	2.80196153286993	FALSE
1.14294165068632e-07	0.0640105295523281	0.139	0.126	0.00158194553871493	Uxt	2.80080847193993	FALSE
1.15267916231604e-07	0.0540183979790774	0.318	0.299	0.00159542322856163	Herc3	2.79712408912903	FALSE
1.15358937148831e-07	0.100249240396709	0.108	0.097	0.00159668304907697	Tmx1	2.79678128530057	FALSE
1.16799440030793e-07	-0.15040940981016	0.203	0.217	0.0016166210494662	Lin7b	2.7913917707017	FALSE
1.17919488303502e-07	-0.0636911919937362	0.738	0.734	0.00163212363760877	Trip12	2.78724694539992	FALSE
1.18344802624802e-07	0.128585388648026	0.108	0.096	0.00163801041312989	Prkaa1	2.78568334167787	FALSE
1.19561659714521e-07	0.139837140612817	0.108	0.097	0.00165485293210869	Nucb2	2.78124059621557	FALSE
1.19889133240161e-07	-0.18805561675549	0.094	0.104	0.00165938549317707	Maob	2.78005271095475	FALSE
1.21109868974109e-07	0.0456066428110594	0.409	0.388	0.00167628169647064	Pkd1	2.77565299707642	FALSE
1.21337876680563e-07	0.0874534233510365	0.183	0.168	0.00167943755113567	Stam	2.77483614049836	FALSE
1.23659221808432e-07	-0.180622939181374	0.26	0.271	0.00171156728905051	Rbl2	2.76660602221183	FALSE
1.24104377702076e-07	0.0659192567795371	0.233	0.217	0.00171772869177444	Cdyl2	2.76504543012641	FALSE
1.24548969486421e-07	0.0498391615756677	0.43	0.409	0.00172388228666156	Cfap69	2.7634923928029	FALSE
1.25911831791014e-07	0.124916506708425	0.118	0.107	0.00174274566381942	Plxnd1	2.75876598917194	FALSE
1.28740785719829e-07	0.0428900004386507	0.445	0.422	0.00178190121514816	Tmem161b	2.74911637600353	FALSE
1.29822561410323e-07	-0.223495454397705	0.423	0.428	0.00179687407248028	Eml1	2.74548235780658	FALSE
1.3073277329159e-07	0.0329533785427707	0.746	0.719	0.00180947231512889	Nfat5	2.74244805719725	FALSE
1.30865718457307e-07	0.063859628245222	0.27	0.252	0.00181131240916759	Chd1	2.74200663755105	FALSE
1.32213584177761e-07	-0.135269864763067	0.288	0.301	0.00182996821860439	Tmbim6	2.73755645267645	FALSE
1.32978036285313e-07	0.106293247556642	0.118	0.107	0.00184054900022502	Rnf25	2.73505261600918	FALSE
1.34948612224702e-07	-0.240688063596895	0.094	0.105	0.0018678237418021	Cops9	2.72866410860612	FALSE
1.36337503014821e-07	0.0252707869201552	0.414	0.392	0.00188704737922814	Pid1	2.72421719560665	FALSE
1.3652457528246e-07	0.0872195275486005	0.231	0.215	0.00188963664648452	Prepl	2.72362169720109	FALSE
1.37100724981814e-07	-0.191993563472458	0.15	0.162	0.00189761113447329	Arl2	2.72179278003057	FALSE
1.37426005718341e-07	0.0450456772627917	0.453	0.432	0.00190211334514756	Pias1	2.72076360742728	FALSE
1.37852143049078e-07	0.0642713076146684	0.171	0.156	0.00190801151194229	Vps52	2.71941900931854	FALSE
1.38467310500997e-07	0.101266027225168	0.105	0.093	0.0019165260446443	Rap2a	2.71748527452158	FALSE
1.38677232339112e-07	-0.156686636558756	0.099	0.11	0.00191943157280565	Syde2	2.71682736574643	FALSE
1.4169375960732e-07	0.0662594441955688	0.228	0.212	0.00196118332672491	Rexo2	2.70748180762561	FALSE
1.42266542583059e-07	-0.151279831841048	0.199	0.212	0.00196911121589212	Tmem208	2.7057297541086	FALSE
1.43053451711722e-07	-0.229439972183758	0.09	0.1	0.00198000282514195	Exosc5	2.70333419007045	FALSE
1.46184307497748e-07	0.107065827845438	0.125	0.113	0.00202333700007632	Daglb	2.69393177660414	FALSE
1.51097950700883e-07	-0.0954331484752948	0.456	0.467	0.00209134673565092	Micu3	2.67957395718902	FALSE
1.52253421010167e-07	0.0772279391076733	0.15	0.137	0.00210733960020172	Srsf9	2.6762654716965	FALSE
1.52467082284876e-07	0.0475928445957088	0.614	0.586	0.00211029688590497	Ssbp4	2.67565644193443	FALSE
1.5251919063306e-07	-0.127214597013085	0.292	0.305	0.00211101811755219	Immt	2.67550803939761	FALSE
1.52609269760665e-07	-0.118650913360643	0.227	0.241	0.00211226490275737	Farp1	2.6752516171082	FALSE
1.55419536605644e-07	-0.180880366781375	0.152	0.164	0.00215116180615872	Nek6	2.66732692160744	FALSE
1.55521655385867e-07	-0.164676478378778	0.125	0.136	0.00215257523219579	Pygb	2.66704166107917	FALSE
1.57370972744719e-07	0.0811778832100001	0.131	0.119	0.00217817163375965	Ccdc28a	2.66190790205596	FALSE
1.57767355206752e-07	0.0721211762644229	0.158	0.144	0.00218365796341665	Zbtb4	2.66081538622086	FALSE
1.5821377954328e-07	-0.186462507932085	0.098	0.109	0.00218983692265854	Polr2e	2.65958822590261	FALSE
1.59184061101047e-07	0.0582093714678413	0.297	0.278	0.00220326658969959	Mapk1ip1l	2.65693295113306	FALSE
1.63370417285064e-07	-0.194727853154591	0.193	0.205	0.00226120994564256	Sst	2.64565911301902	FALSE
1.63458300769536e-07	-0.159120395392281	0.156	0.168	0.00226242634095114	Cope	2.64542555145501	FALSE
1.66419428225027e-07	0.0667987993612824	0.305	0.287	0.0023034113060626	Morf4l2	2.63762850580296	FALSE
1.66870063672853e-07	-0.178628103676441	0.126	0.138	0.00230964855129596	Adrm1	2.6364540996944	FALSE
1.67222477162865e-07	-0.230996386373497	0.099	0.109	0.00231452630641121	Lias	2.63553787875488	FALSE
1.6872013238721e-07	-0.105901425777559	0.405	0.416	0.00233525535237137	Eno1	2.63166562385057	FALSE
1.75210000794227e-07	0.0453403717469348	0.323	0.304	0.0024250816209929	Ppp4r2	2.61527363976263	FALSE
1.79853506003831e-07	-0.149923850894017	0.165	0.177	0.00248935237659903	Ctdnep1	2.60391362312597	FALSE
1.83949911702636e-07	0.0761950771107804	0.219	0.203	0.00254605072787619	Atg16l1	2.59413294765124	FALSE
1.84654359265587e-07	0.0317432283927056	0.54	0.516	0.00255580098659498	Mtch1	2.59247296654986	FALSE
1.92510964011695e-07	-0.172754675186387	0.161	0.173	0.00266454425288587	Wdr41	2.57437706257843	FALSE
1.94511430670405e-07	0.0683934587135616	0.413	0.394	0.00269223271190908	Dock7	2.56988740316652	FALSE
1.95074577204297e-07	-0.0728396587941633	0.621	0.622	0.00270002722308467	Relch	2.56863185703514	FALSE
1.95406608680715e-07	0.0328459109449255	0.535	0.512	0.00270462287074977	Zfp644	2.56789328381834	FALSE
1.95989099666219e-07	0.12123495782818	0.156	0.143	0.00271268512848014	Sgsm3	2.56660061349961	FALSE
1.99225756601757e-07	0.0619323746402235	0.286	0.268	0.00275748369712492	Dtnbp1	2.55948704652861	FALSE
1.99862482889674e-07	-0.1309421100965	0.204	0.218	0.00276629662567598	Cmtr1	2.55810125300932	FALSE
2.00131665574227e-07	0.0402374604611253	0.196	0.18	0.00277002238321287	Npy	2.55751672159744	FALSE
2.01923278775636e-07	0.0536936252103885	0.268	0.251	0.00279482010153358	Btbd7	2.55364614177603	FALSE
2.02995519105604e-07	0.0430186028150823	0.196	0.181	0.00280966097994066	Nob1	2.55134607988976	FALSE
2.0424389094166e-07	-0.146149499336981	0.223	0.236	0.00282693969452351	Eif3f	2.54868345596574	FALSE
2.0520509897345e-07	0.0437665636143718	0.373	0.353	0.00284024377489152	Desi2	2.546644383352	FALSE
2.07660632197761e-07	-0.164181758342843	0.17	0.183	0.00287423081024921	Ccnt1	2.54147835951679	FALSE
2.08607531543502e-07	0.0568120462684543	0.305	0.286	0.00288733684409361	Txlng	2.53950254725973	FALSE
2.10454647157464e-07	-0.168595205896374	0.186	0.198	0.00291290277130646	Rab11b	2.5356740112837	FALSE
2.11878352957635e-07	0.055802779877108	0.244	0.227	0.00293260828328662	Tmem245	2.53274594307752	FALSE
2.17289127336734e-07	0.032257022716243	0.357	0.336	0.00300749881146774	Wbp4	2.52179453561675	FALSE
2.18146494109122e-07	0.0899627556107692	0.141	0.129	0.00301936562496436	Atg5	2.52008429363807	FALSE
2.18389874905992e-07	0.019934667943171	0.404	0.381	0.00302273425857383	Dnajb6	2.51960003181919	FALSE
2.18571019338747e-07	0.0870990922352946	0.129	0.117	0.0030252414786676	Zdhhc13	2.51923995368352	FALSE
2.21121161929087e-07	-0.121322386889707	0.444	0.453	0.0030605380022605	Pibf1	2.51420222355915	FALSE
2.22761444376512e-07	0.0627955852276149	0.235	0.219	0.0030832411516153	Nfkb1	2.51099250617844	FALSE
2.27273562075063e-07	0.130124518805958	0.116	0.105	0.00314569337268094	Elovl4	2.50228361262267	FALSE
2.2879387472762e-07	0.113079235845497	0.165	0.152	0.00316673602010498	Fam177a1	2.49938813801427	FALSE
2.30501017521962e-07	0.0404580645475576	0.435	0.412	0.00319036458352147	Stk38	2.49615968447757	FALSE
2.3225528368313e-07	0.0122162938229273	0.488	0.46	0.00321464538145821	Rb1	2.49286692860918	FALSE
2.40105588982961e-07	-0.0957296626312837	0.378	0.39	0.00332330145711316	Nsg1	2.47843026202473	FALSE
2.42461657717782e-07	0.055239268211628	0.423	0.404	0.00335591180447182	Kdm5b	2.47418946123265	FALSE
2.45586512336778e-07	-0.0256739666065871	0.948	0.945	0.00339916291725335	Il1rapl1	2.46862801977454	FALSE
2.45758273341414e-07	-0.14489700444511	0.259	0.272	0.00340154026131851	Cdk4	2.46832438427567	FALSE
2.4707112931283e-07	-0.109702642495142	0.527	0.533	0.00341971150081888	Ak5	2.46601053104543	FALSE
2.49488076301433e-07	0.0457022261007651	0.218	0.202	0.00345316446408813	Trmt10b	2.46178273698648	FALSE
2.50276233311458e-07	-0.175666150172704	0.133	0.144	0.0034640733452639	Vps4b	2.46041292118524	FALSE
2.5843670679302e-07	0.0691849480457265	0.18	0.166	0.00357702245872219	Slc30a7	2.44647833307762	FALSE
2.62157256409488e-07	-0.0978931365781316	0.493	0.501	0.00362851858596373	Sgk1	2.44027064803764	FALSE
2.7025816470868e-07	0.0237474048283846	0.513	0.484	0.00374064325773284	Cacng3	2.42705370815723	FALSE
2.70610575584064e-07	0.0354179301397535	0.31	0.291	0.00374552097665903	Cdadc1	2.42648776633513	FALSE
2.7655648387616e-07	0.0581077787614581	0.202	0.186	0.00382781829332992	Trappc13	2.41704868638034	FALSE
2.80429632683588e-07	-0.110180127714247	0.441	0.45	0.00388142654597354	Atp5if1	2.41100862822534	FALSE
2.83191061860168e-07	-0.190694426397644	0.127	0.138	0.00391964748720658	Rcbtb1	2.4067529894196	FALSE
2.8327080198021e-07	-0.135874679958133	0.311	0.322	0.00392075117020809	Ppp2r1a	2.40663071924906	FALSE
2.83557787981656e-07	-0.165204634499497	0.101	0.111	0.0039247233434541	Fibp	2.40619095156737	FALSE
2.88463952136682e-07	0.064084616234434	0.108	0.097	0.00399262956152382	Neurl4	2.39874098202933	FALSE
2.90429603348649e-07	0.154377677016794	0.123	0.112	0.00401983613994866	Cacna1h	2.39579164964351	FALSE
2.92812246435161e-07	-0.136294648235249	0.382	0.388	0.00405281430290906	Atp6ap1l	2.39224329486908	FALSE
2.92933875238153e-07	0.0773160084159581	0.196	0.182	0.00405449776717128	Pnrc2	2.3920629344133	FALSE
2.96414662976161e-07	-0.12104668660861	0.357	0.366	0.00410267535025305	Erp29	2.38693284792999	FALSE
2.97805252232216e-07	-0.107178501921402	0.294	0.307	0.0041219224961461	Ppp1r9b	2.38490017845019	FALSE
2.98508549727447e-07	-0.132470324188977	0.322	0.333	0.00413165683677759	Commd10	2.38387575687238	FALSE
2.99762377244562e-07	-0.148554477619612	0.239	0.251	0.00414901106344199	Mpc1	2.38205540711236	FALSE
3.03324061477698e-07	-0.155186564930488	0.26	0.272	0.00419830833491282	Nedd8	2.37692566884228	FALSE
3.05292750389225e-07	-0.169022395982461	0.119	0.13	0.00422555695813726	Nup155	2.37411603987311	FALSE
3.0815256732114e-07	-0.164978554539519	0.163	0.175	0.0042651396842919	Hsbp1	2.37006674102078	FALSE
3.08517540489215e-07	-0.129791625599841	0.337	0.347	0.00427019127791123	Eif3a	2.36955267085769	FALSE
3.11942916113962e-07	0.0650724414588386	0.31	0.291	0.00431760190193335	Lrrc1	2.36475740363309	FALSE
3.14907323334615e-07	0.048126447392548	0.281	0.263	0.0043586322622744	Ubap2	2.36064977085431	FALSE
3.19114623015803e-07	0.0496831880661734	0.174	0.16	0.00441686549716173	Ppm1a	2.35488582572007	FALSE
3.20216797766368e-07	0.0383610481168234	0.573	0.548	0.0044321206978843	Fbxw4	2.35338842117868	FALSE
3.24868632558166e-07	0.0354591262361954	0.659	0.635	0.00449650674323758	Ube2k	2.34712475095536	FALSE
3.2798734480291e-07	-0.0857071516785686	0.815	0.81	0.00453967283941708	Pafah1b1	2.34297544431372	FALSE
3.28327172462262e-07	0.0762081717674948	0.237	0.222	0.00454437639405017	Acvr1	2.34252570478621	FALSE
3.32016427094407e-07	0.0389674923910519	0.173	0.159	0.00459543936741369	Reep3	2.33767295963779	FALSE
3.33941501838201e-07	0.0466050632662498	0.472	0.448	0.00462208432694254	Arhgap5	2.33516213536238	FALSE
3.36101784876558e-07	-0.11910623678946	0.359	0.37	0.00465198480447644	Cox7a2	2.33236171254695	FALSE
3.39061348038319e-07	0.0951081731317012	0.155	0.143	0.00469294811819837	Actr6	2.32855424700308	FALSE
3.44022187854307e-07	-0.138910855764219	0.23	0.243	0.00476161110209146	Ndufb11	2.32224607787543	FALSE
3.44655100362595e-07	-0.116934048489402	0.297	0.311	0.00477037124411868	Sugp1	2.32144782158916	FALSE
3.47200341266623e-07	-0.218837801384087	0.092	0.101	0.00480559992347133	Smpd1	2.31825238797679	FALSE
3.4808345469191e-07	0.0417978749271494	0.378	0.357	0.00481782309639073	Dnajc13	2.31714915072037	FALSE
3.52832353263439e-07	-0.197145677406075	0.147	0.158	0.00488355260151925	Psmb4	2.3112641300653	FALSE
3.54343841527654e-07	-0.105964362210376	0.412	0.423	0.00490447311058426	Scp2	2.30940764219979	FALSE
3.71039602177157e-07	-0.119940363551426	0.261	0.274	0.00513555913373403	Hnrnpk	2.28941226570334	FALSE
3.74385989177147e-07	-0.226133303421983	0.091	0.1	0.00518187647620089	Mbd6	2.28551294379013	FALSE
3.77835030193325e-07	-0.205201804993153	0.108	0.118	0.00522961465290581	Ubox5	2.2815303111867	FALSE
3.79905472728316e-07	-0.196081871385788	0.09	0.1	0.00525827164803262	Dnlz	2.27915698152479	FALSE
3.82998846168079e-07	0.104788244940881	0.16	0.148	0.00530108702981238	Sntg2	2.27563506574961	FALSE
3.84207298045887e-07	0.0368304618901862	0.453	0.431	0.00531781321225312	Scrn1	2.27426692129411	FALSE
3.84298158268522e-07	0.107515329692094	0.136	0.124	0.00531907080859461	Ino80e	2.27416422822102	FALSE
3.99648421502148e-07	-0.135934194913077	0.265	0.278	0.00553153380201124	Sdha	2.25715442938444	FALSE
4.12929053536052e-07	-0.0946526224325395	0.516	0.522	0.0057153510299925	Tef	2.24295709060431	FALSE
4.18965352980374e-07	0.0403683708521356	0.272	0.255	0.00579889945060136	Usp16	2.23665442158936	FALSE
4.28854766385935e-07	0.0882080492109343	0.174	0.16	0.00593577882154772	Sipa1l3	2.22652229006915	FALSE
4.33992558802458e-07	-0.157169595073942	0.187	0.2	0.00600689100638483	Gatb	2.22135024815171	FALSE
4.42839788992166e-07	-0.157745529579373	0.209	0.221	0.00612934551944057	Atp6v0e1	2.21258589619449	FALSE
4.46630706840948e-07	-0.111069729888379	0.636	0.636	0.00618181561338557	Dpysl2	2.20888395289346	FALSE
4.47759343418083e-07	0.0367311320545788	0.334	0.315	0.00619743707224968	Pde6d	2.20778787429204	FALSE
4.5008160174055e-07	0.0607913946234989	0.242	0.226	0.00622957944969095	Kansl3	2.2055412709722	FALSE
4.53543722138236e-07	-0.23789218905125	0.095	0.105	0.00627749865811532	Sema4b	2.20221337145027	FALSE
4.54133340708496e-07	-0.155307351544326	0.196	0.208	0.0062856595687463	Ap3s2	2.20164914406591	FALSE
4.54466561243924e-07	0.0492901189753105	0.132	0.12	0.00629027167417715	G2e3	2.2013305971544	FALSE
4.59074349005317e-07	-0.0647744025382053	0.656	0.657	0.0063540480645826	Ckap5	2.1969495043178	FALSE
4.64482821995546e-07	0.024259156181377	0.626	0.6	0.00642890673924036	Ephb1	2.19186287427383	FALSE
4.70098659439345e-07	0.0479327366472646	0.374	0.354	0.00650663554529997	Wdr26	2.18664351862313	FALSE
4.71612905089272e-07	0.0253696236757618	0.594	0.569	0.00652759421934061	Jmjd1c	2.18524685085019	FALSE
4.74535982367014e-07	0.0374194389029627	0.484	0.461	0.00656805253194184	Gapvd1	2.18256338234397	FALSE
4.75139132188007e-07	-0.135550290323286	0.261	0.274	0.00657640072861421	Nucks1	2.18201173121566	FALSE
4.8223376146718e-07	-0.155569828654157	0.314	0.324	0.00667459749246724	Bckdhb	2.17557491903771	FALSE
4.82943985570648e-07	0.0497928211726098	0.317	0.299	0.00668442770428334	Thy1	2.17493576948071	FALSE
4.8457284826369e-07	0.0512947517865152	0.324	0.305	0.00670697279281773	Paip2	2.17347345539382	FALSE
4.84754434530594e-07	-0.211753364553915	0.11	0.12	0.00670948612833795	Slc35a5	2.1733107406616	FALSE
4.88888089515732e-07	-0.158228284959892	0.188	0.2	0.00676670004698724	Dph7	2.16962307441434	FALSE
4.94902271653859e-07	0.0208324589347303	0.307	0.287	0.00684994234196107	Faim2	2.16431308408035	FALSE
4.95840755851488e-07	-0.139641923406457	0.274	0.285	0.00686293190174044	Mlip	2.16349031042669	FALSE
4.99303867152046e-07	-0.204352499532309	0.136	0.147	0.00691086482525147	Rnf170	2.16046760163695	FALSE
5.01859612191818e-07	0.0293607998975605	0.373	0.353	0.00694623889234696	Specc1l	2.15825028468147	FALSE
5.09595194155101e-07	-0.176886501677026	0.385	0.394	0.00705330708230076	Rap1a	2.15160720771282	FALSE
5.1704982772427e-07	0.0761165615813626	0.185	0.171	0.00715648666553163	Tardbp	2.14530013359261	FALSE
5.18025582442388e-07	0.0898357310922926	0.129	0.118	0.00716999208658509	Kctd20	2.14448132365637	FALSE
5.24998436408922e-07	0.0111458408474017	0.595	0.568	0.00726650335833589	Nr3c1	2.13867452139541	FALSE
5.26888035689523e-07	-0.137036565954874	0.101	0.112	0.00729265730197868	Hsdl2	2.1371141944113	FALSE
5.36966947710548e-07	-0.0684269428833741	0.606	0.611	0.00743215952326169	Sf3b1	2.12888497725328	FALSE
5.50090480779596e-07	-0.0641800599955471	0.673	0.676	0.00761380234447039	Prkca	2.11839840172969	FALSE
5.54753823217152e-07	-0.18878738650815	0.125	0.136	0.0076783476671486	Mlh1	2.11473222739629	FALSE
5.61241992599996e-07	0.0634497753597449	0.272	0.255	0.00776815041957654	Cul9	2.10968237350175	FALSE
5.67796148001918e-07	-0.126177672129824	0.204	0.217	0.00785886648449454	Ccdc88c	2.10464008946049	FALSE
5.74463053253466e-07	-0.147063996307524	0.199	0.211	0.00795114312008122	Exoc1	2.09957042919827	FALSE
5.82139593009416e-07	0.0213293884957315	0.236	0.219	0.00805739410684332	Fstl1	2.09380539343161	FALSE
5.88121123161922e-07	0.0264303330148808	0.453	0.429	0.00814018446568416	Ep300	2.0893657534006	FALSE
5.90410110165726e-07	0.0893894344765778	0.175	0.162	0.00817186633480382	Dcaf13	2.0876787456289	FALSE
5.90603500149374e-07	0.0454582017142906	0.947	0.941	0.00817454304556748	Anks1b	2.08753651491662	FALSE
5.94255709128325e-07	-0.148415045609466	0.299	0.31	0.00822509327004514	Tomm7	2.08485916858331	FALSE
5.96756997314449e-07	-0.207519473843309	0.128	0.138	0.00825971359982929	Cep44	2.08303501129586	FALSE
6.07653715627713e-07	0.0676339875288179	0.315	0.298	0.00841053507800318	Pcnx2	2.07517637352052	FALSE
6.17818133085857e-07	-0.205194547345054	0.114	0.124	0.00855122078004135	Xrcc6	2.06797188057131	FALSE
6.26252397764299e-07	0.040066320197504	0.298	0.28	0.00866795943745566	Brd7	2.06208312966999	FALSE
6.36890159372355e-07	0.122254712427155	0.123	0.113	0.00881519669587276	Insyn1	2.05476799272608	FALSE
6.38022337009586e-07	0.0381282755275761	0.319	0.301	0.00883086716654968	Tmx4	2.05399664782039	FALSE
6.41662289770455e-07	0.0510335215275547	0.339	0.321	0.00888124775271287	Ssr1	2.05152601462115	FALSE
6.42096268459141e-07	-0.152189080695749	0.201	0.213	0.00888725445174297	Ipp	2.05123238533124	FALSE
6.46502970288587e-07	0.0932438827384829	0.176	0.163	0.00894824761176433	Grik3	2.04826200681333	FALSE
6.47973328737096e-07	0.0258513028307976	0.234	0.217	0.00896859884305014	Tspyl4	2.04727540113239	FALSE
6.59498478717217e-07	0.106172770567736	0.147	0.135	0.009128118443925	Cep170b	2.03961873326893	FALSE
6.6098112216269e-07	-0.125143863952638	0.321	0.332	0.00914863971185379	Pdcd10	2.03864347528363	FALSE
6.63134096535427e-07	0.0392993689506134	0.263	0.245	0.00917843903014684	Trip11	2.03723117263722	FALSE
6.69019724983845e-07	-0.0622427644628234	0.117	0.129	0.0092599020135014	Usp53	2.03339360891426	FALSE
6.88199825391351e-07	-0.117106546870318	0.3	0.312	0.00952537378324169	Psmb1	2.02111797325715	FALSE
6.90290282819717e-07	0.128300406055583	0.185	0.172	0.0095543078045077	Caskin1	2.01980077146319	FALSE
7.12690553906828e-07	0.0831449092155834	0.138	0.126	0.00986434995662441	Dnajc11	2.00593152871414	FALSE
7.13190616612145e-07	0.0718932867295665	0.117	0.105	0.00987127132452869	Ripk2	2.00562691078816	FALSE
7.17542204369797e-07	0.0451044243306748	0.394	0.374	0.00993150165068236	Adgrl1	2.00298508088033	FALSE
7.1890843867251e-07	-0.151635958120184	0.218	0.23	0.00995041169966621	Vps35l	2.00215894988802	FALSE
7.42988326132793e-07	0.110138450216914	0.142	0.13	0.010283701422004	Usp2	1.98785054119473	FALSE
7.52529464576779e-07	0.111182606696106	0.108	0.097	0.0104157603192072	Tmem179	1.98230902236684	FALSE
7.64529750497755e-07	-0.119919196671711	0.162	0.175	0.0105818562766394	Nrp1	1.97543814137572	FALSE
7.69747891512156e-07	0.0151880118437289	0.79	0.772	0.0106540805664197	Zswim5	1.9724840233932	FALSE
7.70690306821752e-07	-0.0993465578899724	0.26	0.274	0.0106671245367199	Osbpl10	1.97195263457134	FALSE
7.70805216856622e-07	-0.0562863606972436	0.216	0.23	0.0106687150065125	Cntnap4	1.97188788602892	FALSE
7.71554573664594e-07	-0.151906548179982	0.196	0.208	0.0106790868540917	Tmed10	1.97146588131344	FALSE
7.71588019790649e-07	0.0414406818185902	0.512	0.491	0.0106795497819224	Smurf2	1.97144705548613	FALSE
7.91778856705588e-07	-0.244734853625019	0.101	0.111	0.010959011155662	Rpa1	1.96022863098064	FALSE
7.97121858399187e-07	-0.190923286433895	0.147	0.158	0.0110329636421031	Wdr11	1.95730781298786	FALSE
8.2045108928269e-07	-0.174541872584937	0.25	0.26	0.0113558635267617	Adap1	1.9447798354074	FALSE
8.27113564361906e-07	0.0470399378062754	0.364	0.345	0.0114480788443331	Fcho1	1.94126738819824	FALSE
8.47243939331575e-07	0.0312146963362687	0.501	0.478	0.0117267033642883	Xpr1	1.93082406051212	FALSE
8.49596959911835e-07	-0.136319692844036	0.226	0.238	0.0117592715221397	Erh	1.92961958163694	FALSE
8.54491231904763e-07	-0.198170374664316	0.107	0.117	0.0118270131407938	Zfyve21	1.92712492065151	FALSE
8.70525714179224e-07	0.04273128479823	0.172	0.158	0.0120489464099546	Anks1a	1.91905092722586	FALSE
8.77180124682413e-07	-0.224952504143712	0.124	0.134	0.0121410501057293	Elovl1	1.9157437485655	FALSE
8.82358966973771e-07	-0.163710561958595	0.169	0.18	0.012212730461884	Dstn	1.91318722778657	FALSE
8.87008484079399e-07	0.0876487628952061	0.141	0.13	0.012277084428143	Klhl22	1.9109047575522	FALSE
8.96351260835899e-07	-0.125516643513856	0.204	0.217	0.0124063978012297	Sin3b	1.90635429764234	FALSE
9.06158119232853e-07	0.04975462912329	0.265	0.249	0.0125421345283019	Gfpt1	1.90162854524574	FALSE
9.08125213943561e-07	0.0751499136047895	0.24	0.225	0.0125693610861928	Iqce	1.90068679739701	FALSE
9.20861732726799e-07	-0.0700898269985271	0.603	0.607	0.0127456472426716	Thra	1.89463810552359	FALSE
9.30151822628831e-07	0.105856294057839	0.101	0.091	0.0128742313770056	Cep57l1	1.89027868995198	FALSE
9.52330923723955e-07	-0.131632307428289	0.215	0.227	0.0131812123152633	Psmd13	1.88004464455108	FALSE
9.54284496479961e-07	0.0793423778831928	0.121	0.11	0.0132082517157791	Cdon	1.87915466311502	FALSE
9.81430229708096e-07	0.0431146240513594	0.341	0.323	0.0135839758093898	Avl9	1.86697310049956	FALSE
9.87625186381985e-07	0.0334336902155593	0.501	0.477	0.013669720204713	N4bp2l2	1.86424037459039	FALSE
9.88792848142984e-07	-0.109960254771699	0.431	0.438	0.013685881811147	Ppp1r13b	1.86372721481379	FALSE
9.90054736423266e-07	-0.225783561752876	0.137	0.147	0.0137033476068344	Alkbh5	1.86317332557496	FALSE
1.01137136355427e-06	-0.140632126459676	0.249	0.261	0.0139983910429546	Arl6ip1	1.85392187870192	FALSE
1.01236410649859e-06	0.0291235595634866	0.525	0.499	0.0140121315980469	Wasf1	1.85349579256208	FALSE
1.01349265761248e-06	0.0243180856302476	0.663	0.638	0.0140277518740144	Klf12	1.85301192461969	FALSE
1.01748843179783e-06	0.035934089416454	0.531	0.509	0.0140830573845137	Map2k4	1.85130305108298	FALSE
1.0208668753916e-06	-0.208051948670029	0.119	0.129	0.0141298184222951	Twf1	1.84986341909284	FALSE
1.02119609934715e-06	0.0630328549509085	0.287	0.27	0.014134375211064	Phf8	1.84972338408881	FALSE
1.02348905854051e-06	-0.046074668196459	0.929	0.921	0.0141661120592592	Ppp2r2b	1.84874932709181	FALSE
1.02521259586699e-06	0.190440860377744	0.142	0.131	0.014189967539395	Elavl2	1.84801859802228	FALSE
1.03115482389741e-06	0.0770161770070603	0.153	0.141	0.0142722139175641	L3mbtl2	1.8455086535424	FALSE
1.0486392892109e-06	-0.0680991228191784	0.615	0.616	0.014514216401968	Rabgap1	1.83820640602505	FALSE
1.05368004103461e-06	0.0704043541978959	0.296	0.28	0.0145839854479601	Zdbf2	1.83612377769604	FALSE
1.1053638622095e-06	-0.165934369666337	0.193	0.204	0.0152993412168417	Tcaim	1.8153272693164	FALSE
1.11031342307144e-06	-0.217036604644991	0.091	0.101	0.0153678480887319	Fancc	1.81338694112864	FALSE
1.11042337398237e-06	0.0500215043596316	0.205	0.19	0.01536936991929	Ptar1	1.81334393641597	FALSE
1.11547019641428e-06	0.0548738275640805	0.177	0.164	0.01543922298857	Nup88	1.81137456023524	FALSE
1.12137750881009e-06	0.0397233179102139	0.281	0.264	0.0155209860994404	Nploc4	1.80908069004039	FALSE
1.12471949994046e-06	0.123355089986466	0.123	0.113	0.0155672425986759	Isoc2b	1.80778830652186	FALSE
1.14732554467564e-06	0.0318916437893293	0.444	0.421	0.0158801328638555	Lrig2	1.79914586829444	FALSE
1.16088730127763e-06	0.105758194290119	0.144	0.133	0.0160678411369837	Zfp428	1.79404247079601	FALSE
1.16936291230641e-06	-0.171045126055894	0.099	0.109	0.016185152069233	Ttll4	1.79088321578452	FALSE
1.17642771182115e-06	0.125885843516017	0.108	0.098	0.0162829359593166	Htr2a	1.78826728519804	FALSE
1.17758542747682e-06	-0.137413795185967	0.252	0.264	0.0162989599017066	Bbs4	1.78784010868572	FALSE
1.17849401534432e-06	-0.197110309744668	0.093	0.102	0.0163115356663807	Utp6	1.78750514993215	FALSE
1.19576609412391e-06	-0.0991999031592564	0.308	0.321	0.0165505985087691	Tmlhe	1.78118629648911	FALSE
1.19679365981567e-06	0.0385734035723344	0.248	0.232	0.0165648210455087	Sucla2	1.78081325156396	FALSE
1.20321735369671e-06	0.0398134622938098	0.283	0.265	0.0166537313925162	Ube2j2	1.77848844434259	FALSE
1.20838428057135e-06	0.120019133980796	0.125	0.115	0.0167252468273881	Tmem44	1.77662746429367	FALSE
1.22372493185167e-06	0.0389574968047577	0.745	0.723	0.016937576781759	Pcdhga5	1.7711487230247	FALSE
1.23689657228479e-06	-0.0465491247222214	0.781	0.785	0.0171198854569937	Tuba1a	1.76649914535758	FALSE
1.24526114985349e-06	-0.187861133569134	0.348	0.355	0.0172356595751221	Lpgat1	1.76357209233408	FALSE
1.24737876549664e-06	0.0671772802509922	0.178	0.165	0.017264969493239	Arhgap1	1.76283418470113	FALSE
1.2483617877574e-06	0.070220433195251	0.21	0.196	0.0172785755043501	Ptpn1	1.76249206487224	FALSE
1.31458526012521e-06	-0.181959353899798	0.115	0.125	0.0181951745853931	Ankrd46	1.74004377293792	FALSE
1.33465265673197e-06	0.0119965824637136	0.265	0.248	0.0184729274218272	Rmnd5a	1.73346427605931	FALSE
1.3419671925017e-06	-0.102825120855944	0.373	0.383	0.0185741679114161	Tnpo3	1.73109063272619	FALSE
1.35823263177084e-06	-0.132763621349602	0.218	0.23	0.0187992978563402	Prpf19	1.72585837109863	FALSE
1.36266656256159e-06	-0.274075214246044	0.118	0.128	0.0188606678924149	Lpin1	1.72444293212603	TRUE
1.36614879082195e-06	0.0839401490452809	0.171	0.158	0.0189088654137666	Scpep1	1.72333452928945	FALSE
1.37370254424128e-06	0.0886795173195498	0.162	0.15	0.0190134169148435	Usp10	1.7209398287467	FALSE
1.37507668145776e-06	0.0523902787269723	0.157	0.144	0.0190324363480569	Sppl2b	1.72050561398356	FALSE
1.38146422244055e-06	0.0299912378187666	0.607	0.583	0.0191208463027997	Rasal2	1.71849288943953	FALSE
1.4057356545579e-06	-0.163141444062313	0.146	0.157	0.0194567871947359	Cbfb	1.71092887109702	FALSE
1.41080666100664e-06	0.0381321943789014	0.347	0.331	0.0195269749949929	Ankrd13c	1.7093650298681	FALSE
1.43403836711463e-06	-0.147858477825781	0.191	0.203	0.0198485250392336	Usp25	1.7022717604939	FALSE
1.46102009170515e-06	0.0920382698798905	0.145	0.133	0.020221979089291	Hmgn1	1.69417634303297	FALSE
1.46573404187216e-06	-0.136204680798877	0.257	0.269	0.0202872248735526	Mbtps1	1.69277735683709	FALSE
1.4657476128005e-06	0.0379595926671337	0.202	0.187	0.0202874127087718	Pnpla8	1.69277333581292	FALSE
1.4744168851297e-06	0.0376075017745141	0.27	0.253	0.0204074041070802	Ndfip2	1.69021223554219	FALSE
1.50826062341577e-06	0.0755556915982392	0.217	0.203	0.0208758352886977	Fam124a	1.68035613840653	FALSE
1.50846761425797e-06	0.0256873748648121	0.17	0.157	0.0208787002489445	Slc10a7	1.6802965407407	FALSE
1.5101800145913e-06	-0.212654948024227	0.104	0.114	0.0209024015819582	Mrpl23	1.67980381274672	FALSE
1.51349710941599e-06	0.0341850460869237	0.324	0.305	0.0209483134914267	Aftph	1.67885093550676	FALSE
1.51582737912488e-06	0.120825368402771	0.12	0.11	0.0209805667544675	Ogfod1	1.67818278425432	FALSE
1.52174552784384e-06	-0.200837198027104	0.093	0.102	0.0210624798508866	Comt	1.67649049724585	FALSE
1.52834390589819e-06	0.030296488145606	0.807	0.779	0.0211538080015368	Tmem178b	1.67461144175505	FALSE
1.54444821236105e-06	0.0703309627280713	0.194	0.181	0.0213767077072893	Mmaa	1.67005918101018	FALSE
1.56505838312524e-06	0.0207037030486101	0.504	0.479	0.0216619730808364	Ptpn9	1.66430198819578	FALSE
1.57636925570553e-06	0.0193906050541549	0.521	0.495	0.0218185268682202	Arhgef11	1.66117457522341	FALSE
1.6002777851842e-06	0.0509572191115021	0.289	0.273	0.0221494448247346	Ipo7	1.65463715488452	FALSE
1.61739911019645e-06	0.058590594744669	0.194	0.18	0.022386421084229	Fbxo28	1.65001533150391	FALSE
1.62204646716759e-06	0.075070861066949	0.151	0.138	0.0224507451520666	Six3	1.64876923995865	FALSE
1.63016360125271e-06	0.103476663923346	0.1	0.09	0.0225630944049388	Cerk	1.64660133949223	FALSE
1.64093784850846e-06	-0.195551270980429	0.095	0.105	0.0227122207612055	Rgs14	1.64374039914954	FALSE
1.64607946601901e-06	0.0600428200750872	0.253	0.238	0.0227833858891691	C2cd2l	1.64238173400091	FALSE
1.64743786288366e-06	0.0799173155151067	0.2	0.186	0.0228021874601727	Stambpl1	1.64202348824897	FALSE
1.64832455523846e-06	0.08633833640295	0.595	0.571	0.0228144601690555	Ppp3cb	1.64178980295417	FALSE
1.6704765727389e-06	-0.104214119380798	0.455	0.462	0.0231210662432791	Carmil1	1.6359921420121	FALSE
1.69360800837529e-06	-0.108782699518449	0.146	0.158	0.0234412284439224	Tcf7l2	1.63001963273768	FALSE
1.70658665975222e-06	-0.160594084402012	0.208	0.219	0.0236208659576304	Klhl15	1.62670418488818	FALSE
1.7104393856587e-06	0.0393006902193133	0.599	0.576	0.023674191536902	Tusc3	1.62572484303461	FALSE
1.71836425522425e-06	-0.0687478407418141	0.647	0.646	0.0237838796565588	Gnb1	1.62371730127304	FALSE
1.72470513792776e-06	0.0102016570847674	0.497	0.472	0.0238716438140582	Oga	1.6221176742151	FALSE
1.74571515816844e-06	0.072318301034024	0.137	0.126	0.0241624435042093	Tmem263	1.61685914841456	FALSE
1.75035329331162e-06	-0.159085826545411	0.144	0.155	0.0242266399327261	Samm50	1.61570681532455	FALSE
1.77316318091289e-06	-0.102763780752343	0.481	0.485	0.0245423515870153	Atp5pf	1.61008382659945	FALSE
1.82198800851171e-06	0.0459857363441829	0.357	0.339	0.0252181360258106	Hmbox1	1.5982870170342	FALSE
1.83487310320657e-06	-0.138978305209991	0.211	0.222	0.0253964786214821	Ppil2	1.59522649681623	FALSE
1.84825837625387e-06	0.0276216011005337	0.684	0.66	0.0255817441857299	Ktn1	1.59206984826963	FALSE
1.8498375494639e-06	-0.155212627474761	0.168	0.179	0.0256036015221299	Nelfb	1.59169894050167	FALSE
1.85783866550557e-06	-0.0836621908705357	0.899	0.894	0.0257143449692626	Gpm6b	1.58982453414118	FALSE
1.86092767533047e-06	0.0718446977146612	0.15	0.138	0.025757099954249	Mcmbp	1.58910303668364	FALSE
1.86975374426473e-06	-0.203415954708455	0.116	0.126	0.0258792615743681	Pcnt	1.58704811976348	FALSE
1.87556288107778e-06	0.0527242831386834	0.205	0.191	0.0259596658369975	R3hdm4	1.58570090224463	FALSE
1.89096401882906e-06	-0.13151384206274	0.319	0.329	0.026172832984613	Nr2c2	1.58214926616429	FALSE
1.90389379411957e-06	0.030627672172802	0.324	0.306	0.026351794004409	Dync1li1	1.57918981310063	FALSE
1.93169879581177e-06	-0.124983625509213	0.325	0.337	0.0267366430328307	Uqcr10	1.5728931222737	FALSE
1.94685632012613e-06	-0.206601570401303	0.096	0.105	0.0269464383268658	Aamdc	1.56949863000266	FALSE
1.94927929268607e-06	-0.107630901249832	0.387	0.395	0.0269799746900679	Csde1	1.56895846207586	FALSE
1.95091194624583e-06	-0.137411853652047	0.178	0.19	0.0270025722479886	Poldip2	1.56859486325219	FALSE
1.96271263610096e-06	0.0235755559326414	0.352	0.332	0.0271659055962734	Tango2	1.5659758128497	FALSE
1.96518764756477e-06	-0.107809762797906	0.397	0.407	0.027200162229944	Sumo1	1.56542850569524	FALSE
1.97570206959403e-06	-0.210571481969754	0.12	0.13	0.0273456923452509	Polr2h	1.56311107657109	FALSE
1.9840515782354e-06	0.113587465371566	0.102	0.092	0.0274612578943562	Akirin1	1.5612795732877	FALSE
1.98984887207464e-06	0.0859791607496521	0.15	0.138	0.0275414982383851	Bclaf3	1.56001243811814	FALSE
2.01479618353738e-06	0.0389600001198558	0.205	0.19	0.0278867939763409	Eny2	1.55460141181562	FALSE
2.03031672153131e-06	0.0435042978648909	0.317	0.3	0.0281016137427148	Suz12	1.55126873990158	FALSE
2.04075931383532e-06	0.0439451971728483	0.4	0.382	0.0282461496627946	Hmgcll1	1.54904074409825	FALSE
2.04816189340667e-06	-0.131537581947922	0.259	0.271	0.0283486087666417	Cyth1	1.54746824963867	FALSE
2.05762562938747e-06	0.0656569117016658	0.252	0.238	0.028479596336352	Stx7	1.54546617058775	FALSE
2.07549730170005e-06	0.0651948056534366	0.178	0.165	0.0287269581528303	Gnai3	1.5417103582538	FALSE
2.09159279303142e-06	0.0735391963762202	0.229	0.215	0.0289497358483479	Mdn1	1.53835539463528	FALSE
2.15784739462694e-06	0.131245416107636	0.117	0.107	0.0298667657890315	Zfp385a	1.52481180371073	FALSE
2.18184756103547e-06	-0.0605472683543375	0.658	0.66	0.0301989520922919	Tom1l2	1.52000812685845	FALSE
2.18883293111476e-06	-0.162374244000954	0.121	0.131	0.0302956365995594	Elp2	1.51861991727965	FALSE
2.20908485960257e-06	-0.12884529320382	0.347	0.356	0.0305759435417592	Sys1	1.51462013220969	FALSE
2.21682817421557e-06	0.076091023035747	0.176	0.164	0.0306831187593176	Kif26b	1.51310049898892	FALSE
2.23393805341695e-06	-0.12488168882377	0.257	0.268	0.030919936597344	Prdx5	1.50976140529226	FALSE
2.24760669463862e-06	0.038324740130012	0.382	0.363	0.0311091242604931	Cacul1	1.50711221435541	FALSE
2.26070738106814e-06	0.0546554048248403	0.239	0.225	0.0312904508613641	Map3k7	1.5045881790976	FALSE
2.26565229170506e-06	-0.125085758385993	0.312	0.322	0.0313588933694897	Hdac11	1.50363927162548	FALSE
2.2749559966475e-06	0.0338429651697653	0.506	0.484	0.0314876659495981	Tmem135	1.50185953062349	FALSE
2.27571698050267e-06	-0.11437128443592	0.139	0.15	0.0314981987271374	Csgalnact1	1.50171428129714	FALSE
2.30517350551745e-06	-0.161873774684731	0.11	0.121	0.031905906489867	Actr1b	1.4961289119739	FALSE
2.33547928334765e-06	0.0152380988533107	0.329	0.31	0.0323253687608148	Zfp445	1.4904565120818	FALSE
2.33619861376823e-06	-0.227863914377033	0.112	0.121	0.0323353250131661	Tmed7	1.49032276945584	FALSE
2.37444525729367e-06	0.0977203349025357	0.101	0.091	0.0328646968062017	Tecpr1	1.48327036995598	FALSE
2.38372255999709e-06	-0.119027696372573	0.294	0.305	0.0329931039529198	Rhoa	1.4815768246119	FALSE
2.38545358571479e-06	-0.189119691468522	0.092	0.101	0.0330170630798784	Ppp5c	1.48126156053807	FALSE
2.38872679069277e-06	0.0331815322693087	0.416	0.396	0.0330623675099787	Mcu	1.48066605095497	FALSE
2.39423626897377e-06	-0.142058266505832	0.138	0.149	0.0331386241988659	Wdr27	1.47966552594818	FALSE
2.43643125323938e-06	0.029561698070579	0.231	0.215	0.0337226449760863	Hdac2	1.4720783695909	FALSE
2.47440158121175e-06	-0.100541333845309	0.097	0.107	0.0342481922855518	Zfp423	1.46536234683225	FALSE
2.49761198130378e-06	0.0911036925351603	0.111	0.101	0.0345694474332256	Actr5	1.46130756227474	FALSE
2.55361625537467e-06	-0.16355959360156	0.201	0.212	0.0353446025906408	Alkbh1	1.45167689711662	FALSE
2.56493770053818e-06	-0.067425900129033	0.599	0.603	0.035501302713149	Psip1	1.44975571030401	FALSE
2.56561321145042e-06	0.0542680222352625	0.19	0.177	0.0355106524596852	Pus7	1.44964134805778	FALSE
2.61836523813332e-06	-0.0515831984194721	0.613	0.617	0.0362407932610032	Ptpra	1.44080230478369	FALSE
2.65702104133092e-06	0.0938533263203229	0.145	0.134	0.0367758282330612	Parp1	1.43443753768955	FALSE
2.66895219966817e-06	-0.116703032148237	0.273	0.284	0.0369409673956071	Ints6l	1.43249173561281	FALSE
2.68142223429119e-06	0.0592154500799456	0.311	0.295	0.0371135651448244	Rapgef1	1.43046732513503	FALSE
2.75966659554841e-06	-0.195945104204736	0.091	0.1	0.0381965453489855	Rab4b	1.41797591467255	FALSE
2.84619669135612e-06	0.0157485869862167	0.243	0.227	0.0393942084050601	Spon1	1.40456762189541	FALSE
2.85096248032535e-06	-0.200906048726043	0.103	0.113	0.0394601716901832	Borcs5	1.40384102947569	FALSE
2.85775200400574e-06	-0.11026417715568	0.351	0.361	0.0395541454874435	Sdhb	1.40280799338061	FALSE
2.91892079937595e-06	-0.131423967511921	0.299	0.309	0.0404007827841625	Mtor	1.39361022014809	FALSE
2.9525534638495e-06	-0.208700948349966	0.11	0.12	0.0408662924931409	Pgls	1.38863476093795	FALSE
2.96729351898781e-06	0.0323697155322359	0.474	0.453	0.0410703095963102	Rab6a	1.38647202333426	FALSE
2.99685206984735e-06	0.112020914565385	0.122	0.111	0.0414794294987571	Trappc2	1.38216722545671	FALSE
3.00566473279707e-06	0.0754434341784003	0.131	0.12	0.0416014055666442	Igf2r	1.38089199582698	FALSE
3.03898098068417e-06	0.039552797853245	0.438	0.418	0.0420625357536496	Ica1	1.37610454927638	FALSE
3.08837141171979e-06	-0.135514859522301	0.282	0.293	0.0427461487096137	Hacd2	1.36910300770793	FALSE
3.10590692526392e-06	-0.201434107497969	0.102	0.111	0.042988857752578	Mmadhc	1.36664409427222	FALSE
3.14009211611862e-06	0.0780585241706073	0.153	0.142	0.0434620149791978	Vcpip1	1.36189014285533	FALSE
3.14201008195135e-06	-0.116709990055796	0.271	0.283	0.0434885615442886	Tpk1	1.3616249571015	FALSE
3.14559218860167e-06	-0.073293894052831	0.169	0.182	0.0435381414824357	Appl2	1.36113011367687	FALSE
3.18814130167201e-06	-0.104532062232822	0.311	0.322	0.0441270637564422	Srrt	1.35529496982903	FALSE
3.24053661648314e-06	0.0436058926458345	0.378	0.361	0.0448522673087432	Numb	1.34821559822106	FALSE
3.24341631512976e-06	0.050403320024905	0.208	0.195	0.044892125217711	Napg	1.34782983437386	FALSE
3.25235792828451e-06	-0.125497203806531	0.314	0.323	0.0450158860853859	Skp1	1.34663419685333	FALSE
3.25381035090443e-06	-0.143250475453086	0.147	0.158	0.0450359890668682	Ubxn6	1.34644029497049	FALSE
3.34798207483992e-06	0.0611390902690205	0.135	0.124	0.0463394198978593	Prim2	1.33404940724729	FALSE
3.35350304317677e-06	-0.101549845154614	0.344	0.355	0.0464158356206097	Wasf3	1.33333382657115	FALSE
3.36651642465259e-06	-0.12616081719255	0.339	0.349	0.0465959538336165	Arsb	1.33165179369681	FALSE
3.47386354463704e-06	0.0796919191992811	0.115	0.105	0.0480817453213213	Ddx21	1.3180197762453	FALSE
3.50084183141563e-06	0.0301237210668477	0.584	0.561	0.0484551517886238	Pum2	1.31466004163847	FALSE
3.53705623733178e-06	-0.129236807853953	0.223	0.235	0.0489563953809091	Gba2	1.31019056643053	FALSE
3.57726515159954e-06	-0.134137239537369	0.239	0.25	0.0495129269632893	Med1	1.30528139953335	FALSE
3.5891054125919e-06	0.0601559946360727	0.238	0.224	0.0496768080156845	Ncbp1	1.3038463175358	FALSE
3.63123841329973e-06	-0.0807748133143474	0.44	0.449	0.0502599708784816	Lcorl	1.29877776738129	FALSE
3.69962059116589e-06	-0.124778844704161	0.253	0.264	0.051206448602327	Hcfc1r1	1.29067534339809	FALSE
3.7459134329548e-06	0.0873216467468025	0.113	0.103	0.0518471878255274	Dcun1d2	1.28527479462647	FALSE
3.78188413964867e-06	-0.113774869084349	0.287	0.299	0.0523450583768772	Nvl	1.28112431152005	FALSE
3.79772531802405e-06	-0.115592162858379	0.258	0.269	0.0525643161267708	Uqcrc1	1.27930898147948	FALSE
3.80949018768184e-06	-0.0975146295219322	0.372	0.384	0.0527271536877044	Map2k6	1.27796567208002	FALSE
3.82118431240902e-06	0.0180792149659932	0.321	0.303	0.0528890120680533	Yeats2	1.27663454524042	FALSE
3.85464771192398e-06	-0.137027477422724	0.352	0.361	0.0533521789807398	Klhl5	1.27284783865776	FALSE
3.86167580238166e-06	0.0756588531520068	0.125	0.115	0.0534494547807646	Pcdh1	1.27205672051906	FALSE
3.86210416459671e-06	-0.13212164832865	0.282	0.292	0.0534553837421831	Epg5	1.2720085484201	FALSE
3.94795579960351e-06	0.0909394284906382	0.127	0.116	0.0546436562223122	Cox18	1.26246024958913	FALSE
3.95629829324239e-06	0.0275822476078315	0.465	0.444	0.0547591246767679	Cnot6l	1.26154350266894	FALSE
3.97620443430331e-06	0.0137073535578834	0.44	0.417	0.0550346455751922	Acvr2a	1.25936382604917	FALSE
4.10240601033488e-06	-0.10835511168019	0.358	0.368	0.0567814015890451	Pfdn2	1.24579389157636	FALSE
4.1127122574e-06	0.0378319227331435	0.484	0.463	0.0569240503546734	Ywhah	1.24470420584528	FALSE
4.1184763122927e-06	0.0846472354165786	0.115	0.106	0.0570038306384432	Ppfia3	1.24409595890226	FALSE
4.16389646695903e-06	-0.129397591204136	0.273	0.284	0.0576324909991799	Pfkm	1.23933260887919	FALSE
4.22932194689179e-06	0.091677197604096	0.107	0.097	0.0585380450669293	Cdv3	1.23256178533273	FALSE
4.2311919626205e-06	0.0267790208780727	0.136	0.124	0.0585639279546304	Smad4	1.23236980230807	FALSE
4.31197408747642e-06	-0.226308045126246	0.125	0.134	0.0596820333447611	Faah	1.22415638903126	FALSE
4.3539935972081e-06	0.0412819052727778	0.278	0.262	0.0602636253789573	Ilkap	1.21994474530263	FALSE
4.54462218050143e-06	0.0684468308585424	0.169	0.157	0.0629021156003203	Erlin1	1.2013347475898	FALSE
4.63834303794251e-06	0.0746176363674536	0.203	0.19	0.0641993059881623	Pja1	1.19246966674642	FALSE
4.882302557896e-06	0.0751664283363049	0.12	0.109	0.0675759497038386	Snrk	1.1702078420667	FALSE
4.96182158911211e-06	-0.198600146102456	0.115	0.125	0.0686765726149008	Snf8	1.16319138694702	FALSE
4.97522522864891e-06	-0.149253258613956	0.208	0.22	0.0688620923897296	Trim3	1.16201978529809	FALSE
4.99544839105355e-06	-0.114040630415159	0.129	0.14	0.0691420011805722	Agl	1.1602580548037	FALSE
5.01212527814879e-06	-0.191878513310873	0.169	0.179	0.0693728259748574	Dennd10	1.1588106136987	FALSE
5.17882815327621e-06	-0.149331913587667	0.208	0.218	0.071680160469496	Napa	1.14460103109511	FALSE
5.20268495692655e-06	-0.11382718728578	0.382	0.39	0.0720103624888204	Tmem260	1.14260500290359	FALSE
5.2232884719537e-06	-0.142066961602696	0.092	0.101	0.0722955357403112	Rasal1	1.14088851962398	FALSE
5.25209683093651e-06	0.0566789531862691	0.296	0.28	0.0726942722369922	Kdm2b	1.13849980693828	FALSE
5.29480758715911e-06	0.0780987969625746	0.175	0.163	0.0732854318138692	Clns1a	1.13498234884669	FALSE
5.32787712724667e-06	-0.156472029953851	0.165	0.175	0.0737431473182211	Nol7	1.13227833087735	FALSE
5.39411224914188e-06	-0.118698734468693	0.144	0.155	0.0746599076403727	Serpinb6a	1.12691255166261	FALSE
5.54389784035898e-06	0.164314941990778	0.192	0.18	0.0767330900084086	Col11a2	1.11501731259582	FALSE
5.57619893050202e-06	0.0229844293453723	0.464	0.443	0.0771801693970784	Coro2b	1.11249427256255	FALSE
5.654823916801e-06	-0.166490327842046	0.149	0.159	0.0782684178324427	Anapc13	1.10641344519615	FALSE
5.68318670132155e-06	0.0890370995620908	0.141	0.13	0.0786609871329916	Fam185a	1.10424060784083	FALSE
5.76059164372485e-06	0.00195953098167712	0.698	0.651	0.0797323489407956	Grin1	1.09836544126223	FALSE
5.76719668190577e-06	-0.157851558405269	0.212	0.222	0.0798237692742577	Sptlc2	1.09786776870482	FALSE
5.77302681039399e-06	-0.182667734308509	0.095	0.104	0.0799044640826633	Tmed4	1.09742895695246	FALSE
5.80221382043293e-06	-0.119997208235729	0.184	0.195	0.0803084414886122	Acrbp	1.09523880217787	FALSE
5.82074884585054e-06	0.0363403544963897	0.302	0.285	0.0805649847754173	Ric1	1.09385367063861	FALSE
6.03228539058963e-06	-0.00552037872704414	0.117	0.128	0.0834928620911511	Igdcc4	1.07835065130599	FALSE
6.04606355519726e-06	0.0185238927121136	0.278	0.261	0.0836835656674852	Lgr4	1.07735982325785	FALSE
6.09197871036206e-06	0.0955925408468636	0.133	0.123	0.0843190773301213	Kcnh4	1.07407415441603	FALSE
6.13021828821865e-06	-0.164934626991344	0.265	0.273	0.0848483513272343	Knop1	1.07135659196081	FALSE
6.20580231848682e-06	0.0298199997891642	0.882	0.865	0.0858945098901761	Rtn1	1.06603459403371	FALSE
6.24393412051851e-06	-0.158897949181942	0.1	0.109	0.0864222921620967	Sord	1.06337421916169	FALSE
6.27388700463427e-06	0.0205024333332238	0.333	0.315	0.0868368700311429	Sec63	1.06129583874941	FALSE
6.28036889161749e-06	-0.208818983068178	0.091	0.1	0.0869265858288777	Lsm4	1.06084737760244	FALSE
6.37903658724042e-06	0.0127300294100074	0.145	0.133	0.0882922454039946	Antxr1	1.05407743828137	FALSE
6.43664342788872e-06	-0.131540459901782	0.224	0.235	0.0890895816854077	Cdc40	1.05017308026264	FALSE
6.49846093520082e-06	0.0294357044529115	0.271	0.254	0.0899451978041146	Mosmo	1.046022018787	FALSE
6.63468683318152e-06	-0.111388624502352	0.238	0.249	0.0918307004580654	Snrnp40	1.03701210299747	FALSE
6.74192845755992e-06	-0.195018495247743	0.102	0.11	0.0933150317810868	Slc35b4	1.03004839169029	FALSE
6.76097342990673e-06	0.0458646505316767	0.265	0.25	0.093578633243339	Nars2	1.02882330215742	FALSE
6.8290864901795e-06	0.0506182644991919	0.206	0.193	0.0945213861105745	Klhl18	1.02446991827369	FALSE
6.86499408641064e-06	0.0627384505813329	0.23	0.217	0.0950183831500097	Ppfia4	1.02219236388738	FALSE
6.93059070011926e-06	-0.129916148817782	0.393	0.4	0.0959263058803507	Reep5	1.01806227987768	FALSE
6.94236964927789e-06	0.100214044505332	0.113	0.103	0.0960893383156552	Gpr85	1.01732479721751	FALSE
7.0890781011754e-06	0.0379573965976283	0.544	0.522	0.0981199299983688	Rab10	1.00824277030394	FALSE
7.10975596997017e-06	-0.197973147781178	0.113	0.122	0.0984061323803571	Decr1	1.00697783677227	FALSE
7.22784424128552e-06	-0.214885484061241	0.098	0.107	0.100040592143633	Eif3l	0.999823746330268	FALSE
7.3018764256722e-06	-0.218819053411916	0.109	0.118	0.101065271607729	Erg28	0.995398052521323	FALSE
7.51555449468082e-06	-0.0716483316117613	0.868	0.863	0.104022789760877	Sik3	0.982871503171183	FALSE
7.56721681588502e-06	0.0826579888273609	0.135	0.124	0.104737847948665	Cmc4	0.979896353803079	FALSE
7.83081068112234e-06	0.0402570096958941	0.144	0.132	0.108386250637414	Arl6ip6	0.965025806829257	FALSE
7.89034570136927e-06	-0.153762701262395	0.194	0.204	0.109210274852652	Rtraf	0.961736499892378	FALSE
8.03981971526456e-06	-0.0937767692976819	0.6	0.599	0.111279144678977	Kdm6a	0.953586221105767	FALSE
8.08627840411881e-06	0.0490421186196181	0.376	0.358	0.111922179391409	Ddx50	0.951083841685928	FALSE
8.10139278929609e-06	-0.106440778103385	0.211	0.223	0.112131377596647	Lrch1	0.95027284226434	FALSE
8.25643445261585e-06	-0.148983718482971	0.261	0.271	0.114277309258656	Dynlrb1	0.942039993944486	FALSE
8.29510176997736e-06	0.0728203516601029	0.102	0.093	0.114812503598257	Acp2	0.940010812739203	FALSE
8.50990914646173e-06	-0.160261906552945	0.105	0.114	0.117785652496177	Wdr18	0.928907607861536	FALSE
8.54792442746403e-06	-0.0947316199356711	0.473	0.478	0.11831182200053	Atad2b	0.926971857459354	FALSE
8.60887035593978e-06	0.0826748067131364	0.144	0.133	0.119155374596562	Mta1	0.923886363682722	FALSE
8.61661604121003e-06	0.0937258761881359	0.112	0.103	0.119262582626388	Arhgap29	0.923495790259064	FALSE
8.6707061021083e-06	0.0516489043929713	0.191	0.178	0.120011243159281	Il12rb2	0.920778065508166	FALSE
8.680516431759e-06	0.0547420524491582	0.502	0.483	0.120147027931976	Rufy3	0.920286967837251	FALSE
8.78146396299794e-06	0.0514557116742691	0.291	0.276	0.121544242711855	Pcmt1	0.915265607924633	FALSE
8.81193486475996e-06	0.0268823661112413	0.515	0.493	0.121965990463143	Slf2	0.913761253040707	FALSE
8.91487194071347e-06	-0.104201857388045	0.161	0.172	0.123390742531415	Chic2	0.908717422299034	FALSE
8.95096552364559e-06	-0.100095697193231	0.383	0.391	0.123890313812779	Atxn2l	0.90696264699038	FALSE
9.13218665251066e-06	0.0940156447700211	0.111	0.101	0.1263985954574	Slc25a22	0.898257751911939	FALSE
9.15670587046727e-06	0.0253753012340958	0.746	0.724	0.126737965953137	Nckap1	0.897093267247208	FALSE
9.22693042237408e-06	0.0890472730709266	0.102	0.092	0.12770994397608	Prickle1	0.893775285619878	FALSE
9.36094293724482e-06	0.0389228293374477	0.182	0.17	0.129564811194406	Klhdc3	0.887512933489999	FALSE
9.39213116509018e-06	-0.149683042964251	0.168	0.178	0.129996487456013	Eif3m	0.886068382301472	FALSE
9.41373286966554e-06	0.0302654954871537	0.452	0.433	0.130295476649041	Dennd6a	0.885070661036918	FALSE
9.52687935029402e-06	-0.093423518574261	0.494	0.498	0.131861537087419	Mtdh	0.8798818660662	FALSE
9.5350215569854e-06	0.0445912923896181	0.207	0.194	0.131974233370235	Hras	0.879510852108164	FALSE
9.68784015049181e-06	-0.160725490246188	0.113	0.122	0.134089395522957	Slc37a4	0.872605567025137	FALSE
9.82356957105416e-06	0.0796984846536023	0.277	0.264	0.135968026432961	Sorl1	0.866563206161244	FALSE
9.9191520648151e-06	-0.126465685628796	0.238	0.248	0.137290983729106	Tkt	0.862357983122107	FALSE
1.00112037474815e-05	-0.114110126361873	0.249	0.261	0.138565071068892	Vps39	0.858346231151374	FALSE
1.00596747521969e-05	0.0407089196713771	0.325	0.308	0.139235958245158	Hnrnpa3	0.856248591946939	FALSE
1.01106443038668e-05	-0.146517516236865	0.094	0.102	0.13994142780982	Cul7	0.854053699333677	FALSE
1.01362777156131e-05	0.0275555770563484	0.449	0.428	0.140296219861801	Hpca	0.852954030434771	FALSE
1.01548500037284e-05	0.104546347180202	0.119	0.109	0.140553278901605	Rev1	0.852159018485827	FALSE
1.02520940842266e-05	-0.0974673914433113	0.348	0.358	0.14189923421978	Cryzl1	0.848019948270652	FALSE
1.02646075891857e-05	-0.0624014018422698	0.695	0.694	0.142072433641919	Phf14	0.847490180190637	FALSE
1.0287714969492e-05	0.064789037974617	0.351	0.336	0.142392262892739	Sh3rf3	0.846513608130891	FALSE
1.03222347184023e-05	-0.178440551671104	0.131	0.14	0.142870050737406	Klhl20	0.845058801038752	FALSE
1.0350861109372e-05	-0.109783964727921	0.69	0.658	0.143266268614817	Rbms3	0.843856050208923	FALSE
1.0441970212421e-05	0.0502923640142618	0.166	0.154	0.144527309710119	Khsrp	0.84005008137963	FALSE
1.07160495204727e-05	-0.185878956355187	0.107	0.116	0.148320841412862	Gpr180	0.828797819472996	FALSE
1.09936564992018e-05	-0.0778260425706823	0.41	0.42	0.152163199605452	Tmsb10	0.817690368201205	FALSE
1.1014232306292e-05	0.021277542800878	0.259	0.243	0.152447989351388	Zfx	0.816878299205165	FALSE
1.1065306733871e-05	0.0118729473204451	0.166	0.153	0.153154910503509	Paip2b	0.814869074140539	FALSE
1.10779072687533e-05	0.0351902812010356	0.388	0.37	0.153329314506815	Sh3rf1	0.814374805931918	FALSE
1.11782411589295e-05	-0.141684527905483	0.23	0.241	0.154718035880743	Slc9a8	0.810459056520959	FALSE
1.11910629170389e-05	-0.103652538018053	0.334	0.344	0.154895501834736	Ext2	0.80996119396912	FALSE
1.12892517886734e-05	0.0665720206601434	0.155	0.144	0.156254534007028	Ankrd42	0.806167371963633	FALSE
1.15470580905104e-05	0.0329078861334947	0.318	0.302	0.159822831030755	Tsc22d2	0.79636118070149	FALSE
1.16510177846199e-05	-0.174389740595351	0.1	0.109	0.161261737156924	Pomt2	0.792468666168795	FALSE
1.16771925451366e-05	-0.165983784064362	0.149	0.159	0.161624022017235	Hacl1	0.791494090008244	FALSE
1.17468658338821e-05	0.0157240901820725	0.608	0.582	0.162588370006763	Zfyve9	0.788910522841134	FALSE
1.18644823315715e-05	0.0440480060201248	0.38	0.364	0.164216299951281	Mapk11	0.78458373742633	FALSE
1.20945021619614e-05	-0.136147955105986	0.25	0.261	0.167400004423708	Srbd1	0.776244534866106	FALSE
1.21228059510479e-05	0.026434371030463	0.44	0.42	0.167791757168455	Rasgrf1	0.775229377858831	FALSE
1.21716374285527e-05	-0.0993586112369462	0.423	0.431	0.168467633648598	Ndufb2	0.773483524335738	FALSE
1.21830787126553e-05	-0.165783059921774	0.099	0.108	0.168625992461862	Polr3c	0.773075481237361	FALSE
1.2255738791975e-05	0.0559319656430318	0.266	0.252	0.169631680619726	Tango6	0.770493035136777	FALSE
1.23510982455615e-05	0.0189014339560603	0.438	0.419	0.170951550816817	Cul5	0.767126955071358	FALSE
1.23611001350646e-05	-0.114922476079108	0.264	0.274	0.17108998696943	Usp5	0.766775406772005	FALSE
1.23772199569178e-05	0.0186707949432681	0.589	0.564	0.171313101423699	Tspan5	0.76620942244931	FALSE
1.25142967061051e-05	-0.18213638371187	0.122	0.131	0.173210380709201	Atox1	0.761426083741142	FALSE
1.26129368475644e-05	0.0257158413742303	0.42	0.399	0.174575658907138	Rab30	0.758016310110693	FALSE
1.28418158591824e-05	-0.0991831441431555	0.366	0.376	0.177743573306944	Sae1	0.750206093145534	FALSE
1.29563843591638e-05	0.0778877104800983	0.15	0.139	0.179329315915187	Prpsap1	0.746348708209829	FALSE
1.29610228834854e-05	0.0512865124346578	0.201	0.188	0.179393517730322	Pnpt1	0.7461932539609	FALSE
1.30204844653833e-05	0.0726531711337191	0.125	0.115	0.18021652548537	Amt	0.744205387618653	FALSE
1.30238425105192e-05	0.0962403316156728	0.128	0.118	0.180263004188096	Lsm14b	0.744093395438402	FALSE
1.3282320693687e-05	0.0747024085570425	0.121	0.111	0.183840600721321	Bnip2	0.735558569543906	FALSE
1.33044736986219e-05	-0.103850974364249	0.3	0.31	0.184147220462626	Plec	0.734834832045855	FALSE
1.33463131497259e-05	-0.106451933517607	0.399	0.406	0.184726320305356	Selenof	0.733471220699463	FALSE
1.3403670565174e-05	0.0192347662510999	0.306	0.289	0.185520204292574	Hadhb	0.731608786130049	FALSE
1.35274083043077e-05	-0.110509679491561	0.309	0.319	0.187232858339923	Gpcpd1	0.727617932609296	FALSE
1.35375717685151e-05	0.0886677552318303	0.414	0.399	0.187373530848018	Sik2	0.727291759331657	FALSE
1.3637937706119e-05	0.0516624237763241	0.12	0.11	0.188762695790393	Fam98a	0.724083828963482	FALSE
1.37061987284922e-05	0.0201870852172763	0.723	0.703	0.189707496601061	Psme4	0.721915506917636	FALSE
1.37344180952236e-05	0.0676031547689986	0.177	0.165	0.190098080855991	Cacnb1	0.72102226755255	FALSE
1.41596445778883e-05	-0.228416946570216	0.134	0.142	0.195983640602553	Mtf1	0.707780179115773	FALSE
1.42154575580661e-05	-0.0971325997575836	0.442	0.446	0.196756148061192	Matk	0.706071688309005	FALSE
1.42559273984184e-05	-0.109929798764213	0.264	0.275	0.197316291121509	Dnttip1	0.704837056399643	FALSE
1.4552784855779e-05	-0.157834622137896	0.133	0.142	0.201425095188837	Gmfb	0.695886422446348	FALSE
1.45562872101169e-05	0.0740687965324258	0.164	0.153	0.201473571275228	Txlna	0.695781915290191	FALSE
1.46512758772863e-05	-0.115718472370822	0.384	0.39	0.202788309417519	Mindy2	0.692957085343661	FALSE
1.46670833549896e-05	0.0738298966843611	0.214	0.202	0.203007100716411	Slc7a6	0.692488771209831	FALSE
1.47231294208669e-05	0.112504001366014	0.125	0.115	0.203782834314219	Setdb2	0.690832401667125	FALSE
1.48489416636537e-05	-0.162910308771404	0.101	0.11	0.205524201566631	Aprt	0.687137030294107	FALSE
1.54731908593051e-05	0.0500892809012276	0.283	0.269	0.214164434683642	Cacng4	0.669252648831329	FALSE
1.54798982749154e-05	0.0781799254358511	0.122	0.112	0.214257272023104	B3galnt1	0.669064428933771	FALSE
1.55846343957414e-05	0.0143132532597567	0.423	0.403	0.215706924671457	Ago3	0.66613591285605	FALSE
1.57020053399075e-05	-0.0918276790143661	0.483	0.488	0.21733145590966	Ywhaz	0.662877410636193	FALSE
1.5716930786728e-05	0.0346626079010381	0.185	0.172	0.217538039019103	Nrip1	0.662464790701796	FALSE
1.57470665428589e-05	0.053060195614153	0.258	0.244	0.21795514801971	Tmem120a	0.661632868650662	FALSE
1.57969380140335e-05	0.0670276387669149	0.112	0.102	0.218645419052237	Nup50	0.660259617341198	FALSE
1.58493049832562e-05	0.0620999389938506	0.162	0.151	0.219370230273249	Ube2f	0.658822308872848	FALSE
1.58587840349635e-05	0.0232188437908266	0.523	0.5	0.21950142982793	Mapk8	0.658562646427064	FALSE
1.59016799263985e-05	-0.116634072044488	0.32	0.329	0.220095151861282	Ramp1	0.657389523748706	FALSE
1.60870048303493e-05	0.0671048255978903	0.154	0.143	0.222660233856865	Klhdc4	0.65235733913404	FALSE
1.62813532781385e-05	-0.118260561172727	0.323	0.332	0.225350210722715	Klhdc2	0.647142031488413	FALSE
1.68468587284744e-05	0.0297530870963194	0.348	0.33	0.233177371660815	Ythdc1	0.632313597307827	FALSE
1.70066961066106e-05	-0.138722993950532	0.254	0.264	0.235389680811598	Agfg2	0.628212580000708	FALSE
1.74847607935538e-05	-0.187841645349696	0.119	0.128	0.242006574143578	Rnf5	0.616172836186929	FALSE
1.76166837002621e-05	0.0808111168937984	0.187	0.175	0.243832519095327	St8sia5	0.612908374509857	FALSE
1.76975119644754e-05	0.0413267085009488	0.288	0.273	0.244951263100304	Golgb1	0.610920316746218	FALSE
1.78126667151722e-05	-0.136416176795007	0.164	0.174	0.246545120004698	Gpatch11	0.60810358926347	FALSE
1.84788049031686e-05	0.0469331170286793	0.239	0.226	0.255765138664757	Tmem67	0.592158651089945	FALSE
1.88194829735134e-05	0.00106339312856107	0.526	0.502	0.260480463836399	Rmdn1	0.58422484344396	FALSE
1.88842023767725e-05	0.028111223282233	0.226	0.212	0.261376245096909	Tent4b	0.582733885355796	FALSE
1.88990728281152e-05	-0.136657823696164	0.21	0.22	0.261582067013943	Dad1	0.582392032763083	FALSE
1.90168961932883e-05	0.0264307008243141	0.75	0.732	0.263212860211303	Gabbr1	0.579692895520232	FALSE
1.92512790149983e-05	-0.138140654120845	0.191	0.202	0.266456952846591	Bbs7	0.574372942927247	FALSE
1.93318818422117e-05	0.0605594158470242	0.126	0.116	0.267572576578052	Ccne2	0.572558399316486	FALSE
1.95213921735758e-05	0.0770747627804131	0.111	0.102	0.270195589074463	Rassf1	0.56832174508548	FALSE
1.95538508483282e-05	-0.0755291510985019	0.461	0.468	0.27064484959171	Sumo2	0.567600233177328	FALSE
1.98302608372248e-05	0.0727698242798398	0.187	0.175	0.274470640248028	Dap3	0.561504104620861	FALSE
1.98590511718433e-05	0.0614129561734353	0.105	0.096	0.274869127269483	Ccdc92	0.560874036473185	FALSE
1.98665586560146e-05	-0.114273029159219	0.357	0.365	0.274973038357898	Kdelr3	0.560709887502205	FALSE
1.98794304347344e-05	-0.0764198540545457	0.586	0.588	0.275151196647159	Tcf25	0.560428594078964	FALSE
1.98858592139981e-05	-0.133168227083302	0.212	0.222	0.275240177380947	Orc4	0.560288170940665	FALSE
2.01139799932815e-05	0.0856785266737536	0.144	0.134	0.278397597087009	Polr3gl	0.555334517539766	FALSE
2.02840109044276e-05	0.0641125937473628	0.226	0.213	0.280750994928182	Prdm10	0.551678696006652	FALSE
2.03356987325245e-05	0.0527291120728047	0.237	0.224	0.281466406156871	Zfp605	0.550573432042899	FALSE
2.05257950939399e-05	-0.172416477502767	0.119	0.128	0.284097529895222	Ash2l	0.546532542262768	FALSE
2.09144806568455e-05	0.0888332045450886	0.12	0.111	0.289477326771399	Rrp7a	0.538385446595214	FALSE
2.11031933666131e-05	-0.173111365749024	0.132	0.14	0.292089299387293	Notch2	0.53448435299624	FALSE
2.11061775560331e-05	-0.00738347616576812	0.343	0.326	0.292130603553054	Ttyh3	0.534422944026058	FALSE
2.11359841561233e-05	-0.0371406914533492	0.881	0.872	0.292543156704902	Dennd1a	0.533810056637385	FALSE
2.13855897293211e-05	-0.0669159144243566	0.562	0.567	0.295997947443534	Aff4	0.528711300485108	FALSE
2.16204286113048e-05	-0.113170784496727	0.398	0.404	0.299248352409069	Rnf14	0.523968232038075	FALSE
2.17778453228194e-05	-0.110904722561794	0.316	0.325	0.301427157113144	Elavl1	0.520817622449165	FALSE
2.20532901846297e-05	-0.168338378581014	0.358	0.363	0.305239589445459	Mast3	0.515359139253648	FALSE
2.20955941844031e-05	-0.165075031946041	0.333	0.339	0.305825119106324	Samd4a	0.514526846453972	FALSE
2.22260403255906e-05	-0.139496449771569	0.258	0.267	0.307630624146499	Psmb7	0.511970433383534	FALSE
2.26508985990597e-05	0.0496070395366788	0.189	0.176	0.313511087509586	Zfp706	0.503747095474148	FALSE
2.26542139299535e-05	0.0344015838875998	0.345	0.329	0.313556975004486	Fbxo3	0.503683533997968	FALSE
2.28088542427968e-05	-0.140832550255785	0.171	0.181	0.315697351574551	Id4	0.50072906144444	FALSE
2.29026726251213e-05	0.0512558718650598	0.176	0.164	0.316995891804304	R3hcc1l	0.498946366104907	FALSE
2.29605713053297e-05	0.0237249766950396	0.252	0.238	0.317797267437068	Slk	0.497849841370631	FALSE
2.30744314935848e-05	0.0533367029561096	0.318	0.304	0.319373206302707	Dnpep	0.495701521644576	FALSE
2.32212536218598e-05	-0.0926400064140716	0.494	0.496	0.321405371380162	Bptf	0.492946869510224	FALSE
2.32609943230886e-05	-0.104506284813854	0.459	0.463	0.321955422425869	Pik3r1	0.492204256051582	FALSE
2.3379900118504e-05	-0.0784599970558295	0.829	0.801	0.323601197540213	Gabrb1	0.489989879877614	FALSE
2.37322358199319e-05	-0.182253528191298	0.121	0.13	0.328477875983678	Kdelr1	0.483493876216148	FALSE
2.37598197903652e-05	0.0760245095596352	0.106	0.097	0.328859665718444	Tyk2	0.482989388998601	FALSE
2.38218598878538e-05	0.042577351812801	0.134	0.123	0.329718362707784	Tspyl2	0.481856865411921	FALSE
2.39432467355243e-05	0.0965254885719402	0.132	0.123	0.331398478066392	Map3k4	0.479649490391291	FALSE
2.40000557533455e-05	0.00574369238522032	0.191	0.177	0.332184771682055	Chmp2a	0.478620280752905	FALSE
2.4003175884728e-05	-0.194506951625657	0.103	0.111	0.33222795742052	Mrpl35	0.478563823893735	FALSE
2.43739730318945e-05	0.0537150864987427	0.21	0.197	0.337360160734452	Tshz1	0.471906205074564	FALSE
2.44607362208759e-05	0.0380561948496021	0.171	0.16	0.338561050033143	Pttg1ip	0.470363007032401	FALSE
2.4676603693003e-05	0.0231868703673961	0.163	0.152	0.341548871714854	Capn15	0.466547144991223	FALSE
2.47101442971833e-05	-0.148109625404539	0.235	0.243	0.342013107217313	Lamtor2	0.465957249841309	FALSE
2.51440713166224e-05	0.107577362678234	0.11	0.101	0.348019091093371	Tlcd4	0.458396931544543	FALSE
2.52553489054619e-05	0.0413094032835826	0.821	0.801	0.349559284200498	Dlg1	0.45647915863725	FALSE
2.54212442251246e-05	-0.178822385506216	0.111	0.12	0.351855441319949	Bloc1s2	0.4536357283741	FALSE
2.55850261938561e-05	0.0406965564360205	0.286	0.27	0.354122347549163	Herpud2	0.450846665416303	FALSE
2.62635644834443e-05	-0.186002017582983	0.11	0.119	0.363513996015352	Gnl2	0.439478863277517	FALSE
2.63661632204712e-05	-0.113705871941312	0.379	0.388	0.364934065134541	Klhl32	0.437785595091255	FALSE
2.64307994399703e-05	-0.16422930025184	0.245	0.254	0.36582869504863	Afap1	0.436722232122284	FALSE
2.68659784246433e-05	-0.0938320974729102	0.413	0.42	0.371852007375488	Carhsp1	0.429629869710329	FALSE
2.69585377654765e-05	-0.104943987697513	0.561	0.561	0.37313312121196	Ube2g1	0.4281361990397	FALSE
2.69849613353843e-05	0.0418258271526966	0.312	0.296	0.373498849843054	Tubb5	0.427710731218286	FALSE
2.70256201967758e-05	0.0599952770294112	0.122	0.112	0.374061609143573	Tomm40	0.427056862217899	FALSE
2.72532048001134e-05	-0.162248090912947	0.149	0.158	0.377211607638369	Atg4d	0.423414951523979	FALSE
2.74526146989137e-05	-0.174494267873385	0.185	0.194	0.379971640047665	Cuta	0.420248816621166	FALSE
2.79784279540276e-05	0.0348610786901612	0.521	0.502	0.387249421311697	Ptprs	0.41200922255862	FALSE
2.80028505469561e-05	0.0177020935356395	0.382	0.365	0.38758745442042	Atp11b	0.411630288804353	FALSE
2.80421293008678e-05	-0.143522629481724	0.24	0.25	0.388131111653311	Mettl25	0.411021543867014	FALSE
2.81639579427838e-05	-0.22634497675723	0.097	0.105	0.38981734188607	Pou3f1	0.409138844238674	FALSE
2.81864446638301e-05	-0.154000520429405	0.154	0.163	0.390128580592073	Lsm12	0.408792232362515	FALSE
2.82249501225772e-05	0.0418545982389413	0.128	0.118	0.390661534646591	Cep85	0.408199348214996	FALSE
2.82658209377896e-05	0.0422065495328847	0.713	0.692	0.391227227599945	Hnrnpa2b1	0.407570927951597	FALSE
2.87020277228389e-05	-0.12976493228166	0.561	0.561	0.397264765711813	Nfasc	0.400919951771972	FALSE
2.93858457494378e-05	-0.173791932163063	0.119	0.128	0.406729491017969	Sfr1	0.390694336761808	FALSE
2.94762022026026e-05	-0.141205894852145	0.121	0.13	0.407980114686222	Pgm1	0.389361004293714	FALSE
2.95019134640924e-05	0.0492670614249706	0.193	0.181	0.408335984256503	Flot2	0.388982346563843	FALSE
2.97686010766793e-05	-0.105121016112842	0.348	0.357	0.412027207502318	Psma7	0.385074105136798	FALSE
2.98021613396788e-05	0.0319603079001067	0.764	0.742	0.412491715102495	Ralgapa1	0.384584769832609	FALSE
2.98595445006503e-05	0.0726317877779654	0.213	0.201	0.413285955433501	Spats2l	0.383749352960171	FALSE
2.98772233716441e-05	0.0299015559589141	0.239	0.226	0.413530648686926	Spcs2	0.383492297327048	FALSE
3.02636243890356e-05	-0.177379333550262	0.127	0.135	0.418878825168641	C1d	0.377911593195352	FALSE
3.05249244512179e-05	0.020394347597518	0.422	0.403	0.422495479329307	Ep400	0.374177933608584	FALSE
3.05638727630234e-05	0.061398649756286	0.162	0.151	0.423034562913007	Srp54a	0.373624148300643	FALSE
3.0595387106193e-05	0.0675131471913579	0.182	0.171	0.423470752936817	Cox10	0.373176578902978	FALSE
3.07004888215969e-05	-0.131370580316118	0.139	0.148	0.424925465779723	Rpl39	0.371687240865764	FALSE
3.07376148473768e-05	0.0292405455720654	0.466	0.447	0.425439327102542	Snx27	0.371162366915207	FALSE
3.09946485973656e-05	0.0120634581057495	0.452	0.431	0.428996931236137	Pds5a	0.367545814463245	FALSE
3.10839374605111e-05	-0.145198541617849	0.175	0.184	0.430232778390933	Galk2	0.366296504845787	FALSE
3.14566988163109e-05	-0.171382853402513	0.121	0.13	0.435392168316559	Mrps25	0.361119387163304	FALSE
3.15764125555085e-05	-0.100673698435134	0.33	0.337	0.437049126180793	Gda	0.35946974373872	FALSE
3.16606243312544e-05	-0.0997845483238306	0.362	0.37	0.438214701368892	Septin2	0.358313056678813	FALSE
3.16788100310928e-05	-0.152916935941869	0.126	0.136	0.438466409640355	Slc35a2	0.358063671777103	FALSE
3.21336076964782e-05	-0.162540440595385	0.188	0.197	0.444761264126954	Sema6a	0.351873044061953	FALSE
3.21366867478011e-05	0.0608583618535947	0.179	0.168	0.444803881276316	Zbtb17	0.351831431836223	FALSE
3.23611737476081e-05	0.0288360114484643	0.15	0.139	0.447911005840644	Xiap	0.348808266161839	FALSE
3.25951667500231e-05	-0.104403819908489	0.382	0.389	0.45114970298707	Mnat1	0.345679324212578	FALSE
3.29237624273112e-05	0.05797823726218	0.174	0.163	0.455697795756415	Kpnb1	0.341323072126661	FALSE
3.32517218967421e-05	0.0291670635803134	0.177	0.165	0.460237082772808	Ryk	0.337018391763035	FALSE
3.33039229245291e-05	-0.0148334113078608	0.19	0.199	0.460959597198407	Hbb	0.336337138564238	FALSE
3.33205584216203e-05	0.00550900474027172	0.704	0.669	0.461189849113646	Mapk10	0.336120260185763	FALSE
3.39075228461385e-05	-0.0867513755756336	0.238	0.249	0.469314023713403	Rusc2	0.328536468309663	FALSE
3.41703315217385e-05	-0.118733986229167	0.166	0.176	0.472951558592383	Drg1	0.325183338994477	FALSE
3.41993504195499e-05	0.0720456846905657	0.137	0.127	0.473353209156991	Patl1	0.324814674183135	FALSE
3.42661127299786e-05	-0.135637157414557	0.118	0.128	0.474277266295634	Lrp4	0.323967692044274	FALSE
3.47077835851893e-05	0.0462007027438114	0.106	0.097	0.480390432602605	Cdk9	0.318405650539053	FALSE
3.48817829739794e-05	-0.119806146539778	0.178	0.188	0.482798758142849	Psma2	0.316233855667484	FALSE
3.5405005671958e-05	-0.157041521787411	0.153	0.162	0.490040683505571	Dazap2	0.309767863056133	FALSE
3.54772022269963e-05	0.0673519064852972	0.169	0.158	0.491039956023856	Cog7	0.308883167806432	FALSE
3.55738781375594e-05	0.0382896438329673	0.34	0.324	0.492378047301959	Pnma8b	0.307701318348671	FALSE
3.56409672997047e-05	-0.116935022290431	0.266	0.276	0.493306628395212	Snx2	0.306883049029802	FALSE
3.56699529137574e-05	-0.111304712576836	0.284	0.294	0.493707818279316	Mtf2	0.306529995306943	FALSE
3.59630239954328e-05	-0.1503568795684	0.129	0.137	0.497764215120786	Tex22	0.302976328567526	FALSE
3.61871093610692e-05	-0.17906495605038	0.123	0.132	0.500865780666559	Slc7a6os	0.300278638454905	FALSE
3.62954750375692e-05	-0.0081962225588097	0.642	0.618	0.502365669994996	Specc1	0.298980046502454	FALSE
3.64973069534891e-05	-0.118248641690796	0.196	0.206	0.505159225543243	Tmco1	0.296571711236695	FALSE
3.6579787637103e-05	-0.0936590420908262	0.464	0.47	0.506300840685143	Atp5mc1	0.295591351490079	FALSE
3.72999075460135e-05	0.0295222325752308	0.241	0.228	0.516268020344373	Mgst3	0.287124776014408	FALSE
3.7325213048718e-05	-0.160011776587634	0.121	0.129	0.516618273807306	Sumo3	0.286830236038592	FALSE
3.73454234539447e-05	-0.0330985557825647	0.897	0.889	0.516898006026048	App	0.28659514315356	FALSE
3.76405019479327e-05	0.0321996630251224	0.371	0.354	0.520982187461336	Acsl6	0.283177125106416	FALSE
3.77070863690405e-05	0.0293660375411742	0.109	0.1	0.521903782433889	Eed	0.282409555636945	FALSE
3.83424143030356e-05	-0.166144451696101	0.098	0.106	0.530697356368316	Syf2	0.275153075772748	FALSE
3.84040747695295e-05	0.0564349686416719	0.142	0.132	0.531550798885058	Zfp410	0.274455224797794	FALSE
3.89286186171492e-05	0.0292568483285318	0.617	0.597	0.538811010279962	Phf21a	0.268563538311012	FALSE
3.91652870633295e-05	-0.0560248293248099	0.296	0.308	0.542086738243543	Nfib	0.265931217287013	FALSE
3.93366333575479e-05	0.0129918213708551	0.378	0.359	0.54445834230182	Dhx40	0.264035343457423	FALSE
3.94536869711906e-05	-0.097463794861922	0.427	0.432	0.546078481368249	Ccny	0.262744936826765	FALSE
3.97084139703637e-05	0.0715595134665594	0.12	0.111	0.549604157763804	Dpf2	0.259949990491724	FALSE
4.03417700132506e-05	-0.136812127009498	0.172	0.182	0.558370438753402	U2af1	0.253077582193835	FALSE
4.0540305211971e-05	0.0570977096918033	0.105	0.096	0.56111836443889	Slc41a1	0.250945517352578	FALSE
4.06054235542162e-05	-0.133903811601358	0.209	0.219	0.562019667413906	Gnl3l	0.250248486388447	FALSE
4.06172446884612e-05	-0.160816541466472	0.101	0.109	0.562183283732991	Vps72	0.250122072087618	FALSE
4.07316287256604e-05	0.0214720498724814	0.246	0.233	0.563766473191865	Ndufaf2	0.248900754893491	FALSE
4.07683793329338e-05	-0.0923253487628161	0.44	0.448	0.564275138347137	Kdm3b	0.248509084084924	FALSE
4.09678319663382e-05	-0.139733370607343	0.17	0.179	0.567035762246087	Bivm	0.246389549826045	FALSE
4.11331877938188e-05	0.0436229994577283	0.353	0.338	0.569324452254246	Ncor2	0.244640163016074	FALSE
4.13385383008472e-05	0.109959644107818	0.123	0.114	0.572166708622026	Wdr5	0.242477415112311	FALSE
4.14193801311483e-05	-0.0737900878605715	0.603	0.601	0.573285640395223	Gbf1	0.241628936256407	FALSE
4.14349199919188e-05	0.0869651956156789	0.1	0.091	0.573500727608148	Tbc1d17	0.241466026767067	FALSE
4.16444305387654e-05	0.0495358204068389	0.275	0.261	0.576400563087052	Rala	0.23927560359455	FALSE
4.17279000816507e-05	-0.159827632297633	0.164	0.173	0.577555865030127	Eif4h	0.238406001564142	FALSE
4.1998169121108e-05	0.0655851220618064	0.124	0.114	0.581296658805255	Ddx41	0.235602173287566	FALSE
4.20794140465158e-05	-0.106128417984436	0.252	0.263	0.582421169817825	Dhx9	0.23476284769232	FALSE
4.23993597854549e-05	0.0112732579364528	0.42	0.402	0.586849538790481	Cfdp1	0.231473232396491	FALSE
4.36924615134066e-05	-0.101450517698279	0.418	0.424	0.604747359807061	Mier1	0.218426018995397	FALSE
4.46961482461099e-05	-0.0258872086613102	0.13	0.119	0.618639387874407	Crem	0.208562432551491	FALSE
4.51992784402655e-05	0.0916681183021053	0.113	0.105	0.625603212891715	Ap4m1	0.203701029549296	FALSE
4.53058560693272e-05	-0.148807495189081	0.171	0.18	0.627078353855558	Dnajc8	0.202678190395655	FALSE
4.53728816103782e-05	0.0325766431230232	0.267	0.252	0.628006054369244	Cep85l	0.202036169373505	FALSE
4.54985260249294e-05	-0.160859705974093	0.148	0.157	0.629745098711048	Anp32b	0.20083520391882	FALSE
4.56821013851164e-05	-0.0786673552950764	0.223	0.235	0.632285965271395	Pde9a	0.199086458029949	FALSE
4.63796714948117e-05	-0.131718191785313	0.194	0.204	0.641941033159688	Hibch	0.19250486312976	FALSE
4.65964930856301e-05	0.0657745398279921	0.154	0.144	0.644942060798207	Prkci	0.190479299017215	FALSE
4.66427957384672e-05	0.0632293085446181	0.156	0.145	0.645582935816125	Fem1b	0.19004795749732	FALSE
4.67621311518916e-05	0.0585145672117671	0.115	0.106	0.647234657273331	Ift172	0.188938235741303	FALSE
4.74426728411072e-05	-0.0925172063615853	0.291	0.302	0.656654034793765	Zfp1	0.182663382881109	FALSE
4.75549388854207e-05	-0.131872159190926	0.153	0.163	0.658207909113108	Gng3	0.181636903470478	FALSE
4.76205095989497e-05	-0.160085928313096	0.135	0.144	0.659115473359063	Tmem19	0.181038492766476	FALSE
4.77468247483531e-05	0.0646721621288293	0.102	0.094	0.660863801341955	Snap23	0.179888035855379	FALSE
4.94142497783401e-05	-0.0778718173704556	0.476	0.481	0.683942631182005	Pias2	0.164980325189222	FALSE
4.99461283328509e-05	0.030693134865993	0.26	0.246	0.691304362254989	U2af2	0.160330702632549	FALSE
5.01934588346674e-05	0.0376444053140434	0.451	0.433	0.694727663730631	Scai	0.158185407378187	FALSE
5.20963106578237e-05	0.029211021110023	0.309	0.294	0.721065035814938	Purb	0.142025562712245	FALSE
5.36473134035777e-05	0.0210651868290906	0.316	0.3	0.742532464818919	Spast	0.129284553480804	FALSE
5.37514837604799e-05	0.0570479030684183	0.2	0.189	0.743974286728802	Mob1b	0.128442074299243	FALSE
5.39070579196522e-05	-0.0907753867523268	0.37	0.38	0.746127588665906	Srsf1	0.127186901326782	FALSE
5.4202769913991e-05	-0.0142141609372485	0.221	0.208	0.750220538379549	Ippk	0.124811050578778	FALSE
5.43055526477552e-05	0.00659068170496924	0.605	0.571	0.75164315419758	Ksr2	0.123988293643543	FALSE
5.46166896808775e-05	0.0682775264513056	0.231	0.22	0.755949601873026	Sestd1	0.121507157353338	FALSE
5.50788535839422e-05	-0.143889763697285	0.106	0.114	0.762346412455344	Slc25a20	0.117847639117997	FALSE
5.52025898114411e-05	0.0546532973463327	0.127	0.117	0.764059045580156	Hgs	0.11687307836308	FALSE
5.52737031773713e-05	0.0282828167323326	0.257	0.242	0.765043325677996	Git1	0.116313969329945	FALSE
5.56123693934688e-05	-0.00740367534915709	0.212	0.198	0.769730804775002	Wdfy2	0.113661132543945	FALSE
5.60020863030372e-05	0.0408047034895694	0.286	0.273	0.775124876520337	Tacc2	0.11062832482937	FALSE
5.60090591529824e-05	-0.0867749697068443	0.414	0.419	0.775221387736429	Ccar1	0.110574253955513	FALSE
5.60713242255242e-05	-0.154813335917196	0.125	0.134	0.776083198605481	Ranbp1	0.110091718486112	FALSE
5.71484177693051e-05	-0.144306647954364	0.193	0.203	0.790991250344951	Pfn2	0.101828320481998	FALSE
5.78433747793818e-05	0.0472929171288856	0.21	0.198	0.800610150321423	Rps6kb2	0.0965789081097054	FALSE
5.81601993542922e-05	-0.0905541196255624	0.711	0.699	0.804995319262758	Ralyl	0.0942066448796661	FALSE
5.86499731812522e-05	-0.0491434259247923	0.807	0.802	0.811774278801711	Enox1	0.0905647134910833	FALSE
5.92301615381995e-05	0.0193810677675683	0.48	0.461	0.819804665850219	Fam222b	0.0862896142614823	FALSE
5.93987050559952e-05	-0.181375077531224	0.123	0.131	0.822137476680029	Ttf1	0.0850555542709897	FALSE
5.94605329558311e-05	0.0215432889032823	0.142	0.132	0.822993236641658	Zmym1	0.084603733805077	FALSE
5.98085031457087e-05	0.0515323827952998	0.123	0.114	0.827809492039754	Stard10	0.0820695980888554	FALSE
5.98193860395608e-05	0.0262152633719599	0.409	0.391	0.827960122173561	Rps6kb1	0.0819905800472877	FALSE
5.98223562842037e-05	-0.0852882028843199	0.522	0.524	0.828001233329663	Apba1	0.0819690163215592	FALSE
5.9830710640637e-05	0.0135632673464529	0.489	0.469	0.828116865977056	Sltm	0.0819083701384238	FALSE
6.01289300976151e-05	-0.103739637055732	0.294	0.303	0.832244521481091	Mia2	0.0797490550458668	FALSE
6.09386638573165e-05	-0.113907927515046	0.14	0.149	0.843452046449117	Coq3	0.0739396037145045	FALSE
6.1653468291712e-05	-0.0683034935448443	0.593	0.595	0.853345654625586	Cox6c	0.0688750186688244	FALSE
6.17594874934836e-05	0.0275969468544108	0.536	0.514	0.854813066397306	Ube2h	0.0681288479716114	FALSE
6.24008675379911e-05	0.0452540871652456	0.208	0.196	0.863690407593335	Gcn1	0.0636419037812262	FALSE
6.25738528763532e-05	0.0569629447920217	0.217	0.205	0.866084697661605	Ino80d	0.062439634624227	FALSE
6.26761656259968e-05	-0.137524627824115	0.293	0.301	0.867500808429421	Apbb1	0.06173011181516	FALSE
6.338357612324e-05	-0.125151082971463	0.315	0.322	0.877292077121765	Atg13	0.0568557927636706	FALSE
6.35934962485007e-05	0.0505672708899629	0.165	0.154	0.880197581575498	Acbd3	0.0554198290358085	FALSE
6.37309198457938e-05	-0.12460781859236	0.38	0.385	0.882099661585632	Pdxdc1	0.0544823445376471	FALSE
6.41403986292409e-05	-0.140153504430357	0.149	0.158	0.887767257427324	Nfu1	0.0517008766353451	FALSE
6.41928529579902e-05	-0.19084432509943	0.098	0.105	0.888493277791543	Rab9a	0.0513458536539336	FALSE
6.44187515259781e-05	-0.132735431532308	0.377	0.351	0.891619939871063	Astn2	0.0498202276759409	FALSE
6.45129132959258e-05	-0.137750031648735	0.246	0.254	0.892923232928908	Rnf103	0.0491858769999989	FALSE
6.4534804046379e-05	-0.139069382837251	0.122	0.131	0.893226222805932	Map3k20	0.0490385356535022	FALSE
6.53723402417043e-05	0.0960518530027252	0.163	0.154	0.90481856128543	Clip4	0.0434384989522332	FALSE
6.54354863209969e-05	0.114961180001746	0.135	0.126	0.905692566168918	Nphp4	0.0430191968868831	FALSE
6.54705380893717e-05	-0.134427420107297	0.192	0.202	0.906177717694994	Ngly1	0.0427866210368637	FALSE
6.63111276594585e-05	-0.126615038738917	0.211	0.22	0.917812317934565	Cdc23	0.037246117947623	FALSE
6.69046607360161e-05	0.0249514278329324	0.339	0.323	0.926027409247198	Sdc2	0.0333761585571125	FALSE
6.69462214051708e-05	0.0232598641564447	0.573	0.549	0.926602650468969	Pi4ka	0.033106461868239	FALSE
6.83909091402448e-05	0.0763887744532523	0.213	0.201	0.946598573410129	Abhd8	0.0238341543795142	FALSE
6.84126232382825e-05	-0.162020133327684	0.289	0.294	0.946899118241067	Elf2	0.0236962878657996	FALSE
6.91250916715604e-05	0.0561226602445841	0.257	0.244	0.956760393826067	Fig4	0.0191968110927103	FALSE
7.01160530582791e-05	-0.10930053197839	0.22	0.23	0.97047629037964	Slc16a2	0.0130150703560627	FALSE
7.01338458115122e-05	-0.14710054190218	0.198	0.207	0.97072255987714	Tsg101	0.012904877127394	FALSE
7.0206697333444e-05	0.0260020806288134	0.571	0.55	0.971730897792198	Btbd9	0.0124539879387652	FALSE
7.05449228482737e-05	0.0240547973875862	0.422	0.404	0.976412277142957	Tent2	0.0103667685195781	FALSE
7.07901931245175e-05	0.0413902183655721	0.145	0.135	0.979807063036447	Vapb	0.00885943421353334	FALSE
7.13290841054362e-05	0.0125733419380517	0.304	0.288	0.987265853103342	Yme1l1	0.00556588381575389	FALSE
7.17145389197598e-05	0.0647101326624147	0.114	0.105	0.992600933188396	Lactb	0.0032253208388965	FALSE
7.2058896839542e-05	-0.13041727128063	0.49	0.49	0.9973671911561	Clk1	0.0011449221956781	FALSE
7.22389514190815e-05	-0.106597922477052	0.308	0.316	0.999859326591507	Atf6	6.1097982590718e-05	FALSE
7.26712541177869e-05	0.0252322168258071	0.214	0.228	1	Zbtb16	0	FALSE
7.28114255165912e-05	0.0237986519323421	0.849	0.832	1	Gpm6a	0	FALSE
7.28356280092265e-05	0.0240678421801468	0.587	0.566	1	Epb41l1	0	FALSE
7.3689328151646e-05	0.0462677248545129	0.311	0.297	1	Tecpr2	0	FALSE
7.37558605095007e-05	-0.131670702244669	0.191	0.2	1	Eid1	0	FALSE
7.40393110119612e-05	0.0358208846716137	0.21	0.198	1	Morc2	0	FALSE
7.47559289975764e-05	-0.123417567826152	0.157	0.166	1	Aggf1	0	FALSE
7.50607776537401e-05	-0.0811061889039476	0.469	0.473	1	Rnf216	0	FALSE
7.50698462582281e-05	-0.0830952841113831	0.478	0.483	1	Kpna4	0	FALSE
7.52679297147127e-05	-0.0668436146932272	0.6	0.599	1	Ube3c	0	FALSE
7.56411216007868e-05	-0.114054491990984	0.236	0.245	1	Psma4	0	FALSE
7.57490712400433e-05	-0.134516802410965	0.145	0.155	1	Cwf19l1	0	FALSE
7.62972700280473e-05	-0.120787533585305	0.168	0.177	1	Slc16a11	0	FALSE
7.65732969115373e-05	-0.152474925482675	0.133	0.142	1	Bcl9	0	FALSE
7.70381600912447e-05	0.0143695479234835	0.346	0.329	1	Riok3	0	FALSE
7.72892543345189e-05	-0.121333215028373	0.258	0.266	1	Xpo4	0	FALSE
7.77959876399671e-05	-0.173709953057084	0.197	0.206	1	Cntrl	0	FALSE
7.78261759155576e-05	0.0367182323693167	0.215	0.203	1	Wdr59	0	FALSE
7.80023128127452e-05	0.0596168894343088	0.282	0.27	1	Palm	0	FALSE
7.81467712276104e-05	0.0466292836570616	0.177	0.166	1	Rprml	0	FALSE
7.81993051699449e-05	-0.1424165560583	0.172	0.181	1	Cetn2	0	FALSE
7.90673512234274e-05	0.0153652708874621	0.476	0.457	1	Cul3	0	FALSE
7.92336224167282e-05	0.0070279419193037	0.389	0.371	1	Dnajc5	0	FALSE
7.93945162242731e-05	-0.157535275090509	0.1	0.108	1	Rad52	0	FALSE
7.9403767192739e-05	0.0247228569133494	0.553	0.532	1	Wdfy3	0	FALSE
7.98903817157466e-05	0.0168416583249096	0.265	0.251	1	Mid2	0	FALSE
8.0094447744427e-05	0.0183102133153612	0.651	0.63	1	Mef2a	0	FALSE
8.0972386622395e-05	-0.0825242640273769	0.349	0.359	1	Fip1l1	0	FALSE
8.14274853086678e-05	0.0411225311875758	0.155	0.145	1	Pex1	0	FALSE
8.14474694256503e-05	-0.00973127866759949	0.212	0.199	1	Ctnna1	0	FALSE
8.26946585114715e-05	0.0330014228509166	0.172	0.161	1	Tmem126b	0	FALSE
8.2932357574805e-05	0.0529041792993785	0.193	0.182	1	Ddi2	0	FALSE
8.35357970700035e-05	0.0544985231260527	0.254	0.241	1	Hk1	0	FALSE
8.4656270388995e-05	0.02536753040201	0.308	0.294	1	Abcc1	0	FALSE
8.53987560231781e-05	-0.0551386672789229	0.733	0.728	1	Fus	0	FALSE
8.55661434668385e-05	-0.137785025955654	0.222	0.231	1	Mdm2	0	FALSE
8.68648917052053e-05	0.0151679633348803	0.375	0.358	1	Lcmt1	0	FALSE
8.73161311980585e-05	-0.14912580562168	0.113	0.121	1	Nit2	0	FALSE
8.77706707315634e-05	-0.144713427899129	0.104	0.112	1	Sez6l	0	FALSE
8.87623072790814e-05	-0.126980236992359	0.249	0.258	1	Rfc1	0	FALSE
8.90872160347997e-05	-0.128639425717514	0.233	0.241	1	Ifnar2	0	FALSE
8.94430019112941e-05	-0.0955382987636343	0.438	0.443	1	Asb3	0	FALSE
8.96015240327166e-05	0.101346753065205	0.226	0.215	1	Cdkl3	0	FALSE
8.98493121519874e-05	-0.110033620206247	0.094	0.102	1	Prrg1	0	FALSE
9.00522215560281e-05	-0.143801634039142	0.204	0.213	1	Clip2	0	FALSE
9.10877676520517e-05	-0.152480323744978	0.12	0.128	1	Mtrf1	0	FALSE
9.12724931332016e-05	0.0328412829187923	0.321	0.305	1	Sap130	0	FALSE
9.17219284461926e-05	-0.156061681060736	0.204	0.212	1	Mindy3	0	FALSE
9.19348649157476e-05	-0.128239482692803	0.926	0.921	1	Kcnip4	0	FALSE
9.25027335417236e-05	0.0695298165459994	0.132	0.123	1	Gpr6	0	FALSE
9.31715729616477e-05	-0.141791819473669	0.199	0.208	1	Wdr12	0	FALSE
9.32489343684292e-05	-0.122464593851511	0.18	0.189	1	Cfap20	0	FALSE
9.38728968748433e-05	-0.165904234357577	0.112	0.12	1	Senp5	0	FALSE
9.43964644661027e-05	-0.166465587368223	0.101	0.109	1	Qtrt2	0	FALSE
9.47556101742217e-05	0.0124254041469555	0.299	0.284	1	Khdrbs1	0	FALSE
9.49769267930828e-05	0.0189957100170851	0.254	0.24	1	Tm9sf3	0	FALSE
9.53763545108937e-05	-0.163527273217284	0.128	0.136	1	Nabp2	0	FALSE
9.54770682274887e-05	0.0191428064206864	0.159	0.148	1	Mtmr14	0	FALSE
9.5658436178344e-05	-0.0707773553036144	0.621	0.618	1	Chd6	0	FALSE
9.571868555063e-05	0.0232800714978714	0.278	0.264	1	Mettl9	0	FALSE
9.59075264168316e-05	0.0231095352719785	0.338	0.323	1	Rlf	0	FALSE
9.6149272442455e-05	-0.0818182446514192	0.366	0.375	1	Ap2m1	0	FALSE
9.90099556642935e-05	-0.134129729973019	0.151	0.16	1	Mrpl55	0	FALSE
9.93926763168481e-05	-0.202366530041731	0.105	0.112	1	Trap1	0	FALSE
9.94123589721573e-05	0.0199172551281119	0.306	0.29	1	Pcnp	0	FALSE
0.000100690509699521	-0.0701889771490629	0.827	0.824	1	Cpe	0	FALSE
0.000101044806124049	-0.110758865242424	0.178	0.187	1	Btbd19	0	FALSE
0.00010159973252006	0.0523879412020865	0.127	0.118	1	Gatad1	0	FALSE
0.000101664009089381	0.0134361580610898	0.759	0.737	1	Pcp4	0	FALSE
0.000102299942579197	-0.211510685642278	0.104	0.111	1	Slc6a8	0	FALSE
0.000102863440267182	0.0592302188255918	0.182	0.171	1	Ripor1	0	FALSE
0.000103297300911213	0.0716101273650358	0.134	0.125	1	Nipal3	0	FALSE
0.000103993752400131	0.0859110961265424	0.126	0.118	1	Cdk5r1	0	FALSE
0.000108293454083665	0.0826196199423253	0.121	0.112	1	Ell	0	FALSE
0.000110015917905484	-0.117162874920822	0.199	0.209	1	Alkbh3	0	FALSE
0.000110346547084345	-0.11723230459041	0.135	0.144	1	Fbxo16	0	FALSE
0.000111277730770153	-0.0776570760439802	0.354	0.363	1	Pgam1	0	FALSE
0.000111618610739948	0.0312105989663142	0.284	0.271	1	Mkrn1	0	FALSE
0.000111826545926154	0.0248422265655407	0.366	0.35	1	Stim1	0	FALSE
0.000112564212371908	0.0281083830313403	0.249	0.235	1	Vcp	0	FALSE
0.000115488000020088	-0.146733182043916	0.113	0.121	1	Pithd1	0	FALSE
0.000115692513702055	0.0818270852638323	0.133	0.124	1	Dab2ip	0	FALSE
0.000117161013003217	0.0568032266351115	0.205	0.194	1	Dbnl	0	FALSE
0.000118359540202868	0.0614434722141324	0.123	0.114	1	Fbxw8	0	FALSE
0.000121312158175634	0.0566017480498772	0.369	0.354	1	Oxct1	0	FALSE
0.000121789540290468	0.0507682716837035	0.16	0.149	1	Hikeshi	0	FALSE
0.000123309607804292	-0.000281419017795548	0.669	0.631	1	Camk1d	0	FALSE
0.000123325787089171	-0.14982526484039	0.098	0.106	1	Tprkb	0	FALSE
0.000124640743217549	0.188257236035872	0.139	0.13	1	Tmc7	0	FALSE
0.000125715104971112	-0.149159182155795	0.111	0.119	1	Casp9	0	FALSE
0.000126378175164085	0.0540199448381931	0.219	0.208	1	Lpin2	0	FALSE
0.000128662568711699	-0.123195366365106	0.205	0.214	1	Iscu	0	FALSE
0.000129253373064909	0.0222408245025636	0.751	0.722	1	Sptan1	0	FALSE
0.000129609137467812	-0.135877413312321	0.158	0.167	1	Sec61g	0	FALSE
0.000130348746119525	0.036766242976799	0.267	0.254	1	Sec23a	0	FALSE
0.000131395306208329	-0.0565467987184387	0.699	0.695	1	Trpm7	0	FALSE
0.00013179049394605	-0.111586304468354	0.537	0.535	1	Neo1	0	FALSE
0.000131951947528165	-0.0700619805745226	0.238	0.248	1	Ppm1e	0	FALSE
0.000132093957897703	0.0555648536745441	0.171	0.161	1	Ddx47	0	FALSE
0.000133045147133257	0.0206380886603338	0.493	0.473	1	Nbeal1	0	FALSE
0.000134140350875719	-0.11667451028749	0.1	0.108	1	Ltk	0	FALSE
0.000134398046821496	0.053391762966178	0.224	0.213	1	Hspa9	0	FALSE
0.000134785187923628	-0.101895218857866	0.291	0.299	1	Mrpl48	0	FALSE
0.000135289949862764	-0.171973237649098	0.125	0.133	1	Mccc1	0	FALSE
0.000135499249410305	0.0676677317476377	0.201	0.191	1	Faxc	0	FALSE
0.000136252914775518	-0.0421423989491436	0.609	0.612	1	Eif1	0	FALSE
0.000138376426802637	0.0783985940199758	0.107	0.099	1	Mgat4b	0	FALSE
0.000139057474883187	0.0145841224144764	0.338	0.322	1	Actr3	0	FALSE
0.000139163965852493	0.0486989994990916	0.127	0.118	1	Zc3h3	0	FALSE
0.000139738157714982	0.029751706458707	0.211	0.199	1	Uba3	0	FALSE
0.000139901573389748	-0.116035101413648	0.337	0.344	1	Npdc1	0	FALSE
0.000143480822706623	-0.0575213712732159	0.661	0.658	1	Rtn4	0	FALSE
0.000144615798587437	-0.134259946048244	0.229	0.238	1	Lrrc8d	0	FALSE
0.000145364097363649	-0.147713317068083	0.098	0.106	1	Fancm	0	FALSE
0.000146907870749329	-0.171031511283323	0.104	0.111	1	Itprid2	0	FALSE
0.000146930169515121	-0.146410347658422	0.162	0.17	1	Zfyve26	0	FALSE
0.000147232382846792	0.0384111909897885	0.331	0.318	1	Pgm2l1	0	FALSE
0.000148781348781525	0.0482519170108591	0.147	0.137	1	Mospd2	0	FALSE
0.000149399552804545	0.0981369965107874	0.115	0.107	1	Intu	0	FALSE
0.000151076349440276	-0.0812368676363544	0.127	0.136	1	Cldn10	0	FALSE
0.000151863366132669	-0.202890309329617	0.097	0.104	1	Fbxo6	0	FALSE
0.000152576764612777	-0.128132473326264	0.118	0.126	1	Commd7	0	FALSE
0.000152944067828016	0.0104753952011639	0.261	0.248	1	Rnf115	0	FALSE
0.000153778086107393	0.0283251135930636	0.33	0.315	1	Ptov1	0	FALSE
0.000154317487526846	-0.0657535072875324	0.487	0.494	1	Abr	0	FALSE
0.000155035008523611	0.0734576268149394	0.115	0.106	1	Hnrnpul2	0	FALSE
0.000157990350670377	0.0256180432637407	0.717	0.693	1	Atp1b1	0	FALSE
0.000161068881392547	0.0356941746312172	0.461	0.444	1	Zfp182	0	FALSE
0.000163898076658764	0.021978768510762	0.442	0.424	1	Tmem131	0	FALSE
0.000165255607850146	0.028543790176908	0.304	0.291	1	Slc9a7	0	FALSE
0.000165782641431917	0.0231586098353324	0.467	0.448	1	Ccdc57	0	FALSE
0.000166883453511073	0.0109840823945491	0.429	0.41	1	Usp15	0	FALSE
0.000170050105344318	-0.0454546067116168	0.754	0.745	1	Csrnp3	0	FALSE
0.000173283146750631	0.0218401987107317	0.283	0.269	1	Fdps	0	FALSE
0.000173538482642677	0.0483341662651713	0.287	0.276	1	Pard3b	0	FALSE
0.000175006120036636	-0.127301834536168	0.124	0.132	1	Zfp512	0	FALSE
0.000175119515035632	-0.103253307294214	0.295	0.304	1	Dido1	0	FALSE
0.000176002621725305	0.0354422385693162	0.332	0.317	1	Larp1	0	FALSE
0.000177069164297205	-0.167304724101216	0.103	0.11	1	Tmem183a	0	FALSE
0.000177601224635978	-0.0505611232067205	0.624	0.624	1	Eif4g3	0	FALSE
0.000178444234198013	-0.0593099797090813	0.579	0.578	1	Hnrnpu	0	FALSE
0.000180415599416768	-0.0908232304874019	0.283	0.292	1	Kdm1a	0	FALSE
0.000181140662252838	0.0625690059370059	0.178	0.168	1	Ndel1	0	FALSE
0.000183156919337345	0.052427181106989	0.2	0.19	1	Camk1	0	FALSE
0.000184416466552967	-0.132735535291615	0.114	0.122	1	Aspscr1	0	FALSE
0.000186917190026713	0.0449282023058809	0.236	0.224	1	Gopc	0	FALSE
0.000187107200402737	0.0102556959812683	0.195	0.184	1	Gpr155	0	FALSE
0.000187615140269126	-0.0998650957014399	0.235	0.244	1	Mfn2	0	FALSE
0.000187920888228983	0.0357992051146107	0.25	0.238	1	Capn7	0	FALSE
0.000188061932595306	-0.0512115224532543	0.906	0.904	1	Kif1b	0	FALSE
0.000188070750347234	0.0354680793485217	0.335	0.321	1	Tiam1	0	FALSE
0.000190865089944699	0.0504008126739912	0.167	0.157	1	Abce1	0	FALSE
0.000192830745078638	0.0167454529013744	0.873	0.832	1	Syt1	0	FALSE
0.000195817759701304	-0.108901408074004	0.126	0.134	1	Pycr2	0	FALSE
0.000197139455064225	-0.00900860482359822	0.13	0.121	1	Asxl3	0	FALSE
0.00019762614984341	0.0313383054147858	0.282	0.269	1	Dkc1	0	FALSE
0.000199944948229549	0.0317492596573641	0.192	0.181	1	Ube3b	0	FALSE
0.000200612143773446	0.0207379255114128	0.189	0.177	1	Yes1	0	FALSE
0.000200639236434174	0.084965403674726	0.167	0.158	1	Trim39	0	FALSE
0.000200639416177035	0.00987521306805755	0.485	0.464	1	Lonp2	0	FALSE
0.000201669504651537	0.0192390153607442	0.429	0.413	1	Golga1	0	FALSE
0.000202263351492875	-0.0949721488405808	0.305	0.313	1	Pld3	0	FALSE
0.0002031151921987	0.0228912069402241	0.313	0.299	1	Qser1	0	FALSE
0.000204292408756557	0.0209912037701396	0.713	0.693	1	Ncor1	0	FALSE
0.000204740880312274	-0.113067806905841	0.289	0.297	1	Tsga10	0	FALSE
0.000204801161104623	0.0234983804462316	0.13	0.121	1	Slc11a2	0	FALSE
0.000205596895716567	-0.139722047249795	0.132	0.14	1	Ripk1	0	FALSE
0.000207255468679912	0.0909421533885761	0.1	0.093	1	Polr3f	0	FALSE
0.000209584331065485	0.0707456435165141	0.138	0.129	1	Ankrd13a	0	FALSE
0.000210706322975084	0.0349987322485834	0.196	0.185	1	Lrrc42	0	FALSE
0.00021226794544422	-0.129131597325066	0.269	0.277	1	Selenot	0	FALSE
0.000214063957520828	-0.00557730258043199	0.154	0.145	1	Itpkb	0	FALSE
0.000218170488206011	0.0722220162086227	0.132	0.124	1	Znfx1	0	FALSE
0.000218862507450848	-0.100614900309414	0.197	0.206	1	Prrc2a	0	FALSE
0.00021955349034114	0.0730909666296702	0.106	0.098	1	Rras2	0	FALSE
0.000219694884524991	0.0171108093733368	0.311	0.297	1	Tet2	0	FALSE
0.00022036642489337	0.0617384020598162	0.126	0.117	1	Fam20c	0	FALSE
0.000221612144527377	0.0565662492982626	0.108	0.1	1	Snx16	0	FALSE
0.000227535531085579	0.0250955946916502	0.196	0.185	1	Tpst1	0	FALSE
0.000227752381178689	-0.129335163200633	0.113	0.121	1	Ldb1	0	FALSE
0.000229504936023895	-0.119482409859042	0.183	0.192	1	Abraxas1	0	FALSE
0.000230479808774405	-0.133516203385451	0.117	0.125	1	Plxnb2	0	FALSE
0.000230498150447335	-0.0571025880863616	0.274	0.285	1	Cpq	0	FALSE
0.000231443588263236	-0.010895152131801	0.197	0.185	1	Gpr137b	0	FALSE
0.000233821497567483	0.0348036385473569	0.175	0.164	1	Spg7	0	FALSE
0.000235585709604185	0.024336371151704	0.543	0.524	1	Bmpr2	0	FALSE
0.000238007753987762	-0.142746569142475	0.11	0.117	1	Cntn2	0	FALSE
0.000238582426366401	0.0156720178397214	0.358	0.342	1	Smc3	0	FALSE
0.000240536917425663	-0.11263717365294	0.247	0.255	1	Ddb1	0	FALSE
0.000241204999266322	0.0234222879528478	0.187	0.176	1	Mms19	0	FALSE
0.000241725103753806	-0.105859583396711	0.119	0.128	1	Ttll3	0	FALSE
0.000243031994798122	0.042740230793288	0.206	0.195	1	Smarcd3	0	FALSE
0.000244125591652434	-0.0882385190088229	0.452	0.457	1	Ppig	0	FALSE
0.000244313072380209	0.0662422787825829	0.133	0.124	1	Maea	0	FALSE
0.000244828472701927	-0.146888441350153	0.177	0.185	1	Emc8	0	FALSE
0.000246975105947999	-0.150163959062075	0.171	0.179	1	Arl8a	0	FALSE
0.00024760451140834	-0.00319370734272512	0.368	0.348	1	Mitf	0	FALSE
0.000247968698785968	-0.0508784969730187	0.655	0.654	1	Braf	0	FALSE
0.000248581153848497	0.021549417769761	0.375	0.357	1	Jam3	0	FALSE
0.000249532125071596	-0.138649781034325	0.117	0.124	1	Rchy1	0	FALSE
0.000250514205591329	0.0214354137719946	0.616	0.595	1	Ppp2r5c	0	FALSE
0.000253987089032748	-0.146232566956697	0.147	0.155	1	Ube2z	0	FALSE
0.000257344023328926	0.036816015166107	0.195	0.184	1	Dcaf11	0	FALSE
0.000257745483881993	0.0655588248344108	0.108	0.1	1	Bbof1	0	FALSE
0.000260303116223847	0.0252653606384188	0.252	0.239	1	Edem3	0	FALSE
0.000262113247185393	-0.0741082775994328	0.576	0.572	1	Sh3kbp1	0	FALSE
0.000263220308465766	-0.0974541451130074	0.222	0.231	1	Psma5	0	FALSE
0.000265918558888688	-0.12978395105209	0.181	0.189	1	Slc6a15	0	FALSE
0.000267651512184419	-0.152927109134818	0.136	0.144	1	Rad50	0	FALSE
0.000268468762655433	-0.0810495239439005	0.441	0.445	1	Ola1	0	FALSE
0.000270644658494443	0.0152014035524597	0.21	0.198	1	Crebl2	0	FALSE
0.000271150610908303	0.0608608008714311	0.232	0.221	1	Nsmf	0	FALSE
0.000271843720351967	-0.000612008011005027	0.281	0.267	1	Nrxn2	0	FALSE
0.000275998938507841	0.00915236974671085	0.333	0.318	1	Cfap54	0	FALSE
0.000277814832175896	0.04676298534769	0.272	0.26	1	Abca3	0	FALSE
0.000280881503589596	0.110146220623781	0.11	0.102	1	Drp2	0	FALSE
0.000281897597125288	0.0272235313005016	0.81	0.793	1	Pnisr	0	FALSE
0.000282845384958367	0.0155516174766612	0.13	0.121	1	Oprm1	0	FALSE
0.000284426884211209	-0.150565383459483	0.153	0.161	1	Snrpa1	0	FALSE
0.000287348068244296	0.0314007385388791	0.242	0.231	1	Cpt1c	0	FALSE
0.000287369698202253	0.0440130450397374	0.123	0.115	1	Tbp	0	FALSE
0.000287467234393512	-0.13749384809123	0.131	0.139	1	Timmdc1	0	FALSE
0.000290648605043175	-0.094114969642947	0.287	0.296	1	Dpp8	0	FALSE
0.000293081256112207	0.0175993434137371	0.136	0.127	1	Ap1s2	0	FALSE
0.000293733168617593	0.0358010752383351	0.211	0.199	1	Apc2	0	FALSE
0.000298035107674289	0.0485639736426398	0.134	0.126	1	Bcl2l13	0	FALSE
0.000298628750018877	-0.0739524968300547	0.535	0.535	1	Asxl1	0	FALSE
0.000305175887834274	0.0247329070261136	0.265	0.252	1	Jak1	0	FALSE
0.000306203718857575	-0.0928059498579965	0.414	0.419	1	Rfxank	0	FALSE
0.000306242102571522	-0.180911839065155	0.097	0.103	1	Apbb3	0	FALSE
0.000308592127901361	-0.165933502018782	0.103	0.11	1	Bhlhe41	0	FALSE
0.000309538445383392	0.0704144604608399	0.156	0.147	1	Dnmbp	0	FALSE
0.000311827243106035	0.0774613090906997	0.102	0.094	1	Lix1l	0	FALSE
0.000315347869899645	-0.0914817014140297	0.291	0.3	1	Aldh2	0	FALSE
0.000317876791907789	0.051133624923825	0.255	0.244	1	Miga2	0	FALSE
0.000322620731127968	-0.161195467070616	0.107	0.114	1	Dnhd1	0	FALSE
0.000323199803785654	-0.0733219946066248	0.452	0.455	1	Supt6h	0	FALSE
0.000326805113785861	0.00719869504374349	0.263	0.25	1	Rsu1	0	FALSE
0.000331730192512573	0.102349721095127	0.114	0.106	1	Pip4k2c	0	FALSE
0.000333378795098986	0.0312939584874607	0.128	0.119	1	Trim41	0	FALSE
0.000337234730713923	-0.0316944820104466	0.221	0.208	1	Hmox2	0	FALSE
0.000339225646554311	-0.166934994684247	0.17	0.179	1	Rorb	0	FALSE
0.000341552311174149	-0.146921780268587	0.134	0.142	1	Txn2	0	FALSE
0.000343106970203731	0.0410981111775313	0.284	0.271	1	Kcmf1	0	FALSE
0.000348503524993594	0.0233522727679896	0.175	0.165	1	Stk4	0	FALSE
0.000356790343823734	0.0260900305795408	0.721	0.705	1	Ppp1r9a	0	FALSE
0.000356871657592332	0.00626147515092246	0.783	0.752	1	Dclk1	0	FALSE
0.000358903799678484	-0.0100091094838808	0.752	0.723	1	Ptprt	0	FALSE
0.000359907027746744	-0.134531266766429	0.149	0.157	1	Sumf1	0	FALSE
0.000362853908235648	0.0495829248953595	0.251	0.239	1	G3bp1	0	FALSE
0.000364928247276521	-0.0865736235779444	0.382	0.387	1	Vkorc1l1	0	FALSE
0.00036518084879536	-0.111597935427913	0.259	0.266	1	Psmb5	0	FALSE
0.000371977252160798	-0.16581738091722	0.147	0.155	1	Glo1	0	FALSE
0.00037514098024436	-0.130388227503536	0.234	0.242	1	Mrpl52	0	FALSE
0.000381235789290099	-0.136197360086939	0.417	0.418	1	Secisbp2l	0	FALSE
0.000388811591428501	0.0135870430864241	0.306	0.291	1	Tmem30a	0	FALSE
0.000388822923161753	0.0219539362797662	0.271	0.258	1	Kdm4b	0	FALSE
0.000389175547003138	0.00605080208732256	0.252	0.239	1	Zscan26	0	FALSE
0.000392381780615162	-0.187946520496618	0.109	0.116	1	Parl	0	FALSE
0.00039381962052823	-0.133656216921532	0.109	0.117	1	Cep70	0	FALSE
0.000397500199355711	-0.186768274077517	0.095	0.101	1	Ufd1	0	FALSE
0.000398315184510146	-0.14363731631082	0.177	0.185	1	Nub1	0	FALSE
0.000404081358849762	-0.00476232300501356	0.268	0.253	1	Fkbp5	0	FALSE
0.000406682880142728	0.0525124856193862	0.187	0.176	1	Septin6	0	FALSE
0.000406955556390528	-0.158574708904095	0.104	0.111	1	Cyp51	0	FALSE
0.000410394572864554	0.0179388236364162	0.177	0.167	1	Med23	0	FALSE
0.000411001934508316	0.126458512041438	0.404	0.391	1	Mgll	0	FALSE
0.000415866073338787	-0.0844079995036507	0.4	0.405	1	Tasp1	0	FALSE
0.00041664592442015	0.00813088340310153	0.166	0.156	1	Rap1b	0	FALSE
0.000425374343585015	-0.0261206051187826	0.53	0.5	1	Arhgap6	0	FALSE
0.000426229666457903	-0.0660868068287539	0.66	0.656	1	Gnaq	0	FALSE
0.000430097881932546	-0.113928249198168	0.178	0.186	1	Taldo1	0	FALSE
0.000430813649536338	0.0717367584062183	0.116	0.108	1	Chrm4	0	FALSE
0.000431379338435508	0.0547294202779907	0.129	0.121	1	Syngr3	0	FALSE
0.000431467703826069	-0.116279403919885	0.14	0.148	1	Hagh	0	FALSE
0.000437326346965067	-0.117392682770529	0.189	0.197	1	Zfp346	0	FALSE
0.000441343234819379	0.0123907500537682	0.511	0.492	1	Mapkap1	0	FALSE
0.000441471703217555	0.0346074252566818	0.384	0.369	1	Pcnx1	0	FALSE
0.000442134618247359	-0.146944838458996	0.111	0.118	1	Eif2b4	0	FALSE
0.000443464818737997	0.0352082714762572	0.256	0.244	1	Rpn2	0	FALSE
0.000444193357115097	0.0209684968046835	0.112	0.104	1	mrpl24	0	FALSE
0.000445612295881515	0.0711864013768468	0.114	0.106	1	Lmbrd2	0	FALSE
0.000449910156904494	0.0430546285564595	0.101	0.094	1	Twnk	0	FALSE
0.000450364452084991	-0.123384869651535	0.179	0.187	1	Nprl3	0	FALSE
0.000458493476678707	0.0104117471202092	0.357	0.342	1	Tm9sf4	0	FALSE
0.000460346856955659	-0.148517586835862	0.155	0.162	1	Rnf7	0	FALSE
0.000462585272787129	-0.000225361152123682	0.643	0.625	1	Slc22a23	0	FALSE
0.000465638002734949	-0.130902195875978	0.184	0.192	1	Ssh1	0	FALSE
0.000469311837679161	0.0711639621090052	0.102	0.095	1	C5h1orf159	0	FALSE
0.00047529198501957	-0.15179530615974	0.383	0.385	1	Plekha1	0	FALSE
0.000480304852298906	0.0208120452773013	0.272	0.26	1	Morc3	0	FALSE
0.000481051971620629	-0.109638929126071	0.286	0.293	1	Eef1g	0	FALSE
0.00048350047207988	-0.132418973952044	0.139	0.146	1	Scoc	0	FALSE
0.000483551451749883	0.0312497476485327	0.109	0.101	1	Inpp5k	0	FALSE
0.000484009222139106	-0.126624032541729	0.27	0.276	1	Flcn	0	FALSE
0.00048678619416768	0.0716189646293057	0.157	0.149	1	Wnk3	0	FALSE
0.000492352898456019	0.166745116612127	0.136	0.128	1	Grin2c	0	FALSE
0.000494901292819609	0.0883971740515603	0.11	0.103	1	B4galnt1	0	FALSE
0.000496269729560065	0.0376345905356499	0.43	0.414	1	Efna5	0	FALSE
0.000496578040207451	0.0223984472894118	0.416	0.401	1	Map2k5	0	FALSE
0.000497684864339754	-0.140810087951243	0.115	0.122	1	Nbl1	0	FALSE
0.000497751881504585	-0.0342601531146809	0.146	0.136	1	Errfi1	0	FALSE
0.000505426042391008	-0.136416054970527	0.098	0.105	1	Cnrip1	0	FALSE
0.000509544448711864	-0.17311221050868	0.105	0.112	1	Ufc1	0	FALSE
0.000511802892721391	0.0194625151755392	0.164	0.154	1	Ago4	0	FALSE
0.000514114466305924	0.030896638947814	0.152	0.143	1	Mcrip1	0	FALSE
0.000514514230034755	0.0658363052130244	0.173	0.164	1	Uckl1	0	FALSE
0.000514959156094884	-0.109087759808301	0.283	0.291	1	Fntb	0	FALSE
0.000517907217051756	0.0292010857030525	0.262	0.25	1	Farsa	0	FALSE
0.000530222098061634	-0.127029673482041	0.174	0.181	1	Snrpd3	0	FALSE
0.000530815927328523	-0.0807526715287981	0.328	0.337	1	Vps35	0	FALSE
0.000549468245404878	-0.138647644959322	0.139	0.146	1	Tmem106b	0	FALSE
0.000552449180348563	0.0645476041807762	0.252	0.241	1	Pdcd4	0	FALSE
0.000555956321638806	-0.123156823562421	0.166	0.174	1	Wdr54	0	FALSE
0.000568651037881539	0.0418056543626406	0.128	0.12	1	Dclre1a	0	FALSE
0.000570507651694565	-0.125731050805455	0.526	0.523	1	Igf1r	0	FALSE
0.00057382654456471	-0.0595377720622274	0.632	0.629	1	Zfand3	0	FALSE
0.000576027067117482	0.0755612956162838	0.226	0.215	1	Dnajb2	0	FALSE
0.000581723705549163	0.0345822951444462	0.254	0.243	1	Axin1	0	FALSE
0.000582974323774072	-0.151690939660985	0.19	0.197	1	Snrpd1	0	FALSE
0.000590114332334617	0.011186887319008	0.319	0.304	1	Dync1h1	0	FALSE
0.000591513734702756	0.0581677805498648	0.1	0.093	1	Nexmif	0	FALSE
0.000600175042364794	0.0399630995420894	0.139	0.131	1	Farsb	0	FALSE
0.000603325907272704	-0.133726217388056	0.181	0.188	1	Bax	0	FALSE
0.000605313058377048	-0.0990349685640566	0.222	0.23	1	Exosc10	0	FALSE
0.000610420096040136	0.00744127992813604	0.459	0.441	1	Fbxl20	0	FALSE
0.000615199203062295	0.0140737202528394	0.669	0.645	1	Rfx7	0	FALSE
0.000615454310484965	0.0125972635257825	0.258	0.245	1	Tbc1d15	0	FALSE
0.000619188621444068	-0.0572277494295634	0.513	0.516	1	Ino80	0	FALSE
0.000631543325142535	-0.149093317073224	0.152	0.159	1	Hexa	0	FALSE
0.000633667451097548	-0.119831439956359	0.214	0.222	1	Smdt1	0	FALSE
0.000644200718302087	-0.152189468524515	0.143	0.15	1	Ccp110	0	FALSE
0.00064822972827901	0.068309557584411	0.142	0.134	1	Dnah2	0	FALSE
0.000649887496703392	-0.186049588165563	0.097	0.103	1	Dhcr24	0	FALSE
0.000650386914467298	0.0555725261389455	0.155	0.146	1	Ggt7	0	FALSE
0.000661032819344526	0.0134710361316823	0.282	0.269	1	Epb41l4a	0	FALSE
0.000664255617771419	0.0288156790307569	0.179	0.17	1	Sphkap	0	FALSE
0.000672848784833783	-0.0784293606595019	0.473	0.474	1	Tax1bp1	0	FALSE
0.000674048464249493	0.00338818803242924	0.423	0.405	1	Eif2s2	0	FALSE
0.000687096592602804	-0.0923930574919865	0.443	0.445	1	Clcn3	0	FALSE
0.000690690475504875	-0.124479016126939	0.167	0.175	1	Prmt1	0	FALSE
0.000695014654608098	0.0530497162338177	0.164	0.156	1	Tmem241	0	FALSE
0.000708717054331875	0.0618282694362451	0.113	0.106	1	Aars2	0	FALSE
0.000712518722905507	0.0669545282413044	0.112	0.105	1	Qsox2	0	FALSE
0.000715385335062285	-0.130164081258739	0.155	0.162	1	Efr3a	0	FALSE
0.000731990932675391	-0.104303539691987	0.243	0.251	1	Srp14	0	FALSE
0.000733734258561522	0.0315829441658575	0.417	0.403	1	Hp1bp3	0	FALSE
0.00074386551202518	-0.117025250950934	0.308	0.314	1	Ubac2	0	FALSE
0.000743961665526094	-0.124025050699855	0.178	0.186	1	Asah1	0	FALSE
0.000758993114585132	0.0331512434999275	0.102	0.095	1	Fastkd3	0	FALSE
0.000759783936004155	0.0279982818158774	0.191	0.18	1	Lgmn	0	FALSE
0.000762024532145297	-0.141231466406604	0.191	0.198	1	Atg2b	0	FALSE
0.000774752549474562	0.0700074338616115	0.125	0.118	1	Rexo1	0	FALSE
0.0007749611838056	0.0429503484037239	0.79	0.778	1	Xkr4	0	FALSE
0.000784810035439067	-0.0722398074421668	0.533	0.509	1	Kcna1	0	FALSE
0.000787388009002881	0.0380405347162798	0.166	0.157	1	Tbc1d31	0	FALSE
0.000788308132152981	-0.0771835566589092	0.482	0.48	1	St6galnac5	0	FALSE
0.000789893549339023	0.0134658963628088	0.233	0.221	1	Dicer1	0	FALSE
0.000792459053384573	-0.103232125963953	0.29	0.296	1	Adgrv1	0	FALSE
0.00079607455728315	-0.121546844601795	0.293	0.299	1	Bicra	0	FALSE
0.000798172757384546	-0.0897873616097791	0.151	0.16	1	Hook2	0	FALSE
0.000799287209369672	-0.00100164555985116	0.182	0.172	1	Rbm41	0	FALSE
0.000805755858840258	-0.115283063014956	0.33	0.335	1	Prickle4	0	FALSE
0.000816627048017217	-0.150730401958673	0.119	0.126	1	Mettl22	0	FALSE
0.00081798449474818	0.0512317867869365	0.101	0.094	1	Chsy1	0	FALSE
0.000820177004531313	-0.123358189055265	0.273	0.279	1	Npat	0	FALSE
0.000828206729328225	-0.0686264500156309	0.51	0.51	1	Ogdh	0	FALSE
0.000834210675290665	0.0737757809153914	0.115	0.108	1	Mpped1	0	FALSE
0.000834711686543392	-0.13933718087664	0.146	0.153	1	Psmc4	0	FALSE
0.000844728648219492	-0.145235127861662	0.117	0.124	1	Chchd1	0	FALSE
0.000847317959032714	-0.063694207801664	0.571	0.568	1	Ptpn4	0	FALSE
0.000855340868493718	0.021964369144744	0.282	0.27	1	Pde7a	0	FALSE
0.000857531408943373	-0.107695349720917	0.161	0.169	1	Sox5	0	FALSE
0.000859655746332542	-0.136405741230854	0.167	0.174	1	Slc20a1	0	FALSE
0.000863043146192523	0.0257810823452598	0.159	0.15	1	Btg1	0	FALSE
0.000865924031644417	-0.151455890239379	0.095	0.101	1	Med6	0	FALSE
0.000889604750080148	-0.124982188414295	0.189	0.196	1	Fbxo38	0	FALSE
0.00089257177458874	0.00185694677534887	0.212	0.201	1	Vegfa	0	FALSE
0.000901182820164672	-0.122292111211303	0.128	0.135	1	Dhrs1	0	FALSE
0.000909582675460009	-0.168487922369744	0.095	0.101	1	Zfp639	0	FALSE
0.000915159780120831	-0.0872016226327492	0.196	0.204	1	Fbxo44	0	FALSE
0.00091559178643105	-0.00121416329414792	0.262	0.249	1	Aifm1	0	FALSE
0.00091868681152903	-0.173719443574167	0.104	0.11	1	Znf740	0	FALSE
0.000924548680440262	-0.00154517113907504	0.529	0.51	1	Rb1cc1	0	FALSE
0.000934781402249581	-0.136563931682182	0.115	0.122	1	Cars2	0	FALSE
0.000935808952435564	-0.0578182030155201	0.523	0.525	1	C12h12orf43	0	FALSE
0.000938564604246302	0.0475030805034429	0.63	0.622	1	Ptprm	0	FALSE
0.00094661420843547	0.0364627717013595	0.177	0.168	1	Ybx1	0	FALSE
0.000946866281231509	0.000517695686239078	0.365	0.349	1	Ndufa5	0	FALSE
0.000955739954167482	0.00550804300500807	0.142	0.133	1	Dram2	0	FALSE
0.000956862922053072	-0.00208535214035774	0.345	0.33	1	Rad23b	0	FALSE
0.000972974792082938	-0.0326200721235022	0.142	0.151	1	Megf10	0	FALSE
0.000978954220979545	-0.149181869237258	0.115	0.122	1	Ciao1	0	FALSE
0.000983104906444151	0.022135091393331	0.31	0.297	1	Map3k2	0	FALSE
0.000986343058082023	0.0278777720403383	0.151	0.142	1	Rnf146	0	FALSE
0.000989689344287119	-0.173439803424237	0.12	0.127	1	Rer1	0	FALSE
0.000996425789821118	0.0274301833195842	0.115	0.107	1	Acadvl	0	FALSE
0.000997384654248112	0.00689461759951016	0.637	0.616	1	Phf20l1	0	FALSE
0.00100209424652702	-0.0209194854860244	0.245	0.255	1	Htr4	0	FALSE
0.00100955774198142	-0.110171176075335	0.201	0.208	1	Fbh1	0	FALSE
0.00101135223110084	-0.13706866441283	0.125	0.131	1	Grpel1	0	FALSE
0.0010152026706184	0.00820928075144484	0.445	0.428	1	Ap2a2	0	FALSE
0.00101764691500265	-0.130991502433077	0.166	0.173	1	Zup1	0	FALSE
0.00102134624571637	-0.119651115955069	0.222	0.229	1	Dnaja3	0	FALSE
0.00102916078141242	-0.164704932681656	0.127	0.134	1	Spns2	0	FALSE
0.00103217376091902	-0.107508039884756	0.265	0.272	1	Pigu	0	FALSE
0.00103409429828279	0.0338393337280412	0.115	0.107	1	Hcfc1	0	FALSE
0.00103521890979626	-0.0401470120398832	0.759	0.746	1	Rabgap1l	0	FALSE
0.00104043287622879	-0.168003163246871	0.237	0.243	1	Arhgef2	0	FALSE
0.00105544239958651	-0.178685213069608	0.149	0.155	1	Prag1	0	FALSE
0.00105576016630517	0.00776158320140485	0.169	0.16	1	Ss18	0	FALSE
0.00105973533649902	-0.128828978136463	0.147	0.154	1	Ndufb6	0	FALSE
0.00106478284304094	-0.131529741311892	0.138	0.145	1	Smarcb1	0	FALSE
0.00106603574606873	0.0172843330463057	0.168	0.159	1	Slc35c2	0	FALSE
0.00106704325946013	0.0274738532052941	0.164	0.156	1	Ublcp1	0	FALSE
0.00106893738405005	0.0332107514451528	0.276	0.264	1	Pcyt1a	0	FALSE
0.00106953710477059	0.0407974481076632	0.2	0.19	1	Glmn	0	FALSE
0.00106992609326871	-0.0546309875521127	0.496	0.5	1	Vps41	0	FALSE
0.00107337386044251	0.0223053740066986	0.567	0.549	1	Mllt10	0	FALSE
0.00108662326479201	-0.0909047901640172	0.309	0.315	1	Ptpn11	0	FALSE
0.0010868049789479	0.109751839907593	0.137	0.145	1	Kcnc2	0	FALSE
0.0010886464839108	-0.139898640881561	0.186	0.192	1	Akap13	0	FALSE
0.00109559577563526	0.0160073766408205	0.24	0.23	1	Taf2	0	FALSE
0.00110988825681951	-0.0110597849931734	0.238	0.226	1	Kdm3a	0	FALSE
0.00114430483666949	0.0162286884183531	0.153	0.145	1	Svil	0	FALSE
0.00114610885160595	0.00567422004656337	0.324	0.311	1	Bod1l1	0	FALSE
0.00114634745655316	0.00514232379891255	0.131	0.123	1	Resf1	0	FALSE
0.00117679380875699	-0.0920592532686617	0.306	0.312	1	Arf1	0	FALSE
0.00119721497154463	-0.0969878402444471	0.104	0.111	1	Tspan9	0	FALSE
0.00120578574347635	-0.141644126315401	0.12	0.127	1	Vps26c	0	FALSE
0.00121443201658665	-0.140351494387976	0.139	0.146	1	Ccs	0	FALSE
0.00121733565804117	-0.130232580954028	0.159	0.167	1	Nosip	0	FALSE
0.00122222056465078	-0.0888572846178322	0.259	0.267	1	Tbc1d23	0	FALSE
0.00122236074213714	-0.00895294834043733	0.438	0.421	1	Gtf3c2	0	FALSE
0.00122569029178232	0.0293282936354	0.211	0.201	1	Slc25a46	0	FALSE
0.00123855372737304	0.0563684988573834	0.108	0.101	1	Zxdc	0	FALSE
0.00125134833752308	-0.109971208214521	0.204	0.211	1	Wdpcp	0	FALSE
0.0012681413804917	-0.132036679160649	0.191	0.198	1	Commd3	0	FALSE
0.00127995337466002	-0.0725479959364732	0.328	0.335	1	Cdc42bpb	0	FALSE
0.00128221250204217	-0.0813430764649757	0.509	0.509	1	Pbrm1	0	FALSE
0.00128238737624281	0.0710180845536139	0.142	0.134	1	Zcchc4	0	FALSE
0.00128727164581558	0.00419074996084945	0.259	0.248	1	Nt5dc1	0	FALSE
0.00129236276992728	-0.0895396936797872	0.336	0.341	1	Vapa	0	FALSE
0.00129956222624802	0.00414660131230166	0.495	0.479	1	Eef1akmt2	0	FALSE
0.00130241836836821	-0.0938938919846893	0.285	0.292	1	Grina	0	FALSE
0.00131817196251829	0.0260059518348299	0.113	0.12	1	Grik1	0	FALSE
0.00133080303198647	0.0197151794004719	0.446	0.43	1	Eml4	0	FALSE
0.00133403400803707	0.0406290499101436	0.157	0.148	1	Dnajb14	0	FALSE
0.00133700736086827	-0.0972705071689529	0.263	0.271	1	Ndufb5	0	FALSE
0.0013565706433232	-0.0206407074025305	0.143	0.134	1	Hacd1	0	FALSE
0.00136519944197623	-0.100245695014202	0.293	0.3	1	Atn1	0	FALSE
0.00137484953543144	0.00611646307386771	0.145	0.136	1	Syap1	0	FALSE
0.00137488035462609	0.0141258563980462	0.414	0.399	1	Lrrc49	0	FALSE
0.00137510813580594	-0.0185554106927065	0.279	0.266	1	Pcgf5	0	FALSE
0.00139151529809848	0.0156017382496445	0.694	0.669	1	Nsg2	0	FALSE
0.00140568094499986	0.0641621153244145	0.133	0.126	1	Capn2	0	FALSE
0.00140710530195085	-0.0916601314868777	0.22	0.228	1	Usp13	0	FALSE
0.00140739924176949	-0.0836879003295256	0.184	0.193	1	Mtss2	0	FALSE
0.00141771096588618	-0.0682936726554996	0.533	0.532	1	Acin1	0	FALSE
0.00142675763802684	-0.0649009636819428	0.38	0.386	1	Selenow	0	FALSE
0.00143086168670636	-0.118527658531086	0.171	0.179	1	B3gat3	0	FALSE
0.00143169234663018	0.0647709553684193	0.102	0.095	1	Mrpl38	0	FALSE
0.00143543093507485	-0.0853246563072245	0.36	0.364	1	Cox7b	0	FALSE
0.00144186472774433	-0.00259604144027337	0.251	0.239	1	Rbmx	0	FALSE
0.00144633566915871	0.0163237196769007	0.243	0.232	1	Dnajc10	0	FALSE
0.00144958955327926	-0.0992770803380683	0.15	0.157	1	Bag6	0	FALSE
0.00146152975009396	0.0566331398392119	0.111	0.104	1	Rtn2	0	FALSE
0.00146769341573383	-0.00324931343332135	0.569	0.548	1	Dnajc6	0	FALSE
0.00147024743352061	-0.0996711902849833	0.269	0.276	1	Saraf	0	FALSE
0.00147529456418183	0.00155569857161297	0.21	0.199	1	Etv6	0	FALSE
0.0014765998985194	-0.0887070567964107	0.335	0.341	1	Cd320	0	FALSE
0.00147788853016067	-0.0774729352414286	0.372	0.377	1	Eif3j	0	FALSE
0.00147978665250051	0.0653133313808518	0.1	0.093	1	Nudcd1	0	FALSE
0.00148367203712136	-0.137911903457342	0.106	0.113	1	Aacs	0	FALSE
0.00150088057672689	-0.134693504379454	0.222	0.229	1	Depdc5	0	FALSE
0.00153011621896621	-0.0503222559523823	0.534	0.536	1	Kif5b	0	FALSE
0.00153699342583745	0.0230635892633559	0.222	0.212	1	Eif2ak4	0	FALSE
0.00155985734736984	0.00608858156345463	0.347	0.334	1	Kif16b	0	FALSE
0.00156262226078689	0.0152368563503058	0.549	0.531	1	Nup98	0	FALSE
0.00157125924497812	-0.0743629640112891	0.541	0.541	1	Spop	0	FALSE
0.00157986297577603	0.0299313456119222	0.302	0.291	1	Appl1	0	FALSE
0.00158787757163081	0.0172975962413781	0.26	0.249	1	Eif1b	0	FALSE
0.00159114254087211	-0.0623915690434573	0.509	0.511	1	Sec62	0	FALSE
0.00159292049378526	-0.176137182334112	0.1	0.106	1	Tbc1d10b	0	FALSE
0.00159913760006875	0.0023961430102355	0.137	0.129	1	Sult4a1	0	FALSE
0.00160528636002138	-0.0941694040043377	0.422	0.425	1	Iffo1	0	FALSE
0.00161627186814755	-0.0390137326533218	0.712	0.69	1	Adarb2	0	FALSE
0.0016200558251585	-0.0514190967141985	0.38	0.387	1	Psd	0	FALSE
0.00162673776571478	0.0181731373710113	0.324	0.311	1	Zfp652	0	FALSE
0.00164181152139057	-0.143545283655999	0.12	0.127	1	Tsn	0	FALSE
0.00167294887177659	0.0475439361712442	0.118	0.111	1	Rabgef1	0	FALSE
0.00167804910086752	-0.0934797262297318	0.188	0.196	1	Plppr3	0	FALSE
0.00168852508164269	0.0181445528459293	0.503	0.486	1	Kif1a	0	FALSE
0.00169261147768016	0.024942852365551	0.227	0.216	1	Arfgef2	0	FALSE
0.00169856954754028	0.015214308344353	0.431	0.414	1	Dgkz	0	FALSE
0.00170136498959566	0.00316465545829547	0.509	0.489	1	Afdn	0	FALSE
0.00170742872663448	-0.138460854981112	0.161	0.167	1	Sp1	0	FALSE
0.00171411096243637	0.0543208206121228	0.12	0.113	1	Rapgefl1	0	FALSE
0.00171474458409809	-0.0819923020119971	0.445	0.447	1	Kdm5a	0	FALSE
0.00171542699576873	-0.124752590350027	0.259	0.265	1	Raly	0	FALSE
0.0017294790182284	-0.127321926966858	0.15	0.157	1	Pitpnb	0	FALSE
0.00173165648330192	-0.112667616814794	0.193	0.2	1	Faf2	0	FALSE
0.00175087430758576	0.0520704260154401	0.131	0.123	1	Cct2	0	FALSE
0.00175847563809635	0.0254449112109684	0.255	0.244	1	Zbtb11	0	FALSE
0.00176245588176126	-0.0967392723243268	0.195	0.202	1	Uqcc1	0	FALSE
0.00176637677512507	-0.0388010517892834	0.735	0.726	1	Ubr3	0	FALSE
0.00176773795832453	0.0398302208951788	0.165	0.157	1	Mpv17	0	FALSE
0.00176967445670428	0.0093742615877268	0.384	0.369	1	Pdss2	0	FALSE
0.00177381706593307	-0.0469925579817513	0.357	0.364	1	Ddn	0	FALSE
0.00179219433320018	0.0355557342689281	0.194	0.185	1	Secisbp2	0	FALSE
0.00179489121697221	0.017387279678604	0.332	0.319	1	Iws1	0	FALSE
0.00181364935591641	-0.129339497160693	0.113	0.119	1	Ssrp1	0	FALSE
0.00181587331650701	-0.0907185027007366	0.22	0.228	1	Ergic1	0	FALSE
0.00182256676887778	-0.0747949397725093	0.535	0.532	1	Acbd6	0	FALSE
0.00183106334547056	-0.127837178708715	0.147	0.153	1	Copb2	0	FALSE
0.00184979543293858	-0.143927793950942	0.098	0.104	1	Ubqln2	0	FALSE
0.00185227817792055	-0.0744932193756319	0.451	0.454	1	Dcaf8	0	FALSE
0.00186000082634149	0.0227270981603396	0.17	0.162	1	Ankrd13b	0	FALSE
0.00187496346492785	-0.123325700305587	0.159	0.166	1	Ercc5	0	FALSE
0.00187675458054996	-0.0943320582293019	0.41	0.413	1	Cmss1	0	FALSE
0.00189595091136443	0.0229542853191251	0.115	0.108	1	Zbed4	0	FALSE
0.00190225114060987	0.0522354782433236	0.124	0.117	1	Syt12	0	FALSE
0.00191144431956308	-0.124612877856169	0.158	0.164	1	Vps25	0	FALSE
0.00192139452110459	-0.0786675057802244	0.29	0.297	1	Rab3a	0	FALSE
0.00192909220379608	-0.0612615205243381	0.17	0.178	1	Chd5	0	FALSE
0.00196140669480231	0.0241575264321705	0.165	0.156	1	Entpd6	0	FALSE
0.00197263764506748	0.0242704851272966	0.134	0.127	1	Ggh	0	FALSE
0.00198126853157857	-0.106200859207556	0.15	0.157	1	Ppm1g	0	FALSE
0.00198284902236166	-0.0795887034282219	0.334	0.341	1	RragB	0	FALSE
0.00199748250457959	-0.107210493513259	0.178	0.185	1	Rbm4b	0	FALSE
0.00199866591674588	-0.136422621260463	0.173	0.18	1	Eif2s1	0	FALSE
0.00200051674089548	0.0125343921225419	0.268	0.258	1	Pdpr	0	FALSE
0.00200374039176605	0.0373383187290028	0.127	0.12	1	Unc45a	0	FALSE
0.00200787786947175	-0.112344707828036	0.192	0.198	1	Gemin4	0	FALSE
0.00201103789105249	-0.01753291335743	0.408	0.392	1	Tmod2	0	FALSE
0.002011111055628	0.0305448977452853	0.77	0.749	1	R3hdm1	0	FALSE
0.00202559788854899	-0.104078540210923	0.196	0.203	1	Irf3	0	FALSE
0.00203324847187654	0.0659086027958189	0.152	0.144	1	Nnt	0	FALSE
0.0020601354858412	-0.12656471795527	0.098	0.104	1	Ccdc13	0	FALSE
0.0020690526332663	0.0791343581804678	0.102	0.096	1	Gca	0	FALSE
0.0020693183800846	-0.0842410331944133	0.334	0.339	1	Ppp1cc	0	FALSE
0.00207560395229693	-0.0867468890719059	0.254	0.262	1	Aqr	0	FALSE
0.00207820091119472	-0.143568232578463	0.174	0.18	1	Hbp1	0	FALSE
0.00208766567108076	0.054983216582756	0.151	0.143	1	Slc27a4	0	FALSE
0.00211277664786342	0.0167705803110287	0.308	0.295	1	Atp1a1	0	FALSE
0.00212307390720006	0.0667382495406832	0.105	0.098	1	Sra1	0	FALSE
0.00212500220581956	0.00361175624148213	0.267	0.255	1	Ncoa6	0	FALSE
0.00214420276122119	0.0490533336497756	0.101	0.094	1	Foxk1	0	FALSE
0.00214521050985015	0.0100606634622676	0.23	0.22	1	Fam118b	0	FALSE
0.00216227454194761	0.0239149663152654	0.186	0.177	1	Zfp846	0	FALSE
0.00217991627347486	-0.134490543620847	0.176	0.182	1	Uqcrfs1	0	FALSE
0.00218254692040313	-0.17354967428168	0.099	0.104	1	Sec22b	0	FALSE
0.0021992827846125	0.0150014815072648	0.203	0.194	1	Akt2	0	FALSE
0.00220049613172939	-0.130804911622477	0.096	0.102	1	Unc50	0	FALSE
0.00222957572798856	-0.116915710773538	0.216	0.223	1	Tmem87a	0	FALSE
0.00223151088566374	0.0361316624344052	0.18	0.172	1	Cpne3	0	FALSE
0.00223618911958626	0.0171469879566837	0.586	0.567	1	Pik3c2a	0	FALSE
0.00224053971286118	-0.142603673572226	0.115	0.121	1	Ganab	0	FALSE
0.00224475984281617	-0.0119091814221455	0.253	0.243	1	Tnr	0	FALSE
0.00226319694357813	-0.0877260789386529	0.197	0.204	1	Elp1	0	FALSE
0.00226628575806917	-0.0740078149328166	0.456	0.459	1	Tomm20	0	FALSE
0.00226664221791006	0.0174418340851851	0.251	0.24	1	Gde1	0	FALSE
0.00229214651202273	-0.141011344539633	0.1	0.106	1	Btbd2	0	FALSE
0.00230084524346199	0.058354740129903	0.381	0.39	1	Sfxn5	0	FALSE
0.00230209207997143	0.0168397145206356	0.252	0.242	1	Gpt2	0	FALSE
0.00232021576622335	0.014655026103611	0.489	0.473	1	Mast2	0	FALSE
0.00232301611044502	0.0316171109501382	0.116	0.109	1	Dapk3	0	FALSE
0.00236325473312379	-0.0466697788112063	0.665	0.655	1	Csnk1g1	0	FALSE
0.00236997512874502	0.0518458668620889	0.106	0.1	1	Casp8ap2	0	FALSE
0.0023870939701417	-0.0489674856734578	0.615	0.608	1	Hectd4	0	FALSE
0.00239935149528469	-0.0589689365757236	0.538	0.539	1	Cdc42	0	FALSE
0.00240960223138052	-0.153983105964477	0.158	0.164	1	Sdhd	0	FALSE
0.00241110518371145	0.00815398059453232	0.533	0.512	1	Glce	0	FALSE
0.00242921998745275	0.00830283720143926	0.395	0.38	1	Rprd2	0	FALSE
0.00245636107309878	0.0111111396899647	0.352	0.339	1	Prkar1b	0	FALSE
0.0024573296218992	0.0520002189280463	0.148	0.14	1	Kcnt2	0	FALSE
0.00246255192606668	-0.0846799198757575	0.248	0.255	1	Copz1	0	FALSE
0.00247408892517819	0.019269379397713	0.172	0.163	1	Ppp2cb	0	FALSE
0.0024924481638873	0.00412214550690038	0.251	0.24	1	Rab1a	0	FALSE
0.00249977804737716	-0.109803006278733	0.202	0.209	1	Arhgdia	0	FALSE
0.00254851191267411	0.0323432089915955	0.291	0.28	1	Eif4g1	0	FALSE
0.00255448762441713	-0.112712986329493	0.138	0.145	1	Dennd6b	0	FALSE
0.0025557108537425	0.0199465128640788	0.259	0.248	1	Nr1d2	0	FALSE
0.00255801174428595	-0.0747449236458047	0.264	0.271	1	Sh3gl1	0	FALSE
0.00256989456974578	0.0389038111067446	0.196	0.187	1	Brsk1	0	FALSE
0.00257265970168531	-0.00241213795679322	0.359	0.344	1	Iqgap2	0	FALSE
0.00257700130346999	0.00740551459167793	0.363	0.349	1	Nipsnap1	0	FALSE
0.00257881168750068	-0.0775099320031971	0.369	0.373	1	Dhx15	0	FALSE
0.00258709961730822	-0.102575956398604	0.138	0.145	1	Ppan	0	FALSE
0.00259388338086709	-0.0474940765690313	0.677	0.671	1	Ecpas	0	FALSE
0.00259712463583443	-0.0153350927071504	0.242	0.23	1	Cblb	0	FALSE
0.00260398588635387	0.0201277661089292	0.113	0.106	1	Nuak1	0	FALSE
0.00265194678216268	-0.0491072451370427	0.72	0.713	1	Rps6ka5	0	FALSE
0.00267415438345694	-0.0956218843433062	0.327	0.332	1	Rpap1	0	FALSE
0.00271018026008338	-0.0639785274401152	0.536	0.536	1	Naa15	0	FALSE
0.00273481861618735	0.0215000785109343	0.87	0.863	1	Fgf12	0	FALSE
0.00276984605045572	-0.145454976111462	0.119	0.125	1	Derl1	0	FALSE
0.00277175938419861	0.0201347217593022	0.133	0.126	1	Zfyve27	0	FALSE
0.00277708964409385	0.0313288257639508	0.228	0.219	1	Atp13a2	0	FALSE
0.00279013471929562	0.0275790876159639	0.333	0.321	1	Cnih2	0	FALSE
0.00279342301210823	-0.141664642272558	0.127	0.133	1	Emc3	0	FALSE
0.00279997124686633	-0.127284627701714	0.157	0.163	1	B9d1	0	FALSE
0.00280039021832787	0.00505854487955856	0.425	0.409	1	Zc3h13	0	FALSE
0.00280994789706052	0.00864339047315499	0.506	0.49	1	Cltc	0	FALSE
0.00284208795419315	0.0480007093135109	0.151	0.143	1	Gga1	0	FALSE
0.00285338456163961	0.0391694413633183	0.137	0.129	1	Nasp	0	FALSE
0.00286529136164056	0.0109488314295562	0.358	0.345	1	Smg7	0	FALSE
0.00286798520131255	-0.133943198145883	0.127	0.133	1	Csnk2b	0	FALSE
0.0029000880038097	0.00182508577934941	0.408	0.394	1	Lsm14a	0	FALSE
0.00290315281917894	-0.0771657029253141	0.296	0.304	1	Usp46	0	FALSE
0.00292650458939118	-0.1147489318738	0.227	0.233	1	Tm9sf2	0	FALSE
0.00292858753233041	-0.180076533376876	0.141	0.147	1	Hmgxb4	0	FALSE
0.00293028078436466	-0.131815126937895	0.096	0.101	1	Gpr19	0	FALSE
0.00293036603557633	-0.124255438488514	0.243	0.248	1	Farp2	0	FALSE
0.00294047750339046	0.0134729718930324	0.531	0.514	1	Brd4	0	FALSE
0.00294053453635569	0.0827911789830638	0.117	0.111	1	Vstm2l	0	FALSE
0.00296314505885299	-0.00298012074553655	0.277	0.265	1	Tubb4b	0	FALSE
0.00296558597079208	-0.143092004414982	0.162	0.168	1	Pik3c3	0	FALSE
0.00300996330603671	0.0787470504136871	0.142	0.135	1	Glt1d1	0	FALSE
0.00301034677976903	0.0148869525492992	0.275	0.264	1	Map2k2	0	FALSE
0.00302282942955688	-0.103468367335966	0.323	0.327	1	Hif1a	0	FALSE
0.00303405761531296	0.0238968525374733	0.439	0.426	1	Brwd1	0	FALSE
0.0030474019373021	-0.140175078129407	0.138	0.144	1	Dync2li1	0	FALSE
0.00306081177992258	-0.0791978415281334	0.415	0.418	1	Ralgapa2	0	FALSE
0.00307380520046258	0.0297676208990267	0.264	0.254	1	Cept1	0	FALSE
0.00307731832507866	0.0886319407800729	0.113	0.107	1	Clstn3	0	FALSE
0.00308946060291871	-0.136576900586508	0.176	0.183	1	Flywch1	0	FALSE
0.00309669289359926	-0.0613334261292367	0.32	0.327	1	Cyp7b1	0	FALSE
0.0031403533408467	-0.126669115814918	0.154	0.16	1	Acad8	0	FALSE
0.0031410566995674	0.0232033754973431	0.134	0.127	1	Vamp3	0	FALSE
0.00314913533443615	-0.0914077720972843	0.369	0.373	1	Pi4kb	0	FALSE
0.00318453278052022	0.0057300124147282	0.449	0.435	1	Eef1a2	0	FALSE
0.00320701492919266	-0.116971898722654	0.11	0.116	1	Yrdc	0	FALSE
0.00320749974295752	-0.0585212552034002	0.443	0.446	1	Supt3h	0	FALSE
0.00322550301778271	-0.116716560172	0.156	0.162	1	Spcs1	0	FALSE
0.00322596260026625	-0.109065137870191	0.242	0.247	1	Zfp326	0	FALSE
0.0032382545512648	-0.115693638156561	0.33	0.334	1	Dnm2	0	FALSE
0.00323961323850971	0.029912789711759	0.118	0.111	1	Zfp672	0	FALSE
0.00324537598815646	-0.106501321890794	0.122	0.129	1	Taf4b	0	FALSE
0.00325021462615297	-0.0630708037614797	0.382	0.387	1	Nrf1	0	FALSE
0.0033127012907304	0.0119390223349818	0.146	0.138	1	Rab21	0	FALSE
0.00333359914360888	-0.0980185818278961	0.255	0.261	1	Cry2	0	FALSE
0.00334093730079701	-0.00250505147479929	0.112	0.105	1	Unkl	0	FALSE
0.00342170724011629	-0.103403106750237	0.162	0.168	1	Cdc37	0	FALSE
0.00347964122041465	0.0173379645225373	0.21	0.201	1	Tm2d1	0	FALSE
0.00349621823336773	0.0448393775891397	0.267	0.258	1	Mb21d2	0	FALSE
0.00359126209837667	-0.131710339512785	0.311	0.315	1	Adam10	0	FALSE
0.00361106574323653	-0.108920969538056	0.197	0.203	1	Ghitm	0	FALSE
0.00363983196828381	-0.146794903437241	0.112	0.118	1	Gtpbp8	0	FALSE
0.00364598493648429	-0.0842358165795348	0.428	0.43	1	Srrm1	0	FALSE
0.00366076421020625	0.0584801570937121	0.161	0.154	1	Zfp574	0	FALSE
0.00366954465267881	-0.00643252253889515	0.246	0.235	1	Trappc10	0	FALSE
0.00371128055835164	-0.0253685760351772	0.518	0.499	1	Cntn1	0	FALSE
0.00371387594835414	-0.000458298115136868	0.198	0.188	1	Atg3	0	FALSE
0.00375273431865428	-0.0203962315206929	0.154	0.145	1	Akirin2	0	FALSE
0.00375437081876629	0.0414725303733929	0.128	0.121	1	Zfp382	0	FALSE
0.00375659954269959	0.0171318860111507	0.114	0.107	1	Setd1b	0	FALSE
0.00379542932476758	-0.103480993725172	0.219	0.225	1	Rbbp8	0	FALSE
0.00380733066062836	0.0386307744653149	0.123	0.116	1	Aagab	0	FALSE
0.00387714221878877	0.0260378229889251	0.141	0.134	1	Zfp397	0	FALSE
0.00389056805469903	-0.126171041103499	0.166	0.172	1	Washc5	0	FALSE
0.00392525425235986	0.0248720933574098	0.169	0.161	1	Exoc3	0	FALSE
0.00392529752197008	0.0318567409066595	0.152	0.145	1	Rps6ka4	0	FALSE
0.00393937187929681	0.01436172579376	0.202	0.193	1	Elk1	0	FALSE
0.00394003587675651	-0.134270152528948	0.223	0.229	1	Ccpg1	0	FALSE
0.00394896543257003	-0.0993395793414704	0.097	0.103	1	Zfand2b	0	FALSE
0.0039497964987615	0.0533039128284267	0.116	0.11	1	Ciz1	0	FALSE
0.003962901803646	0.0412289098907435	0.19	0.182	1	Plekhm2	0	FALSE
0.00398752951118604	0.0647671756727393	0.1	0.094	1	Sema3a	0	FALSE
0.00398863311089655	0.0228046462270388	0.259	0.249	1	Nln	0	FALSE
0.0040478277750673	0.0277905407157575	0.114	0.108	1	Znf8	0	FALSE
0.00406276344501173	-0.136594425860641	0.161	0.166	1	Snrnp35	0	FALSE
0.0040750346224955	0.0809719029558753	0.119	0.113	1	Sulf1	0	FALSE
0.00409416937159873	-0.129863738310188	0.155	0.161	1	Abhd16a	0	FALSE
0.004096085404046	0.0651705687442161	0.21	0.201	1	Jakmip3	0	FALSE
0.004107137021679	-0.129481566218328	0.106	0.112	1	Ncaph2	0	FALSE
0.00412380901526489	-0.0145664574606446	0.165	0.157	1	Stx5	0	FALSE
0.00416455036756518	0.0743924807395446	0.108	0.102	1	Tub	0	FALSE
0.00418009226562088	-0.0028676839016758	0.307	0.295	1	Rnf38	0	FALSE
0.00418115582262261	-0.0191047065517184	0.52	0.497	1	Galnt18	0	FALSE
0.00424937259914493	0.0144241266847269	0.179	0.171	1	Tox4	0	FALSE
0.00426800585903057	-0.119601141676933	0.162	0.168	1	Tmem9b	0	FALSE
0.00435043695057885	0.0148080220334769	0.244	0.234	1	Rnf10	0	FALSE
0.00435487370771112	0.0202506998939935	0.321	0.31	1	Coq8b	0	FALSE
0.00435765454287291	-0.144888376947321	0.126	0.132	1	Whamm	0	FALSE
0.00439136794534104	-0.0950916159613995	0.149	0.155	1	Snupn	0	FALSE
0.00440020343864593	-0.0934317677559617	0.119	0.125	1	Rragd	0	FALSE
0.00446203508444154	-0.184464836667934	0.108	0.114	1	Dgcr8	0	FALSE
0.00450276543599435	-0.0868047267181719	0.304	0.309	1	Pfn1	0	FALSE
0.00453097376358768	0.0168626656609965	0.672	0.656	1	Sfpq	0	FALSE
0.00454696076497472	-0.00953376147657559	0.146	0.139	1	Sgpp1	0	FALSE
0.00462520466021918	-0.112298250233661	0.252	0.257	1	Ppp2r2d	0	FALSE
0.00462605472185717	0.0184551278468356	0.311	0.3	1	Chd8	0	FALSE
0.00462930886314749	-0.0950927862922651	0.302	0.307	1	Mlf2	0	FALSE
0.00465732027269469	-0.1532220227346	0.203	0.208	1	Filip1	0	FALSE
0.00467116898785936	-0.141721734012931	0.143	0.149	1	Fam151b	0	FALSE
0.00469717142938546	0.051016667711874	0.113	0.107	1	Med26	0	FALSE
0.00470755751107227	0.0160908087437638	0.242	0.232	1	Wdr13	0	FALSE
0.00471841855635088	-0.14737705586815	0.152	0.157	1	Pcyt1b	0	FALSE
0.00472602533481112	-0.0521484563831991	0.131	0.124	1	Adora1	0	FALSE
0.00474132477153875	-0.134903054596883	0.133	0.138	1	Lypla1	0	FALSE
0.00474229167558196	-0.0449634303275583	0.572	0.57	1	Slc25a12	0	FALSE
0.00476507993796613	-0.127168692804453	0.096	0.101	1	Cln3	0	FALSE
0.00476814731125678	-0.125599629899946	0.103	0.109	1	Exoc7	0	FALSE
0.00477301153818457	0.0060779629317893	0.251	0.241	1	Clcn4	0	FALSE
0.0048106415317691	-0.109965791867993	0.179	0.185	1	Slc9a5	0	FALSE
0.00482029833073986	0.0264357109217059	0.232	0.223	1	Rpap3	0	FALSE
0.00482609185054884	-0.08223995142872	0.297	0.302	1	Rnf187	0	FALSE
0.00483145257803619	-0.0359019965110601	0.705	0.694	1	Rock1	0	FALSE
0.00483523842052499	0.0346002793617166	0.114	0.108	1	Golim4	0	FALSE
0.00485165749712689	0.00945466390269822	0.113	0.106	1	Pgp	0	FALSE
0.00485476816105326	-0.0233497372453828	0.364	0.35	1	Sp3	0	FALSE
0.00486546668286948	-0.00143989609747375	0.645	0.627	1	Impact	0	FALSE
0.00488819735440206	-0.102185150368495	0.118	0.124	1	Dele1	0	FALSE
0.00495044812358829	0.0285404555165787	0.117	0.111	1	Vps37c	0	FALSE
0.00495564067031094	0.0161441213916907	0.339	0.328	1	Vstm2a	0	FALSE
0.0050390895362921	-0.137470029704008	0.13	0.136	1	Mrpl54	0	FALSE
0.0050429883473513	0.0141485970158388	0.204	0.195	1	Trnau1ap	0	FALSE
0.00504325181418293	-0.082000083392435	0.249	0.255	1	Gcdh	0	FALSE
0.00508756395388106	-0.101730586553538	0.114	0.12	1	Cbx7	0	FALSE
0.00511426186788509	0.0403843069246828	0.173	0.165	1	Sugp2	0	FALSE
0.00518591177551992	0.0196428246559166	0.171	0.163	1	Mtpn	0	FALSE
0.00523445261233596	0.0286371163886048	0.119	0.112	1	Mtap	0	FALSE
0.00524141954569435	-0.00242634249863186	0.409	0.395	1	Sec24a	0	FALSE
0.0052839277634588	0.029342008137641	0.153	0.145	1	Xpot	0	FALSE
0.00528943660265468	0.0540887270513359	0.149	0.142	1	Pitpnm3	0	FALSE
0.00529167399505119	-0.11117733421776	0.148	0.154	1	Dhrs7b	0	FALSE
0.00529490863625564	-0.0620590894241214	0.343	0.35	1	Fer	0	FALSE
0.00533103932114321	0.036060011434232	0.126	0.12	1	Arl5a	0	FALSE
0.00539465679631997	0.0374865703514951	0.191	0.183	1	Selenoi	0	FALSE
0.00543082854027259	0.0267416681659209	0.282	0.272	1	Nipal2	0	FALSE
0.00546124481330412	0.0125337400086942	0.85	0.829	1	Exoc4	0	FALSE
0.00549946529314984	0.0130772901571496	0.283	0.272	1	Arl8b	0	FALSE
0.00551300643641149	-0.117878341291376	0.157	0.163	1	Tti1	0	FALSE
0.00553464985936854	0.0170216858780332	0.21	0.202	1	Dna2	0	FALSE
0.00555172485599501	-0.126947816527837	0.236	0.241	1	Ppp2ca	0	FALSE
0.00560753935395787	-0.142643856699296	0.115	0.121	1	Pigp	0	FALSE
0.00561838638878895	-0.0665140253049086	0.409	0.413	1	Gtf2ird1	0	FALSE
0.00562189339843777	-0.0487640016848681	0.523	0.523	1	Srcap	0	FALSE
0.00566368244820377	0.0493102892659438	0.141	0.134	1	Ece1	0	FALSE
0.00574794991614617	-0.0329259762570144	0.89	0.883	1	Zcchc7	0	FALSE
0.00575443040172458	0.0497973903335898	0.1	0.094	1	Elavl4	0	FALSE
0.00577756869828481	0.0172896404462719	0.159	0.151	1	Kdelr2	0	FALSE
0.00582068812801277	0.0379420056937307	0.129	0.122	1	Zfp444	0	FALSE
0.00582174815951341	0.0204590277089745	0.146	0.139	1	Foxn2	0	FALSE
0.00582550877678967	-0.124416846577661	0.165	0.171	1	Pum3	0	FALSE
0.00587816509793579	-0.144340847705107	0.257	0.262	1	Sirpa	0	FALSE
0.00588194276524369	-0.0810272461392418	0.326	0.331	1	Vdac2	0	FALSE
0.00589412324323024	0.0379362999427797	0.144	0.137	1	Uba1	0	FALSE
0.00592854114655593	-0.0641554711600384	0.453	0.454	1	Aco2	0	FALSE
0.00593848913129434	0.0697904339411823	0.118	0.112	1	Aldh9a1	0	FALSE
0.00597731247071787	0.00914054517143537	0.249	0.239	1	Fbxo42	0	FALSE
0.00598934877378179	-0.104348188199587	0.17	0.177	1	Tmem62	0	FALSE
0.00601815836729834	-0.151747105418916	0.127	0.133	1	Pafah1b2	0	FALSE
0.00607721468121987	-0.0983171108817151	0.184	0.19	1	Lars2	0	FALSE
0.00608032819480754	0.049559383967517	0.239	0.231	1	Syt7	0	FALSE
0.00611553647165899	0.0816937320989788	0.121	0.115	1	Armc2	0	FALSE
0.00611857464516919	-0.0738257291870588	0.421	0.421	1	Atxn10	0	FALSE
0.00612436482823019	0.0231419425073781	0.429	0.417	1	Herc4	0	FALSE
0.00613765775109029	-0.138971655305309	0.101	0.106	1	Cdk7	0	FALSE
0.00615839516213244	0.0127408047374324	0.262	0.252	1	Ppfia1	0	FALSE
0.00617933539185605	-0.0741611343050917	0.359	0.363	1	Atad1	0	FALSE
0.00623534890116499	0.0272255285649881	0.179	0.171	1	Gga3	0	FALSE
0.00628395716830723	-0.142086951355039	0.191	0.196	1	Tmem50a	0	FALSE
0.00639190642325837	0.00808704466645505	0.297	0.286	1	Hbs1l	0	FALSE
0.00639517255570815	0.042203692291205	0.152	0.145	1	Ifrd1	0	FALSE
0.0064189156278853	0.0124970361039346	0.231	0.223	1	Ero1a	0	FALSE
0.00642961941957558	-0.135188159417029	0.095	0.1	1	Dmwd	0	FALSE
0.00643079505602425	-0.237026856168135	0.2	0.204	1	Ctss	0	FALSE
0.00643446352827181	0.00396891801380017	0.24	0.23	1	Nipa2	0	FALSE
0.00657945684177983	-0.104809830869811	0.096	0.101	1	Trmt9b	0	FALSE
0.00658684050058461	-0.169112643617975	0.115	0.12	1	Igbp1	0	FALSE
0.00661999250222369	-0.116470334405373	0.267	0.272	1	Filip1l	0	FALSE
0.00679768321876076	0.0312390113829617	0.138	0.131	1	Pkia	0	FALSE
0.00684959117078061	-0.00762184916000219	0.159	0.151	1	Dek	0	FALSE
0.00686313012257567	-0.0875976448584109	0.289	0.274	1	Mfsd6	0	FALSE
0.00687901929581053	-0.0529842427378381	0.507	0.506	1	Tmpo	0	FALSE
0.00689882886169401	-0.0116005407284803	0.109	0.103	1	Fam3a	0	FALSE
0.00691753426517657	-0.0489481222958343	0.618	0.615	1	R3hdm2	0	FALSE
0.00693533961542933	0.0334315052487848	0.107	0.102	1	Med17	0	FALSE
0.00701450517315767	-0.0892571168517255	0.181	0.187	1	Ndn	0	FALSE
0.00703898027231982	-0.102180264464345	0.137	0.142	1	Chkb	0	FALSE
0.00707851031919453	0.0094639533026159	0.338	0.326	1	Pnkd	0	FALSE
0.00712052240411911	-0.145006902082661	0.144	0.149	1	Hspbap1	0	FALSE
0.00712699289180239	-0.108474942615121	0.231	0.236	1	Hnrnpdl	0	FALSE
0.00716117534789259	-0.0737833102193615	0.512	0.51	1	Fez1	0	FALSE
0.00719536143772047	-0.00466862611501861	0.161	0.153	1	Zbtb44	0	FALSE
0.00723573807640847	0.00657613660859702	0.246	0.237	1	Blvrb	0	FALSE
0.00730222485071617	0.00145375908553236	0.199	0.19	1	Zfyve1	0	FALSE
0.00731503533747832	-0.0963512375721778	0.231	0.236	1	Zdhhc21	0	FALSE
0.00734573270022568	0.0402515665919432	0.109	0.104	1	Slc2a8	0	FALSE
0.0073461376034974	-0.0994869997145968	0.126	0.132	1	Ccdc136	0	FALSE
0.00738148618829686	0.00843103814850163	0.363	0.351	1	Ap2a1	0	FALSE
0.00739441731195209	0.00520658055666234	0.241	0.231	1	Zfp142	0	FALSE
0.00740455988297054	-0.116496412415344	0.124	0.129	1	Vkorc1	0	FALSE
0.00743631363699496	0.00356958187999229	0.424	0.41	1	Pogz	0	FALSE
0.00746127207573801	-0.0198298113839721	0.203	0.194	1	Sbf1	0	FALSE
0.00752086928857239	-0.131842988785889	0.1	0.106	1	Fastkd1	0	FALSE
0.0075806133719806	0.00916071746056515	0.349	0.337	1	Bnip3l	0	FALSE
0.00762013242131851	0.000349500520959695	0.406	0.391	1	Ythdf3	0	FALSE
0.00766784452831327	-0.00024330877023182	0.216	0.207	1	Ythdf2	0	FALSE
0.00767510971732736	0.00493227788253581	0.346	0.334	1	Dag1	0	FALSE
0.00768126423265279	0.00100696892320312	0.311	0.301	1	Opa1	0	FALSE
0.00768979175676403	0.00881205845190658	0.304	0.294	1	Cabin1	0	FALSE
0.00774786252599956	-0.0195131673608445	0.392	0.378	1	Trak2	0	FALSE
0.00777470555438641	-0.137750470905055	0.101	0.106	1	Mrps16	0	FALSE
0.00783539030429816	-0.0863821080958793	0.132	0.139	1	Acd	0	FALSE
0.00784811426979383	-0.130540271971491	0.118	0.123	1	Senp1	0	FALSE
0.00786244143157433	-0.122252532980252	0.111	0.116	1	Fabp5	0	FALSE
0.00787058859900547	0.00726150405817405	0.663	0.647	1	Mtfr2	0	FALSE
0.00788969742996824	0.012826418881827	0.818	0.793	1	Grid1	0	FALSE
0.00791394017340868	-0.0129940119899437	0.386	0.373	1	Mtrex	0	FALSE
0.00796903693580225	0.0242607518394496	0.26	0.251	1	Nfe2l1	0	FALSE
0.00803495465170802	-0.065303031320264	0.381	0.385	1	Cnot10	0	FALSE
0.00804891928464781	-0.0682953407696701	0.358	0.363	1	Dtd1	0	FALSE
0.00806935740436438	0.00157256216288304	0.208	0.2	1	Ppil4	0	FALSE
0.00808551902477657	-0.101502273565796	0.159	0.165	1	Amz2	0	FALSE
0.00808814532156673	-0.00388128836599899	0.231	0.222	1	Por	0	FALSE
0.00816650807455762	-0.0830101591438799	0.335	0.339	1	Mysm1	0	FALSE
0.00817367378994044	-0.0433625008298182	0.101	0.107	1	Cbs	0	FALSE
0.0081892185852114	0.00222926728972306	0.632	0.614	1	Pan3	0	FALSE
0.0082587313210872	-0.135409364576184	0.099	0.104	1	Nek5	0	FALSE
0.00847629419683872	-0.134888369378425	0.283	0.288	1	Ccdc85a	0	FALSE
0.00847983002684588	-0.120652596437087	0.132	0.138	1	Ssr2	0	FALSE
0.00851332291881902	-0.113407589527194	0.137	0.143	1	Srr	0	FALSE
0.00856821571765103	0.0415785351861488	0.163	0.156	1	Gramd1a	0	FALSE
0.00859443087137904	0.0354534946114111	0.226	0.218	1	Fn3k	0	FALSE
0.00860623181503398	0.00605110710536848	0.389	0.376	1	Pkig	0	FALSE
0.00861619122746525	0.0525893202763215	0.166	0.159	1	Urgcp	0	FALSE
0.0086501942082291	-0.088761446878563	0.335	0.339	1	Ccser2	0	FALSE
0.00869866397559998	0.020364784310081	0.23	0.221	1	Brwd3	0	FALSE
0.00871359614479836	0.00193930674826318	0.411	0.398	1	Prr14l	0	FALSE
0.00877531681765966	-0.131096009659986	0.127	0.133	1	Dpcd	0	FALSE
0.00877585977940649	-0.113367727528007	0.127	0.132	1	Zfp523	0	FALSE
0.0087831368653746	0.0303631948472949	0.14	0.134	1	Arpc5	0	FALSE
0.00880230625426605	0.0433234991190061	0.106	0.1	1	Arhgef25	0	FALSE
0.00884771939472847	0.00853442574746954	0.254	0.245	1	Rogdi	0	FALSE
0.00885635169840258	0.0476547694497587	0.136	0.129	1	Rab23	0	FALSE
0.00887037624566477	-0.100110158293048	0.177	0.183	1	Ift20	0	FALSE
0.00902751713059073	-0.134311515541769	0.106	0.111	1	Prmt9	0	FALSE
0.00905113833458146	0.0223828167786402	0.177	0.169	1	Max	0	FALSE
0.00906655978617469	-0.00156166967557372	0.373	0.359	1	Necab2	0	FALSE
0.00906798922972745	-0.080251811315148	0.684	0.68	1	Ube2e2	0	FALSE
0.00908557250737001	-0.130765509667899	0.1	0.106	1	Ncstn	0	FALSE
0.00908878744079345	0.0203736463399944	0.47	0.456	1	Rasa2	0	FALSE
0.00909377368435234	-0.0180335715254256	0.685	0.659	1	Dlgap1	0	FALSE
0.00940280924551531	-0.12626703624754	0.129	0.134	1	Pls3	0	FALSE
0.00942069377177407	0.00701639628256299	0.411	0.4	1	Dcaf5	0	FALSE
0.0095150202994571	-0.0393627365898518	0.329	0.334	1	Slc24a3	0	FALSE
0.00958881052158282	0.0144793342043934	0.496	0.481	1	Atxn2	0	FALSE
0.00959470834368099	-0.0695106525637473	0.468	0.468	1	Rabac1	0	FALSE
0.0096174451000328	0.0182220783386409	0.361	0.35	1	Map7d2	0	FALSE
0.00962867482636098	0.00222478037031704	0.127	0.121	1	Sptlc1	0	FALSE
0.00964936189859474	-0.110794559699446	0.187	0.193	1	Mtch2	0	FALSE
0.0096544538242709	-0.0270059796338775	0.117	0.123	1	Pip5k1b	0	FALSE
0.00970236519885714	-0.0181723663424498	0.427	0.412	1	Shtn1	0	FALSE
0.00979492511800912	-0.0815496736829117	0.374	0.378	1	Sbno1	0	FALSE
0.00982172714016452	-0.0846366402906114	0.297	0.302	1	Tbca	0	FALSE
0.00984550645328299	0.0261197278402698	0.156	0.149	1	Adipor1	0	FALSE
0.00985610832303684	-0.0282189444607872	0.259	0.248	1	Elovl5	0	FALSE
0.0098970203309017	-0.0923633781716268	0.28	0.284	1	Sf1	0	FALSE
0.00990316612281557	-0.0600664153276001	0.378	0.381	1	Ncald	0	FALSE
0.00993099348485935	-0.101772289953418	0.12	0.125	1	Rnf32	0	FALSE
0.00996198897522461	0.0606107284196735	0.125	0.12	1	Chrm1	0	FALSE
0.0099681839838161	0.0214629217685881	0.271	0.262	1	Snx10	0	FALSE
0.00999105983832381	-0.0738149055677555	0.339	0.343	1	Cbx3	0	FALSE
0.0100010563892502	-0.148223151171781	0.104	0.109	1	Plgrkt	0	FALSE
0.0100907969570775	-0.13640699180172	0.1	0.105	1	Aktip	0	FALSE
0.0101827655904286	0.0489340277706303	0.197	0.19	1	Trim46	0	FALSE
0.0101837078719533	0.00674588686463573	0.259	0.25	1	Ergic2	0	FALSE
0.0102463747384347	-0.026141495255112	0.102	0.097	1	Zscan21	0	FALSE
0.0103042240812856	0.00786291359326174	0.116	0.11	1	RGD1359108	0	FALSE
0.0103240309613586	0.000259584178154193	0.459	0.444	1	Kif2a	0	FALSE
0.0104371544406624	-0.0122366448428722	0.414	0.399	1	Gnb2	0	FALSE
0.0105032425175338	-0.123950262876794	0.14	0.145	1	Tsnax	0	FALSE
0.0105069275847631	0.0507409776972514	0.149	0.142	1	Rnf11	0	FALSE
0.0105355116660863	-0.0158658972128207	0.207	0.198	1	Heatr3	0	FALSE
0.0105726973529062	0.0283726118504535	0.131	0.125	1	Tubgcp4	0	FALSE
0.0105815574041836	-0.0667380958658921	0.424	0.426	1	Ppp1cb	0	FALSE
0.0106751149190119	-0.0967499466080277	0.189	0.195	1	Nit1	0	FALSE
0.0106839426472506	-0.135689110223396	0.116	0.121	1	Tmem222	0	FALSE
0.0107018764654524	0.0505719086200649	0.135	0.129	1	Eif4e3	0	FALSE
0.0108375138816243	-0.0640132682498448	0.501	0.499	1	Rngtt	0	FALSE
0.0108687064411875	0.00315759078155031	0.271	0.261	1	Lyrm4	0	FALSE
0.0108802032703286	-0.107154120284437	0.213	0.218	1	Cnot9	0	FALSE
0.0109765475780695	-0.000272721653236996	0.568	0.548	1	Chn2	0	FALSE
0.0110557693687152	0.00906333311038732	0.232	0.223	1	Sgtb	0	FALSE
0.0111070672650014	0.0106575799065105	0.333	0.322	1	Cltb	0	FALSE
0.0111309022192957	0.0139904751574922	0.119	0.113	1	Tgs1	0	FALSE
0.0111349639817715	-0.0843723296963552	0.161	0.167	1	Ei24	0	FALSE
0.0111651109428865	-0.000380928290500293	0.517	0.498	1	Hira	0	FALSE
0.0112721524855031	-0.0971479010095295	0.118	0.123	1	Eif3b	0	FALSE
0.0112972230844901	0.000303329041300371	0.187	0.179	1	Tmem170b	0	FALSE
0.0113274323344806	0.0162447202318915	0.235	0.227	1	Rab5b	0	FALSE
0.0113350253066895	-0.00420242645710023	0.23	0.22	1	Tox	0	FALSE
0.0113449979395964	-0.078588858561371	0.37	0.374	1	Gramd1b	0	FALSE
0.0114275038011525	0.0297778837898506	0.133	0.127	1	Fam91a1	0	FALSE
0.0114309144514765	-0.00652236986559984	0.73	0.72	1	Tspan7	0	FALSE
0.0114495813614961	0.00771043370016439	0.306	0.295	1	Med14	0	FALSE
0.011659946171517	-0.0798028400192259	0.166	0.172	1	Ruvbl1	0	FALSE
0.0117509235999773	0.027031622941719	0.259	0.251	1	Septin3	0	FALSE
0.0118032795361289	-0.101577140180883	0.133	0.138	1	Tfrc	0	FALSE
0.011870346741047	-0.0812089112683569	0.157	0.163	1	Pign	0	FALSE
0.0119175827681755	0.015059414661116	0.149	0.142	1	Hmgcr	0	FALSE
0.0119787587625247	0.00462576589520752	0.399	0.386	1	Zcchc9	0	FALSE
0.0120572542416414	-0.0356406178192293	0.235	0.225	1	Ilrun	0	FALSE
0.0121593083558032	-0.0026067239157217	0.462	0.448	1	Arid1a	0	FALSE
0.0121666968964042	-0.0659528251751887	0.425	0.408	1	Rab27b	0	FALSE
0.0121692835200136	-0.150598287580531	0.116	0.121	1	Sft2d1	0	FALSE
0.0122613787356512	-0.0077478247830336	0.16	0.153	1	Tpd52	0	FALSE
0.0123438085950069	-0.00388797527041251	0.319	0.307	1	Sdf2	0	FALSE
0.0124536732643875	0.0138990563670393	0.239	0.23	1	Slc25a23	0	FALSE
0.0124690352371192	0.00616568224242187	0.191	0.183	1	Cenpc	0	FALSE
0.0125129847924591	-0.000628872262750213	0.464	0.45	1	Vps9d1	0	FALSE
0.0125337013347024	0.0152589380017185	0.159	0.152	1	Ggps1	0	FALSE
0.0125584633858833	0.017890011762397	0.176	0.169	1	Ric3	0	FALSE
0.012616659647922	0.00138310947960318	0.243	0.234	1	Cd200	0	FALSE
0.0127049379745775	-0.0035661974194976	0.098	0.103	1	Plekha7	0	FALSE
0.0127195931673806	-0.114157157700634	0.209	0.214	1	Papss1	0	FALSE
0.0127654876890645	-0.0977548935170585	0.182	0.188	1	Trappc12	0	FALSE
0.0127961006393617	-0.0979419022506042	0.415	0.418	1	Hlcs	0	FALSE
0.0128691874564161	0.0101444785680476	0.279	0.269	1	Raf1	0	FALSE
0.0129079280218765	0.0192892667276807	0.186	0.179	1	G6pd	0	FALSE
0.012910699693678	-0.0409693339623048	0.546	0.548	1	Ccnl2	0	FALSE
0.0129472257706038	0.0306986597894332	0.147	0.141	1	Orai2	0	FALSE
0.0129531866196522	-0.102564666573895	0.241	0.246	1	Chuk	0	FALSE
0.013022504152804	0.0190299914919629	0.22	0.212	1	Pdcd11	0	FALSE
0.0130270488864556	0.00774072104378809	0.256	0.247	1	Dld	0	FALSE
0.0131224873570023	0.0131245259820991	0.101	0.096	1	Cyth2	0	FALSE
0.01313083293947	0.00422975068376819	0.283	0.273	1	Nol4l	0	FALSE
0.0131639902444497	-0.0514417276382546	0.537	0.536	1	Thoc2	0	FALSE
0.0132055895397102	-0.0821897873825811	0.362	0.364	1	Grk4	0	FALSE
0.0132265519320915	0.0266506850997004	0.128	0.122	1	Mettl15	0	FALSE
0.0132826572026528	-0.120468077807815	0.106	0.11	1	Smim7	0	FALSE
0.0132891453144629	0.0274269004122787	0.184	0.177	1	Mapkbp1	0	FALSE
0.0133679453076606	-0.0694634332582889	0.665	0.654	1	Ttll7	0	FALSE
0.0133883606536146	0.0146210200718059	0.244	0.236	1	Luzp1	0	FALSE
0.0134240429940671	0.0203449350911449	0.172	0.165	1	Tm2d3	0	FALSE
0.0134365136413803	-0.00054944907679208	0.426	0.413	1	Fam171b	0	FALSE
0.0135007078978526	-0.0114891272182183	0.114	0.109	1	Tex10	0	FALSE
0.0135249786685178	-0.0903848207260744	0.381	0.382	1	Lpcat2	0	FALSE
0.0136606079310386	-0.0774415893732354	0.105	0.098	1	Smad7	0	FALSE
0.0136704934025383	-0.00306358406222601	0.3	0.289	1	Marf1	0	FALSE
0.0136843473715965	0.016587444880118	0.226	0.218	1	Alg9	0	FALSE
0.0137448355167569	-0.0991949283867504	0.21	0.216	1	Lclat1	0	FALSE
0.0138317447618368	0.0122808502353116	0.111	0.105	1	Pan2	0	FALSE
0.0139549518089895	-0.123048693980456	0.167	0.172	1	Fbxo21	0	FALSE
0.0139914746059077	-0.0992372310135612	0.148	0.153	1	Dcaf7	0	FALSE
0.014000075434897	-0.0597262641670676	0.259	0.265	1	Sh3glb2	0	FALSE
0.014071190751302	-0.120020748086233	0.154	0.159	1	Polr2f	0	FALSE
0.0141763291120147	0.00425705218115535	0.579	0.559	1	Rev3l	0	FALSE
0.0142337609823009	-0.0628416341657788	0.526	0.524	1	Cpsf6	0	FALSE
0.0142482108674993	-0.0905509999026306	0.198	0.204	1	Plppr2	0	FALSE
0.0144308086128205	-0.128857105279122	0.139	0.143	1	Krtcap2	0	FALSE
0.0144770364647778	0.0265655876313362	0.127	0.122	1	Acot9	0	FALSE
0.0145296499580057	0.0111608851751077	0.111	0.106	1	Yif1b	0	FALSE
0.0145611481195108	-0.0300059349412509	0.755	0.743	1	Rtn3	0	FALSE
0.0145848645998162	-0.102653532380645	0.137	0.142	1	Eno4	0	FALSE
0.014692293470259	0.000531160069272785	0.459	0.445	1	Ophn1	0	FALSE
0.0147120668736335	0.0113735211354451	0.205	0.197	1	Dnajb4	0	FALSE
0.0147335978167705	0.0104770019339656	0.231	0.223	1	Vps4a	0	FALSE
0.0147610818247282	-0.1225606863598	0.104	0.109	1	Rbm42	0	FALSE
0.0147880013022645	-0.111154515537764	0.098	0.103	1	Rrm2b	0	FALSE
0.0148217816247952	-0.0262313834157279	0.525	0.507	1	Crebrf	0	FALSE
0.0148349413230826	0.00600526742742258	0.249	0.24	1	Diaph1	0	FALSE
0.0149040159371173	-0.00320770639892709	0.194	0.186	1	Tmem87b	0	FALSE
0.0149065567434007	-0.148204818465312	0.095	0.1	1	Sec61b	0	FALSE
0.0149143938502143	-0.0893874397646178	0.489	0.482	1	Tmem164	0	FALSE
0.0149187278393187	-0.0443051325959536	0.195	0.186	1	Ints4	0	FALSE
0.0150126376777725	-0.0853780780470678	0.219	0.225	1	Slc32a1	0	FALSE
0.0150479581091738	0.0307052102720098	0.147	0.141	1	Atp2b4	0	FALSE
0.0150673396284997	-0.12175413292626	0.102	0.107	1	Trub1	0	FALSE
0.0150954970429104	0.00716525188301476	0.162	0.155	1	Nbn	0	FALSE
0.0150984311590102	0.0432524240595957	0.107	0.102	1	Lta4h	0	FALSE
0.0153474307331064	0.0122177485962001	0.133	0.127	1	Orc5	0	FALSE
0.0154189148255114	0.0208970026717503	0.238	0.23	1	Atcay	0	FALSE
0.0156361061413562	-0.109559419136112	0.152	0.157	1	Psenen	0	FALSE
0.0156509192030427	0.0199734058091603	0.139	0.133	1	Htatsf1	0	FALSE
0.0156822696945536	-0.02912949781339	0.36	0.347	1	Adamts6	0	FALSE
0.0157076249165603	-0.000419050391636366	0.252	0.243	1	Usp37	0	FALSE
0.0157884909353537	-0.109824664176938	0.164	0.169	1	Rrbp1	0	FALSE
0.0159716876358688	0.00646560056590306	0.289	0.279	1	Hm13	0	FALSE
0.016015929559328	-0.117213807674554	0.104	0.109	1	Tsen34	0	FALSE
0.0160202607009607	-0.0213727676558144	0.159	0.152	1	Pcsk5	0	FALSE
0.0161546560122159	-0.106429952823796	0.173	0.179	1	Rnf20	0	FALSE
0.0162954529417	-0.105243463443666	0.332	0.334	1	Evi5l	0	FALSE
0.0164602074219017	-0.03339509980925	0.691	0.687	1	Kmt2c	0	FALSE
0.0164844011691744	0.0137501189619477	0.264	0.255	1	Ubp1	0	FALSE
0.0165014510399225	-0.100573150247177	0.216	0.221	1	Slc4a1ap	0	FALSE
0.0165408521752872	-0.117816893156453	0.101	0.105	1	Oat	0	FALSE
0.0165540845634253	0.0098464482861349	0.728	0.712	1	Pde4dip	0	FALSE
0.0165616143185404	-0.117358268418707	0.187	0.192	1	Mcts1	0	FALSE
0.0165925064293458	-0.0869185792777056	0.123	0.128	1	Gys1	0	FALSE
0.0166012255060959	-0.0436882799669003	0.764	0.752	1	Fam168a	0	FALSE
0.0166195917759777	-0.0169595527823558	0.369	0.356	1	Cert1	0	FALSE
0.0166953248826147	0.0024855866672544	0.264	0.255	1	Rab12	0	FALSE
0.016996370480643	0.0148975634537178	0.259	0.25	1	Kat8	0	FALSE
0.0171496794792392	0.0422033481303505	0.156	0.15	1	Cnep1r1	0	FALSE
0.017159395824689	-0.0899791002863353	0.121	0.126	1	Tfg	0	FALSE
0.017178611547874	0.0674566920193103	0.114	0.109	1	Sympk	0	FALSE
0.0173746900262618	0.0636026011666004	0.118	0.113	1	Dzip1l	0	FALSE
0.0174829793819521	0.0186777948537662	0.135	0.13	1	Cyp2r1	0	FALSE
0.0177126523108467	-0.0689871370412434	0.47	0.468	1	Senp7	0	FALSE
0.0177218797855518	-0.0239858954762027	0.256	0.247	1	Mlxip	0	FALSE
0.017830141026841	-0.122493685352531	0.113	0.118	1	Mipep	0	FALSE
0.0178934136886889	-0.000102612987264994	0.236	0.227	1	Fkbp2	0	FALSE
0.0179712517004376	-0.124537921097091	0.137	0.142	1	Cend1	0	FALSE
0.0183031776825779	-0.14735144974181	0.117	0.122	1	Srp9	0	FALSE
0.0183335591526421	-0.00112728222706338	0.128	0.122	1	Alg11	0	FALSE
0.0183594941725326	0.00470815930908154	0.411	0.399	1	Iqcb1	0	FALSE
0.0183800620655388	0.0130717040939732	0.189	0.183	1	E2f6	0	FALSE
0.0183928622567259	-0.00981840199299	0.557	0.54	1	Krit1	0	FALSE
0.01847718603409	-0.0275815960164549	0.331	0.318	1	Cers5	0	FALSE
0.0185260831526329	-0.0987351891745696	0.24	0.244	1	Ndufs1	0	FALSE
0.0186076605767066	-0.0140617043717963	0.131	0.125	1	Edc4	0	FALSE
0.0187526831963522	-0.118498310458016	0.126	0.131	1	Uck2	0	FALSE
0.0188141818542434	-0.0789708604019369	0.366	0.369	1	Abhd12	0	FALSE
0.0188813752740299	0.0251796853096973	0.147	0.141	1	Tmem169	0	FALSE
0.0188941388682503	-0.106822885068901	0.185	0.19	1	Crbn	0	FALSE
0.0190194395014551	0.00044160979859531	0.139	0.133	1	Tatdn1	0	FALSE
0.0190508608389661	-0.0746613028306947	0.323	0.326	1	Vps50	0	FALSE
0.0191240703842359	0.00785147488083826	0.17	0.164	1	Gabra3	0	FALSE
0.0191709388255501	-0.0699038178083886	0.192	0.197	1	Abhd17a	0	FALSE
0.0192895311129702	-0.0754018772719607	0.345	0.348	1	Pcf11	0	FALSE
0.0192956502403613	-0.0699355839278649	0.347	0.349	1	Lrpprc	0	FALSE
0.0196309872784026	0.00796079538168457	0.344	0.333	1	Nek1	0	FALSE
0.0197868987734572	-0.120135946974995	0.103	0.107	1	Emc1	0	FALSE
0.0199616322969512	-0.0678124891021974	0.561	0.558	1	Herc2	0	FALSE
0.0201731693266905	-0.0418487409764676	0.609	0.605	1	Gigyf2	0	FALSE
0.0202209189405078	-0.0513245205428865	0.577	0.57	1	Atf2	0	FALSE
0.0202260538045324	-0.0085540189848583	0.237	0.228	1	Srsf6	0	FALSE
0.0203019470583619	-0.030214333468948	0.539	0.54	1	Bach2	0	FALSE
0.0203329796037767	-0.0691659150818964	0.491	0.489	1	Fnip1	0	FALSE
0.0203509098014428	-0.0819657926437087	0.266	0.27	1	Eif3h	0	FALSE
0.0203763018447039	-0.13522911223758	0.096	0.1	1	Mrpl28	0	FALSE
0.0203927642180828	-0.0182625266947336	0.198	0.19	1	Pdap1	0	FALSE
0.020494208372784	-0.0841054341135508	0.181	0.187	1	Itpk1	0	FALSE
0.020569371910197	-0.00283268400636638	0.192	0.185	1	Stam2	0	FALSE
0.0207007409009035	-0.0856834616499243	0.362	0.363	1	Atp6v0d1	0	FALSE
0.0207832817644638	0.00609511904198512	0.149	0.143	1	Paxip1	0	FALSE
0.0208722030946812	-0.0191117424900004	0.254	0.245	1	Reck	0	FALSE
0.0209589966905959	0.000218429869836612	0.326	0.315	1	Ttc14	0	FALSE
0.0209594574058328	-0.0668016188204664	0.151	0.156	1	Plcb4	0	FALSE
0.0210144984171112	-0.0759719356744319	0.218	0.223	1	Noc2l	0	FALSE
0.0210347295673139	-0.084127181562224	0.259	0.263	1	Cfap36	0	FALSE
0.0211549391951678	-0.116338914278056	0.162	0.167	1	Vrk1	0	FALSE
0.0211618521184057	-0.0979390347857862	0.143	0.148	1	Slc4a7	0	FALSE
0.0212590968344298	-0.107958536374776	0.197	0.201	1	Kdm4a	0	FALSE
0.0214441995663197	-0.0858003665876158	0.33	0.333	1	Rpgr	0	FALSE
0.0216097942792555	0.0461106253761223	0.133	0.128	1	Zfp653	0	FALSE
0.0217078576049466	-0.0963010283305312	0.256	0.26	1	Rbis	0	FALSE
0.0217630551730214	-0.150262505170339	0.21	0.213	1	Lmf1	0	FALSE
0.0218596700549838	0.0010268028104049	0.575	0.558	1	Cdkal1	0	FALSE
0.0220014144474941	-0.00145308819021181	0.44	0.428	1	Ints10	0	FALSE
0.0221748950469937	-0.0274001508473201	0.204	0.196	1	Gabra1	0	FALSE
0.0225895306415477	-0.00912380245824035	0.303	0.293	1	Fbxw2	0	FALSE
0.0226807408597678	-0.129925267635652	0.108	0.112	1	C1galt1c1	0	FALSE
0.0227226221223559	-0.0039664801042969	0.127	0.121	1	Gsdme	0	FALSE
0.0227336389200941	-0.0981595225969749	0.17	0.175	1	Trappc3	0	FALSE
0.0228034506663207	-0.130796804274513	0.097	0.101	1	Ccdc71	0	FALSE
0.0228390390314448	-0.00462032515472988	0.124	0.118	1	Cnih1	0	FALSE
0.0228459032230433	-0.00479853990104823	0.469	0.454	1	Gabrg2	0	FALSE
0.0229982614002114	-0.0830635231680992	0.282	0.286	1	Fbxo15	0	FALSE
0.0230350769427384	0.0307485598195494	0.144	0.138	1	Rnf185	0	FALSE
0.023151212741634	-0.1080747309164	0.136	0.141	1	Tprg1l	0	FALSE
0.0233161794395781	0.00200576965881288	0.477	0.462	1	Fam110b	0	FALSE
0.0233407641515824	-0.0030314462398191	0.651	0.626	1	Plxna4	0	FALSE
0.023352451591403	-0.145892612255927	0.123	0.127	1	Noc3l	0	FALSE
0.0235036949073394	0.0398037259290132	0.141	0.136	1	Scn1b	0	FALSE
0.0235405813131866	-0.0923191144610672	0.279	0.282	1	Eif4g2	0	FALSE
0.0237024672759672	0.00959233187956476	0.178	0.171	1	Zfp771	0	FALSE
0.0237225622257051	-0.150214428203314	0.103	0.107	1	Dgat2	0	FALSE
0.0237265973408859	-0.10801273628348	0.112	0.116	1	Ccar2	0	FALSE
0.0237982792270057	0.00247680845266163	0.2	0.192	1	Rbm10	0	FALSE
0.0238023756451415	-0.00408287702671267	0.501	0.486	1	Zfp148	0	FALSE
0.0238483674378386	-0.0940568526934966	0.146	0.151	1	Arfgap2	0	FALSE
0.0238847394712854	0.00148945672383849	0.542	0.527	1	Srsf11	0	FALSE
0.0241403554613642	0.0088084822820389	0.249	0.241	1	Rab36	0	FALSE
0.024200338984347	0.00224933523307891	0.444	0.429	1	Cpeb2	0	FALSE
0.0242157415704276	-0.0190057276333909	0.236	0.228	1	Fam149b1	0	FALSE
0.0242691540483479	-0.102551341702406	0.126	0.131	1	Spryd7	0	FALSE
0.0244048804708763	-0.0698745966887984	0.265	0.27	1	Dzank1	0	FALSE
0.0246338627714471	-0.00920577815696699	0.67	0.651	1	Pkp4	0	FALSE
0.0247633229179661	-0.02676670611069	0.775	0.767	1	Nedd4	0	FALSE
0.0247860736348223	-0.0840920239190837	0.294	0.298	1	Atp13a3	0	FALSE
0.0251216949376638	-0.0153519638785149	0.351	0.338	1	Zfp91	0	FALSE
0.0251586098209856	-0.112137765492306	0.101	0.105	1	Ttc5	0	FALSE
0.0252462632944486	-0.073139938225206	0.443	0.441	1	Ppp3cc	0	FALSE
0.025324290459639	-0.0159792504639363	0.415	0.402	1	Elovl6	0	FALSE
0.0253455252086187	-0.0745678133505537	0.38	0.381	1	Cd2ap	0	FALSE
0.0253985990636018	-0.00099605052072349	0.56	0.544	1	Trim33	0	FALSE
0.0254373835910265	-0.0848774260652095	0.253	0.257	1	Pfdn5	0	FALSE
0.0255374154309497	-0.0231798710750188	0.77	0.763	1	Spag9	0	FALSE
0.0256570079479268	-0.0755483639027565	0.149	0.154	1	Hivep3	0	FALSE
0.0257183905123439	0.00832941023529887	0.187	0.18	1	Spindoc	0	FALSE
0.0257693308646618	-0.0715794747917374	0.257	0.261	1	Drosha	0	FALSE
0.0258396971181137	-0.005632636614891	0.265	0.256	1	Dync1li2	0	FALSE
0.0258889077883084	-0.116390843502413	0.116	0.12	1	Gemin5	0	FALSE
0.0259365659991651	-0.0713165231985147	0.49	0.484	1	Fryl	0	FALSE
0.0263754560411741	0.0295528368074842	0.134	0.129	1	Azin2	0	FALSE
0.0265532898132594	-0.00276539861546454	0.11	0.104	1	Zfp281	0	FALSE
0.026625606105876	0.00555013295541062	0.778	0.757	1	Rbm6	0	FALSE
0.0266441601604522	0.033406271142441	0.129	0.124	1	Brpf3	0	FALSE
0.026759623379071	-0.135510913606785	0.118	0.122	1	Prxl2a	0	FALSE
0.027042407030169	-0.256915885681997	0.098	0.101	1	L3mbtl4	0	FALSE
0.0270976431060166	0.0127882209872612	0.137	0.131	1	Eri2	0	FALSE
0.0271378310970433	-0.0532448516732711	0.633	0.626	1	Cox16	0	FALSE
0.0275886923228342	-0.128026834793436	0.134	0.139	1	Zfp637	0	FALSE
0.0276571317303017	-0.0956887999214711	0.146	0.15	1	Pmm1	0	FALSE
0.0276608913815745	-0.00392713044514681	0.324	0.314	1	Sypl1	0	FALSE
0.0276916625016074	-0.00307479245748188	0.284	0.274	1	Phf20	0	FALSE
0.0278236393398837	-0.111722553842532	0.126	0.13	1	Mterf3	0	FALSE
0.0279148369480481	-0.101821845621213	0.182	0.187	1	Efl1	0	FALSE
0.02796497307974	0.0129966769190055	0.238	0.23	1	Rabggtb	0	FALSE
0.0280484031296433	0.034370897774739	0.15	0.145	1	Apeh	0	FALSE
0.0284354605022196	-0.102515300122767	0.12	0.124	1	Ubr7	0	FALSE
0.0285939144339196	0.0318434085576749	0.169	0.163	1	Rnft2	0	FALSE
0.0286306269947671	-0.00730175529823618	0.168	0.162	1	Wsb2	0	FALSE
0.0286777657771209	-0.081091122063605	0.215	0.22	1	Zmiz2	0	FALSE
0.0288693093658684	0.0240886153535165	0.134	0.129	1	Dimt1	0	FALSE
0.0291787316470646	0.0372538109438769	0.125	0.12	1	Snx21	0	FALSE
0.0292029592332562	-0.0957582740935565	0.119	0.123	1	Jtb	0	FALSE
0.0292522333221775	0.0129254299361825	0.128	0.123	1	Snrnp200	0	FALSE
0.0295709139760468	-0.0839109924426447	0.125	0.13	1	Cdkl1	0	FALSE
0.0295937896005694	-0.069321680980766	0.437	0.437	1	Zfp277	0	FALSE
0.0295962091713822	0.0356223720197948	0.161	0.155	1	Dipk1b	0	FALSE
0.0299246687363931	-0.0901344557033099	0.121	0.126	1	Fam168b	0	FALSE
0.0302191378102233	-0.0702381513572709	0.425	0.424	1	Actn4	0	FALSE
0.0302560662987676	-0.00501154490070732	0.516	0.499	1	Armc9	0	FALSE
0.030424679000272	0.061598776440174	0.222	0.217	1	Pknox2	0	FALSE
0.0306082433230829	-0.0922504007844265	0.109	0.113	1	Anks3	0	FALSE
0.0306943153899629	-0.0861853029047328	0.143	0.147	1	Prkaca	0	FALSE
0.0307620021840064	-0.123152547874156	0.293	0.294	1	Trpc1	0	FALSE
0.0311321008856486	-0.0492148242728709	0.721	0.701	1	Rfx3	0	FALSE
0.0311459383999316	0.00252835031128451	0.199	0.192	1	Camsap1	0	FALSE
0.0311971414344177	-0.00156970637685389	0.345	0.336	1	Hmg20a	0	FALSE
0.0312564253746388	0.0123330573314335	0.219	0.212	1	Nfrkb	0	FALSE
0.0313924811330954	-0.131580379306346	0.122	0.126	1	Cul4b	0	FALSE
0.0316242370705792	-0.115467771393024	0.131	0.136	1	Slc27a1	0	FALSE
0.0316499943167075	-0.10773481157917	0.189	0.194	1	Epdr1	0	FALSE
0.031673374924432	-0.0129332676621435	0.51	0.494	1	Fars2	0	FALSE
0.0318080125578767	-0.00129336050974427	0.266	0.258	1	Dnajc15	0	FALSE
0.0318364150461737	-0.0124406904040489	0.239	0.231	1	Tyro3	0	FALSE
0.0318482759039031	-0.0793694684988718	0.254	0.258	1	Ssu72	0	FALSE
0.0318948722492204	-0.0821297096628891	0.218	0.223	1	Ube2n	0	FALSE
0.0319492407635921	-0.0652686514106091	0.171	0.176	1	Paip1	0	FALSE
0.0319836202014163	0.012972181382896	0.168	0.162	1	Zkscan8	0	FALSE
0.0320429548691583	-0.0767847981026775	0.31	0.314	1	Dhx30	0	FALSE
0.0320528360304468	-0.000405995094611589	0.199	0.192	1	Arhgap17	0	FALSE
0.0321336180500446	0.0205690476445246	0.207	0.2	1	Psen1	0	FALSE
0.0321946851355158	-0.0848091448714137	0.276	0.279	1	Sugt1	0	FALSE
0.032206716501679	-0.108340573247713	0.128	0.132	1	Phc1	0	FALSE
0.0322521431630659	0.0432226809331353	0.149	0.144	1	Mroh8	0	FALSE
0.0322622429612438	-0.0448180238441757	0.563	0.562	1	Tbl1x	0	FALSE
0.0324746748679725	-0.0753854289774225	0.176	0.181	1	Mettl3	0	FALSE
0.0325706786474566	-0.0580587904404437	0.403	0.404	1	Trpc4ap	0	FALSE
0.0327324111519179	-0.126049598924732	0.123	0.126	1	Snx9	0	FALSE
0.0327545078811811	-0.0131381957078411	0.234	0.226	1	Zfp654	0	FALSE
0.0331690382223957	-0.108812539377847	0.149	0.153	1	Hypk	0	FALSE
0.0332398839935951	0.0013609686645597	0.119	0.114	1	Nudt21	0	FALSE
0.0332495930359754	-0.117422135520439	0.111	0.115	1	Trim11	0	FALSE
0.0332990766530072	0.0132759461587613	0.102	0.097	1	Sf3a1	0	FALSE
0.0334609190468882	0.0190493054556862	0.127	0.121	1	Rcor3	0	FALSE
0.0335365032327327	0.0341896210396686	0.105	0.101	1	Slc25a42	0	FALSE
0.0335826134183179	-0.081776938277101	0.282	0.285	1	Kat6a	0	FALSE
0.0336515511248865	0.0152538309259082	0.27	0.263	1	Tbk1	0	FALSE
0.0337454793752575	0.00205777639164875	0.431	0.419	1	Nmt1	0	FALSE
0.0339260549626652	-0.0809886857862365	0.195	0.2	1	Rnf121	0	FALSE
0.0340069501642486	-0.121980630469818	0.184	0.187	1	Zcrb1	0	FALSE
0.0340723801999543	-0.139410804007	0.1	0.104	1	Tex264	0	FALSE
0.0341624910491456	0.0326139824238503	0.127	0.122	1	Nutf2	0	FALSE
0.0343949774612477	-0.100605678061585	0.098	0.102	1	Nrbp1	0	FALSE
0.0346643242718261	-0.0145900562347057	0.2	0.192	1	Eif4e	0	FALSE
0.034705736827327	-0.0913115881688866	0.106	0.111	1	Rae1	0	FALSE
0.0347887913048592	-0.00916081066510799	0.154	0.148	1	Sec23ip	0	FALSE
0.0348164853992492	-0.0935955273535494	0.307	0.309	1	Dstyk	0	FALSE
0.0349033291048475	0.0110575721371117	0.283	0.274	1	Rnf180	0	FALSE
0.0349304896666771	-0.0242410064660512	0.204	0.196	1	Ccnh	0	FALSE
0.0353750478590123	-0.069695093438608	0.416	0.417	1	Dnmt3a	0	FALSE
0.0354792111734547	0.00538814849732505	0.108	0.103	1	Trim8	0	FALSE
0.0355110279602377	-0.106964268179082	0.168	0.173	1	Naa38	0	FALSE
0.0359431680975558	-0.00408980765051936	0.228	0.22	1	Cnot6	0	FALSE
0.0359953036856854	0.020590212436844	0.111	0.106	1	Ppm1f	0	FALSE
0.0361438148177779	-0.137906791570992	0.269	0.27	1	Itpr2	0	FALSE
0.0361680632681004	-0.080277075514753	0.124	0.128	1	Tgds	0	FALSE
0.0362123808509566	-0.0753685095483536	0.303	0.306	1	Tada2a	0	FALSE
0.0364256841988227	-0.0462539653010494	0.566	0.563	1	Pcmtd1	0	FALSE
0.0368332151823756	-0.0883041438447523	0.133	0.137	1	Ppat	0	FALSE
0.0368420370582031	0.00428858956938993	0.305	0.296	1	Ptcd3	0	FALSE
0.03698549970659	-0.153007188971801	0.208	0.21	1	Sema4d	0	FALSE
0.0369916874611042	-0.0122387825586281	0.458	0.445	1	Ralgapb	0	FALSE
0.0369952883898823	0.000293343660357048	0.584	0.568	1	Cnot2	0	FALSE
0.0370204771226353	-0.101202663348135	0.212	0.216	1	Gpatch2	0	FALSE
0.0370518599063181	0.0239152138513919	0.384	0.375	1	Rptor	0	FALSE
0.0370779222190238	-0.0462614161552472	0.428	0.43	1	Micu2	0	FALSE
0.037128013347971	-0.0606095302784573	0.212	0.216	1	Scarb2	0	FALSE
0.0374075290893583	-0.00424178654439078	0.333	0.324	1	Dcp1a	0	FALSE
0.0375364604219487	-0.162740821372545	0.147	0.15	1	Egln1	0	FALSE
0.0375829529132074	-0.105369426429193	0.163	0.167	1	Casc3	0	FALSE
0.0375927658704168	-0.086005970338114	0.261	0.265	1	Slc25a36	0	FALSE
0.037744636825596	-0.0531542260556757	0.325	0.329	1	Eif5	0	FALSE
0.0379825767665211	-0.100226758736218	0.101	0.105	1	Vps33b	0	FALSE
0.0380927569054967	0.0166427714437665	0.236	0.23	1	Rnf19a	0	FALSE
0.038158872881653	0.00226003404470199	0.516	0.502	1	Kdm2a	0	FALSE
0.0381605588134705	-0.0511741209788355	0.498	0.497	1	Ppp2r5e	0	FALSE
0.0382346060898842	-0.0432726133805155	0.476	0.475	1	Cmip	0	FALSE
0.0384165670211119	-0.0166927999545095	0.165	0.159	1	Tdg	0	FALSE
0.0384297175899254	-0.017429452931614	0.369	0.356	1	Ntn1	0	FALSE
0.0384732221194457	-0.0962338814852839	0.14	0.144	1	Bcas2	0	FALSE
0.0386231336362842	-0.0420793311882577	0.143	0.148	1	Ap4s1	0	FALSE
0.0387782833167109	-0.106260110258285	0.138	0.142	1	Cfap298	0	FALSE
0.0392712772669552	-0.112754858583179	0.126	0.13	1	Arpc5l	0	FALSE
0.0393393616165307	-0.110186852290167	0.156	0.161	1	Eif3i	0	FALSE
0.039356132574291	-0.000228463209958285	0.15	0.144	1	Pced1a	0	FALSE
0.0395018013117874	-0.0377781242715973	0.183	0.176	1	Pam16	0	FALSE
0.0397319553360898	-0.0881353878569937	0.14	0.145	1	Smu1	0	FALSE
0.0399291533382221	-0.00540233139863622	0.119	0.114	1	Chmp1a	0	FALSE
0.0400996455189093	-0.12380805865105	0.11	0.113	1	Psmd8	0	FALSE
0.040130139207941	-0.116759490142776	0.13	0.133	1	Rnps1	0	FALSE
0.0402056218108191	-0.0968626979773046	0.553	0.536	1	Ldb2	0	FALSE
0.0404918326998235	-0.108841861920001	0.14	0.145	1	Pfdn6	0	FALSE
0.0406194064511391	-0.00922143258746599	0.146	0.14	1	Msl3	0	FALSE
0.0407049335007	-0.0459642475097259	0.179	0.172	1	Slc43a2	0	FALSE
0.0408442388781783	-0.0714898076023689	0.098	0.102	1	Nadk2	0	FALSE
0.0409944016593397	0.0020988162944893	0.347	0.337	1	Bbs9	0	FALSE
0.0409955379028171	-0.0735868884600466	0.204	0.208	1	Gpr107	0	FALSE
0.0409959646829189	-0.0119911255155412	0.2	0.193	1	Jund	0	FALSE
0.0413944559901643	-0.00626690030387467	0.232	0.224	1	Ccnc	0	FALSE
0.041522368902664	-0.0131113392581044	0.216	0.209	1	Galnt7	0	FALSE
0.0415232188207194	0.00358269075830386	0.119	0.114	1	Coq9	0	FALSE
0.0416375201578474	0.00903822308853375	0.1	0.095	1	Wdr35	0	FALSE
0.0416655052035879	-0.0634433017931663	0.37	0.371	1	Cc2d2a	0	FALSE
0.0416965783811634	0.00684334734728032	0.267	0.259	1	Gspt1	0	FALSE
0.0418056357596943	-0.000275976597144956	0.294	0.286	1	Gli3	0	FALSE
0.0418122197766182	-0.0763781262058139	0.121	0.125	1	Tada3	0	FALSE
0.0420239840575787	0.0412057665152057	0.105	0.101	1	Armc7	0	FALSE
0.0420466164615733	0.0203140606431829	0.166	0.16	1	Slc30a6	0	FALSE
0.0422483980995364	-0.0771249721570136	0.275	0.279	1	Ppp1ca	0	FALSE
0.0422518741194987	0.0145590672876189	0.271	0.264	1	Ide	0	FALSE
0.0425767194118775	0.0205268634153112	0.119	0.114	1	Gldc	0	FALSE
0.0426359158404729	0.00558746610668781	0.246	0.238	1	Cyb5r4	0	FALSE
0.0426415225431989	0.00685618261159782	0.206	0.199	1	Dctn3	0	FALSE
0.0427087117495051	-0.0539233350319744	0.43	0.432	1	Nop58	0	FALSE
0.0429099721162587	-0.0180547722959087	0.188	0.194	1	Ildr2	0	FALSE
0.0430329068998282	-0.0706762268232896	0.209	0.213	1	Ccdc50	0	FALSE
0.0430357651290452	-0.000995347276302183	0.302	0.293	1	Fxr2	0	FALSE
0.0431884272026958	0.0333448224975457	0.108	0.104	1	Bcat2	0	FALSE
0.0434772689357947	0.000226072179268177	0.218	0.211	1	Nae1	0	FALSE
0.0434988632497066	-0.0709584013200415	0.372	0.374	1	Sec14l1	0	FALSE
0.0436626922891327	-0.00438422390042081	0.357	0.347	1	Rabl6	0	FALSE
0.0437939351563033	0.014170709603432	0.13	0.125	1	Med25	0	FALSE
0.0439064950726184	0.00908548853758244	0.372	0.361	1	Trappc9	0	FALSE
0.0439171275091927	-0.0945424757151976	0.141	0.145	1	Tbc1d9b	0	FALSE
0.043967840131131	0.00108678329863066	0.245	0.237	1	Lrpap1	0	FALSE
0.0439730895739727	-0.095598058674446	0.101	0.105	1	Polr2c	0	FALSE
0.0440211023832111	-0.0880308004001332	0.266	0.269	1	Ndufs3	0	FALSE
0.0442714692818973	0.0586847488837758	0.126	0.121	1	Grk6	0	FALSE
0.04429717247075	-0.095919845248966	0.186	0.189	1	Cramp1	0	FALSE
0.0445795785103728	0.00452121735286704	0.157	0.152	1	Ttc21b	0	FALSE
0.0446494205633396	-0.0120474981041871	0.144	0.139	1	Sptssa	0	FALSE
0.044753662763049	-0.00417931032757179	0.588	0.572	1	Acyp2	0	FALSE
0.0447729428493076	-0.0805646420991475	0.114	0.118	1	Hmgcs1	0	FALSE
0.0452518895503722	-0.120408854234547	0.151	0.155	1	Bnip3	0	FALSE
0.045285130827285	-0.0880452126558248	0.208	0.212	1	Sf3b2	0	FALSE
0.0456461639792914	-0.00337858928309953	0.651	0.632	1	Abi1	0	FALSE
0.045796018726517	-0.0139291932677237	0.505	0.507	1	Jarid2	0	FALSE
0.0458636087200593	-0.0357523033518716	0.3	0.289	1	Prkdc	0	FALSE
0.0460569646348325	0.0111562512478041	0.216	0.209	1	Ubr4	0	FALSE
0.0462570491503693	-0.00123805736554444	0.476	0.463	1	Arl3	0	FALSE
0.0463945981759008	0.00320708657604984	0.191	0.185	1	Jmy	0	FALSE
0.0465396388998361	-0.0737500549381443	0.539	0.535	1	Tulp4	0	FALSE
0.0465577805760492	0.0184375703611732	0.61	0.596	1	Phactr3	0	FALSE
0.046748511322319	-0.0151468591399033	0.327	0.317	1	Srsf4	0	FALSE
0.0468687164294845	-0.0968769896639206	0.226	0.229	1	Copb1	0	FALSE
0.0469214456572902	-0.077078646491316	0.219	0.223	1	Foxred1	0	FALSE
0.0469873974649302	-0.0588102656020586	0.44	0.44	1	Dync2h1	0	FALSE
0.0472971509523373	-0.105699365650429	0.223	0.227	1	Wasf2	0	FALSE
0.047427377571646	-0.0231153589596692	0.363	0.35	1	Dennd4c	0	FALSE
0.0475406961548688	-0.0891712048214138	0.276	0.279	1	Rnf214	0	FALSE
0.0475697205895491	-0.00206209380622002	0.463	0.451	1	Sptbn2	0	FALSE
0.0478846298362676	-0.0702826252307989	0.293	0.296	1	Zmym3	0	FALSE
0.0478923946609037	-0.0609647841211434	0.443	0.442	1	Atf7ip	0	FALSE
0.0480247323714521	-0.00240452547261283	0.276	0.269	1	Ift122	0	FALSE
0.0480968524503241	-0.0880995011735869	0.236	0.239	1	Cdip1	0	FALSE
0.0484331398343382	0.00627887495592017	0.101	0.097	1	Tpra1	0	FALSE
0.0488963139988404	-0.0663310713942092	0.488	0.486	1	Hnrnpm	0	FALSE
0.0489632665195371	-0.102437646998139	0.103	0.107	1	Pelp1	0	FALSE
0.0491527914477581	-0.0006050085865274	0.295	0.286	1	Gabarapl1	0	FALSE
0.0491650147321856	-0.110766420890395	0.099	0.103	1	LOC103694242	0	FALSE
0.0493270663964445	0.00192580044028867	0.145	0.14	1	Gas6	0	FALSE
0.0493511435151093	-0.0825366854128926	0.133	0.138	1	Dnajc16	0	FALSE
0.0495668647263386	0.0257321002289967	0.121	0.117	1	Dalrd3	0	FALSE
0.0501312368172334	0.00850587311677076	0.254	0.247	1	Ube2o	0	FALSE
0.0502254970266525	-0.0973327584601313	0.149	0.153	1	Pym1	0	FALSE
0.050302784065414	0.011385223283402	0.243	0.236	1	Rnf145	0	FALSE
0.0503278102617311	-0.06002421793803	0.412	0.411	1	Psmd14	0	FALSE
0.0507420428299546	-0.119453154892136	0.103	0.106	1	Apool	0	FALSE
0.0508347891228348	-0.02741618350749	0.14	0.134	1	Ogdhl	0	FALSE
0.0509029581410981	-0.0511865115448765	0.328	0.332	1	Pitpna	0	FALSE
0.0509824371730385	-0.0463042480541238	0.459	0.461	1	Ndufs4	0	FALSE
0.0510144350755921	0.00579970087535747	0.359	0.35	1	Txnl1	0	FALSE
0.0511174665393998	-0.0139245551456489	0.416	0.403	1	Arih2	0	FALSE
0.0517533042576504	-0.11450381489244	0.109	0.113	1	Erap1	0	FALSE
0.0519144509470614	-0.0096665767327162	0.165	0.159	1	Wdr45b	0	FALSE
0.0521980771124628	0.0238630177739287	0.224	0.218	1	Srsf10	0	FALSE
0.0524124102688841	-0.119012756318365	0.096	0.1	1	Calu	0	FALSE
0.0527294720611142	-0.109213042954099	0.106	0.11	1	Slc35a1	0	FALSE
0.05289930093266	-0.00405535119801215	0.158	0.152	1	Slc49a4	0	FALSE
0.0530179241243398	-0.0794679113229272	0.283	0.286	1	Ndufa8	0	FALSE
0.0532226399659914	-0.108783899748145	0.217	0.22	1	Fam13a	0	FALSE
0.0534784172622169	0.0240740091890248	0.107	0.103	1	Ing3	0	FALSE
0.0535565468988448	0.00493747476052864	0.362	0.352	1	Bzw2	0	FALSE
0.0536447146963475	-0.0924596228247698	0.158	0.162	1	Bap1	0	FALSE
0.0541927941605027	-0.0816824927842228	0.228	0.232	1	Atp6ap1	0	FALSE
0.0543844887456062	-0.0986818988495859	0.242	0.245	1	Virma	0	FALSE
0.0544375226354126	-0.0872107115565937	0.282	0.284	1	Hnrnpd	0	FALSE
0.0544865085575333	-0.0838521773617427	0.226	0.23	1	Edc3	0	FALSE
0.0546587944492803	-0.098640429175918	0.259	0.261	1	Maged1	0	FALSE
0.0546825246308953	-0.0978351751208735	0.147	0.151	1	Cfap97	0	FALSE
0.0547027753269549	-0.106415821890602	0.345	0.346	1	Cntnap5b	0	FALSE
0.0549909295595796	-0.0221666687062284	0.17	0.174	1	Igfbp7	0	FALSE
0.0549962137748568	0.0309599839109911	0.11	0.105	1	Bin3	0	FALSE
0.055042047570487	-0.0892637514508339	0.186	0.19	1	Yipf4	0	FALSE
0.0552201074333467	0.0127711243943538	0.121	0.116	1	Wiz	0	FALSE
0.0552800270540175	-0.121372090330955	0.143	0.146	1	Prpf8	0	FALSE
0.0553798786601768	-0.0689859661818224	0.315	0.318	1	Pcsk7	0	FALSE
0.0554367208299741	0.00595196744570692	0.192	0.186	1	Usf3	0	FALSE
0.0554374932685108	-0.13171889853759	0.107	0.111	1	Taf9	0	FALSE
0.0554511985131335	-0.00983488672661237	0.56	0.544	1	Mkln1	0	FALSE
0.0554623889143094	-0.0506222051850073	0.385	0.388	1	Anapc5	0	FALSE
0.055474611219535	0.016904613959849	0.115	0.11	1	Tmem184c	0	FALSE
0.0556411336052538	-0.0769621477495314	0.286	0.289	1	Nme7	0	FALSE
0.0559920135617783	-0.0805547729810289	0.261	0.264	1	Kdm5c	0	FALSE
0.0562696005451224	-0.0837535566101861	0.484	0.48	1	Daam1	0	FALSE
0.056458761629242	-0.0617524755627907	0.57	0.558	1	Sez6	0	FALSE
0.0566662172338983	0.0190910385715921	0.134	0.13	1	Bms1	0	FALSE
0.056908550257139	-0.0109285072630158	0.307	0.298	1	Sacm1l	0	FALSE
0.0569783412980621	0.00576666733542375	0.117	0.113	1	Nckap5l	0	FALSE
0.0570210618518228	-0.0905749731853183	0.237	0.24	1	Ndufa9	0	FALSE
0.0573263518540501	-0.00169024860649514	0.342	0.333	1	Dennd1b	0	FALSE
0.0578619001057101	0.010130126371817	0.231	0.225	1	Agk	0	FALSE
0.0578679200299195	-0.147499184549006	0.153	0.156	1	Cep97	0	FALSE
0.0581429866118661	-0.00667507650565662	0.368	0.357	1	Cog4	0	FALSE
0.0589840026678934	-0.0777504225036106	0.265	0.268	1	Gsto1	0	FALSE
0.0590801601044975	-0.00149994044583246	0.151	0.146	1	Lonp1	0	FALSE
0.0591183609448631	0.00801439699278972	0.795	0.778	1	Pcm1	0	FALSE
0.0594073748308326	-0.127094798396113	0.119	0.122	1	Pdxp	0	FALSE
0.0598257070868754	-0.0616692933511847	0.447	0.443	1	Mrtfa	0	FALSE
0.0599606490602366	-0.00244199373675813	0.15	0.145	1	Rpp38	0	FALSE
0.0600231274066911	0.00810487215713296	0.323	0.315	1	Tmem132a	0	FALSE
0.0603558332208184	-0.0710726396860701	0.121	0.125	1	Garnl3	0	FALSE
0.0608598101988959	-0.0694664141644741	0.327	0.33	1	Xpo6	0	FALSE
0.0609655545178668	-0.0816122077649484	0.164	0.168	1	Cystm1	0	FALSE
0.0613136875925443	-0.0993310113025301	0.177	0.18	1	Polr2b	0	FALSE
0.0617556811100653	-0.069472943385839	0.19	0.194	1	Aarsd1	0	FALSE
0.0617720572501345	-0.0198687991796052	0.131	0.126	1	Atp7a	0	FALSE
0.0617738208974261	-0.00902781486041015	0.234	0.227	1	Mia3	0	FALSE
0.0618269004937613	0.141868609495708	0.103	0.1	1	Otof	0	FALSE
0.0618922095479855	-0.0800777107441057	0.246	0.249	1	Sdcbp	0	FALSE
0.0619227940057501	0.00239503151127302	0.349	0.34	1	Sirt5	0	FALSE
0.0621318203501038	-0.0519679784315001	0.578	0.567	1	Tafa2	0	FALSE
0.0621746325752334	-0.0391948046728827	0.47	0.471	1	Enah	0	FALSE
0.0622647037854226	0.00222450587756402	0.397	0.387	1	Sppl3	0	FALSE
0.0623767562986052	-0.0983602504129839	0.141	0.144	1	Bpgm	0	FALSE
0.0626231243305609	-0.0663138142597182	0.247	0.251	1	Vezt	0	FALSE
0.062636846550414	-0.139824209109071	0.097	0.1	1	Ddx27	0	FALSE
0.0626728390115592	-0.0191183068465461	0.174	0.168	1	Arfip1	0	FALSE
0.0627215434995893	-0.00765776363537574	0.344	0.335	1	Exoc6	0	FALSE
0.0628678414854916	-0.0283765624525083	0.115	0.11	1	Rnf208	0	FALSE
0.0635365526482965	-0.0773804665624489	0.246	0.25	1	Prpf38b	0	FALSE
0.0636937200190832	-0.0687111553400026	0.357	0.359	1	Usp48	0	FALSE
0.0637155043173765	0.0136049883168019	0.735	0.715	1	Abcc5	0	FALSE
0.0637236067084017	-0.119236861973584	0.114	0.118	1	Cic	0	FALSE
0.0643724381595589	0.00628084570134435	0.195	0.189	1	Vti1b	0	FALSE
0.0646459327500395	-0.120981273316416	0.193	0.196	1	Dgka	0	FALSE
0.0647424203733211	-0.0727792241252263	0.176	0.18	1	Glrx3	0	FALSE
0.0650243542741384	0.00328713519789625	0.111	0.107	1	Rbm34	0	FALSE
0.065054274030149	-0.0659485106784814	0.11	0.114	1	Zbbx	0	FALSE
0.065332742861019	0.0544034136886007	0.114	0.11	1	Elovl2	0	FALSE
0.0662989931895743	-0.136932893239229	0.106	0.109	1	Tgfa	0	FALSE
0.0663972284945277	0.015804681855035	0.154	0.149	1	Cxxc4	0	FALSE
0.0671129197447539	0.0440016170764488	0.148	0.144	1	Tmem63c	0	FALSE
0.0671907229729529	-0.12935276401999	0.357	0.355	1	Zfp622	0	FALSE
0.0672898707034708	-0.125858439396793	0.131	0.134	1	M6pr	0	FALSE
0.0674880533185386	-0.0752271756591713	0.355	0.356	1	Dhx57	0	FALSE
0.0679432906346418	-0.0742341155902759	0.341	0.342	1	Foxj3	0	FALSE
0.0690026662943818	0.00146486327183615	0.148	0.143	1	Rnf123	0	FALSE
0.0694184879241754	-0.108137588346475	0.153	0.156	1	Pdcd5	0	FALSE
0.0696029598404038	-0.0725561263505896	0.126	0.13	1	Kifc3	0	FALSE
0.0698883327902122	-0.0851483728438487	0.177	0.181	1	Rbck1	0	FALSE
0.0699731226498607	-0.090229441972018	0.258	0.26	1	Stub1	0	FALSE
0.0701638016179507	-0.00690203477498064	0.206	0.2	1	Ddx31	0	FALSE
0.0705070673513634	0.00364088021425701	0.258	0.251	1	Tmem181	0	FALSE
0.0710949534521767	-0.196317247463532	0.206	0.209	1	Grm8	0	FALSE
0.0715916557934376	0.000290985061493165	0.18	0.175	1	Gps2	0	FALSE
0.0716096755559717	-0.00585059876944416	0.292	0.284	1	Smarca5	0	FALSE
0.0716099716699936	-0.0969464742423201	0.108	0.111	1	Coq6	0	FALSE
0.0718251518773457	0.0363071624962874	0.108	0.104	1	Dlg3	0	FALSE
0.0718443831062658	-0.0821601808239942	0.247	0.25	1	Ezh1	0	FALSE
0.0723077570883986	-0.0577388566369521	0.403	0.403	1	Rictor	0	FALSE
0.0725321065196517	0.0176476189492347	0.122	0.117	1	C2cd2	0	FALSE
0.0727088249539919	-0.0856312196716204	0.23	0.233	1	Prkcsh	0	FALSE
0.072811546497718	-0.0993711890890707	0.109	0.113	1	Carmil2	0	FALSE
0.0730990626093135	0.0290365088949467	0.471	0.461	1	Agap2	0	FALSE
0.0731231728964978	0.00451713981603774	0.491	0.481	1	Zzef1	0	FALSE
0.0738408569720318	0.0291854183495173	0.101	0.097	1	Hirip3	0	FALSE
0.0739083081432928	0.0151122239285491	0.142	0.137	1	Kcnip3	0	FALSE
0.0739103885233501	-0.0642110718539031	0.323	0.324	1	Map1lc3a	0	FALSE
0.073991476297707	-0.0887997692364648	0.187	0.191	1	Nup42	0	FALSE
0.0741230815587833	-0.0731385340934947	0.259	0.262	1	Fnip2	0	FALSE
0.0743457245569953	0.00654770853283848	0.981	0.976	1	Ank2	0	FALSE
0.0752128323535457	-0.0177681629342396	0.449	0.436	1	Smc5	0	FALSE
0.0752204791078318	-0.0204830493809357	0.428	0.414	1	Mef2c	0	FALSE
0.0753454921329206	-0.0532773350596321	0.108	0.111	1	Fam3c	0	FALSE
0.0754470735890884	-0.00915466773027562	0.123	0.119	1	Rbbp9	0	FALSE
0.0758005317256061	0.0276355498959662	0.193	0.188	1	Pigf	0	FALSE
0.0759445775515606	-0.106054547691419	0.109	0.113	1	Nmd3	0	FALSE
0.0760828570707511	-0.0330661678289097	0.1	0.096	1	Zfp143	0	FALSE
0.0764649297511741	-0.0417586517953192	0.624	0.614	1	Trim44	0	FALSE
0.0767765504131057	-0.0734114496298931	0.392	0.392	1	Cers2	0	FALSE
0.0775339246591438	-0.0212734676385535	0.625	0.618	1	Zmynd8	0	FALSE
0.0776368363411067	-0.00817269631281614	0.197	0.192	1	Sec11a	0	FALSE
0.0782623825494474	-0.0239192365304188	0.2	0.193	1	Crtac1	0	FALSE
0.0784206799468915	-0.0821049428637959	0.239	0.242	1	Ndufv1	0	FALSE
0.0787677487978126	-0.101145596279171	0.142	0.146	1	Agpat5	0	FALSE
0.0790981764627248	-0.153929954881122	0.638	0.604	1	Unc5c	0	FALSE
0.0792572278132918	0.0103330420611578	0.193	0.187	1	Napb	0	FALSE
0.0792643429145448	-0.01898680775999	0.155	0.15	1	Tm7sf3	0	FALSE
0.0792824338563139	-0.0789907795058229	0.322	0.322	1	Hnrnpr	0	FALSE
0.0793416817869971	-0.00407302098167506	0.202	0.196	1	Ppp1r10	0	FALSE
0.0794206082027879	0.0423746611440172	0.105	0.102	1	Ctbp2	0	FALSE
0.0795852495364637	-0.0108421700246444	0.138	0.133	1	Tmem234	0	FALSE
0.0801696429839323	-0.0725543659670233	0.36	0.361	1	Snapc3	0	FALSE
0.0803088731396298	-0.0822448809413483	0.146	0.15	1	Ap3m2	0	FALSE
0.0808181260663555	-0.115630889015465	0.242	0.243	1	Ctnnd1	0	FALSE
0.0809697762963434	-0.0824993659243267	0.125	0.128	1	Ppp1r16a	0	FALSE
0.0811612547335818	-0.0918842438154401	0.102	0.105	1	Znf865	0	FALSE
0.0814068532369744	-0.0697452338768492	0.309	0.311	1	Ctdspl2	0	FALSE
0.0817000017229717	-0.0752621232777193	0.28	0.282	1	Zfp821	0	FALSE
0.081770085772679	0.00567668821482226	0.182	0.177	1	Sfxn2	0	FALSE
0.0820064736881266	-0.0760707485724724	0.275	0.277	1	Atr	0	FALSE
0.0822718758813678	0.00712046445503933	0.287	0.28	1	Macrod1	0	FALSE
0.0822961390206864	0.00282400660348175	0.339	0.332	1	Nfx1	0	FALSE
0.0823200946559714	-0.0777517337659963	0.283	0.286	1	Tbc1d22a	0	FALSE
0.0823538669896982	-0.0705350415588389	0.259	0.261	1	Ssb	0	FALSE
0.0825532918584666	-0.0871338786664999	0.189	0.193	1	Dpy19l4	0	FALSE
0.082598934188431	-0.0317432380568303	0.811	0.799	1	Exoc6b	0	FALSE
0.083273054261943	-0.00775658948308766	0.247	0.241	1	Eefsec	0	FALSE
0.0833280793021849	-0.0739546435038552	0.89	0.881	1	Robo1	0	FALSE
0.0836138248149747	-0.00685643157885973	0.53	0.517	1	Wapl	0	FALSE
0.0840392235883663	-0.0920891346812602	0.21	0.213	1	Zfp384	0	FALSE
0.0842511479389705	-0.0589690752019981	0.376	0.376	1	Dcaf1	0	FALSE
0.0845401117148014	-0.129614670400502	0.141	0.144	1	Fbxl3	0	FALSE
0.0848345500775756	0.00552243542961772	0.178	0.173	1	Akap8	0	FALSE
0.0849340579249753	0.0217644948088462	0.227	0.222	1	Pcbp3	0	FALSE
0.0862369778665095	-0.052990114998531	0.612	0.594	1	Rapgef4	0	FALSE
0.0864335027605554	0.0194579434079418	0.789	0.773	1	Dmxl1	0	FALSE
0.0866546499575529	-0.0259586141517616	0.402	0.392	1	Tpr	0	FALSE
0.0867605866676895	-0.0845387015213496	0.481	0.478	1	Ahcyl1	0	FALSE
0.0870069346666664	-0.00168581910881271	0.728	0.72	1	Srgap3	0	FALSE
0.0872070941617352	0.00618654866774532	0.322	0.315	1	Dut	0	FALSE
0.0874409067454736	0.014394783624315	0.122	0.118	1	Camlg	0	FALSE
0.0876377036034185	-0.175769966766151	0.097	0.1	1	Chmp7	0	FALSE
0.0880521029257014	-0.0923101259662862	0.118	0.122	1	Poglut1	0	FALSE
0.0881281254158185	-0.0257932238939917	0.152	0.147	1	Fam216a	0	FALSE
0.0884622010465678	-0.0598375820498002	0.314	0.316	1	Glrb	0	FALSE
0.0892602416651753	-0.112239588550011	0.118	0.121	1	Fance	0	FALSE
0.0895003980556269	-0.0823322427664935	0.254	0.256	1	Katnbl1	0	FALSE
0.0896614553890887	-0.072318556347601	0.362	0.363	1	Gnai1	0	FALSE
0.0897991183626726	-0.114194867981444	0.121	0.124	1	Tceal5	0	FALSE
0.0905536957752345	-0.0611065436890749	0.482	0.48	1	Syt11	0	FALSE
0.0908408240172163	0.0409553907099223	0.583	0.569	1	Map4k5	0	FALSE
0.091383456450042	-0.104057115318732	0.181	0.184	1	Aimp1	0	FALSE
0.0915806585404984	-0.106565756591157	0.11	0.113	1	Arpc4	0	FALSE
0.0922655688181648	-0.0717749334917299	0.195	0.199	1	Psmc3	0	FALSE
0.0924934535695918	1.39567550523356e-05	0.21	0.204	1	Gmps	0	FALSE
0.0933719928909969	0.0786315749589457	0.113	0.11	1	Cpeb1	0	FALSE
0.0934857632309439	0.00779879116055726	0.136	0.132	1	Pstk	0	FALSE
0.0934994804121441	-0.030839072901645	0.321	0.311	1	Cisd1	0	FALSE
0.0944278454753472	-0.105226412485977	0.114	0.117	1	Nenf	0	FALSE
0.0948146826143144	-0.0882480154985139	0.216	0.219	1	Eipr1	0	FALSE
0.0948214997583859	0.00465706745109963	0.363	0.355	1	Ccdc148	0	FALSE
0.0949714399684092	-0.0170156917664277	0.473	0.457	1	Arfgef3	0	FALSE
0.095160405951474	-0.0887813958329244	0.123	0.126	1	Zfand4	0	FALSE
0.0952479989692963	-0.0790244159255755	0.138	0.142	1	Rpap2	0	FALSE
0.0952787161823135	-0.0533028935631572	0.739	0.727	1	Dtna	0	FALSE
0.0956824238307865	-0.0249385830248179	0.157	0.152	1	Arl6	0	FALSE
0.0962216010919921	0.0466316229697311	0.151	0.147	1	Grin3a	0	FALSE
0.0962990079973659	0.0753035324039226	0.101	0.098	1	Tmem196	0	FALSE
0.0967730698442466	-0.100095999767195	0.106	0.109	1	Zfp37	0	FALSE
0.0968891718365583	-0.0261484502448743	0.136	0.132	1	E4f1	0	FALSE
0.0969072025151955	-0.0041077485933072	0.11	0.106	1	Cdc25b	0	FALSE
0.0980357392212497	-0.0442854629260727	0.451	0.451	1	Ubap2l	0	FALSE
0.0983391823755642	0.0205988558808514	0.115	0.111	1	Lman1	0	FALSE
0.0988483772395883	-0.0816758031814167	0.184	0.187	1	Cse1l	0	FALSE
0.0988988656625035	-0.0360805331895211	0.153	0.148	1	Pip4p1	0	FALSE
0.0989349624505089	-0.0192220738654107	0.453	0.44	1	Togaram1	0	FALSE
0.0994574826824415	-0.0318780856546985	0.656	0.647	1	Ndfip1	0	FALSE
0.0996334026217202	0.0734068500704354	0.275	0.27	1	Ston2	0	FALSE
0.100041492593682	-0.107706892101201	0.126	0.129	1	Tpd52l2	0	FALSE
0.100933906610442	-0.00416328788795439	0.369	0.359	1	Crtc3	0	FALSE
0.100949457535592	-0.0658356263817652	0.279	0.281	1	Ube2m	0	FALSE
0.101645308423241	-0.00611837056908671	0.301	0.293	1	Rpn1	0	FALSE
0.102003716383865	-0.0974898904263957	0.19	0.193	1	Pkd2	0	FALSE
0.102016879199719	-0.00223434977308756	0.265	0.258	1	Rnf111	0	FALSE
0.102059555997845	-0.083166838388733	0.26	0.262	1	Lrrn3	0	FALSE
0.102257687498894	-0.0713817731968072	0.1	0.104	1	Ankrd54	0	FALSE
0.102916778288979	0.0421780331683279	0.103	0.1	1	Repin1	0	FALSE
0.10294474217574	-0.0775646694215166	0.102	0.105	1	Lsg1	0	FALSE
0.103128484899363	-0.101300305253533	0.132	0.135	1	Ss18l2	0	FALSE
0.103362230964696	-0.13290604097122	0.116	0.119	1	Heatr5a	0	FALSE
0.103461162298665	0.000931564451468248	0.164	0.159	1	Snx7	0	FALSE
0.103749701646548	-0.0268699930140507	0.268	0.26	1	Tut7	0	FALSE
0.104088982488076	-0.0120744083487957	0.402	0.393	1	Prpf39	0	FALSE
0.104128760088344	-0.00703425882464415	0.73	0.714	1	Tnrc6c	0	FALSE
0.104210598645211	-0.000653943464795415	0.11	0.106	1	Uchl5	0	FALSE
0.10461751551065	-0.0278827941554027	0.12	0.116	1	Mocs2	0	FALSE
0.105064563594288	-0.0166301747896943	0.236	0.229	1	Cebpz	0	FALSE
0.105167182354529	-0.0130303718878028	0.304	0.296	1	Prkar2a	0	FALSE
0.105574906105021	-0.0569130280993854	0.49	0.485	1	Vps53	0	FALSE
0.105975733076473	-0.0865430808245939	0.109	0.113	1	Cds2	0	FALSE
0.106406685938523	-0.0678533582125698	0.19	0.194	1	Sec16a	0	FALSE
0.106423035077451	-0.024383976296322	0.33	0.321	1	Scfd1	0	FALSE
0.106936021349041	-0.085762897891557	0.17	0.174	1	Mfsd13a	0	FALSE
0.107140984071052	-0.0116339855006502	0.106	0.103	1	Tmtc4	0	FALSE
0.107390552670456	-0.0707036773958283	0.351	0.351	1	Ywhab	0	FALSE
0.10753538500192	0.00603556284315521	0.142	0.138	1	Zfp507	0	FALSE
0.108313204283595	-0.0372505581824982	0.113	0.116	1	Cdk5rap2	0	FALSE
0.108348224829648	-0.0480433711078925	0.256	0.259	1	Arhgap12	0	FALSE
0.108444823297463	-0.00531275431578981	0.175	0.17	1	Cep57	0	FALSE
0.108831068323192	-0.105066710724093	0.147	0.15	1	Mrpl33	0	FALSE
0.109207524269925	-0.0164076384111624	0.135	0.131	1	Gorasp2	0	FALSE
0.109560264023029	0.00380998137844113	0.225	0.219	1	Nfs1	0	FALSE
0.109722474530189	-0.0294251237343983	0.14	0.136	1	Rilpl1	0	FALSE
0.110467129896242	-0.0966457935253069	0.169	0.172	1	Nufip1	0	FALSE
0.110817493475625	-0.0725477739315639	0.161	0.164	1	Npb	0	FALSE
0.110980515497435	-0.124769908435668	0.151	0.154	1	Arcn1	0	FALSE
0.111011924763392	-0.0565998928947566	0.36	0.36	1	Supt5h	0	FALSE
0.111079220454593	-0.0684322186201229	0.38	0.38	1	Psma3	0	FALSE
0.112464068704969	-0.0557034578723192	0.214	0.218	1	Rad54l2	0	FALSE
0.112725061039355	-0.0463173395020591	0.677	0.669	1	Smarca2	0	FALSE
0.112738895350273	-0.0331906298010278	0.233	0.226	1	Bri3	0	FALSE
0.11280337482993	-0.0597110642117796	0.324	0.326	1	Ift88	0	FALSE
0.112838903684521	-0.0752390826273386	0.123	0.126	1	Ift52	0	FALSE
0.11382566710998	0.0256043242784405	0.133	0.129	1	Ttll1	0	FALSE
0.113952353406439	-0.0224792115880934	0.104	0.1	1	Mrpl18	0	FALSE
0.113990493174477	0.00703486701818745	0.123	0.12	1	Ankzf1	0	FALSE
0.114340637518318	-0.0212655257677507	0.424	0.411	1	Plekhm3	0	FALSE
0.114632995895288	-0.0746867755136305	0.097	0.1	1	Tp53	0	FALSE
0.115583493032574	0.0048197362981357	0.166	0.161	1	Rbm45	0	FALSE
0.116549727146314	-0.0805467656705678	0.102	0.105	1	Gabra5	0	FALSE
0.11700366485956	-0.0230329638204418	0.137	0.132	1	Septin5	0	FALSE
0.117020640013733	0.0140823947705703	0.23	0.225	1	Zfp131	0	FALSE
0.117539620217373	-0.0671776044146588	0.161	0.164	1	Gnb4	0	FALSE
0.117573307720405	0.00709852348987194	0.138	0.134	1	Polr3b	0	FALSE
0.117871926978757	-0.00272439356064563	0.3	0.293	1	Rheb	0	FALSE
0.118110379584817	-0.0357651445642365	0.156	0.151	1	Bmpr1b	0	FALSE
0.11926125975833	-0.0512620552013043	0.413	0.414	1	Prdx2	0	FALSE
0.11968519501356	0.0083197561588817	0.258	0.251	1	Zhx2	0	FALSE
0.119687343189382	-0.0344342662854089	0.63	0.621	1	Wdr7	0	FALSE
0.119880393373615	-0.0927455560588792	0.131	0.134	1	Mydgf	0	FALSE
0.120108431218469	-0.0965941559867153	0.211	0.213	1	Rbbp7	0	FALSE
0.120796863190417	-0.0085975892453507	0.257	0.251	1	Prpf40b	0	FALSE
0.120974392192548	-0.0155608257952697	0.179	0.174	1	Wbp1l	0	FALSE
0.121378117689653	0.00128701090956151	0.18	0.175	1	Klf8	0	FALSE
0.12154342943217	-0.16577498053752	0.247	0.239	1	Pcdh15	0	FALSE
0.121715474509595	-0.0848889345901489	0.101	0.104	1	Rfx4	0	FALSE
0.121791726799938	-0.0810373166709166	0.148	0.15	1	Prr7	0	FALSE
0.122395738152875	-0.0212117054603511	0.5	0.484	1	Gad2	0	FALSE
0.123452063108067	-0.104356321636931	0.107	0.11	1	Phax	0	FALSE
0.123757350490088	-0.0731996109575203	0.218	0.22	1	Ddx3x	0	FALSE
0.123875045349245	-0.0262980860528315	0.167	0.162	1	Angel2	0	FALSE
0.124086325641421	-0.05433272246452	0.342	0.343	1	Tp53bp1	0	FALSE
0.124735932898809	0.00762439288797889	0.101	0.098	1	Zc3h4	0	FALSE
0.124777004326053	0.0136979517477671	0.141	0.137	1	Vps11	0	FALSE
0.124792205807362	-0.0567118727499447	0.264	0.266	1	Ilf3	0	FALSE
0.124813086614052	-0.0704888025361291	0.222	0.224	1	Kat2b	0	FALSE
0.124949064758025	-0.0118527134962254	0.104	0.1	1	Utp11	0	FALSE
0.124981599069101	-0.0449123175609517	0.229	0.221	1	Sh3glb1	0	FALSE
0.125282362485616	0.00242521745471058	0.631	0.62	1	Dhx36	0	FALSE
0.125398647497713	-0.151184283118975	0.202	0.202	1	Cdyl	0	FALSE
0.125442282518518	-0.109353867326366	0.1	0.102	1	Sap30bp	0	FALSE
0.125551947225473	-0.0697955465956256	0.229	0.231	1	Sod1	0	FALSE
0.127144575569931	0.00128493224995307	0.65	0.635	1	Mpped2	0	FALSE
0.127339589437501	0.0163936397128783	0.149	0.145	1	Smarce1	0	FALSE
0.127518488512881	-0.0162593579914619	0.381	0.371	1	Hpcal4	0	FALSE
0.127812576706036	-0.0013281279277344	0.137	0.133	1	Eef2k	0	FALSE
0.128008824105261	-0.110910582625814	0.104	0.107	1	Kif1c	0	FALSE
0.128147427393123	-0.0195815794729675	0.518	0.502	1	Adam23	0	FALSE
0.128989208985321	-0.0846919879394297	0.143	0.146	1	Lrrc8b	0	FALSE
0.129139253478869	-0.0189148574300346	0.407	0.396	1	Cd46	0	FALSE
0.130598857706135	-0.0329840472835931	0.181	0.184	1	Tnfrsf19	0	FALSE
0.130791789778254	-0.0738580903941121	0.427	0.424	1	Zfp609	0	FALSE
0.130905039079127	-0.0889840123776202	0.196	0.198	1	Ypel5	0	FALSE
0.131596175200538	-0.0809375268233841	0.257	0.258	1	Esf1	0	FALSE
0.131965260089694	0.00327743878388409	0.165	0.161	1	Sdhaf2	0	FALSE
0.132228428522304	-0.0649405353625307	0.137	0.14	1	Hap1	0	FALSE
0.133359354203308	0.00574900454138794	0.163	0.159	1	Gk	0	FALSE
0.133400841185622	0.0182415708786583	0.255	0.25	1	Ano6	0	FALSE
0.133411749927699	-0.00848391104106794	0.348	0.34	1	Smarcad1	0	FALSE
0.133746103297561	-0.0119282762329537	0.512	0.498	1	Pum1	0	FALSE
0.134717222638425	-0.0462282982729338	0.265	0.268	1	Ddhd1	0	FALSE
0.135060312094945	-0.00631691176923643	0.253	0.247	1	Psmg2	0	FALSE
0.135307220043127	-0.0811174288914478	0.142	0.145	1	mrpl11	0	FALSE
0.135360711616138	-0.06196612175439	0.506	0.503	1	Phkb	0	FALSE
0.135398878242748	-0.00433552567622875	0.137	0.133	1	Vps26b	0	FALSE
0.13540496066971	-0.106455753415066	0.136	0.139	1	Bccip	0	FALSE
0.13587501461225	-0.0540503043720561	0.415	0.414	1	Smarcc1	0	FALSE
0.136121323086465	-0.000661719907736114	0.131	0.128	1	Trim28	0	FALSE
0.136329684029841	-0.0153459373472338	0.489	0.476	1	Pgrmc1	0	FALSE
0.136689687300316	-0.118147593779638	0.11	0.112	1	Plekhm1	0	FALSE
0.137452024719048	-0.0645515578459327	0.257	0.259	1	Rp9	0	FALSE
0.137987951395776	0.00549025499196842	0.163	0.159	1	Slc44a2	0	FALSE
0.138656698645756	-0.0143741792946754	0.111	0.107	1	Bcap31	0	FALSE
0.13940417440635	-0.0918576114066787	0.107	0.109	1	Tmem160	0	FALSE
0.139649678714673	-0.0115205867105552	0.131	0.128	1	Fbxl13	0	FALSE
0.141064487433333	-0.0462634893597237	0.375	0.363	1	Gfod1	0	FALSE
0.141518899071798	-0.0876369078769197	0.117	0.12	1	Mrpl22	0	FALSE
0.141577092415204	-0.122831002403396	0.104	0.107	1	Get3	0	FALSE
0.142730837910353	-0.011623741450868	0.112	0.109	1	Rbm18	0	FALSE
0.142923636186489	-0.0945294327365001	0.122	0.125	1	Gle1	0	FALSE
0.143128545587645	-0.0128870847433213	0.143	0.139	1	Clcn7	0	FALSE
0.143677099148985	0.0166128874584202	0.243	0.238	1	Fbxl12	0	FALSE
0.143846401605674	-0.0537679656164691	0.171	0.166	1	Fscn1	0	FALSE
0.144196080671721	-0.092095797476806	0.097	0.1	1	Slc25a19	0	FALSE
0.144213154767113	-0.00650747602024948	0.122	0.119	1	Abcb8	0	FALSE
0.144387376911426	-0.0186763315014939	0.144	0.14	1	Gmpr	0	FALSE
0.144585820994875	-0.107555866565106	0.099	0.102	1	Vps26a	0	FALSE
0.144951944751647	-0.0135275149116685	0.599	0.579	1	Ppp1r12b	0	FALSE
0.145038859577603	-0.110188057694433	0.097	0.1	1	Nup133	0	FALSE
0.145247554988411	-0.106662004887943	0.186	0.178	1	Klf13	0	FALSE
0.145252313593447	-0.0206891589179585	0.175	0.171	1	Nom1	0	FALSE
0.145789574778335	-0.0443052018338602	0.463	0.46	1	Gap43	0	FALSE
0.146534392802763	-0.00924039943067523	0.246	0.24	1	Senp2	0	FALSE
0.14747756212851	-0.0238856887604439	0.223	0.217	1	Slx4ip	0	FALSE
0.147490769257389	-0.0403327083449307	0.543	0.538	1	Fubp1	0	FALSE
0.147688478739386	-0.00588249444451971	0.635	0.612	1	Dnm1	0	FALSE
0.147802558647546	-0.0206170337875409	0.158	0.153	1	Atg14	0	FALSE
0.147839621910765	-0.0974624244843652	0.244	0.245	1	Cops2	0	FALSE
0.147874052400599	-0.020298365243358	0.12	0.123	1	Prrx1	0	FALSE
0.148735626481769	-0.0280046263062848	0.124	0.12	1	Cep95	0	FALSE
0.14879481451595	-0.0526560454291059	0.391	0.391	1	Zfp532	0	FALSE
0.149026545536326	-0.103919316483028	0.109	0.112	1	Nup107	0	FALSE
0.149075451093771	-0.015518052473447	0.245	0.239	1	Gtf3c3	0	FALSE
0.149323782095715	0.0670957851472844	0.102	0.099	1	Gpam	0	FALSE
0.149915352544254	-0.00779672180185753	0.238	0.232	1	Ptpa	0	FALSE
0.150464548203151	-0.0955009008143641	0.206	0.209	1	Rab4a	0	FALSE
0.151267093866874	-0.0167712728098741	0.131	0.128	1	Asb7	0	FALSE
0.151512582983585	-0.0850027828936819	0.171	0.173	1	Acly	0	FALSE
0.152199867764195	-0.00474284063957031	0.482	0.469	1	Myo18a	0	FALSE
0.152413440525606	0.00739246090003404	0.364	0.357	1	Chd4	0	FALSE
0.152494467641907	-0.0672900976492102	0.27	0.272	1	Odr4	0	FALSE
0.152520264401515	-0.00899921228492295	0.125	0.121	1	Ccl27	0	FALSE
0.152962645941737	-0.0933761781837898	0.187	0.189	1	Smarcd1	0	FALSE
0.153155510124149	0.0420029030605182	0.173	0.169	1	Limk2	0	FALSE
0.153862100694807	-0.0318308341617514	0.602	0.595	1	Memo1	0	FALSE
0.154540312537163	-0.0844024111197939	0.165	0.168	1	Slc39a9	0	FALSE
0.154703164116788	-0.00979440843041302	0.506	0.493	1	Rab14	0	FALSE
0.154978112584508	-0.0590338102270578	0.359	0.359	1	Lnpep	0	FALSE
0.155388220257134	-0.0349469476582602	0.127	0.123	1	Sidt2	0	FALSE
0.155837830824863	-0.0280621040295965	0.342	0.333	1	Synrg	0	FALSE
0.156397634807449	-0.0767259326397105	0.169	0.172	1	Elmo2	0	FALSE
0.157228816192622	-0.0353925350965911	0.396	0.398	1	Tia1	0	FALSE
0.15766087090155	-0.0821941088316269	0.134	0.137	1	Cdc16	0	FALSE
0.157754751965686	-0.0708115691001094	0.17	0.172	1	Uba2	0	FALSE
0.157948791802103	-0.0178232224365906	0.131	0.128	1	Dcun1d3	0	FALSE
0.158840406627927	-0.05347329777779	0.397	0.395	1	Sun1	0	FALSE
0.158868336677737	-0.0793621938970026	0.105	0.107	1	Papolg	0	FALSE
0.159256800010694	-0.0592802938238768	0.33	0.33	1	Eif4a2	0	FALSE
0.159738694129772	-0.00548678893361032	0.15	0.147	1	Cacna2d2	0	FALSE
0.160440014470266	-0.0032436230466204	0.102	0.099	1	Pknox1	0	FALSE
0.160739050711912	-0.0933360103379085	0.233	0.234	1	Sec22a	0	FALSE
0.161044281243101	-0.00627153747827336	0.137	0.133	1	Man2b1	0	FALSE
0.161045074446658	-0.0115655793550499	0.453	0.442	1	Tmem91	0	FALSE
0.161494648248794	-0.00288649269362939	0.115	0.112	1	Stat3	0	FALSE
0.162120635991288	-0.01445775029929	0.466	0.455	1	Arpc1a	0	FALSE
0.162288079959831	-0.0198102026589571	0.183	0.179	1	Ctps2	0	FALSE
0.163365655536575	-0.0203476916548999	0.187	0.182	1	Wdr44	0	FALSE
0.163427032107853	-0.0809902188480573	0.182	0.184	1	Rnf41	0	FALSE
0.163718941644442	-0.0107352133363841	0.106	0.103	1	Bola3	0	FALSE
0.163798496590438	-0.0720874364492788	0.306	0.306	1	Copa	0	FALSE
0.163935596811691	0.110060730049001	0.126	0.123	1	Lix1	0	FALSE
0.163969237563012	-0.0154703291081224	0.182	0.177	1	Sirt7	0	FALSE
0.164721803557303	0.00115697529655034	0.271	0.265	1	Hsf2	0	FALSE
0.165181192994022	0.0209525817664733	0.162	0.158	1	Txnrd1	0	FALSE
0.165334235240777	-0.00928111285160682	0.12	0.117	1	Extl2	0	FALSE
0.165732102552155	-0.044941685540837	0.425	0.425	1	Btbd10	0	FALSE
0.166417179443352	-0.0242778297582651	0.453	0.44	1	Thrap3	0	FALSE
0.166743274645852	0.0128485235619828	0.22	0.215	1	Pkn1	0	FALSE
0.166762363733218	-0.0732479606306491	0.107	0.11	1	Taf9b	0	FALSE
0.167176467450819	-0.00698047191268714	0.105	0.102	1	Fkbp7	0	FALSE
0.167382202667362	-0.0740834901235742	0.216	0.218	1	Tsc1	0	FALSE
0.168634746935009	0.0168852718750205	0.124	0.12	1	Gnpda1	0	FALSE
0.169474377063485	-0.00998714666096623	0.2	0.195	1	Stradb	0	FALSE
0.169732353776121	0.00118030424800905	0.384	0.377	1	Smim14	0	FALSE
0.170050809070392	-0.035103240205175	0.257	0.25	1	Pot1b	0	FALSE
0.171192140913219	-0.0134893384930423	0.181	0.177	1	Cog3	0	FALSE
0.171653279231302	-0.00905559303019776	0.224	0.22	1	Psmc5	0	FALSE
0.17199043538232	-0.00501225561993368	0.21	0.206	1	Styx	0	FALSE
0.172148261593597	-0.0394952617829206	0.464	0.461	1	Greb1l	0	FALSE
0.172770504121977	0.0210372789036577	0.177	0.173	1	Golga2	0	FALSE
0.172992075467045	-0.0683225736273807	0.171	0.174	1	Ece2	0	FALSE
0.17299730420257	-0.0244489698643466	0.431	0.42	1	Upf2	0	FALSE
0.173343576629568	-0.0183428610196346	0.143	0.139	1	Nkiras1	0	FALSE
0.17351394029707	-0.0435712302201352	0.195	0.198	1	Tmem259	0	FALSE
0.174681128696168	-0.0226799308237089	0.309	0.301	1	Atp6ap2	0	FALSE
0.174928071500926	-0.0359931495847912	0.131	0.135	1	L3mbtl1	0	FALSE
0.175074248408738	-0.0638752370743614	0.161	0.164	1	Naa60	0	FALSE
0.175077536521951	-0.015813339162555	0.163	0.159	1	Timm44	0	FALSE
0.175105453991885	-0.0941470899392514	0.17	0.172	1	Cwc15	0	FALSE
0.175236238763009	-0.0268060411379505	0.161	0.163	1	Nxph1	0	FALSE
0.176010085993714	-0.0360254493665804	0.269	0.271	1	Chst2	0	FALSE
0.176574510307864	-0.0602594371396328	0.129	0.131	1	Psmd3	0	FALSE
0.176754935386161	-0.0627966865694511	0.109	0.112	1	Rbm28	0	FALSE
0.176759924146127	-0.0345306568171024	0.14	0.136	1	Nsmce4a	0	FALSE
0.17679601137285	-0.0822427354487933	0.147	0.15	1	Usp12	0	FALSE
0.177281635839365	-0.00659625248085366	0.32	0.314	1	Myrip	0	FALSE
0.177367717716418	-0.0795926453024979	0.204	0.206	1	Arf4	0	FALSE
0.177577331206812	-0.000594942706888091	0.701	0.686	1	Fto	0	FALSE
0.178098935005642	-0.0488154489575923	0.123	0.119	1	Snap29	0	FALSE
0.178249251902834	-0.0726529034985177	0.126	0.129	1	Src	0	FALSE
0.179001434071657	-0.0790723130854503	0.155	0.157	1	Atg4b	0	FALSE
0.179424161223761	-0.0495432856003402	0.229	0.232	1	Psmd12	0	FALSE
0.179496040286127	-0.0543562562736095	0.161	0.164	1	Reep2	0	FALSE
0.179637111725261	0.0215630944727714	0.17	0.167	1	Pitpnm1	0	FALSE
0.179761428367779	-0.0730070122719204	0.142	0.145	1	Lurap1	0	FALSE
0.179997122376273	-0.0410209087963354	0.158	0.153	1	Simc1	0	FALSE
0.180012927896258	-0.0707270597300109	0.127	0.13	1	Lancl2	0	FALSE
0.181156903379174	-0.0912770708272816	0.132	0.135	1	Polb	0	FALSE
0.181940745712847	-0.0140302894030055	0.106	0.103	1	Mrpl21	0	FALSE
0.182111866311588	-0.0737009336653898	0.205	0.208	1	Zcchc17	0	FALSE
0.182520854780238	-0.0639610516752136	0.186	0.189	1	Gmpr2	0	FALSE
0.182716409030486	-0.0824359984908793	0.2	0.202	1	Ptdss2	0	FALSE
0.183103481466869	-0.0408231700209658	0.39	0.39	1	Esco1	0	FALSE
0.184139962771494	-0.0930271806415122	0.168	0.17	1	Isca1	0	FALSE
0.184247696989479	-0.0725403877564498	0.243	0.245	1	Hnrnpf	0	FALSE
0.18450494730841	-0.0494877899758739	0.193	0.195	1	Prmt8	0	FALSE
0.184652929143519	-0.00720614976404571	0.31	0.303	1	Tdrd3	0	FALSE
0.185278436977797	-0.0635139033957186	0.153	0.156	1	Rtca	0	FALSE
0.185358322974282	-0.0106767046311695	0.13	0.126	1	Retreg2	0	FALSE
0.185514763859808	-0.0076388204335503	0.472	0.462	1	Eri3	0	FALSE
0.185817913753147	-0.0367975681737334	0.666	0.655	1	Arih1	0	FALSE
0.186121269350558	-0.0488885934445148	0.388	0.387	1	Scaf8	0	FALSE
0.186768104806167	-0.0787765688869411	0.203	0.206	1	Snw1	0	FALSE
0.186946647814993	-0.0245629847464076	0.254	0.248	1	Cenpp	0	FALSE
0.187213873602517	-0.0164785473803631	0.45	0.438	1	Arid2	0	FALSE
0.187714964745299	-0.0748509440344448	0.211	0.212	1	Nxpe3	0	FALSE
0.187847976477038	-0.0912837496117977	0.115	0.117	1	Szt2	0	FALSE
0.187857588561115	-0.08615246429366	0.199	0.201	1	Pin1	0	FALSE
0.188076341204957	-0.0693158905846347	0.148	0.15	1	Snx5	0	FALSE
0.188086560118391	-0.0943890879642475	0.117	0.12	1	Thumpd2	0	FALSE
0.188408704567486	-0.0521001884098333	0.187	0.19	1	Fam107a	0	FALSE
0.188448281579412	-0.0370340038482411	0.156	0.152	1	Vamp7	0	FALSE
0.189167911989074	-0.0208200377810099	0.154	0.15	1	Rab11a	0	FALSE
0.189382733882215	-0.0358844089662427	0.19	0.185	1	Deaf1	0	FALSE
0.189852168862293	-0.0390936662431169	0.38	0.38	1	Sgce	0	FALSE
0.190103744306025	-0.0783588283174601	0.204	0.206	1	Idh3g	0	FALSE
0.190158665173061	-0.0643287204148879	0.235	0.238	1	Numa1	0	FALSE
0.190210428463352	-0.0213034980682165	0.395	0.385	1	Tle5	0	FALSE
0.190641209644543	-0.0517628307237654	0.182	0.177	1	Tmem47	0	FALSE
0.191740762819715	-0.0314820166852229	0.589	0.581	1	Epc1	0	FALSE
0.192067209526392	-0.0491674428060523	0.373	0.373	1	Hmces	0	FALSE
0.192263887503302	-0.075163297943295	0.202	0.204	1	Mrps18c	0	FALSE
0.192519686429221	-0.0314517158746683	0.164	0.16	1	Trappc6b	0	FALSE
0.192636806878411	-0.0053709848433951	0.452	0.442	1	Nisch	0	FALSE
0.192798471223261	-0.0481335558674044	0.249	0.242	1	Ctr9	0	FALSE
0.193205335691324	-0.121728662098986	0.19	0.191	1	Azin1	0	FALSE
0.193499140400998	-0.0390849752361444	0.48	0.464	1	Map4	0	FALSE
0.193676880799217	-0.068368788375381	0.114	0.117	1	Adam32	0	FALSE
0.194445628613616	-0.119813968379491	0.114	0.116	1	Nudt9	0	FALSE
0.194662639651567	-0.0697117775985687	0.173	0.176	1	Mrpl20	0	FALSE
0.195501928786399	-0.0497775184167731	0.191	0.186	1	Gnptab	0	FALSE
0.196026821959923	-0.0423293963741824	0.156	0.152	1	Dnajc14	0	FALSE
0.196111379753983	-0.0448744093457907	0.58	0.57	1	Sclt1	0	FALSE
0.196268970929107	-0.0220206132262937	0.189	0.184	1	Ctbp1	0	FALSE
0.19845703509601	-0.0893743525254072	0.128	0.13	1	Api5	0	FALSE
0.19886951913612	0.0196073487603776	0.105	0.102	1	Isy1	0	FALSE
0.199704285381055	-0.000158665999130392	0.109	0.106	1	Bag1	0	FALSE
0.199884237830833	-0.11719806133841	0.179	0.18	1	Wbp1	0	FALSE
0.200133036964087	-0.077601517852095	0.195	0.196	1	Nap1l4	0	FALSE
0.200244748414963	-0.121163078075697	0.123	0.125	1	Aar2	0	FALSE
0.200697499091172	-0.0623609163311477	0.306	0.307	1	Rab8b	0	FALSE
0.200780625896522	-0.0135477327545629	0.469	0.458	1	Esyt2	0	FALSE
0.201252491831354	-0.115155318930406	0.097	0.1	1	Ppp1r8	0	FALSE
0.201498492913558	-0.0638717498530939	0.196	0.199	1	Nt5c3b	0	FALSE
0.202636926624553	-0.121658461919428	0.1	0.102	1	Tmem41b	0	FALSE
0.203397296585205	0.00715456041651708	0.153	0.15	1	Fbxl2	0	FALSE
0.203779166326711	-0.0152801758703807	0.121	0.118	1	Prmt3	0	FALSE
0.204499638310223	-0.0740143010328711	0.209	0.212	1	Dnal1	0	FALSE
0.205119979203216	-0.0638553297616462	0.259	0.26	1	Zfand5	0	FALSE
0.205194878561833	-0.028318127717307	0.155	0.151	1	Tmed2	0	FALSE
0.205344330241664	-0.0814587399953824	0.248	0.249	1	Oaz2	0	FALSE
0.205943603765924	-0.101317750302585	0.101	0.104	1	Emc4	0	FALSE
0.206077174894038	-0.0734299650475021	0.185	0.187	1	Asap2	0	FALSE
0.206345288718967	-0.0262293564531105	0.362	0.354	1	Wtap	0	FALSE
0.207141374546405	-0.027393851575131	0.249	0.243	1	Chfr	0	FALSE
0.208186109365051	-0.039246633585499	0.403	0.392	1	Rab28	0	FALSE
0.208563853249734	-0.00967769424264953	0.194	0.19	1	Psmc1	0	FALSE
0.208682936185	-0.0134143659021261	0.284	0.277	1	Ubn1	0	FALSE
0.208930364289367	-0.0602213447993853	0.13	0.126	1	Vrk3	0	FALSE
0.209269280086841	-0.050482374969197	0.438	0.435	1	Ddx24	0	FALSE
0.20965495998124	-0.0215030544368096	0.15	0.146	1	Ap1ar	0	FALSE
0.209952685887291	-0.0272031639115204	0.36	0.351	1	Clk4	0	FALSE
0.209993546934565	-0.0593256415700456	0.19	0.185	1	Ccdc191	0	FALSE
0.210018948953505	-0.0815927198777378	0.222	0.223	1	Mrpl1	0	FALSE
0.210454105629704	-0.0565108150122486	0.298	0.3	1	Rmnd1	0	FALSE
0.210844793684599	-0.0176561825300006	0.55	0.537	1	Fut8	0	FALSE
0.210922499593944	0.0131174807938654	0.171	0.168	1	Rpp30	0	FALSE
0.211119883141389	-0.0628935632891698	0.137	0.133	1	Cbr1l2	0	FALSE
0.211617368988409	0.0289526401570201	0.123	0.121	1	Atp8b2	0	FALSE
0.211651099783107	-0.0106420273695398	0.299	0.292	1	Frs2	0	FALSE
0.211981911070827	-0.0384152162266593	0.228	0.222	1	Stimate	0	FALSE
0.213289572567166	-0.0820049080051788	0.146	0.148	1	Cdk5	0	FALSE
0.213358101474576	-0.0609324620912262	0.276	0.278	1	Heatr5b	0	FALSE
0.214210934335442	-0.0991563861881917	0.158	0.16	1	Yy1	0	FALSE
0.214599375191687	-0.0603980884643573	0.118	0.115	1	Cog6	0	FALSE
0.2147884798081	-0.114016862288551	0.103	0.105	1	Rnf168	0	FALSE
0.215458762478349	-0.00169690398202338	0.153	0.149	1	Ube2e1	0	FALSE
0.215481705091234	-0.0104211590878858	0.224	0.219	1	Zc3h7b	0	FALSE
0.216127078691535	-0.0591000772853414	0.222	0.224	1	Fam184b	0	FALSE
0.216368874588657	-0.0435184961238907	0.557	0.549	1	Uvrag	0	FALSE
0.216949433490049	-0.0940270692818559	0.119	0.122	1	Brap	0	FALSE
0.216963058879597	-0.00589396074114512	0.58	0.568	1	Tcerg1	0	FALSE
0.217165057607102	-0.0924241574802471	0.249	0.249	1	Ppib	0	FALSE
0.217221172079148	-0.0751248944160507	0.112	0.114	1	Mrpl4	0	FALSE
0.218414626424885	-0.0128306638807998	0.215	0.21	1	Abhd18	0	FALSE
0.21852298921214	0.00241231568703171	0.487	0.477	1	Tubb2a	0	FALSE
0.218542378166306	-0.0273084902348104	0.456	0.445	1	Usp24	0	FALSE
0.219464851609139	-0.0177717570641096	0.144	0.14	1	Tmco3	0	FALSE
0.219587655366422	-0.0832415401818882	0.142	0.144	1	Necap1	0	FALSE
0.219677419341258	-0.0256322508061879	0.222	0.217	1	Osbp	0	FALSE
0.21992597834501	-0.0363147811206326	0.763	0.745	1	Stard13	0	FALSE
0.220508048810874	-0.0778069542814015	0.262	0.263	1	Auh	0	FALSE
0.221406074506515	-0.0818254491168828	0.148	0.15	1	Ift43	0	FALSE
0.221574917254707	-0.0173933347388237	0.222	0.217	1	Zfp280c	0	FALSE
0.222174575834477	-0.00930266216950781	0.249	0.244	1	Stx16	0	FALSE
0.223047917858167	-0.0990359166371366	0.153	0.154	1	Fbxo31	0	FALSE
0.223073161251419	-0.0795689035981566	0.29	0.289	1	Rubcn	0	FALSE
0.223084839315781	-0.0549916340922071	0.433	0.42	1	Sobp	0	FALSE
0.224390790413609	-0.0118766382030338	0.136	0.139	1	Celf6	0	FALSE
0.226801917097559	-0.010374099284654	0.312	0.305	1	Osbpl2	0	FALSE
0.227143733531829	-0.0177024865893756	0.125	0.122	1	Pik3r2	0	FALSE
0.227899310257936	-0.0678010172490033	0.285	0.285	1	Becn1	0	FALSE
0.228341559683847	-0.0942646554246607	0.104	0.106	1	Coasy	0	FALSE
0.228673320410819	-0.0665708989553055	0.156	0.159	1	Tmem11	0	FALSE
0.229231436348304	0.00943853755837254	0.188	0.184	1	Arhgef17	0	FALSE
0.230936063229236	-0.0124694848129291	0.474	0.463	1	Mvb12b	0	FALSE
0.230980229033342	-0.00474653579941975	0.235	0.23	1	Tmx3	0	FALSE
0.231333069678881	-0.0362480311954689	0.353	0.354	1	Ints8	0	FALSE
0.23168079017414	-0.0469799301472157	0.366	0.367	1	Parg	0	FALSE
0.23196215550562	-0.0594065782091708	0.098	0.1	1	Twf2	0	FALSE
0.231963287045726	-0.0232565280919825	0.7	0.687	1	Ylpm1	0	FALSE
0.232554640635777	-0.0736655660694836	0.473	0.47	1	Adcy2	0	FALSE
0.233345386169252	-0.0694191244337525	0.205	0.207	1	Ago1	0	FALSE
0.234188557748102	-0.0450916027033135	0.186	0.181	1	Srsf3	0	FALSE
0.234440803687764	-0.122930973815298	0.148	0.15	1	Trhde	0	FALSE
0.237708849869296	-0.0324656510821237	0.171	0.167	1	Ptpmt1	0	FALSE
0.238491564700693	-0.052913122211566	0.151	0.146	1	Tpcn1	0	FALSE
0.239368610213298	-0.0413466533848292	0.151	0.154	1	Pbx4	0	FALSE
0.239936359453409	-0.0108796089790753	0.435	0.427	1	Ube4b	0	FALSE
0.240043332913141	-0.0410676552443563	0.478	0.474	1	Dnm1l	0	FALSE
0.240474275642772	-0.0800293898785756	0.206	0.207	1	Vta1	0	FALSE
0.24090024177708	-0.0471306417071722	0.159	0.162	1	Porcn	0	FALSE
0.241424043374583	-0.0293536658963109	0.113	0.11	1	Hcfc2	0	FALSE
0.243369468441	-0.053743986935233	0.169	0.171	1	Atf6b	0	FALSE
0.244787838575082	-0.0493254901433948	0.121	0.124	1	Zc3h8	0	FALSE
0.245335208698765	-0.00337386218766089	0.627	0.612	1	Phip	0	FALSE
0.245452709158629	-0.0137301380540984	0.635	0.615	1	Mark2	0	FALSE
0.247560545438446	-0.0288363464326161	0.308	0.301	1	Creb1	0	FALSE
0.248301821558766	-0.0719433214060317	0.348	0.346	1	Pikfyve	0	FALSE
0.248789445307653	-0.0392742035488072	0.153	0.149	1	Ufl1	0	FALSE
0.248971728694542	-0.0682543508448518	0.35	0.349	1	Xrn2	0	FALSE
0.249268013908706	-0.0146445283979468	0.365	0.358	1	Dpm1	0	FALSE
0.249603224053892	-0.0105916433448472	0.338	0.332	1	Snx32	0	FALSE
0.25049048053653	-0.0191122144439694	0.292	0.286	1	Dhdds	0	FALSE
0.2524977185001	-0.0181055003319719	0.135	0.132	1	Commd9	0	FALSE
0.252666931296975	-0.0515967091767068	0.429	0.427	1	Rab2a	0	FALSE
0.252858085105412	0.00147067972842746	0.293	0.288	1	Fhod3	0	FALSE
0.253401548406688	0.00408986202963835	0.618	0.606	1	Aig1	0	FALSE
0.253562180156371	-0.120867927375099	0.174	0.175	1	Ctps1	0	FALSE
0.253970344661711	1.95286008586315e-05	0.163	0.159	1	Mblac2	0	FALSE
0.254090775353305	-0.0922874175078148	0.186	0.188	1	Abcb7	0	FALSE
0.254683867062236	-0.0085017593692186	0.42	0.411	1	Lnpk	0	FALSE
0.254704155359092	-0.0316053993612093	0.21	0.205	1	Poldip3	0	FALSE
0.255212683226839	-0.0213153538673598	0.123	0.126	1	Arhgef1	0	FALSE
0.255474319453509	-0.0613536769539251	0.162	0.164	1	Dipk1a	0	FALSE
0.255735375062975	-0.0779521552111682	0.103	0.105	1	Anapc7	0	FALSE
0.255747574288223	0.00463437115450693	0.116	0.114	1	Gtpbp4	0	FALSE
0.256600936624141	-0.0273051606749073	0.155	0.151	1	Zfp592	0	FALSE
0.258243716482553	-0.0150784270247422	0.215	0.211	1	Rit1	0	FALSE
0.258811659458385	-0.0683338868456287	0.177	0.179	1	Glrx2	0	FALSE
0.259971568767537	-0.0340190545842987	0.107	0.104	1	Aasdh	0	FALSE
0.260017488188287	-0.0304829846708736	0.21	0.205	1	Pank3	0	FALSE
0.261188255811546	-0.0452865779974275	0.445	0.432	1	Cep170	0	FALSE
0.261233540902755	-0.0107344400498068	0.538	0.527	1	Cnot4	0	FALSE
0.262691570360005	0.0730764762281462	0.108	0.106	1	Hps4	0	FALSE
0.263167824228322	-0.0102848239826405	0.219	0.215	1	Abhd2	0	FALSE
0.263783651928183	-0.0663370861626038	0.136	0.138	1	Rxylt1	0	FALSE
0.264508025227375	-0.0839539452650195	0.162	0.164	1	Thoc7	0	FALSE
0.26519736312869	-0.093186932306512	0.115	0.117	1	Mfsd14b	0	FALSE
0.265246398074935	0.000276025628535681	0.117	0.114	1	C13h2orf76	0	FALSE
0.26575562671289	0.0148929961716637	0.121	0.118	1	Sema4a	0	FALSE
0.265788210553114	-0.0313734911745089	0.544	0.531	1	Arhgap35	0	FALSE
0.266496913750365	-0.0709279529148732	0.113	0.115	1	Sec14l2	0	FALSE
0.2665310891061	-0.023503607448268	0.114	0.111	1	Anapc16	0	FALSE
0.2668731687701	2.09552320826756e-05	0.306	0.301	1	Slc26a8	0	FALSE
0.266930650583148	-0.044648085445864	0.151	0.153	1	Aatf	0	FALSE
0.267166692176076	-0.0352987378954918	0.281	0.283	1	Pip4p2	0	FALSE
0.268309412875711	-0.0595599745394229	0.722	0.714	1	Psd3	0	FALSE
0.268758108840927	-0.0852286359397745	0.119	0.12	1	Enoph1	0	FALSE
0.269296309763471	-0.0817906089166387	0.169	0.171	1	Eloc	0	FALSE
0.270631451997446	-0.057101847160554	0.114	0.116	1	Leng9	0	FALSE
0.271253663466846	-0.0598800076266171	0.35	0.35	1	Paxbp1	0	FALSE
0.271685730830878	-0.0807899840919279	0.115	0.117	1	Mrpl27	0	FALSE
0.2722719423597	-0.0636647595048494	0.212	0.214	1	Pex14	0	FALSE
0.272480382335786	-0.0471071363533786	0.604	0.593	1	Mipol1	0	FALSE
0.273310794194488	0.00470709928250135	0.149	0.147	1	Map9	0	FALSE
0.273569457854475	-0.0771199790155843	0.109	0.11	1	Anapc2	0	FALSE
0.273622634751784	-0.0667419424299263	0.208	0.21	1	Zc3h18	0	FALSE
0.2742219664338	-0.000186284089880084	0.211	0.207	1	Ssbp3	0	FALSE
0.274472733629115	-0.0562276291589583	0.114	0.116	1	Poc1b	0	FALSE
0.27506707164176	-0.0508226730522291	0.251	0.252	1	Cox6b1	0	FALSE
0.275219298631607	-0.104049623466292	0.142	0.144	1	Gskip	0	FALSE
0.275503710754644	-0.0457162840152443	0.115	0.112	1	Ascc2	0	FALSE
0.275629107870634	-0.00799323755929215	0.162	0.159	1	Ubxn11	0	FALSE
0.276014256827106	-0.0276663678339393	0.427	0.417	1	Snx29	0	FALSE
0.276221620400179	-0.0166447976542691	0.307	0.302	1	Ranbp10	0	FALSE
0.276386736951904	-0.0293880136581719	0.369	0.371	1	Capza2	0	FALSE
0.276550604853715	-0.0493537981442236	0.131	0.127	1	Jkamp	0	FALSE
0.276613093798227	-0.0791862391179463	0.179	0.18	1	Mok	0	FALSE
0.277198149024004	-0.0643102314552823	0.292	0.292	1	Psmd4	0	FALSE
0.277461443929339	-0.076110055603289	0.175	0.17	1	Eif2ak3	0	FALSE
0.278442739012062	-0.0302897459551391	0.195	0.197	1	Bmp2k	0	FALSE
0.279344615343541	-0.0669384720136039	0.134	0.136	1	Slc25a5	0	FALSE
0.279363532917759	-0.0207301156034736	0.283	0.278	1	Ppme1	0	FALSE
0.281798805778708	-0.0248664667369295	0.336	0.329	1	Txndc15	0	FALSE
0.282079197780359	-0.0941306557937476	0.103	0.105	1	Bzw1	0	FALSE
0.283966626265334	-0.0763280329861264	0.176	0.177	1	Gdf1	0	FALSE
0.284751977558728	-0.0035578124135387	0.143	0.14	1	Surf2	0	FALSE
0.28562626485375	-0.00500401288505792	0.162	0.159	1	Cfap99	0	FALSE
0.286167360950449	-0.0422384320091194	0.173	0.169	1	Rspry1	0	FALSE
0.288319495162629	-0.110684674921401	0.108	0.11	1	Kat14	0	FALSE
0.28886292697336	-0.11805943674375	0.121	0.122	1	Smc2	0	FALSE
0.288882863199559	-0.0376101754585296	0.207	0.202	1	Bdh1	0	FALSE
0.289223401361144	-0.070422038311466	0.174	0.17	1	Wdr19	0	FALSE
0.289947467283557	-0.0242008925675934	0.19	0.186	1	Gipc1	0	FALSE
0.290166220008245	-0.0871884969294141	0.149	0.151	1	Mrpl15	0	FALSE
0.290415194286618	-0.0411140267880327	0.242	0.237	1	Map7d1	0	FALSE
0.290743566560265	-0.0379855149068227	0.141	0.137	1	Cmas	0	FALSE
0.291033249776373	-0.0341084554059501	0.122	0.124	1	Znhit3	0	FALSE
0.294600826140067	-0.024638496096915	0.323	0.316	1	Ddx46	0	FALSE
0.294920374075913	-0.078714918451865	0.795	0.781	1	Dnm3	0	FALSE
0.295611848945239	-0.016443019699576	0.156	0.153	1	Itpa	0	FALSE
0.296425375523923	-0.00633287163078411	0.469	0.461	1	Smarca4	0	FALSE
0.296558970839753	-0.077626153101388	0.121	0.123	1	Phb2	0	FALSE
0.297723023699443	-0.0649779225295699	0.108	0.11	1	Dgke	0	FALSE
0.298350343374192	-0.0123872912800549	0.242	0.238	1	Chid1	0	FALSE
0.299025276411012	-0.0285263346887874	0.179	0.176	1	Nagk	0	FALSE
0.30009209921915	-0.104385948201656	0.378	0.372	1	Pxk	0	FALSE
0.300307909552332	0.0309945475209028	0.169	0.167	1	Ttc39c	0	FALSE
0.300377364581907	-0.0220616552446258	0.142	0.139	1	Cep89	0	FALSE
0.301645098717382	-0.0519813532334734	0.239	0.24	1	Arpc3	0	FALSE
0.302409047196641	-0.00454514450153343	0.186	0.182	1	Prpf3	0	FALSE
0.303071078393284	-0.0441804717265266	0.124	0.126	1	Lpin3	0	FALSE
0.303520066392654	-0.0151828785581463	0.317	0.311	1	Dnaja2	0	FALSE
0.304091290944837	-0.0314950863336638	0.183	0.179	1	Mcm3ap	0	FALSE
0.304530959784611	-0.0205351368285274	0.378	0.37	1	Carm1	0	FALSE
0.304654680202608	-0.0288155491885274	0.113	0.11	1	Ncapd3	0	FALSE
0.305017613404253	-0.0124504186848786	0.291	0.286	1	Mpp2	0	FALSE
0.305144290350014	-0.0289542420245534	0.653	0.644	1	Slfnl1	0	FALSE
0.305772150677173	-0.0100228398799125	0.2	0.197	1	Ap1b1	0	FALSE
0.306188372667155	-0.0660368211760347	0.19	0.191	1	Lrrcc1	0	FALSE
0.307112575187851	0.00585198274117493	0.106	0.104	1	Pcnx3	0	FALSE
0.307173209573566	-0.0492684847496908	0.22	0.221	1	Capza1	0	FALSE
0.308294795888993	-0.0432939898015086	0.537	0.53	1	Ube2d2	0	FALSE
0.309183934302548	-0.0688558052725948	0.324	0.323	1	Kansl1l	0	FALSE
0.309634575027256	-0.100411653618879	0.123	0.125	1	Ppp1r21	0	FALSE
0.310656677948227	0.0110748114712766	0.144	0.142	1	Abcb6	0	FALSE
0.310717345051964	-0.0269992844524345	0.162	0.165	1	Mcph1	0	FALSE
0.31189307599749	-0.076578227113594	0.155	0.157	1	Gtf2e2	0	FALSE
0.312342080183342	0.000330231574523498	0.489	0.481	1	Dnajc1	0	FALSE
0.313250482201159	-0.00925968548958833	0.123	0.121	1	Sgf29	0	FALSE
0.313295677903097	-0.0544420992821927	0.342	0.342	1	Atp6v1d	0	FALSE
0.314972359854355	-0.0139005340145131	0.143	0.141	1	Ctc1	0	FALSE
0.315271915766054	-0.059026539078717	0.179	0.181	1	Podxl2	0	FALSE
0.315672784816738	-0.0549180914633727	0.138	0.14	1	P2ry14	0	FALSE
0.317701575774501	-0.0586725083114929	0.34	0.339	1	Pkm	0	FALSE
0.319593428962448	-0.0857028992430857	0.172	0.173	1	Mrpl3	0	FALSE
0.319684726622316	-0.0798348062064844	0.145	0.147	1	Pdhx	0	FALSE
0.319745109017048	-0.0309375873655982	0.239	0.235	1	Elp5	0	FALSE
0.319940110598436	-0.034984528695793	0.163	0.159	1	Pdyn	0	FALSE
0.320748670605328	-0.0539304976673864	0.325	0.325	1	Ctcf	0	FALSE
0.321570666010128	-0.0309739954153501	0.262	0.256	1	Cpsf7	0	FALSE
0.321829408849949	-0.00991348651771623	0.297	0.292	1	Pgk1	0	FALSE
0.322252685907539	-0.047217242004809	0.255	0.256	1	Cisd2	0	FALSE
0.32267175600468	-0.0510709479886962	0.288	0.289	1	Slc25a14	0	FALSE
0.323018119480926	-0.0284552558306253	0.43	0.42	1	Alms1	0	FALSE
0.324950386735001	-0.0131572201195069	0.155	0.152	1	Egln2	0	FALSE
0.325610456091776	-0.0248121613481494	0.371	0.362	1	Fam133b	0	FALSE
0.3294159603926	-0.0843511819381544	0.171	0.172	1	Ankmy2	0	FALSE
0.330416542768263	-0.0248642753483441	0.386	0.377	1	Prrc2b	0	FALSE
0.331113064473406	-0.0500826204422548	0.354	0.352	1	Mecp2	0	FALSE
0.331299291061709	-0.00859372404880387	0.143	0.14	1	Cmpk1	0	FALSE
0.331678485254214	-0.028257491249386	0.433	0.422	1	Fam13b	0	FALSE
0.33371132086942	-0.0325930730434307	0.294	0.288	1	Pdzd8	0	FALSE
0.334074195011809	-0.0551003973813274	0.36	0.358	1	Ppp4r3a	0	FALSE
0.33450132298956	-0.0431331605660062	0.361	0.359	1	Sfswap	0	FALSE
0.334942173177107	-0.050921788631597	0.335	0.335	1	C4h2orf81	0	FALSE
0.335566136488252	-0.0167251052786821	0.159	0.156	1	Sncb	0	FALSE
0.337073711993553	-0.0326794184875725	0.104	0.102	1	Pold3	0	FALSE
0.337145100037348	-0.0396858276563992	0.248	0.249	1	Cs	0	FALSE
0.337493771841018	-0.0727278635597716	0.209	0.211	1	Ubap1	0	FALSE
0.338411429386589	0.00210760608878302	0.151	0.148	1	Mkrn2	0	FALSE
0.338535350607924	0.0425299755780044	0.14	0.143	1	Mertk	0	FALSE
0.339977507612599	-0.0709406650707682	0.12	0.121	1	Mrpl13	0	FALSE
0.340058907626748	-0.097829928725605	0.155	0.156	1	Arl14ep	0	FALSE
0.340319348638189	-0.0660034191487928	0.114	0.111	1	Golm1	0	FALSE
0.340938205895684	-0.0614301204181658	0.283	0.284	1	Timm8b	0	FALSE
0.341113482843882	-0.0700557787143876	0.107	0.109	1	Thumpd3	0	FALSE
0.341967187880702	-0.0209250428946743	0.183	0.179	1	Mrps5	0	FALSE
0.342197972288286	-0.0295158239634083	0.206	0.209	1	Usp28	0	FALSE
0.342401179541515	-0.0922910625521496	0.127	0.128	1	Eif2s3	0	FALSE
0.342909946286627	-0.049284313271092	0.494	0.488	1	Glg1	0	FALSE
0.343080788143137	-0.104557191755461	0.1	0.101	1	Ppp1r15b	0	FALSE
0.344467063714529	-0.00650152031362072	0.23	0.226	1	Ksr1	0	FALSE
0.345475937646176	-0.0361389956311493	0.159	0.155	1	Zdhhc3	0	FALSE
0.346738927563232	-0.0777245597828826	0.143	0.145	1	Ap2s1	0	FALSE
0.346936037443628	-0.029513791713466	0.239	0.234	1	Gpbp1l1	0	FALSE
0.347535147722842	0.000182635570729506	0.783	0.766	1	Srpk2	0	FALSE
0.349316383122658	-0.0772672049711274	0.307	0.305	1	Eapp	0	FALSE
0.349458584384928	-0.0772887234734692	0.142	0.144	1	Cttn	0	FALSE
0.351160087844104	-0.0190687109151976	0.541	0.529	1	Mdh1	0	FALSE
0.351610358427513	-0.00713681675488753	0.143	0.141	1	Esrrg	0	FALSE
0.353995416761527	-0.0184947981400818	0.768	0.756	1	Strn3	0	FALSE
0.354945749699121	-0.00604471433848119	0.666	0.651	1	Snrpn	0	FALSE
0.354947675365369	-0.0241866776064785	0.163	0.16	1	Mrgbp	0	FALSE
0.354964076538038	-0.0598032592639848	0.292	0.291	1	Lrrc28	0	FALSE
0.355044000661048	0.0185911885371239	0.106	0.108	1	Fam163a	0	FALSE
0.355702805853537	-0.0330388996049547	0.464	0.459	1	Dixdc1	0	FALSE
0.356024655613471	-0.0566657086422551	0.176	0.178	1	Ptprf	0	FALSE
0.356120489158117	-0.074994465379139	0.171	0.172	1	Timm17a	0	FALSE
0.357488666132995	-0.0427647092044021	0.115	0.113	1	Mrps7	0	FALSE
0.357522390267785	-0.0882837462273187	0.112	0.113	1	Ankrd61	0	FALSE
0.358500613727038	-0.0805994778151344	0.178	0.179	1	Kat7	0	FALSE
0.359578815270418	-0.0176821363349706	0.82	0.803	1	Fut9	0	FALSE
0.36046598001539	-0.055584977728476	0.206	0.208	1	Mib2	0	FALSE
0.361426236358697	-0.0665562645390274	0.154	0.156	1	Lrrc41	0	FALSE
0.361575265607513	-0.0582318878778794	0.102	0.104	1	Sec13	0	FALSE
0.36211373873964	-0.02271994119014	0.881	0.874	1	Mapt	0	FALSE
0.364732032641063	-0.0392980970572101	0.621	0.605	1	Ahcyl2	0	FALSE
0.365287989386686	0.00304267730938146	0.719	0.699	1	Akap8l	0	FALSE
0.366567187531431	-0.0824217652183969	0.137	0.138	1	Pianp	0	FALSE
0.368188702567257	-0.0543107292941831	0.135	0.132	1	Sf3b6	0	FALSE
0.370088944935308	-0.00753199111119329	0.116	0.114	1	Wee1	0	FALSE
0.370641099001496	-0.0218511199797691	0.826	0.813	1	Tmcc1	0	FALSE
0.371344087177589	-0.0158913492153016	0.242	0.244	1	Gpd2	0	FALSE
0.37183921511581	0.107619374342731	0.178	0.182	1	Pnp	0	FALSE
0.372084654350011	-0.0495366619383519	0.13	0.127	1	Anapc10	0	FALSE
0.372297477415356	-0.0384695058028709	0.541	0.532	1	Zfp280d	0	FALSE
0.372663374400167	-0.0235719620121173	0.513	0.5	1	Cbfa2t2	0	FALSE
0.374147614375804	-0.0549591803521183	0.341	0.339	1	Vdac1	0	FALSE
0.376671652314996	-0.0246675088880206	0.105	0.103	1	Ankrd40	0	FALSE
0.37684052481992	-0.0231061745624714	0.57	0.555	1	Mtmr3	0	FALSE
0.377384479219978	0.00286519881748837	0.668	0.654	1	Npepps	0	FALSE
0.378006688979509	-0.0293955295508507	0.205	0.201	1	Rufy1	0	FALSE
0.378701103066396	-0.0265477295093913	0.229	0.225	1	Mrps21	0	FALSE
0.380168186040149	-0.0311925124613981	0.169	0.166	1	Vps36	0	FALSE
0.380380324295101	-0.133582342557922	0.16	0.16	1	Lrrn1	0	FALSE
0.380990881944638	-0.0255960599373197	0.193	0.189	1	Fbxo25	0	FALSE
0.381098176785325	-0.061396964691917	0.249	0.249	1	Nadk	0	FALSE
0.38202546307804	-0.0764902065677291	0.218	0.219	1	Trmt13	0	FALSE
0.382144327340176	-0.014718434238628	0.154	0.151	1	Dcp1b	0	FALSE
0.383172116696145	-0.0272924380831703	0.201	0.197	1	Pigt	0	FALSE
0.383586559223853	-0.0694094976645661	0.17	0.171	1	Pnpla6	0	FALSE
0.383813325215003	-0.024550746686107	0.202	0.199	1	Znrf2	0	FALSE
0.384264516471413	-0.0157450483789356	0.319	0.313	1	Crtc1	0	FALSE
0.384900268755252	-0.0170324019099498	0.311	0.305	1	Ldha	0	FALSE
0.385918015972127	-0.0907970128289763	0.194	0.189	1	Mical2	0	FALSE
0.386613481274593	-0.0718494686341689	0.16	0.161	1	Stard3nl	0	FALSE
0.387259521471343	-0.048628171624864	0.111	0.109	1	Uba5	0	FALSE
0.387692686933299	0.0050636381467084	0.799	0.784	1	Nf1	0	FALSE
0.387964421290173	-0.0524801255684335	0.103	0.104	1	Tepsin	0	FALSE
0.388756383757199	-0.0610749028273561	0.137	0.134	1	Golph3	0	FALSE
0.388758200341702	-0.00859330712076178	0.204	0.201	1	Nsmaf	0	FALSE
0.38891434128081	-0.0490903594628267	0.138	0.135	1	Oxnad1	0	FALSE
0.389418378502376	-0.0787081797961098	0.206	0.207	1	Utp18	0	FALSE
0.390727268936104	-0.030193522851124	0.236	0.231	1	Itgb1	0	FALSE
0.390912168220348	-0.0638766970101028	0.167	0.168	1	Klhl12	0	FALSE
0.39106788360641	-0.0549800224498816	0.478	0.473	1	Ip6k2	0	FALSE
0.39122058265549	-0.00583566208718345	0.189	0.186	1	Eda	0	FALSE
0.392161505695413	-0.0277890182060303	0.307	0.3	1	Lims1	0	FALSE
0.392374212217233	-0.104677331920532	0.168	0.168	1	Sepsecs	0	FALSE
0.394487321385404	-0.0146792217306119	0.231	0.228	1	Crlf3	0	FALSE
0.395052104119637	-0.0567094866654861	0.212	0.213	1	Scaf11	0	FALSE
0.395703138629514	-0.0629037526102481	0.18	0.181	1	Tomm22	0	FALSE
0.396261109576076	0.00357727107918038	0.111	0.109	1	Slc7a2	0	FALSE
0.396647643746329	-0.0419287444921664	0.423	0.419	1	Sfmbt1	0	FALSE
0.397389507199762	-0.0525873622775119	0.118	0.115	1	Mlh3	0	FALSE
0.397576635862737	-0.0582099535987317	0.112	0.109	1	Galnt10	0	FALSE
0.397971286019515	-0.0221389589794734	0.264	0.259	1	Ice1	0	FALSE
0.398553030358522	-0.0642945054709931	0.159	0.16	1	Znhit6	0	FALSE
0.398820505260254	-0.0489355653555791	0.247	0.241	1	Atg7	0	FALSE
0.398998460482746	-0.014734179095287	0.372	0.364	1	Ap3b1	0	FALSE
0.399520306372665	-0.0273389814839707	0.34	0.333	1	Scaf4	0	FALSE
0.399521206774065	-0.0153001841503326	0.405	0.398	1	Cnot1	0	FALSE
0.401449600506189	0.0247383789748179	0.139	0.137	1	Palldl1	0	FALSE
0.401905802607498	-0.0534796337790523	0.283	0.283	1	Afg3l2	0	FALSE
0.402882892951302	-0.0657653509459668	0.18	0.181	1	Ccdc174	0	FALSE
0.403493427652084	-0.0925890602854693	0.108	0.106	1	Car10	0	FALSE
0.40655457148315	-0.0221866579183237	0.185	0.182	1	Peli2	0	FALSE
0.409236149523782	-0.00280656998798579	0.792	0.769	1	Akap6	0	FALSE
0.409404470762691	-0.0086662320273877	0.575	0.563	1	Exoc2	0	FALSE
0.409878016338854	-0.0483832737372488	0.262	0.263	1	Ids	0	FALSE
0.410147113759131	-0.0153655741756866	0.171	0.168	1	Mtr	0	FALSE
0.410533207176703	-0.0160406279465688	0.5	0.489	1	Ehmt1	0	FALSE
0.410603032458519	-0.135666665440556	0.231	0.231	1	Ptch1	0	FALSE
0.411172278119848	-0.0518546124484963	0.322	0.32	1	Med27	0	FALSE
0.411658606835429	-0.00309059130284089	0.476	0.468	1	Nfyc	0	FALSE
0.412327315819178	-0.0676548331232558	0.115	0.116	1	Svip	0	FALSE
0.412522008810416	-0.0150983654731889	0.719	0.708	1	Setd5	0	FALSE
0.412692659687626	-0.0511342745409888	0.115	0.113	1	Mrps11	0	FALSE
0.413366582374707	-0.089354965722082	0.107	0.109	1	Snn	0	FALSE
0.413645176114777	-0.0582811727150536	0.175	0.177	1	Idh3a	0	FALSE
0.413750054066064	-0.0296041606873945	0.149	0.146	1	Cops7a	0	FALSE
0.415758465867192	-0.018084849555817	0.172	0.169	1	Mrps24	0	FALSE
0.41586900173869	-0.0437850071037338	0.451	0.447	1	Prpf6	0	FALSE
0.418018834275076	0.149046797518236	0.14	0.14	1	Psd2	0	FALSE
0.418207003460574	-0.333183347328526	0.199	0.193	1	Dscam	0	FALSE
0.418740398884167	-0.0159431716406511	0.19	0.187	1	Atxn3	0	FALSE
0.41969251517696	-0.0824081503283345	0.152	0.153	1	Trim32	0	FALSE
0.419985975325598	-0.0512181242844075	0.258	0.259	1	Usp45	0	FALSE
0.420352795268743	-0.0472415795833561	0.17	0.166	1	Mphosph9	0	FALSE
0.420696446763721	-0.032219523867753	0.119	0.117	1	Riok1	0	FALSE
0.421764132359274	-0.0387988286835421	0.104	0.102	1	Dctn5	0	FALSE
0.422757725499007	-0.0468880450417173	0.206	0.202	1	Eif2a	0	FALSE
0.423016132662676	-0.0441761996435698	0.532	0.524	1	Nbas	0	FALSE
0.423458377983545	-0.0661140260248969	0.135	0.136	1	Mtx1	0	FALSE
0.423571188243632	-0.0573118409081181	0.102	0.103	1	Etv3	0	FALSE
0.423915893817968	-0.0317102356189221	0.154	0.155	1	Shfl	0	FALSE
0.424778276554487	-0.0655659605032716	0.294	0.293	1	Rab7a	0	FALSE
0.425075966767724	-0.0177226301840887	0.127	0.125	1	Ccdc124	0	FALSE
0.42543974430743	-0.0386105124809644	0.144	0.146	1	Nt5c3a	0	FALSE
0.425652377968856	-0.0402870876493872	0.232	0.233	1	Nme1	0	FALSE
0.427696037530389	-0.0230981868620227	0.58	0.568	1	Wac	0	FALSE
0.428939732566314	-0.014023325047373	0.345	0.339	1	Zfp483	0	FALSE
0.429620856559175	-0.065883196561906	0.224	0.225	1	Rttn	0	FALSE
0.430583529429513	-0.02873367297617	0.243	0.239	1	Fubp3	0	FALSE
0.430951605828641	-0.0332948133716999	0.161	0.158	1	Mapre1	0	FALSE
0.431476665564226	-0.0852737480000724	0.264	0.263	1	Arl13b	0	FALSE
0.432740302613982	-0.0754495719202164	0.099	0.101	1	Smndc1	0	FALSE
0.433175480487503	-0.0185575549474111	0.742	0.735	1	Zfp638	0	FALSE
0.43421940964694	-0.00904626474215464	0.266	0.262	1	Guk1	0	FALSE
0.435009508603727	0.0563790474814445	0.183	0.186	1	Zfpm2	0	FALSE
0.435256970256723	-0.0224657367291707	0.225	0.222	1	Pptc7	0	FALSE
0.435418931856021	-0.0115363207531394	0.191	0.189	1	Fam131a	0	FALSE
0.435468528179179	-0.112278919285159	0.173	0.173	1	Snx30	0	FALSE
0.43548444536251	0.0105428797579934	0.158	0.155	1	Erich3	0	FALSE
0.4360759523817	-0.038264001080663	0.193	0.19	1	Ercc6	0	FALSE
0.436738465597689	-0.0295112748661859	0.132	0.13	1	Hat1	0	FALSE
0.437001786743308	-0.00751854280981221	0.408	0.401	1	Ttc17	0	FALSE
0.437246073875065	-0.0355464461207461	0.224	0.225	1	Pik3r3	0	FALSE
0.437643374644758	-0.0580747080502451	0.135	0.136	1	Ccnk	0	FALSE
0.439001460429546	-0.0482898882399643	0.187	0.188	1	Pdcd2	0	FALSE
0.439749805299672	0.00216355569514293	0.192	0.189	1	Mest	0	FALSE
0.439786694650873	-0.0316749251232625	0.408	0.406	1	Smarcc2	0	FALSE
0.440371777996207	-0.0573854090852435	0.188	0.189	1	Xpnpep3	0	FALSE
0.44068708776258	-0.0133635345605884	0.308	0.303	1	Mob4	0	FALSE
0.442195306227027	-0.0551102510836701	0.1	0.101	1	Itga6	0	FALSE
0.442583761137231	-0.0775679588089355	0.103	0.104	1	Snx17	0	FALSE
0.442943208668683	-0.0300670874983002	0.363	0.355	1	Nudcd3	0	FALSE
0.443310772338869	-0.0737666073418786	0.286	0.284	1	C18h18orf32	0	FALSE
0.44530056470548	-0.0185967494180902	0.345	0.339	1	Epc2	0	FALSE
0.445851581157907	-0.0133611985496009	0.126	0.124	1	Krba1	0	FALSE
0.446126982285682	-0.0734087779812808	0.292	0.291	1	Syncrip	0	FALSE
0.447561554606327	0.00185448406352196	0.741	0.721	1	Tnrc6a	0	FALSE
0.448430184234898	-0.027314700413513	0.142	0.14	1	Rbbp5	0	FALSE
0.448837325833911	-0.0878906443780758	0.146	0.147	1	Psmd2	0	FALSE
0.449321375229951	-0.0255419339312726	0.183	0.18	1	C2cd3	0	FALSE
0.449469404467932	-0.0196663681052376	0.16	0.157	1	Stx4	0	FALSE
0.45022530249199	-0.0258475806415129	0.184	0.185	1	Cables1	0	FALSE
0.450402361302768	-0.0440784656203601	0.148	0.145	1	Cops6	0	FALSE
0.451187321095298	-0.0634288794124835	0.243	0.243	1	Suclg1	0	FALSE
0.454329185665607	-0.0808777725885113	0.29	0.288	1	Parp8	0	FALSE
0.455649431107117	0.0175436641598249	0.12	0.121	1	Pdlim5	0	FALSE
0.457359156552437	-0.0471376691324357	0.177	0.174	1	Ift140	0	FALSE
0.457652693938576	-0.0271258616853027	0.139	0.137	1	Maf1	0	FALSE
0.45906508225849	-0.0388035806889704	0.519	0.509	1	Tmem130	0	FALSE
0.459335256716994	-0.044758178463334	0.151	0.148	1	Mpzl1	0	FALSE
0.459689606204371	-0.0398973396365532	0.311	0.306	1	Abl1	0	FALSE
0.461003241167355	-0.0374188620334467	0.606	0.595	1	Dis3l2	0	FALSE
0.461029806483155	-0.0698431550347736	0.113	0.114	1	Cep250	0	FALSE
0.461848129274976	-0.0237963653956199	0.444	0.435	1	Kpna1	0	FALSE
0.462097498223215	-0.093087038102367	0.152	0.152	1	Cfl2	0	FALSE
0.462304565090807	-0.0375513384541493	0.144	0.141	1	Mfsd8	0	FALSE
0.462358880581036	-0.0260549633991907	0.204	0.201	1	Nol11	0	FALSE
0.464584162306853	-0.0122525578815682	0.152	0.149	1	Extl3	0	FALSE
0.464693043057997	-0.047578123368021	0.196	0.193	1	Usf2	0	FALSE
0.464741508662437	-0.0424387317674411	0.235	0.231	1	Ints9	0	FALSE
0.46495633911983	-0.0509679621723581	0.348	0.346	1	Ndufab1	0	FALSE
0.466688170036997	-0.0294448740829225	0.13	0.128	1	Fbxw5	0	FALSE
0.467518180563318	-0.0682144868723203	0.281	0.279	1	Alkbh8	0	FALSE
0.4689007631257	-0.040004731245076	0.266	0.261	1	Tbc1d19	0	FALSE
0.468908324817428	-0.0860000234312412	0.13	0.131	1	Mien1	0	FALSE
0.46990632004856	-0.0872306101029268	0.196	0.196	1	Rab18	0	FALSE
0.469929284170064	-0.062432821397663	0.111	0.112	1	Ddx19b	0	FALSE
0.47026263111346	-0.0601425721732078	0.23	0.23	1	Adam12	0	FALSE
0.470341311149309	-0.0960703954850619	0.16	0.16	1	Mterf1	0	FALSE
0.47072951274989	-0.0480554247607291	0.24	0.241	1	Psmc2	0	FALSE
0.470818991440655	-0.0308872917016052	0.256	0.251	1	Stard7	0	FALSE
0.471207617714661	-0.0204156013278578	0.254	0.25	1	Stx12	0	FALSE
0.473265724316041	-0.0300320530104257	0.199	0.201	1	Setd4	0	FALSE
0.474971386128608	-0.0416764114180614	0.334	0.327	1	Orc2	0	FALSE
0.474972372309831	-0.022268761010108	0.682	0.674	1	Nipbl	0	FALSE
0.476414663819779	-0.022389712708309	0.498	0.486	1	Atp6v1h	0	FALSE
0.477055573904957	-0.0230782360142374	0.171	0.169	1	Ppp2r5d	0	FALSE
0.477066807240737	-0.00943492331752016	0.644	0.63	1	S100pbp	0	FALSE
0.477147125854884	-0.0285088849906646	0.596	0.587	1	Btrc	0	FALSE
0.477229371770283	-0.0721145549565443	0.142	0.143	1	Exosc9	0	FALSE
0.477237348816652	-0.0396931280382573	0.2	0.196	1	Prkar1a	0	FALSE
0.477693496297101	-0.0438328037931117	0.142	0.139	1	Rbbp4	0	FALSE
0.477720937056653	-0.0839505572755006	0.107	0.108	1	Atg2a	0	FALSE
0.478763740595105	-0.0558130313416716	0.128	0.129	1	Ddost	0	FALSE
0.479480959879418	0.00190518746264989	0.493	0.483	1	Tafa5	0	FALSE
0.480448046353898	-0.027374806319195	0.282	0.278	1	Syp	0	FALSE
0.480450093833371	-0.0292657424451689	0.418	0.407	1	Smad3	0	FALSE
0.480971507120296	-0.119187931794322	0.103	0.104	1	Sp2	0	FALSE
0.481075858847478	-0.0266368156735197	0.119	0.118	1	Slc45a1	0	FALSE
0.481214002193945	-0.114579192208029	0.17	0.17	1	Agpat3	0	FALSE
0.481558588516334	-0.0465474632862619	0.266	0.261	1	Rgs10	0	FALSE
0.482061571454266	-0.0532561778139145	0.117	0.118	1	Tor1aip1	0	FALSE
0.482915891001736	-0.0601268836995459	0.184	0.181	1	Otub1	0	FALSE
0.484743292224867	-0.0203472530243578	0.168	0.165	1	Irak1bp1	0	FALSE
0.485741249912404	-0.0748658455261053	0.202	0.203	1	Sin3a	0	FALSE
0.486666739628082	-0.0805292433469906	0.174	0.17	1	Pdcd6ip	0	FALSE
0.487027512093842	-0.0273962737205349	0.146	0.144	1	Gnpat	0	FALSE
0.48733292561322	-0.013712867724198	0.237	0.234	1	Lman2	0	FALSE
0.4876494483023	-0.0688914126244398	0.278	0.276	1	Dguok	0	FALSE
0.487938961323274	0.00923031892812154	0.173	0.171	1	Susd4	0	FALSE
0.48799906507148	-0.00636871077805123	0.104	0.102	1	Senp3	0	FALSE
0.488263368993293	0.0016824324180047	0.107	0.106	1	Zswim3	0	FALSE
0.48862928828994	-0.00949914745907066	0.166	0.164	1	Nfxl1	0	FALSE
0.490303897669256	-0.0329601938421714	0.38	0.373	1	Rprd1a	0	FALSE
0.491303338513128	-0.0137465406453842	0.299	0.295	1	Cx3cl1	0	FALSE
0.491672743044098	0.0164808049869425	0.122	0.12	1	Dlk2	0	FALSE
0.492082039982961	-0.00614878747905934	0.892	0.879	1	Snrnp70	0	FALSE
0.492100612600682	-0.0585747098276646	0.14	0.137	1	Mios	0	FALSE
0.493060544561488	-0.0390372890808965	0.193	0.19	1	Lemd3	0	FALSE
0.493260735471768	-0.0332674559736947	0.108	0.109	1	Fam50a	0	FALSE
0.493787068793076	-0.023982714285231	0.366	0.359	1	Tex2	0	FALSE
0.493974574270265	-0.0403972758525897	0.38	0.377	1	Nme2	0	FALSE
0.495007187470141	-0.0632732779862559	0.121	0.122	1	Cdkl2	0	FALSE
0.496372778906681	-0.0363570801205008	0.222	0.218	1	Atp6v1g2	0	FALSE
0.497147129443655	-0.0857703390752678	0.148	0.149	1	Higd1a	0	FALSE
0.498811770090472	-0.0841781536717017	0.119	0.12	1	Mtx3	0	FALSE
0.49908716347447	-0.0275023540349263	0.48	0.47	1	Rbm33	0	FALSE
0.499334103095741	-0.0208192482682555	0.401	0.393	1	Tbcd	0	FALSE
0.499800170249928	-0.0527869098695991	0.378	0.375	1	Btaf1	0	FALSE
0.499967745205176	-0.0365900092716246	0.254	0.25	1	Slc1a1	0	FALSE
0.500110607231224	-0.0315593499938782	0.446	0.436	1	Kcnn2	0	FALSE
0.500126836545048	-0.0519289447817308	0.107	0.108	1	Cetn3	0	FALSE
0.500546426888212	-0.102867148612162	0.165	0.166	1	Naa30	0	FALSE
0.50067204377633	-0.0301689903798003	0.534	0.521	1	Xpo7	0	FALSE
0.503078700715102	-0.037327807869207	0.149	0.147	1	Dcaf12	0	FALSE
0.504299309154055	0.0347210572632346	0.16	0.162	1	Kirrel1	0	FALSE
0.504831777243934	-0.0488479740952531	0.404	0.394	1	Ccnyl1	0	FALSE
0.5055310727896	-0.0381651146725679	0.176	0.173	1	Cep164	0	FALSE
0.505875137520769	-0.0674943158579022	0.142	0.143	1	Utp20	0	FALSE
0.506660033226056	-0.0370828137434669	0.206	0.203	1	Hsd17b12	0	FALSE
0.506736223710543	-0.0861751756554128	0.107	0.108	1	Gpkow	0	FALSE
0.506846252561315	-0.0629309544402626	0.279	0.278	1	Cyfip1	0	FALSE
0.507518139375287	-0.0355367432675264	0.181	0.178	1	Cdc5l	0	FALSE
0.507842311067424	-0.0678664524276821	0.273	0.271	1	Srcin1	0	FALSE
0.508452143795906	-0.0343732311834222	0.179	0.176	1	Disp2	0	FALSE
0.509566268425629	-0.0215681857980734	0.521	0.51	1	Arfgef1	0	FALSE
0.509985210827365	-0.00575446034370497	0.129	0.127	1	Wdr48	0	FALSE
0.509999485524666	-0.0354884167682167	0.293	0.287	1	Supt16h	0	FALSE
0.510299488276296	-0.0221177111500979	0.183	0.18	1	Sod2	0	FALSE
0.512256831439038	-0.027468003877997	0.323	0.317	1	Cbarp	0	FALSE
0.512692962245489	-0.0820791737325588	0.107	0.108	1	Pskh1	0	FALSE
0.51384542570478	-0.0169876742293584	0.436	0.429	1	Zfp827	0	FALSE
0.513963196449665	-0.0476742096239333	0.117	0.115	1	Fam20b	0	FALSE
0.514302900884368	-0.0259490109098892	0.165	0.162	1	Nek4	0	FALSE
0.514904680496341	-0.0554562865706765	0.137	0.138	1	Pcdh19	0	FALSE
0.515108230799403	-0.0492535593701798	0.282	0.281	1	Frmd3	0	FALSE
0.515826409753301	-0.00952348904286326	0.802	0.777	1	Dmd	0	FALSE
0.516316207152769	-0.0248470219654275	0.112	0.114	1	Dcx	0	FALSE
0.516478226009617	-0.0401048423493098	0.273	0.273	1	Eif2ak1	0	FALSE
0.518820906397446	-0.00697725960869899	0.131	0.129	1	Gfm1	0	FALSE
0.518965501365998	-0.0536583486315387	0.112	0.111	1	Sun2	0	FALSE
0.519055290570477	-0.0388826117622858	0.291	0.29	1	Ctnnbl1	0	FALSE
0.519209015378015	-0.0407360753802542	0.391	0.388	1	Commd4	0	FALSE
0.5194466039287	-0.0661226735366111	0.247	0.247	1	Rhbdl3	0	FALSE
0.520599170296676	-0.039687817403014	0.296	0.291	1	Fbxw11	0	FALSE
0.522140880494007	-0.0517881104671098	0.198	0.195	1	Sf3b3	0	FALSE
0.522666695105656	-0.102285956637913	0.181	0.181	1	Clip3	0	FALSE
0.523840543980714	-0.0381951092955608	0.176	0.173	1	Pmm2	0	FALSE
0.524857644164934	-0.025498163287476	0.2	0.198	1	Cir1	0	FALSE
0.524991178637945	-0.0549988336838534	0.34	0.334	1	Bcl2	0	FALSE
0.526303654480181	-0.0681361444531925	0.13	0.128	1	Gin1	0	FALSE
0.528139447888155	-0.0375057339958679	0.319	0.318	1	Ctnnb1	0	FALSE
0.528996034676608	-0.0639690311310044	0.208	0.208	1	Pphln1	0	FALSE
0.532301767555869	-0.0572617419749011	0.13	0.13	1	Ofd1	0	FALSE
0.532695852498633	-0.0424250561270932	0.259	0.259	1	Ttc1	0	FALSE
0.533749730352795	-0.025889665997108	0.456	0.447	1	Ptprj	0	FALSE
0.534440647263171	0.0368349043411296	0.153	0.152	1	Tac3	0	FALSE
0.534556088773916	-0.083338294281212	0.173	0.17	1	Ybx3	0	FALSE
0.53584443149662	-0.018040314396158	0.347	0.342	1	Rsrc2	0	FALSE
0.538166115135772	-0.0461983091364715	0.106	0.104	1	Ints1	0	FALSE
0.538557221401219	-0.0225105005663567	0.439	0.431	1	Arid4a	0	FALSE
0.542118761049861	-0.00936816889449177	0.753	0.74	1	Nsd1	0	FALSE
0.542250530418897	-0.0227249576643909	0.293	0.289	1	Ddx10	0	FALSE
0.542377861276654	-0.0781120876868986	0.182	0.182	1	Yy2	0	FALSE
0.542702777096213	-0.0258025562521051	0.2	0.197	1	Stx18	0	FALSE
0.542872564911185	-0.0453808419840491	0.135	0.136	1	Zfp157	0	FALSE
0.543336455061527	-0.0406170446257865	0.225	0.22	1	Hdac5	0	FALSE
0.543444909687072	-0.0605506578520942	0.183	0.184	1	Plekhb2	0	FALSE
0.54448305599787	-0.0580138835319257	0.119	0.12	1	Cops7b	0	FALSE
0.544957142090036	-0.0083680628049192	0.221	0.218	1	Sv2a	0	FALSE
0.545262990686366	-0.0823465493404465	0.172	0.172	1	Eif4enif1	0	FALSE
0.545437396856455	-0.066674252181241	0.328	0.325	1	Snx13	0	FALSE
0.546819296667034	-0.0582328813872073	0.601	0.569	1	Pdzd2	0	FALSE
0.547876209241183	-0.0500267988761038	0.141	0.142	1	Ubl7	0	FALSE
0.548018788661205	-0.00989221449272137	0.153	0.154	1	Dlg5	0	FALSE
0.552357902457873	-0.0522136240341764	0.106	0.105	1	Cpsf2	0	FALSE
0.552409545349223	-0.0376987994652727	0.171	0.168	1	Atp1b3	0	FALSE
0.554394620955279	-0.0561987408558712	0.228	0.229	1	Cul2	0	FALSE
0.555997935280894	-0.0809690823164773	0.099	0.1	1	Glrx5	0	FALSE
0.556057701056837	-0.0200734662224294	0.363	0.357	1	Mbd2	0	FALSE
0.556260675722583	-0.0514852003655035	0.167	0.165	1	Ppp4r1	0	FALSE
0.557022969185359	-0.115079780404312	0.103	0.103	1	Rnf4	0	FALSE
0.557138726512574	-0.0276875821688005	0.213	0.21	1	Fgfr1op2	0	FALSE
0.557378197714436	-0.0450089263712232	0.234	0.234	1	Ppa1	0	FALSE
0.557708028700473	-0.026900267235723	0.16	0.158	1	Ikbkb	0	FALSE
0.557833147195974	-0.0367460805694797	0.168	0.166	1	Ascc1	0	FALSE
0.557919857008125	0.00141039363279716	0.123	0.122	1	Dact3	0	FALSE
0.559522021565403	-0.00382565501028731	0.139	0.137	1	Tm2d2	0	FALSE
0.56002324345856	-0.0377087724886203	0.18	0.18	1	Tmem59l	0	FALSE
0.562187191094499	-0.0494653759422203	0.154	0.155	1	Trappc11	0	FALSE
0.565124046526787	-0.0493342197689421	0.189	0.189	1	Elf1	0	FALSE
0.571135737950063	-0.0453914383702584	0.248	0.244	1	Chmp5	0	FALSE
0.571893515523956	-0.00758324945353439	0.601	0.589	1	Pou2f1	0	FALSE
0.572353503082621	-0.0193089196276137	0.183	0.18	1	Mrps27	0	FALSE
0.572586074329717	-0.041636687161916	0.212	0.212	1	Dctn4	0	FALSE
0.573405961598125	-0.025536932960492	0.156	0.153	1	Reps1	0	FALSE
0.574910800578185	-0.0719698889466894	0.283	0.28	1	Sp4	0	FALSE
0.575107886641465	-0.0552179828265522	0.208	0.205	1	Exoc5	0	FALSE
0.575713354361352	-0.0564792801809046	0.374	0.37	1	Megf9	0	FALSE
0.57611548918528	-0.0633152409455759	0.153	0.153	1	Szrd1	0	FALSE
0.576605620827669	-0.0538965328907393	0.288	0.283	1	Efcab2	0	FALSE
0.576861264975633	-0.0220775972106687	0.452	0.444	1	Rhot1	0	FALSE
0.579216765699946	-0.0154219460471409	0.317	0.314	1	Glt8d1	0	FALSE
0.580393974224665	-0.0596909574186431	0.203	0.203	1	Etfdh	0	FALSE
0.581438432974325	-0.0315648742769248	0.141	0.142	1	Supv3l1	0	FALSE
0.581826575838829	-0.0595456063875757	0.137	0.138	1	Xpnpep1	0	FALSE
0.584209958171324	-0.047000172446743	0.117	0.116	1	Hpf1	0	FALSE
0.58467202041506	-0.0537569527300206	0.205	0.202	1	Ccdc39	0	FALSE
0.585503101725595	-0.0221680221392568	0.121	0.119	1	Nup205	0	FALSE
0.586053639028998	-0.0309876512962319	0.494	0.483	1	Grb2	0	FALSE
0.587344670839258	-0.0314024632236959	0.422	0.415	1	Qrich1	0	FALSE
0.587913405211268	-0.0401469133386303	0.133	0.131	1	Ptpn23	0	FALSE
0.589538077192571	-0.0433780479214403	0.164	0.162	1	Pik3cb	0	FALSE
0.589697049019585	-0.000995149677351037	0.14	0.138	1	Vac14	0	FALSE
0.59474682295531	-0.0731238331998978	0.125	0.125	1	Cog8	0	FALSE
0.596710547681477	-0.0350958907189901	0.223	0.22	1	Stard3	0	FALSE
0.598268167975013	-0.0372623097875484	0.116	0.114	1	Ebag9	0	FALSE
0.603026811499814	-0.00643707950313055	0.213	0.211	1	Fam227a	0	FALSE
0.603031027752349	-0.079936997057045	0.28	0.277	1	Galnt2	0	FALSE
0.603900152976538	-0.0130646910035108	0.187	0.185	1	Dgat1	0	FALSE
0.604497279486088	0.0223451642846457	0.196	0.195	1	Gkap1	0	FALSE
0.605081816587234	-0.0718683578741703	0.169	0.169	1	Rad17	0	FALSE
0.605606312561418	-0.0258614876784326	0.421	0.416	1	Vps13d	0	FALSE
0.606181397250563	-0.0106130626641612	0.626	0.611	1	Ate1	0	FALSE
0.606445219565277	-0.040980430391959	0.343	0.337	1	Uhrf2	0	FALSE
0.606639560556422	-0.071673981987135	0.165	0.165	1	Wdr43	0	FALSE
0.607279248646069	-0.0146779425725689	0.215	0.212	1	Ctnnbip1	0	FALSE
0.608497715071319	-0.00664930200025093	0.801	0.777	1	Sbf2	0	FALSE
0.609560724060688	-0.0378487593178081	0.421	0.416	1	Usp14	0	FALSE
0.609749109228025	-0.0441428614409254	0.122	0.123	1	Wdr75	0	FALSE
0.610541087644948	-0.0310379516150754	0.222	0.22	1	Rims3	0	FALSE
0.610664806947949	0.00235577432838441	0.65	0.639	1	Arhgef12	0	FALSE
0.6108215582672	-0.021876917336875	0.215	0.213	1	Psmc6	0	FALSE
0.61113140909775	-0.0814383880702385	0.111	0.111	1	Mbd3	0	FALSE
0.611432980041949	-0.0193506770848866	0.11	0.108	1	Bud13	0	FALSE
0.612535543284311	0.0165421684694123	0.139	0.138	1	Ank1	0	FALSE
0.61281615281648	-0.0642058819321067	0.101	0.102	1	Traf3ip1	0	FALSE
0.615231751703743	-0.051843382722238	0.202	0.199	1	Usp31	0	FALSE
0.615237213725731	-0.0517299807672953	0.167	0.168	1	Nsrp1	0	FALSE
0.617982782288068	-0.0394379463342014	0.131	0.129	1	Ipo8	0	FALSE
0.618226683468264	-0.0308638109964749	0.342	0.336	1	Vps29	0	FALSE
0.620193825948926	-0.0360238709314522	0.159	0.16	1	Srp68	0	FALSE
0.620371741184757	-0.095948112897472	0.115	0.113	1	Smyd4	0	FALSE
0.622829054403187	-0.0446203397255694	0.407	0.403	1	Psmd1	0	FALSE
0.623807393039585	-0.021695954894573	0.121	0.12	1	Katnb1	0	FALSE
0.624518344379663	-0.0525274795636848	0.23	0.229	1	Ngdn	0	FALSE
0.625642838812541	-0.0448183020160433	0.298	0.294	1	Pwwp2a	0	FALSE
0.626108059406972	-0.0319848008712085	0.318	0.314	1	Edf1	0	FALSE
0.626435250477465	-0.0475898646524255	0.186	0.183	1	Mrps9	0	FALSE
0.627982224123343	-0.0623067128940348	0.278	0.272	1	Ube2d1	0	FALSE
0.629845765025012	-0.0131886551355027	0.1	0.099	1	Pgs1	0	FALSE
0.630828565045537	0.00193543640757965	0.154	0.153	1	Blcap	0	FALSE
0.631955826037032	-0.0282491103902196	0.373	0.371	1	Ddx42	0	FALSE
0.633634958455868	-0.0518922406738982	0.147	0.147	1	Rab5if	0	FALSE
0.633794963587754	-0.0780612021086768	0.138	0.139	1	Trnp1	0	FALSE
0.633864510272737	-0.0563779752184845	0.106	0.105	1	Cwc22	0	FALSE
0.634700609531429	-0.0198946335750949	0.319	0.316	1	Eya3	0	FALSE
0.637028617495549	-0.0299836289788658	0.488	0.483	1	Fcho2	0	FALSE
0.637057684158173	-0.0733730512181807	0.116	0.117	1	Dpp3	0	FALSE
0.637080160005222	0.00270316890851341	0.329	0.325	1	Tsc22d4	0	FALSE
0.638405257112815	-0.0635475926616191	0.237	0.236	1	Ldah	0	FALSE
0.639564404333079	-0.0471949180670557	0.184	0.181	1	Ints7	0	FALSE
0.639776496046818	-0.0857823124458703	0.127	0.127	1	Ftsj1	0	FALSE
0.639944196742049	-0.0519597429434622	0.207	0.207	1	Dph1	0	FALSE
0.640074895075823	-0.0276344601627243	0.481	0.475	1	Pcdh10	0	FALSE
0.641746062045385	-0.0702290171371632	0.451	0.439	1	Unc13c	0	FALSE
0.642047640247762	-0.05543670966125	0.273	0.267	1	Ube2e3	0	FALSE
0.642055287374966	-0.0359508358337512	0.507	0.498	1	Slc30a9	0	FALSE
0.645375455625063	-0.0574082567482104	0.12	0.121	1	Gpaa1	0	FALSE
0.646112112645048	-0.0534350968806354	0.227	0.224	1	Fbrsl1	0	FALSE
0.647320435060048	-0.0742514874978266	0.201	0.2	1	Plaa	0	FALSE
0.649187890284043	-0.0156172323888897	0.239	0.237	1	Mgat4a	0	FALSE
0.649990369067976	-0.0819448454382555	0.321	0.315	1	Dlc1	0	FALSE
0.651181953974372	-0.0235224067003799	0.532	0.52	1	Kat6b	0	FALSE
0.651263446135349	-0.0203204774356723	0.365	0.359	1	Ppp6r3	0	FALSE
0.651339359366752	-0.0499741407597634	0.181	0.179	1	Shb	0	FALSE
0.65442231099935	-0.0230585284770435	0.323	0.319	1	Trit1	0	FALSE
0.654818708470445	-0.0445399109086987	0.319	0.317	1	Ndufc1	0	FALSE
0.655681266396854	-0.0301977309250261	0.175	0.173	1	Nxn	0	FALSE
0.656115472872222	-0.0777579820711267	0.137	0.137	1	Usp38	0	FALSE
0.656860952162397	-0.0312297179457535	0.154	0.152	1	Bcl7b	0	FALSE
0.657267627969545	-0.0285704034073826	0.194	0.192	1	Tmem237	0	FALSE
0.658341053549232	-0.110629890956022	0.234	0.232	1	Serpine2	0	FALSE
0.660134289408092	-0.0623256586953063	0.107	0.107	1	Zfp330	0	FALSE
0.660286726614523	-0.105747291249935	0.119	0.119	1	Kpna6	0	FALSE
0.661313730924726	-0.0483116422160788	0.334	0.331	1	Cdc27	0	FALSE
0.661347642793304	-0.0545414469120493	0.562	0.541	1	Mtus2	0	FALSE
0.662787117247611	-0.0474435530837476	0.241	0.24	1	Hsd17b4	0	FALSE
0.663357882515304	-0.0603926136639368	0.691	0.673	1	Wnk1	0	FALSE
0.663450607043103	-0.0379994093886712	0.269	0.269	1	Cyb5b	0	FALSE
0.663594373044599	-0.0412760949454338	0.152	0.15	1	Csdc2	0	FALSE
0.663885874221741	-0.0213037901489137	0.269	0.266	1	Ehmt2	0	FALSE
0.665489116803553	-0.0409123886142103	0.264	0.26	1	Phtf2	0	FALSE
0.665777092221299	-0.0369293696209965	0.157	0.155	1	Cep135	0	FALSE
0.665784191196241	-0.0725218006950232	0.117	0.118	1	Pitrm1	0	FALSE
0.667096919251433	-0.0219387502426041	0.661	0.652	1	Ppp1r1b	0	FALSE
0.667154927085196	-0.0334448520202399	0.461	0.456	1	Med15	0	FALSE
0.668214287179619	-0.0404716232340461	0.348	0.346	1	Atp6v1a	0	FALSE
0.67036612931506	-0.0416273341004317	0.569	0.556	1	Prkcz	0	FALSE
0.672392721045165	-0.028600468799996	0.398	0.39	1	Sec61a2	0	FALSE
0.67374936275849	-0.0312391161921499	0.346	0.341	1	Clta	0	FALSE
0.674368358544129	-0.0443725641877538	0.343	0.339	1	Atp6v1e1	0	FALSE
0.675867929003237	-0.0688468175168795	0.186	0.183	1	Hdx	0	FALSE
0.67589133809236	0.00905277743833371	0.297	0.298	1	Rimbp2	0	FALSE
0.676298644739697	-0.0385848536229064	0.234	0.231	1	Zyg11b	0	FALSE
0.676671667297232	-0.0675142408456945	0.224	0.221	1	Fbxl7	0	FALSE
0.677463323840133	-0.0595230784592929	0.19	0.189	1	Atp11a	0	FALSE
0.678470717803081	-0.0758497708783485	0.115	0.115	1	Sephs1	0	FALSE
0.681234164886427	-0.0368730157468051	0.124	0.123	1	Chpf	0	FALSE
0.681646516440125	-0.0239417948531395	0.203	0.203	1	Crocc	0	FALSE
0.681712373182949	-0.0321958082162595	0.341	0.334	1	Vgll4	0	FALSE
0.682155584694916	-0.0445711085709126	0.191	0.191	1	Sbds	0	FALSE
0.683566597254027	-0.0598985710484499	0.145	0.145	1	Brd2	0	FALSE
0.683834565469577	-0.0054420549671943	0.201	0.199	1	Lypd1	0	FALSE
0.684165014378388	-0.0776132345090789	0.507	0.497	1	Dip2b	0	FALSE
0.684624332253723	-0.042518125599821	0.272	0.271	1	Eif3e	0	FALSE
0.684779493584381	-0.0984495253166318	0.115	0.115	1	Ubald1	0	FALSE
0.684848905044278	-0.0357588791486889	0.346	0.341	1	Ube4a	0	FALSE
0.68501881429483	-0.044272154917123	0.128	0.127	1	Pomgnt1	0	FALSE
0.686920218130921	-0.0477290707629587	0.185	0.183	1	Ccdc112	0	FALSE
0.688680888444239	-0.0794499305161429	0.169	0.168	1	Gk5	0	FALSE
0.690277031882629	-0.0307448407788927	0.255	0.252	1	Arl6ip5	0	FALSE
0.693894388102587	-0.0994455651835371	0.131	0.131	1	Bfar	0	FALSE
0.694168133379642	-0.0524813992786812	0.119	0.118	1	Zfp655	0	FALSE
0.694498287955383	-0.020803524878632	0.14	0.138	1	Tmem134	0	FALSE
0.695488198140048	-0.0159665252416408	0.643	0.629	1	Ankrd11	0	FALSE
0.69618629017944	-0.0674534523525191	0.227	0.226	1	Ndufv3	0	FALSE
0.697020239638713	-0.0585917268144821	0.425	0.415	1	Amd1	0	FALSE
0.69831732897924	-0.0428027922146401	0.19	0.19	1	Psma1	0	FALSE
0.699458035338357	-0.0223374346079679	0.203	0.201	1	Timm9	0	FALSE
0.699636530998819	-0.0519358971085497	0.204	0.201	1	Phrf1	0	FALSE
0.701018524999745	-0.0199350244537103	0.274	0.271	1	Capzb	0	FALSE
0.703932984207738	0.00663084037312353	0.327	0.323	1	Scg2	0	FALSE
0.704466984083974	-0.0179076856657851	0.359	0.354	1	Nbr1	0	FALSE
0.705329318922234	-0.0573980065667424	0.276	0.274	1	Pcp4l1	0	FALSE
0.706781173958513	-0.026458274331929	0.199	0.197	1	Wdr36	0	FALSE
0.707066083738099	-0.0554488521983298	0.29	0.289	1	Ncoa5	0	FALSE
0.707696032665867	-0.0247728843599484	0.143	0.141	1	Bmpr1a	0	FALSE
0.708545198548882	-0.0415633238668223	0.284	0.283	1	Safb	0	FALSE
0.709109044179619	-0.0301568960945131	0.218	0.216	1	Naa25	0	FALSE
0.710349237837535	-0.0380167939717271	0.36	0.354	1	Scamp1	0	FALSE
0.711030567744558	-0.0623156531887892	0.176	0.175	1	Retreg3	0	FALSE
0.712182921746371	-0.0370056164051786	0.298	0.297	1	Grk5	0	FALSE
0.714450450282631	-0.0169615655683475	0.149	0.149	1	Tanc1	0	FALSE
0.715929290705249	-0.0340759476235325	0.503	0.495	1	Hectd1	0	FALSE
0.716639175643797	-0.0245634810339184	0.2	0.198	1	Agrn	0	FALSE
0.716700988991673	-0.00607921127647776	0.322	0.319	1	Sufu	0	FALSE
0.717959135149158	-0.0227921460327465	0.13	0.128	1	Aaas	0	FALSE
0.718385214922836	-0.0031703957253324	0.969	0.967	1	Ptprd	0	FALSE
0.719084056722916	-0.0698765113865134	0.129	0.129	1	Mrps33	0	FALSE
0.719143573625635	-0.070534333008812	0.173	0.17	1	Ilk	0	FALSE
0.720411907006119	-0.076718193790355	0.319	0.312	1	Itgav	0	FALSE
0.720823314524473	-0.0624311282044108	0.137	0.138	1	Polr3k	0	FALSE
0.721333241938537	-0.0336657366918963	0.325	0.324	1	Arhgef33	0	FALSE
0.722085176745768	-0.0264954654937406	0.231	0.229	1	Flrt3	0	FALSE
0.72261122755929	-0.0630671598228703	0.138	0.136	1	Btbd3	0	FALSE
0.723435515699965	-0.035875438326185	0.138	0.136	1	Ammecr1l	0	FALSE
0.724693720390826	-0.0062417312718096	0.23	0.229	1	Fastk	0	FALSE
0.725283921839737	-0.0944105485972271	0.15	0.149	1	Ern1	0	FALSE
0.728734837337157	-0.0221347083688985	0.316	0.313	1	Zer1	0	FALSE
0.729023782095584	-0.0443681621629461	0.414	0.406	1	Scap	0	FALSE
0.729871779622383	-0.0386582424549482	0.41	0.405	1	Arel1	0	FALSE
0.730225202919866	-0.031353363978782	0.111	0.112	1	Spire2	0	FALSE
0.730420128308541	-0.027288902113706	0.369	0.363	1	Rab11fip4	0	FALSE
0.732689624303599	-0.0127526646293659	0.597	0.591	1	Ncoa2	0	FALSE
0.732901983616541	-0.0440487838767918	0.22	0.217	1	Stau1	0	FALSE
0.73403994978539	-0.0557174654009011	0.312	0.309	1	Susd6	0	FALSE
0.734747289180302	-0.0441746680879949	0.347	0.345	1	Rtf1	0	FALSE
0.735490505785959	0.014701867588201	0.343	0.339	1	Nnat	0	FALSE
0.735775749038238	-0.034610766640039	0.423	0.417	1	Ddx6	0	FALSE
0.735895347652167	-0.07278595566847	0.16	0.16	1	Os9	0	FALSE
0.738364356581481	-0.00939386749415894	0.902	0.889	1	Rere	0	FALSE
0.738885963944612	-0.0842883692585059	0.154	0.152	1	Tbck	0	FALSE
0.73998741306429	-0.0474923986338476	0.217	0.214	1	Hnrnpul1	0	FALSE
0.740673130632786	-0.022380601022717	0.102	0.102	1	Arv1	0	FALSE
0.74134981495876	-0.0681226150446441	0.149	0.149	1	Mrps35	0	FALSE
0.74254428912729	-0.0644449390909045	0.14	0.14	1	Dnajc24	0	FALSE
0.74290419986963	-0.0668821582467816	0.181	0.18	1	Eif2b3	0	FALSE
0.742994840288172	-0.0470875759456748	0.154	0.154	1	Med24	0	FALSE
0.743613434634069	-0.0328319298540281	0.299	0.295	1	Ankle2	0	FALSE
0.744591475988443	-0.050262608084839	0.102	0.102	1	Tomm5	0	FALSE
0.744894212005333	-0.0155866050782082	0.297	0.293	1	Zmiz1	0	FALSE
0.745625279255868	-0.0585998495940223	0.176	0.174	1	Ufsp2	0	FALSE
0.74746582886031	-0.0553886313913247	0.221	0.22	1	Appbp2	0	FALSE
0.748087770680743	-0.0919614985525097	0.17	0.169	1	Lpcat3	0	FALSE
0.749147807524305	-0.0266347681274934	0.185	0.184	1	Las1l	0	FALSE
0.749435627297085	-0.039855673659734	0.255	0.252	1	Zcchc8	0	FALSE
0.750830894138897	-0.0297835226750676	0.155	0.154	1	Srpra	0	FALSE
0.751826313396459	-0.0411130452130413	0.153	0.154	1	Gabrd	0	FALSE
0.751984696569683	-0.0555025109002147	0.188	0.187	1	Mapk8ip2	0	FALSE
0.752603316021301	-0.0536801613720914	0.231	0.228	1	Actr1a	0	FALSE
0.754142046354153	-0.0328541062599561	0.702	0.68	1	Tmem132b	0	FALSE
0.754763151724725	-0.0585804647467716	0.115	0.115	1	Arhgef18	0	FALSE
0.759607606622112	-0.0449248726584837	0.289	0.287	1	Msantd2	0	FALSE
0.76031535041369	-0.0569273116824315	0.355	0.351	1	Strn4	0	FALSE
0.761805476928424	-0.0434351584452867	0.341	0.336	1	Mon2	0	FALSE
0.762027144645	-0.0324980774680748	0.177	0.177	1	Scarb1	0	FALSE
0.763731802317321	-0.0370320493915921	0.393	0.39	1	Atp6v1b2	0	FALSE
0.764183203551641	-0.107017940150209	0.218	0.216	1	Desi1	0	FALSE
0.764642771599559	-0.035813201549965	0.218	0.217	1	Ran	0	FALSE
0.76794757488264	-0.00714937830789708	0.192	0.19	1	Pcgf6	0	FALSE
0.769399126240535	-0.0445090317677075	0.159	0.157	1	Unc13b	0	FALSE
0.771025119049182	-0.0816030151549669	0.124	0.124	1	Zfp386	0	FALSE
0.771396305362503	-0.0591732422704445	0.127	0.128	1	Tab3	0	FALSE
0.771711482744578	0.0140667690394616	0.188	0.187	1	Tulp3	0	FALSE
0.772756546624934	-0.0545352071861254	0.195	0.193	1	Trub2	0	FALSE
0.773738292434508	0.0101242856268634	0.239	0.239	1	Arhgef10l	0	FALSE
0.775754615261389	-0.00500148375518461	0.186	0.186	1	Adam9	0	FALSE
0.776439151780454	-0.0272917988574168	0.186	0.186	1	Zfp74	0	FALSE
0.777091206377461	-0.056855345381992	0.105	0.105	1	Adnp2	0	FALSE
0.778673440134632	-0.0588359804256828	0.171	0.169	1	Otud4	0	FALSE
0.779428026559122	-0.0985325292205173	0.101	0.101	1	Il6st	0	FALSE
0.780196321612941	-0.0324896130848688	0.46	0.454	1	Snx4	0	FALSE
0.780946546754476	-0.0476052863016401	0.157	0.155	1	Csnk1g2	0	FALSE
0.781870571428779	-0.0191629119375394	0.197	0.195	1	Ltn1	0	FALSE
0.782836144334148	-0.0986265433597879	0.132	0.129	1	Dusp16	0	FALSE
0.782863226323318	-0.0700398280388341	0.178	0.176	1	Tank	0	FALSE
0.78373081520856	0.00271942045329721	0.175	0.174	1	Tbc1d9	0	FALSE
0.785953704753166	-0.0772407881808039	0.174	0.173	1	Gemin2	0	FALSE
0.787331088890691	0.000556590245117228	0.111	0.11	1	Meis3	0	FALSE
0.788911273554164	-0.041142645536167	0.1	0.099	1	Lrrc40	0	FALSE
0.789435783282777	-0.0170981705842679	0.53	0.522	1	Eef2	0	FALSE
0.789882453401603	-0.0643763244485296	0.113	0.113	1	Xpc	0	FALSE
0.79061625398327	-0.0319577734197909	0.131	0.131	1	Psmd7	0	FALSE
0.79394322996534	-0.060789760182252	0.21	0.209	1	Cops5	0	FALSE
0.796083633176335	-0.0616066650384353	0.204	0.203	1	Zmat2	0	FALSE
0.796292774650104	-0.0199141136889163	0.15	0.151	1	Htr2b	0	FALSE
0.797615441915788	-0.0493617807829658	0.121	0.121	1	Leprotl1	0	FALSE
0.797914832136023	-0.0253370007902968	0.541	0.534	1	Zfp292	0	FALSE
0.799841958359334	-0.0705521168708034	0.136	0.136	1	Shbg	0	FALSE
0.800133944033809	-0.0241759731794807	0.379	0.376	1	Chgb	0	FALSE
0.800464754464568	-0.0235000629982456	0.583	0.572	1	Rsf1	0	FALSE
0.801148886785043	-0.0339387486759513	0.369	0.365	1	Ubxn4	0	FALSE
0.801434032247736	-0.071073280949007	0.275	0.271	1	Asb8	0	FALSE
0.802967448746818	-0.0120270976338639	0.119	0.12	1	Slc4a8	0	FALSE
0.805333346328123	-0.0527639957722734	0.437	0.429	1	Ndufc2	0	FALSE
0.806018320712113	-0.0101447946413147	0.142	0.141	1	Pcyt2	0	FALSE
0.806027601541968	-0.0213622815981203	0.103	0.102	1	Ube3d	0	FALSE
0.806540738913974	0.00159813565278211	0.165	0.164	1	Phf1	0	FALSE
0.806618063417257	-0.0416352752881313	0.123	0.122	1	Tsc2	0	FALSE
0.809149694356808	-0.0437313747178143	0.348	0.342	1	Elavl3	0	FALSE
0.809741190100466	-0.0262427740537357	0.566	0.559	1	Ptprz1	0	FALSE
0.809896629614487	-0.0412761804246662	0.113	0.113	1	Eqtn	0	FALSE
0.811239655254585	-0.0404692389376773	0.144	0.144	1	Bicd2	0	FALSE
0.811799576404517	-0.0308886413790408	0.299	0.297	1	Sec24b	0	FALSE
0.815112051483735	-0.0395581581393406	0.257	0.256	1	Gtf2f2	0	FALSE
0.815912918970179	-0.0211515193077563	0.154	0.153	1	Nfyb	0	FALSE
0.815913713251248	-0.0420338893012302	0.599	0.586	1	Ankib1	0	FALSE
0.816305908215262	-0.035609175592867	0.234	0.231	1	Aldh5a1	0	FALSE
0.816451686355218	-0.039425598996238	0.109	0.108	1	Mrpl12	0	FALSE
0.817232373280187	-0.0468742694820341	0.288	0.284	1	Abhd6	0	FALSE
0.818074704069306	-0.0566055208283398	0.231	0.23	1	Golga5	0	FALSE
0.818639986654368	-0.0676880791789922	0.186	0.185	1	Slc38a6	0	FALSE
0.819332080917672	-0.0459044424833002	0.164	0.162	1	Fech	0	FALSE
0.819652486711888	-0.0361894901765608	0.385	0.381	1	Rbbp6	0	FALSE
0.819776364161917	-0.00513871131106902	0.126	0.127	1	Gclc	0	FALSE
0.822152753096323	-0.0331477449273999	0.23	0.229	1	Nudc	0	FALSE
0.822532974009021	-0.0673576874965653	0.113	0.112	1	Sirt1	0	FALSE
0.823730171872076	-0.0463003887021478	0.105	0.104	1	Dclre1c	0	FALSE
0.823797812967548	-0.0382136076509723	0.121	0.12	1	Abhd14a	0	FALSE
0.824888393762721	-0.0607558521469135	0.203	0.201	1	Atxn7l3b	0	FALSE
0.825090775003422	-0.0273951812362386	0.444	0.439	1	Rc3h2	0	FALSE
0.825120251212957	-0.0605953690250645	0.104	0.105	1	Tvp23a	0	FALSE
0.826359650542864	-0.00663743722292964	0.205	0.204	1	Plxnc1	0	FALSE
0.82719095775751	-0.0562472097485516	0.176	0.174	1	Slc25a51	0	FALSE
0.827648459303251	-0.0500151381489427	0.156	0.154	1	Zfp146	0	FALSE
0.829357116343068	-0.0326565264504576	0.319	0.316	1	Ralgps1	0	FALSE
0.831873797269118	-0.0226414478219249	0.33	0.328	1	Psmd11	0	FALSE
0.832085035228606	-0.0493427689835086	0.109	0.109	1	Usp42	0	FALSE
0.832170262673989	-0.0448061888811695	0.209	0.209	1	Slc30a5	0	FALSE
0.832475012396471	-0.0802669278045873	0.14	0.138	1	Tapt1	0	FALSE
0.832624584261785	-0.0321067458977264	0.164	0.164	1	Dhx35	0	FALSE
0.832699986161932	-0.0481137644311475	0.22	0.217	1	Dynll2	0	FALSE
0.836809513121161	-0.0495370720817603	0.225	0.224	1	Lancl1	0	FALSE
0.839699167686284	-0.0407365251545521	0.362	0.357	1	Slc7a14	0	FALSE
0.840178278884333	-0.0299381716449472	0.17	0.17	1	Spaca6	0	FALSE
0.840351350197612	-0.0389863033332516	0.361	0.357	1	Atp6v1c1	0	FALSE
0.841074047450283	-0.024942968000532	0.208	0.206	1	Eftud2	0	FALSE
0.842221600321594	-0.0211246737668009	0.12	0.119	1	Brox	0	FALSE
0.843823311642954	-0.0619926185117823	0.118	0.118	1	Dhx8	0	FALSE
0.844976792569594	-0.0803755262548913	0.161	0.159	1	Atg12	0	FALSE
0.84570397510479	-0.0608885036332666	0.239	0.237	1	Terf1	0	FALSE
0.847947145811265	-0.044964528874246	0.139	0.139	1	Crip2	0	FALSE
0.848585784229495	-0.0446019154945632	0.114	0.113	1	Hid1	0	FALSE
0.851265902967506	-0.0642289329248746	0.386	0.378	1	Lrp1	0	FALSE
0.85286246670248	-0.0265229014813242	0.219	0.217	1	Rnf34	0	FALSE
0.853463995616424	-0.0292067848163062	0.14	0.14	1	Tspan4	0	FALSE
0.853486316612898	-0.0430348317375602	0.114	0.113	1	Exd2	0	FALSE
0.854171787192158	-0.02919766927679	0.237	0.235	1	Prune2	0	FALSE
0.854248885222246	-0.0519715295717034	0.108	0.107	1	Katna1	0	FALSE
0.855440239922809	-0.0168615045041682	0.176	0.175	1	Galnt1	0	FALSE
0.856492295111806	-0.0344437044075013	0.317	0.313	1	Ist1	0	FALSE
0.856726665329218	-0.0617009549815544	0.103	0.102	1	Tbrg4	0	FALSE
0.85696899632638	-0.038920888391387	0.497	0.487	1	Mga	0	FALSE
0.857405110704956	-0.188734364299365	0.109	0.108	1	Scube2	0	FALSE
0.858797799706539	-0.0431581208914951	0.106	0.106	1	Pecr	0	FALSE
0.861786820915705	-0.0502803473349389	0.295	0.292	1	Clpx	0	FALSE
0.862941805354842	-0.0613008021966177	0.108	0.107	1	Ap1m1	0	FALSE
0.864450186667575	-0.0568826637774433	0.178	0.176	1	Fam204a	0	FALSE
0.865256112018411	-0.071090406511551	0.102	0.102	1	Vps51	0	FALSE
0.868266962809917	0.186756389402048	0.165	0.168	1	Pdzrn3	0	FALSE
0.868358294560283	-0.0713642354316668	0.136	0.136	1	Ska2	0	FALSE
0.870366594762002	-0.0412207601209465	0.416	0.409	1	Arhgap39	0	FALSE
0.8714014480279	-0.0340048607747576	0.188	0.188	1	Tmed9	0	FALSE
0.873572655651023	-0.0418311719948856	0.101	0.101	1	Tmem80	0	FALSE
0.877070061590114	-0.067216461679132	0.175	0.173	1	Bsdc1	0	FALSE
0.879132889947951	-0.0396798175409092	0.771	0.729	1	Erc2	0	FALSE
0.879341599368669	-0.0734459441820015	0.232	0.23	1	Grb14	0	FALSE
0.879571546878945	-0.028614754422724	0.171	0.171	1	Osbpl11	0	FALSE
0.879972875270131	-0.0425342223652831	0.212	0.211	1	Tbc1d14	0	FALSE
0.880713807982904	-0.0513163690200263	0.285	0.282	1	Rbm27	0	FALSE
0.882256833495156	-0.0184509897575951	0.112	0.112	1	Aven	0	FALSE
0.883135441289776	-0.0469660898524196	0.258	0.255	1	Ttc27	0	FALSE
0.884022212685243	-0.0405671034628324	0.365	0.36	1	Trappc8	0	FALSE
0.885061015604049	-0.0272682755427267	0.165	0.164	1	Sec23b	0	FALSE
0.887851059425451	-0.0563576605307732	0.128	0.128	1	Traf7	0	FALSE
0.889292373687773	-0.0192556719711773	0.465	0.457	1	Clasp1	0	FALSE
0.892176669545851	-0.0328083236838574	0.153	0.152	1	Efnb3	0	FALSE
0.894560275273326	-0.0366100373836924	0.368	0.364	1	Tnpo1	0	FALSE
0.894655206535418	-0.0290810256460392	0.191	0.189	1	Scyl2	0	FALSE
0.897506054570892	-0.0401678310563978	0.368	0.363	1	Narf	0	FALSE
0.898889706817426	-0.0242504311752587	0.215	0.214	1	Actr10	0	FALSE
0.899725070767494	-0.0394949641403181	0.252	0.249	1	Fkbp3	0	FALSE
0.899757957266809	-0.122496879835678	0.155	0.153	1	Ezh2	0	FALSE
0.899798947737611	-0.0678184181998715	0.377	0.371	1	Mical3	0	FALSE
0.899971748623714	-0.0762171005093626	0.118	0.118	1	Zfp180	0	FALSE
0.900801608745162	-0.055238975067003	0.147	0.146	1	Cnot7	0	FALSE
0.90143904123622	-0.0766131759399045	0.101	0.101	1	Lbr	0	FALSE
0.902158092851023	-0.0623031405713919	0.146	0.146	1	Rbsn	0	FALSE
0.903830733899757	-0.00453707954303462	0.102	0.101	1	Cnn3	0	FALSE
0.903997627837309	-0.0281162027847264	0.152	0.152	1	Rwdd1	0	FALSE
0.90467807896232	-0.0253423753227484	0.651	0.638	1	Sash1	0	FALSE
0.905964954944664	-0.015925799458739	0.104	0.104	1	Atf4	0	FALSE
0.907018040541631	-0.0587808928532416	0.11	0.109	1	Gabpb2	0	FALSE
0.907094015516668	-0.037150966263773	0.267	0.266	1	Armc1	0	FALSE
0.908418864734794	-0.027812453003473	0.287	0.284	1	Snx6	0	FALSE
0.910973492781128	-0.0267120850286814	0.282	0.28	1	Mettl6	0	FALSE
0.911054765291652	-0.0466495559691333	0.161	0.16	1	Gnl1	0	FALSE
0.911514723542301	-0.0661403102105103	0.202	0.2	1	Bex2	0	FALSE
0.912108025909724	-0.0397616704546563	0.254	0.251	1	Ttc33	0	FALSE
0.912206044854281	0.00405205828140809	0.174	0.173	1	Fhl1	0	FALSE
0.912382267079954	-0.0393479892252089	0.11	0.11	1	Gna13	0	FALSE
0.916667357009056	-0.0327112877816035	0.524	0.512	1	Trim37	0	FALSE
0.918506600318256	-0.0206158780913257	0.104	0.103	1	Pigv	0	FALSE
0.920057727777221	-0.0494806312181275	0.379	0.372	1	Fcf1	0	FALSE
0.922030606577245	-0.0115981529920064	0.144	0.144	1	Exosc7	0	FALSE
0.92340004473147	-0.0431479014349656	0.223	0.221	1	Vps45	0	FALSE
0.923588765125632	-0.0551023718503288	0.277	0.273	1	Larp4b	0	FALSE
0.924353516488518	-0.0314745901726323	0.167	0.166	1	Cand1	0	FALSE
0.924873976225094	-0.0772777367123103	0.106	0.106	1	Rad21	0	FALSE
0.925262661491764	-0.0304501275106188	0.264	0.264	1	Serp2	0	FALSE
0.925724657425334	-0.0391907932103066	0.204	0.203	1	Cbx1	0	FALSE
0.926742616587985	-0.0397483581442317	0.364	0.359	1	Armc8	0	FALSE
0.927798286601457	-0.0221033820657504	0.446	0.439	1	Cul1	0	FALSE
0.929463002537914	-0.0464422806071827	0.19	0.189	1	Ppp6c	0	FALSE
0.929670542448472	-0.0280697538911461	0.181	0.18	1	Ube2s	0	FALSE
0.930096749231622	-0.0586936528644364	0.127	0.127	1	Letm1	0	FALSE
0.93052695042909	-0.0535662053170689	0.225	0.224	1	Usp30	0	FALSE
0.932335325153124	-0.0492219943368697	0.148	0.148	1	Usp49	0	FALSE
0.932656428201058	-0.0249687746765341	0.154	0.154	1	Ndufaf5	0	FALSE
0.933842153815964	-0.0287655514761653	0.121	0.121	1	Hprt1	0	FALSE
0.934985535863061	-0.114487587364421	0.274	0.268	1	Ppp2r5a	0	FALSE
0.935937088886774	-0.0629023218581061	0.323	0.319	1	Vamp2	0	FALSE
0.938347223447566	-0.0265904393116934	0.112	0.112	1	Nacc1	0	FALSE
0.938651355457812	-0.0316828223305282	0.236	0.235	1	Cul4a	0	FALSE
0.939097288038318	-0.0493835861130512	0.127	0.126	1	Rragc	0	FALSE
0.94178350835173	-0.0350875660589474	0.157	0.156	1	Cpsf3	0	FALSE
0.941992106473144	-0.0330171731611466	0.639	0.627	1	Eif4ebp3	0	FALSE
0.942549450701568	-0.0455798438672026	0.191	0.19	1	Mapkapk5	0	FALSE
0.944671969617942	-0.0531362568426659	0.243	0.241	1	Acox1	0	FALSE
0.944951005377147	-0.0219508848799141	0.116	0.116	1	Dtx1	0	FALSE
0.945815217871174	-0.045024814439564	0.337	0.334	1	Pola1	0	FALSE
0.946050290882307	-0.0744782678850924	0.111	0.11	1	Mrpl37	0	FALSE
0.946226481283187	-0.0350249071307731	0.185	0.184	1	Rprd1b	0	FALSE
0.946840646018872	-0.0317288591363499	0.428	0.423	1	Cep350	0	FALSE
0.946874344826719	-0.0395476196029082	0.259	0.257	1	Setdb1	0	FALSE
0.947916822175937	-0.0209703558454137	0.448	0.441	1	Gpi	0	FALSE
0.948161899386815	-0.0558679948084004	0.119	0.118	1	Irf2bp1	0	FALSE
0.949831060338591	-0.0792870414325464	0.117	0.116	1	Ppwd1	0	FALSE
0.949861215250947	-0.032411728279923	0.218	0.217	1	Arrb1	0	FALSE
0.949882156373035	-0.0589008692344095	0.256	0.253	1	Nr2c1	0	FALSE
0.950737066917037	-0.0595826557168984	0.317	0.313	1	Wdr33	0	FALSE
0.951121870023127	-0.0588464370683728	0.121	0.121	1	Rabepk	0	FALSE
0.952509387073313	-0.0281781190203314	0.121	0.121	1	Xpo5	0	FALSE
0.952705143965558	-0.0599060383869244	0.219	0.217	1	Lsm7	0	FALSE
0.952937578903362	-0.1051851583276	0.318	0.31	1	Phyhipl	0	FALSE
0.953192144877013	-0.0356619125563421	0.284	0.282	1	Supt20h	0	FALSE
0.954725656745289	-0.0812957313475686	0.104	0.103	1	Clptm1l	0	FALSE
0.956153861101059	-0.0275155626505938	0.505	0.497	1	Zmym2	0	FALSE
0.957313529979363	-0.061093961041595	0.389	0.383	1	Setx	0	FALSE
0.957390399237342	-0.0273752153897158	0.175	0.175	1	Rrn3	0	FALSE
0.960088408540495	-0.108616447337666	0.205	0.203	1	Thsd7b	0	FALSE
0.961117954750781	-0.037502232744826	0.319	0.317	1	Dcaf10	0	FALSE
0.965362798589308	-0.057498158584342	0.256	0.254	1	Ns5atp4	0	FALSE
0.96618624497536	-0.0670437622132298	0.136	0.135	1	Dhx16	0	FALSE
0.967202970542188	-0.0718848721992531	0.172	0.171	1	Naa20	0	FALSE
0.969424835750204	-0.0365783058331677	0.125	0.125	1	Rbm8a	0	FALSE
0.96999684089448	-0.0505402130486048	0.346	0.341	1	Nfatc3	0	FALSE
0.970853262647596	-0.0128673073911958	0.203	0.203	1	Cyp4x1	0	FALSE
0.971495290643748	-0.0276093678250791	0.135	0.135	1	Atpaf1	0	FALSE
0.97264003480671	-0.0685653233029593	0.118	0.118	1	Alg14	0	FALSE
0.972708870194341	-0.0365461280871542	0.222	0.221	1	Tsen2	0	FALSE
0.975980307600543	-0.0126572174605866	0.192	0.191	1	Atat1	0	FALSE
0.976066377475212	-0.0428611526720381	0.448	0.438	1	Akap10	0	FALSE
0.976602882943196	-0.0463434307648631	0.233	0.231	1	Eef1b2	0	FALSE
0.978284070436639	-0.0335295950209833	0.177	0.176	1	Tctn1	0	FALSE
0.979716023323599	-0.0464650851173003	0.122	0.122	1	Pisd	0	FALSE
0.979936241099539	-0.0614279152538519	0.101	0.101	1	Adat1	0	FALSE
0.979971207575119	-0.0795307810800389	0.179	0.178	1	Epb41l5	0	FALSE
0.980741451141584	-0.0312078484645155	0.58	0.565	1	Focad	0	FALSE
0.981396501295732	-0.0385589242645716	0.123	0.123	1	Tma7	0	FALSE
0.982789240644849	-0.0338357362336743	0.204	0.203	1	Slc25a26	0	FALSE
0.983273889363888	-0.0674457939160442	0.235	0.232	1	Ube2v2	0	FALSE
0.985001804731985	-0.0554310116744139	0.103	0.103	1	Ccdc142	0	FALSE
0.985372319593665	-0.0271475305136848	0.344	0.341	1	Tbce	0	FALSE
0.985406342393158	-0.0460256793677776	0.246	0.244	1	Chmp3	0	FALSE
0.985415788649258	-0.0352506345697919	0.443	0.437	1	Chpt1	0	FALSE
0.986476075295813	-0.0478675521796241	0.274	0.272	1	Cep120	0	FALSE
0.986485621447755	-0.0770282319900735	0.173	0.172	1	Mrps15	0	FALSE
0.986945510831934	-0.0678211412824971	0.397	0.389	1	Zfand6	0	FALSE
0.988278887140808	-0.0506744165167066	0.187	0.186	1	Cdc123	0	FALSE
0.989065507110542	-0.0425997820397963	0.186	0.185	1	Itpka	0	FALSE
0.989781905174059	-0.0756932900994223	0.135	0.135	1	Pms1	0	FALSE
0.990764302729911	-0.0952605054501123	0.194	0.191	1	Stx6	0	FALSE
0.991327714964756	-0.0404379497967715	0.386	0.38	1	Hadha	0	FALSE
0.991328898332794	-0.0560679157252939	0.103	0.103	1	Mtif2	0	FALSE
0.991574590414111	-0.0214221701555337	0.201	0.2	1	Ints2	0	FALSE
0.993385003795825	-0.0265472865598047	0.509	0.502	1	Stmn3	0	FALSE
0.998098938152177	-0.0365804880476013	0.282	0.28	1	Galnt11	0	FALSE
0.999353337214648	-0.0283985202497561	0.161	0.16	1	Rimklb	0	FALSE
