{"tissue_hires_scalef": 0.07198647, "tissue_lowres_scalef": 0.02159594, "fiducial_diameter_fullres": 290.76843, "spot_diameter_fullres": 179.99951000000001}