{"tissue_hires_scalef": 0.063926354, "tissue_lowres_scalef": 0.019177906, "fiducial_diameter_fullres": 291.37100000000004, "spot_diameter_fullres": 180.37250999999995}