{"tissue_hires_scalef": 0.076716535, "tissue_lowres_scalef": 0.023014959, "fiducial_diameter_fullres": 291.05334, "spot_diameter_fullres": 180.17589}