{"tissue_hires_scalef": 0.06788175, "tissue_lowres_scalef": 0.020364525, "fiducial_diameter_fullres": 290.97168000000005, "spot_diameter_fullres": 180.12534000000005}