{"tissue_hires_scalef": 0.068117574, "tissue_lowres_scalef": 0.020435272, "fiducial_diameter_fullres": 291.0636999999999, "spot_diameter_fullres": 180.18228}