{"tissue_hires_scalef":0.07198647,"tissue_lowres_scalef":0.0280740214494638,"spot_diameter_fullres":180.27}
