{"tissue_hires_scalef": 0.063926354, "tissue_lowres_scalef": 0.019177906, "fiducial_diameter_fullres": 291.62527000000006, "spot_diameter_fullres": 180.52991999999998}