{"tissue_hires_scalef": 0.068117574, "tissue_lowres_scalef": 0.020435272, "fiducial_diameter_fullres": 290.9769000000001, "spot_diameter_fullres": 180.12856000000002}