{"tissue_hires_scalef":0.06679134,"tissue_lowres_scalef":0.0188720527431128,"spot_diameter_fullres":180.23662}
