{"tissue_hires_scalef": 0.07235366, "tissue_lowres_scalef": 0.021706099, "fiducial_diameter_fullres": 290.8459499999999, "spot_diameter_fullres": 180.0475}