{"tissue_hires_scalef": 0.07198647, "tissue_lowres_scalef": 0.02159594, "fiducial_diameter_fullres": 291.20537999999993, "spot_diameter_fullres": 180.27}