{"tissue_hires_scalef": 0.04439018976806126, "fiducial_diameter_fullres": 290.8723, "spot_diameter_fullres": 180.06381000000002}