{"tissue_lowres_scalef": 0.026634113860836754, "fiducial_diameter_fullres": 290.8723, "spot_diameter_fullres": 180.06381000000002}