{"tissue_lowres_scalef": 0.026823434740818563, "fiducial_diameter_fullres": 291.03156, "spot_diameter_fullres": 180.16238}