{"tissue_hires_scalef": 0.0794155, "tissue_lowres_scalef": 0.02382465, "fiducial_diameter_fullres": 291.11109999999996, "spot_diameter_fullres": 180.21164999999996}