{"tissue_lowres_scalef": 0.01763383344844308, "fiducial_diameter_fullres": 291.1782, "spot_diameter_fullres": 180.25316}