{"tissue_hires_scalef":0.07289161,"tissue_lowres_scalef":0.0271392901023891,"spot_diameter_fullres":179.95958}
