"","pathway","pval","padj","log2err","ES","NES","size","leadingEdge2"
"1","ABC transporter disorders",0.93006993006993,1,0.0125099843193737,0.377823409428551,0.658312068351759,18,"7311/5698/5720/55788/7314/23198/19/5702/5696"
"2","ABC-family proteins mediated transport",0.488511488511489,1,0.0466948041282054,0.580359117324847,1.01838222629237,25,"20/10351/7311/9619/5698/23460/5720"
"3","APC/C-mediated degradation of cell cycle proteins",0.91008991008991,1,0.0143399359768684,0.40011985917577,0.697004800214075,20,"7311/5698/7324/5720/991/51433/7314/23198/5702/5696"
"4","APC/C:Cdc20 mediated degradation of mitotic proteins",0.848151848151848,1,0.0193046440642709,0.433306224736443,0.753676576466672,16,"7311/5698/7324/5720/991/51433/7314/23198/5702/5696"
"5","APC/C:Cdh1 mediated degradation of Cdc20 and other APC/C:Cdh1 targeted proteins in late mitosis/early G1",0.789210789210789,1,0.0235793094960052,0.468995022152225,0.815752330561595,16,"7311/5698/7324/5720/991/51433/7314/23198/5702/5696"
"6","APC:Cdc20 mediated degradation of cell cycle proteins prior to satisfation of the cell cycle checkpoint",0.848151848151848,1,0.0193046440642709,0.433306224736443,0.753676576466672,16,"7311/5698/7324/5720/991/51433/7314/23198/5702/5696"
"7","AURKA Activation by TPX2",0.324675324675325,1,0.0658311958368866,0.629174031631786,1.10383944651828,23,"9738/1781/54820/10382/55755/8636/22919/7846"
"8","Activated PKN1 stimulates transcription of AR (androgen receptor) regulated genes KLK2 and KLK3",0.186813186813187,0.870468374600606,0.0952879846194844,0.700183671732694,1.21787318640608,16,"3021/8334/3020/8349"
"9","Activation of APC/C and APC/C:Cdc20 mediated degradation of mitotic proteins",0.848151848151848,1,0.0193046440642709,0.433306224736443,0.753676576466672,16,"7311/5698/7324/5720/991/51433/7314/23198/5702/5696"
"10","Activation of GABAB receptors",0.574425574425574,1,0.0392758570896778,0.560578854413612,0.971647915329974,15,"3766/2770/2771/94235"
"11","Activation of HOX genes during differentiation",0.573426573426573,1,0.0393561959521291,0.556405141210516,0.984073845926111,33,"3021/8334/3020/3231/5435/8349/3725/5436/5438/4211"
"12","Activation of NMDA receptors and postsynaptic events",0.813186813186813,1,0.0218679438176212,0.457360762605607,0.795516136377786,16,"10382/7846/1739/4900"
"13","Activation of anterior HOX genes in hindbrain development during early embryogenesis",0.573426573426573,1,0.0393561959521291,0.556405141210516,0.984073845926111,33,"3021/8334/3020/3231/5435/8349/3725/5436/5438/4211"
"14","Activation of gene expression by SREBF (SREBP)",0.184815184815185,0.870468374600606,0.0959206777921745,0.709226190399514,1.22929743777073,15,"6319/6720/4047/6667"
"15","Adaptive Immune System",0.991008991008991,1,0.00434551079568136,0.457424073758898,0.832477499390408,247,"25780/1783/23308/933/567/9341/55819/3799/114876/972/3688/6271/5906/1781/10411/1785/5588/3122/7311/10382/29116/23194/7704/3113/51128/3133/3798/25793/114907/718/3123/57674/5295/999/51088/80176/6468/7525/6402/6494/8773/7305/3115/4792/3119/1512/7846/26118/55740/90933/55182/5698/92912/6810/11006/2214/653361/54209/7324/3117/83737/8519/5720/3146/7099/81035/5788/1278/3109/4793/3106/991/2533/8673/1514/51433/5062/4267/84876/253260/1535/23547/1536/3689/9902/3903/3693/7314/10437/5908/5970/223082/2213/5777/4775"
"16","Adherens junctions interactions",0.143856143856144,0.827172827172827,0.11146266692298,0.688760899584622,1.20928764177504,24,"9839/6663/28513/5818/1495/3728/56978/999/6667"
"17","Amplification  of signal from unattached  kinetochores via a MAD2  inhibitory signal",0.79020979020979,1,0.0235084845013289,0.486604398458773,0.85910148385196,29,"1783/1781/54820/23122/22919/348235/55166/991/55839/55920"
"18","Amplification of signal from the kinetochores",0.79020979020979,1,0.0235084845013289,0.486604398458773,0.85910148385196,29,"1783/1781/54820/23122/22919/348235/55166/991/55839/55920"
"19","Amyloid fiber formation",0.0323009282702422,0.540306436520415,0.321775918075361,0.726019439171582,1.28405848329928,33,"2934/1471/23555/3021/567/23621/7311/8334/3020/348/8349"
"20","Anchoring of the basal body to the plasma membrane",0.313686313686314,1,0.0675188953767744,0.627983175622539,1.10452701853333,27,"9738/1781/4735/54820/10382/55755/8636/22919/7846"
"21","Anti-inflammatory response favouring Leishmania parasite infection",0.987012987012987,1,0.00523322083191526,0.324782221314729,0.573423338541194,34,"2770/4627/7525/2771/94235/2214/2687/2212/2791/79651"
"22","Antigen activates B Cell Receptor (BCR) leading to generation of second messengers",0.789210789210789,1,0.0235793094960052,0.46935857113468,0.816384674010253,16,"933/5295/84876/5777/695/4067"
"23","Antigen processing-Cross presentation",0.792207792207792,1,0.0233667307764121,0.491411909337059,0.871686930599322,41,"567/9341/6271/7311/3133/8773/5698/6810/653361/5720/3146/7099/3106/8673/1514/1535/1536/9902/3693/7314"
"24","Antigen processing: Ubiquitination & Proteasome degradation",0.935064935064935,1,0.0120226641890431,0.44615626546886,0.800568264708059,64,"55819/7311/29116/23194/7704/25793/114907/57674/51088/80176/6468/26118/90933/55182/5698/92912/7324/83737/5720"
"25","Antimicrobial peptides",0.985014985014985,1,0.00562708211299112,0.271063286766836,0.472295332985308,18,"1191/6556/475/4069/6039/116842/920/6280"
"26","Antiviral mechanism by IFN-stimulated genes",0.825174825174825,1,0.0210003441275487,0.480580358084718,0.852473473445791,41,"3306/7311/10382/7846/2178/7324/57506/9636/2317/8086/2187/199990/7314/4938/6774"
"27","Apoptosis",0.221778221778222,0.927436200163473,0.0855356947987884,0.617696592503035,1.11045849180069,57,"5414/2934/9414/219699/5747/10971/4000/2339/5588/7082/7311/23604/55075/7431/999/51074/3006/1029"
"28","Apoptotic cleavage of cellular proteins",0.0529470529470529,0.64148096801158,0.193813302725311,0.768424481507307,1.33398110755964,17,"2934/9414/5747/4000/2339/5588/7082/7431/999"
"29","Apoptotic execution phase",0.148851148851149,0.827172827172827,0.109250039480711,0.696473335668265,1.21675511798305,21,"2934/9414/5747/4000/2339/5588/7082/7431/999/3006"
"30","Aquaporin-mediated transport",0.721278721278721,1,0.0283628487151644,0.501679492806758,0.869558010459355,15,"358/361/94235/363/2791"
"31","Arachidonic acid metabolism",0.126873126873127,0.788630724114595,0.119887845115423,0.693794972037206,1.21721212165175,23,"5730/873/9261/1573/4051/5445"
"32","Asparagine N-linked glycosylation",0.66033966033966,1,0.0327241935806629,0.530239964188929,0.951380291345527,67,"1783/4124/1604/1781/5589/2530/7039/84061/6484/7311/10382/4122/51128/10402/7846/51035/79090/6711/256435/79644/1603/5238/5265/288"
"33","Assembly of collagen fibrils and other multimeric structures",0.521478521478521,1,0.0437125833579551,0.572040979626429,1.0087228217117,28,"1287/1299/1298/667/3691/80781/3655"
"34","Assembly of the ORC complex at the origin of replication",0.187812187812188,0.870468374600606,0.0949751525905595,0.708837298132488,1.22862337317203,15,"3021/8334/3020/8349"
"35","Assembly of the pre-replicative complex",0.647352647352647,1,0.0336769978828608,0.538101929417344,0.95075584080565,31,"3021/4176/7311/8334/3020/8349/4174/5698/7324/5720"
"36","Autophagy",0.030969030969031,0.534215784215784,0.257206466468838,0.712310861685471,1.26516661887435,42,"6035/2670/3920/1783/1915/1781/84938/89853/7311/10226/10382/64422/7431/3043/29082/123/7846/8878"
"37","Axon guidance",0.0157707171400236,0.378497211360567,0.352487857583619,0.659649000633954,1.19312907716513,125,"6900/57698/10507/5962/1287/2549/1299/1808/23114/5663/219699/57556/9846/4650/1298/5747/3688/2197/4651/5364/388/1793/387/8482/1785/5588/3673/7311/4756/10382/4637/7094/79784/4233/23122/5216/1942/25/4627/5295/23129/7525/10627/389/10398/80031/22794/7305"
"38","B-WICH complex positively regulates rRNA expression",0.202797202797203,0.902774644710128,0.0905428948469474,0.679172920733565,1.18311244760974,20,"3021/8334/3020/5435/8349/8850/7913"
"39","Bacterial Infection Pathways",0.10989010989011,0.758241758241758,0.130105630751129,0.703387270903609,1.23404110272725,23,"928/567/6457/7311/80824/2060/4233/57674/999/1839"
"40","Base Excision Repair",0.948051948051948,1,0.0106794512946723,0.376409951107171,0.65970106013613,22,"8334/8349/142/57804/4595/5981/5111/26277/5424/5427/8344/8347"
"41","Base-Excision Repair, AP Site Formation",0.881118881118881,1,0.0167582341026205,0.398915436259665,0.691437696914382,15,"8334/8349/4595"
"42","Beta-catenin independent WNT signaling",0.888111888111888,1,0.0161937051076875,0.437007329210922,0.772770466744751,32,"387/7311/5158/5216/23513/5698/7855/94235/5720/4919/7314/2791/23198/6259"
"43","Bile acid and bile salt metabolism",0.0869130869130869,0.713639301874596,0.148261500475107,0.738817884291039,1.28258420090701,17,"6579/114876/1593/3295"
"44","Binding and Uptake of Ligands by Scavenger Receptors",0.12987012987013,0.788630724114595,0.118287526124085,0.695722692829515,1.21933279572016,22,"2495/2512/6678/348/3040/3043/3039"
"45","Biological oxidations",0.99000999000999,1,0.00458288223817775,0.377987242670809,0.679215194470629,60,"1593/216/1312/347734/2950/55902/55748/54498/84532/2954/1573/4051/4144/2687/2052/2729/196743/95/653689/6916/4837/5742/91703/285440/26873/51000/2949"
"46","Biosynthesis of the N-glycan precursor (dolichol lipid-linked oligosaccharide, LLO) and transfer to a nascent protein",0.871128871128871,1,0.0175479783225763,0.426902271615285,0.741100236671297,17,"6484/10402/256435/79644/5238/6480/8790/55808/57171"
"47","C-type lectin receptors (CLRs)",0.97002997002997,1,0.00801915843678622,0.367521486134118,0.648747390296125,35,"7311/4792/5698/2207/5720/64581/5062/7314/5970/29108/4775/23198/3384/5702/3553/4067/5696/6850/4790"
"48","CDC42 GTPase cycle",0.0879120879120879,0.713639301874596,0.147331213699377,0.645117139840683,1.16031431369533,75,"11135/57580/26030/7456/114793/9341/4650/23048/57584/5337/55619/10435/4296/8826/3728/23348/9639/58504/116985/3895/116984/10672/5295/857/8773/9644/90627/80243/394/392/92799/23513"
"49","CDK-mediated phosphorylation and removal of Cdc6",0.763236763236763,1,0.025411808387565,0.483409512129134,0.840824353156974,16,"9134/7311/5698/7324/5720/51433/7314/23198"
"50","CLEC7A (Dectin-1) signaling",0.932067932067932,1,0.0123167455730572,0.392793080565006,0.689251671795699,25,"7311/4792/5698/5720/64581/7314/5970/29108/4775/23198/5702/3553/5696/6850/4790"
"51","COPI-dependent Golgi-to-ER retrograde traffic",0.112887112887113,0.769304769304769,0.128142916898415,0.695840636694287,1.22171784592702,24,"10749/23303/3799/124602/10382/3798/221458"
"52","COPI-mediated anterograde transport",0.381618381618382,1,0.0580983576873206,0.619555097580626,1.07925879485301,20,"1783/1604/1781/10382/7846/6711"
"53","Cardiac conduction",0.648351648351648,1,0.0336033244336697,0.537713517677031,0.945756401699949,27,"28996/54207/53828/8850/5348"
"54","Cargo recognition for clathrin-mediated endocytosis",0.025974025974026,0.514685314685315,0.282013350011725,0.717121296324052,1.26972606647242,40,"7018/4036/950/9341/26119/8301/6457/7039/7311/22905/2060/1839/23149/143425"
"55","Cdc20:Phospho-APC/C mediated degradation of Cyclin A",0.848151848151848,1,0.0193046440642709,0.433306224736443,0.753676576466672,16,"7311/5698/7324/5720/991/51433/7314/23198/5702/5696"
"56","Cell Cycle",0.851148851148851,1,0.0190794888813551,0.507792134432106,0.92277840678811,200,"3306/25777/1028/22933/57060/3021/7298/1783/4176/10971/9738/140609/1027/1781/4000/9134/7311/8334/3020/54820/10382/55755/7444/5435/23194/8636/23122/8349/25/8243/9918/595/22919/29082/1031/1029/10735/4174/7846/580/5436"
"57","Cell Cycle Checkpoints",0.815184815184815,1,0.0217240006200525,0.496375042116529,0.89320828193521,77,"57060/1783/4176/10971/1027/1781/9134/7311/54820/23122/8349/22919/1029/4174/580/51588/5698/348235/7324/672/5720/4194/55166/991/25946/51433/55839"
"58","Cell Cycle, Mitotic",0.9000999000999,1,0.0151993170205216,0.492034855592101,0.892516349281938,162,"1028/22933/3021/7298/1783/4176/9738/140609/1027/1781/4000/9134/7311/8334/3020/54820/10382/55755/7444/23194/8636/23122/8349/25/8243/9918/595/22919/29082/1031/1029/10735/4174"
"59","Cell death signalling via NRAGE, NRIF and NADE",0.413586413586414,1,0.0543434390269162,0.599688425442432,1.05747563934175,28,"57580/5663/389337/7311/9639/9138/10672/9181/8878/6655/55701/51107/10276/23385/10018/23370/7314"
"60","Cell junction organization",0.0589410589410589,0.650709290709291,0.183023938384487,0.677556105597442,1.20760401915364,46,"5010/9839/6663/28513/5818/3688/1495/2318/667/3728/3691/56978/999/6667/7122"
"61","Cell recruitment (pro-inflammatory response)",0.851148851148851,1,0.0190794888813551,0.442019468326739,0.769993501063561,20,"5027/10628/718/957/9051/5970/29108/3162/79792/719/3553/834/4790/3552"
"62","Cell surface interactions at the vascular wall",0.591408591408591,1,0.0379271467108098,0.543192699553098,0.977465358545991,58,"4099/83700/972/3688/960/6566/2888/5295/857/7525/6402"
"63","Cell-Cell communication",0.0659340659340659,0.684204684204684,0.172324344900946,0.665824197704689,1.19832950790834,59,"5010/9839/6663/28513/5818/5747/3688/1495/2318/8826/667/3728/3691/56978/81/5295/999/6667/7122/7305"
"64","Cell-cell junction organization",0.0529470529470529,0.64148096801158,0.193813302725311,0.703495460275117,1.2420652640608,34,"5010/9839/6663/28513/5818/1495/3728/56978/999/6667/7122"
"65","Cellular Senescence",0.733266733266733,1,0.0275182928235944,0.508368109266839,0.914799143299762,58,"9448/3021/1027/9134/7311/8334/3020/9261/8349/3397/6667/3006/1031/1029/3725/3490/2113/7324/1912/1021/4194"
"66","Cellular response to chemical stress",0.669330669330669,1,0.0320704174637537,0.523733105983277,0.942448174733445,58,"10628/4780/7975/7311/4851/6888/5052/468/2950/847/3040/3043/5154/6667/1029/3039/8878/5698/653361/571/9612/672/5720/1728/475/6347/1535/1536/7314/2729/6774/5970/3162/85441/23198/6649"
"67","Cellular response to heat stress",0.026973026973027,0.514685314685315,0.276500599254472,0.767190600691239,1.34029982492277,21,"1410/3306/1915/9261/26353/6767"
"68","Cellular responses to stimuli",0.532467532467532,1,0.0427591434738678,0.549564307250854,0.998826195189626,189,"1410/3306/1465/9448/3021/1783/1915/10628/2197/1027/1781/4502/4000/4780/9134/7975/7311/23677/8334/3020/112399/10382/4851/6888/5052/7094/468/2950/4504/847/9261/26353/8349/6767/3040/3043/5154/64764/3397/8992/6667/10106/3006/1031/1029/3039/4501/3725/7846/64784/8878/4493/4499/3490/5698/1200/389541/2113/653361/7324/1912/571/2034/9612/672/5720/1021/7099/4194/57600/2289/467"
"69","Cellular responses to stress",0.659340659340659,1,0.0327971189467838,0.534891116293241,0.971567006790923,181,"1410/3306/9448/3021/1783/1915/10628/2197/1027/1781/4000/4780/9134/7975/7311/23677/8334/3020/112399/10382/4851/6888/5052/7094/468/2950/847/9261/26353/8349/6767/3040/3043/5154/64764/3397/8992/6667/10106/3006/1031/1029/3039/3725/7846/64784/8878/3490/5698/1200/389541/2113/653361/7324/1912/571/2034/9612/672/5720/1021/7099/4194/57600/2289/467"
"70","Centrosome maturation",0.33966033966034,1,0.0636424081651019,0.624459817405293,1.09443653745858,22,"9738/1781/54820/10382/55755/8636/22919/7846"
"71","Chaperonin-mediated protein folding",0.684315684315684,1,0.0309900819310557,0.520461372241206,0.913111101516498,23,"9134/63971/10382/6468/7846/5204/94235/5082"
"72","Chemokine receptors bind chemokines",0.92007992007992,1,0.0134461833974729,0.394113047398892,0.686540994065861,20,"7852/58191/2919/6347/6351/6348/6363/1524/6352/6349/6387/1230/1238/6373/9034/3576/1236"
"73","Chondroitin sulfate/dermatan sulfate metabolism",0.696303696303696,1,0.0301329841082956,0.516238315645535,0.900453204174447,19,"27087/63827/633/1462/1634/9469/375790/3339/6385"
"74","Chromatin modifications during the maternal to zygotic transition (MZT)",0.395604395604396,1,0.0564118388217596,0.618434292300414,1.07754773247032,18,"3021/8334/3020/8349"
"75","Chromatin modifying enzymes",0.992007992007992,1,0.00409492237559551,0.372841267461591,0.669177407251496,63,"11240/8334/6599/8349/5978/8850/595/10362/86/9612/79685/8819/84159/9767/7403/5970/112869/8520/7994/3065/80854/51742/6881/53615"
"76","Chromatin organization",0.992007992007992,1,0.00409492237559551,0.372841267461591,0.669177407251496,63,"11240/8334/6599/8349/5978/8850/595/10362/86/9612/79685/8819/84159/9767/7403/5970/112869/8520/7994/3065/80854/51742/6881/53615"
"77","Chromosome Maintenance",0.915084915084915,1,0.0138978052489646,0.439961579258602,0.783546466313986,45,"3021/8334/3020/5435/8349/5436/5438/57804/100134934/55166/8467/5981/55839/5111"
"78","Cilium Assembly",0.557442557442557,1,0.0406579344155557,0.560169138288971,0.993651369642858,41,"9738/1781/4735/54820/10382/55755/8636/22919/7846/92482"
"79","Class A/1 (Rhodopsin-like receptors)",0.955044955044955,1,0.00989821417740655,0.448576737269643,0.809660050362487,93,"2861/1902/53637/183/187/134/718/2864/8862/3792/7852"
"80","Class B/2 (Secretin family receptors)",0.763236763236763,1,0.025411808387565,0.492122178216221,0.863392075182588,23,"1604/976/30817/7855/94235/10268/133/5745/2791/10266"
"81","Class I MHC mediated antigen processing & presentation",0.962037962037962,1,0.00906269502060309,0.448501991324175,0.810207255101075,101,"567/9341/55819/6271/7311/29116/23194/7704/51128/3133/25793/114907/57674/51088/80176/6468/8773/26118/90933/55182/5698/92912/6810/653361/7324/83737/5720/3146/7099/3106/991/8673/1514/51433/1535/1536/9902/3693/7314"
"82","Clathrin-mediated endocytosis",0.00949061730540365,0.275727408030674,0.380730400722792,0.723177657441352,1.29663305134789,54,"7018/8871/274/4036/950/9341/3092/26119/23048/9026/8301/6457/1785/7039/7311/22905/2060/29763/1839/23149/143425"
"83","Cleavage of the damaged purine",0.881118881118881,1,0.0167582341026205,0.398915436259665,0.691437696914382,15,"8334/8349/4595"
"84","Collagen biosynthesis and modifying enzymes",0.21978021978022,0.927436200163473,0.0860347242455604,0.645801838924023,1.14104751682434,31,"1287/1299/1298/23127/140766/8985/1307/10491"
"85","Collagen chain trimerization",0.322677322677323,1,0.066132620475844,0.642070560842407,1.11993720011594,19,"1287/1299/1298/1307/80781"
"86","Collagen degradation",0.526473526473527,1,0.0432768714901103,0.571901501258959,1.00354126727029,25,"1287/1299/1298/1307"
"87","Collagen formation",0.310689310689311,1,0.0679922591544058,0.612130837571593,1.08582319799252,41,"1287/1299/1298/23127/667/140766/8985/3691/1307/10491"
"88","Complement cascade",0.889110889110889,1,0.0161121851693944,0.433545186502446,0.762168970048659,26,"1604/1191/718/713/714/712/710/1378/716/3075/730/719/975/715/5648/1380"
"89","Condensation of Prophase Chromosomes",0.395604395604396,1,0.0564118388217596,0.61300045105541,1.07092604691309,21,"3021/8334/3020/8349"
"90","Constitutive Signaling by Aberrant PI3K in Cancer",0.00859388556192205,0.275727408030674,0.380730400722792,0.783093685740681,1.3808879092208,28,"2065/2263/2246/391/2549/9846/7039/4233/5295/1839/5154/6801"
"91","Constitutive Signaling by NOTCH1 HD+PEST Domain Mutants",0.555444555444555,1,0.0408229003677776,0.562137234088095,0.982066823748888,21,"5663/79885/3516/7311/4851/8850/28514/23493/9612/84441/51107/10014/23385/7314/3065/102"
"92","Constitutive Signaling by NOTCH1 PEST Domain Mutants",0.555444555444555,1,0.0408229003677776,0.562137234088095,0.982066823748888,21,"5663/79885/3516/7311/4851/8850/28514/23493/9612/84441/51107/10014/23385/7314/3065/102"
"93","Costimulation by the CD28 family",0.632367632367632,1,0.0347904098478036,0.537118064688364,0.942505207845321,25,"23308/3122/3113/3123/5295/7525/3115/3119"
"94","Cyclin A:Cdk2-associated events at S phase entry",0.691308691308691,1,0.0304894126298511,0.519134740523199,0.904530148896741,18,"1027/9134/7311/595/5698/5720"
"95","Cyclin D associated events in G1",0.30969030969031,1,0.0681513438679483,0.649480882134101,1.13164269921576,18,"1028/1027/9134/7311/25/595/1031/1029"
"96","Cyclin E associated events during G1/S transition",0.679320679320679,1,0.0313490001730997,0.521912465798082,0.906037464877267,17,"1027/9134/7311/595/5698/5720"
"97","Cytochrome P450 - arranged by substrate type",0.864135864135864,1,0.0180905963991599,0.421678207294151,0.733451239564734,16,"1593/1573/4051"
"98","Cytokine Signaling in Immune system",1,1,0,0.427359037398297,0.777758128323387,279,"3306/58480/6285/567/9846/3688/10410/1027/4502/6624/23321/960/3122/4904/7311/10382/6888/3113/3185/3133/3433/7431/9261/3123/684/1849/5295/1435/7525/595/4092/3669/3429/84868/3115/4792/3119/3725/3977/7846/10379/8878/10581/3572/3965/5698/3687/55223/2178/6810/6655/57161/3597/2335/7324/3117/8519/57506/5720/9636/3146/6845/6776/4684/2317/5782/1278/3656/7076/4793/2919/3106/329/4055/6347/8086/5062/2187/11141/79155/60401/199990/3936/6351/3459/3437/3660/2353/10018/3689/1265/3430/7314/6348/10437/5908/4938/7040/6774/5970/10346/1438/23495/5777/1436/3665/3162/302/2537"
"99","Cytoprotection by HMOX1",0.484515484515485,1,0.0470699590082662,0.590711257589032,1.02387622629597,15,"10628/4780/7975/3040/3043/3039/571/9612/6774/3162/85441"
"100","Cytosolic sensors of pathogen-associated DNA",0.691308691308691,1,0.0304894126298511,0.519105933548271,0.904479956190903,18,"7311/5435/23220/81844/3428/4792/4793/7314/5970/3665"
"101","DAP12 interactions",0.772227772227772,1,0.0247790185105207,0.490631984849392,0.854676019538333,20,"567/3133/5295/7305/54209/3106"
"102","DAP12 signaling",0.581418581418581,1,0.0387166740042594,0.558334437238692,0.967757680705581,15,"567/3133/5295/7305/54209"
"103","DDX58/IFIH1-mediated induction of interferon-alpha/beta",0.794205794205794,1,0.0232248320654428,0.485073590403861,0.853170765358327,27,"6285/54941/7311/4792/83737/57506/9636/3146/4793/7314/5970/3665/51191"
"104","DNA Damage Bypass",0.881118881118881,1,0.0167582341026205,0.398664315665501,0.691002431117439,15,"7311/57804/9636/5981/5111/7314/5424/5427/7398/83932/7318/9768"
"105","DNA Damage/Telomere Stress Induced Senescence",0.537462537462537,1,0.042331839351853,0.571035288259419,0.99473777139764,20,"1027/9134/8334/8349/3006"
"106","DNA Double Strand Break Response",0.876123876123876,1,0.0171553985751332,0.43874419869551,0.769884163963772,25,"7311/8349/25/580/51588/51035/672/2070/8467/7314/472"
"107","DNA Double-Strand Break Repair",0.995004995004995,1,0.00323243877654383,0.355171173036096,0.635749275982672,52,"7311/8349/25/142/580/51588/51035/57804/672/2070/8467/8914/5981/5111/151987/7314/472"
"108","DNA Repair",1,1,0,0.340777906990762,0.614465492477763,88,"7311/8334/5435/8349/25/142/580/5436/51588/51035/5438/2178/86/9557/57804/672/4595/9636/2070/8467/2187/199990/8914/5981/5111/151987/7314/472/29844/26277/5890/51008/10450/201254/5424/27434/5427/8344/10445/84142/7157/1643/7398/22909/8347"
"109","DNA Replication",0.833166833166833,1,0.0204160330522345,0.478270984371501,0.853454674461479,48,"3021/4176/9134/7311/8334/3020/8349/4174/5698/7324/57804/5720/51433/84296/5981/5111/81620/7314/5422"
"110","DNA Replication Pre-Initiation",0.791208791208791,1,0.0234376252595191,0.493490622278488,0.871516255793183,37,"3021/4176/7311/8334/3020/8349/4174/5698/7324/5720"
"111","DNA methylation",0.310689310689311,1,0.0679922591544058,0.654031535697245,1.13539551818671,17,"3021/8334/3020/8349"
"112","Deactivation of the beta-catenin transactivating complex",0.953046953046953,1,0.0101263868834473,0.32688769660743,0.566592454308447,15,"7311/56998/9580/7314/3065/6662/51176"
"113","Death Receptor Signaling",0.390609390609391,1,0.0570059526582387,0.580667623873715,1.0449008015622,58,"4099/57580/5663/56957/4974/387/389337/7311/9639/9261/9138/10672/9181/4792/10399/8878/8717/6655/55701"
"114","Defective B3GALTL causes PpS",0.132867132867133,0.788630724114595,0.116739204791222,0.725360586710567,1.26166496691433,16,"9507/7058/9510/140766/170692"
"115","Defective pyroptosis",0.288711288711289,1,0.0716527366829457,0.651212549017237,1.13588319307126,19,"3021/8334/3020/8349"
"116","Degradation of beta-catenin by the destruction complex",0.918081918081918,1,0.013628036219219,0.382515644569755,0.664045271177632,17,"7311/5698/5720/7314/166/3065/23198/5702/5696/51176/1488/6932/7089"
"117","Degradation of the extracellular matrix",0.228771228771229,0.935064935064935,0.0838361057159929,0.611492622673733,1.09751007601749,63,"825/6696/9507/1287/1299/5663/1298/5654/9510/960/50859/1307/2/63827/999/1634/92291/8751/170692/80781"
"118","Deposition of new CENPA-containing nucleosomes at the centromere",0.952047952047952,1,0.0102389179310485,0.365229954805515,0.638065226609044,21,"8334/8349/55166/8467/55839"
"119","Depurination",0.881118881118881,1,0.0167582341026205,0.398915436259665,0.691437696914382,15,"8334/8349/4595"
"120","Deubiquitination",0.95004995004995,1,0.0104610403416792,0.439404627107592,0.78843313086495,69,"56957/9738/387/4303/126119/7311/8334/8349/8850/4092/4792/580/5698/7048/86/672/57506/5720/7046/4194/329/991/10600/79155"
"121","Developmental Biology",0.000462527351907379,0.127657549126437,0.49849310876659,0.650743497855632,1.18430278501226,283,"4155/4099/5730/6900/5376/9839/57698/10507/6663/5962/5046/1287/8502/2549/1299/1808/3021/23114/5663/219699/57556/6720/79966/9846/4650/1298/23097/5747/3688/1495/203190/2197/4651/5364/388/1793/387/8482/4303/1785/3516/5588/6299/865/3673/4821/6938/7311/8334/3020/4756/3728/6925/10382/4637/4851/9043/3231/5435/7094/678/79784/3908/4233/23122/8349/5216/1942/25/10974/4627/8850/5295/999/7913/23405/23129/7525/10627/389"
"122","Diseases associated with O-glycosylation of proteins",0.425574425574426,1,0.0530212512043078,0.599591579299269,1.05272916536968,24,"9507/7058/9510/140766/4851/170692/29954/79695/57188/56913/4854"
"123","Diseases associated with glycosaminoglycan metabolism",0.823176823176823,1,0.0211456362513594,0.469118159913165,0.823033221265041,23,"4166/63827/633/1462/1634/9469/375790/3339/4969/6385"
"124","Diseases associated with the TLR signaling cascade",0.966033966033966,1,0.00855469372683394,0.349209188066964,0.610076574459941,21,"6271/4792/3146/7099/5970/695/4790/23643/51135/6280/4791"
"125","Diseases of Immune System",0.966033966033966,1,0.00855469372683394,0.349209188066964,0.610076574459941,21,"6271/4792/3146/7099/5970/695/4790/23643/51135/6280/4791"
"126","Diseases of glycosylation",0.597402597402597,1,0.0374584205912161,0.542845954082114,0.970112301422872,50,"9507/7058/9510/4166/140766/4851/63827/633/1462/1634/170692/29954/9469/375790/79695/57188/3339/79644/4969/56913/4854/6385"
"127","Diseases of metabolism",0.895104895104895,1,0.0156180851425484,0.473354130231383,0.853225133794907,83,"9507/7058/1593/9510/4166/140766/7311/4851/6888/100/63827/633/1462/1634/6440/170692/29954/9469/4669/375790/79695/57188/3339/79644/4969/2990/55788/56913/4854/6385/7957"
"128","Diseases of mitotic cell cycle",0.387612387612388,1,0.0573667426768556,0.626286469405781,1.08553852434203,15,"1028/1027/9134/595/7324/1021"
"129","Diseases of programmed cell death",0.665334665334665,1,0.0323604297137014,0.532784091669934,0.941359915940111,31,"3021/4000/8334/3020/5052/8349/1029/3725/8717/831/824"
"130","Diseases of signal transduction by growth factor receptors and second messengers",0.0689310689310689,0.691817273635455,0.16823816568964,0.624607307990479,1.13010661650707,131,"9444/2065/2263/2246/391/55914/2549/5663/9846/3092/3799/79885/6238/5906/1027/4000/4303/4296/8826/7039/3516/23189/7311/11221/7171/4851/3791/80824/5435/7094/4233/1849/57674/4627/8850/5295/1839/8844/7525/5154/7450/6801/4040/8496/28514/23493/57085/8878/5436/5438/5698/8087/7855/7048"
"131","Disorders of transmembrane transporters",0.985014985014985,1,0.00562708211299112,0.357249546175455,0.635439670393531,43,"6566/7311/6575/285195/4891/6513/5698/5720/55788/8086/7314/23198/1356/19/9843/5702"
"132","Downstream TCR signaling",0.691308691308691,1,0.0304894126298511,0.52662576806859,0.928638768325921,28,"5588/3122/7311/3113/3123/5295/3115/4792/3119/5698/3117/5720"
"133","Downstream signaling events of B Cell Receptor (BCR)",0.738261738261738,1,0.0271669768425399,0.495889895613964,0.864028788872862,18,"25780/7311/4792/5698/5720/4793/7314/5970/4775/23198"
"134","Drug ADME",0.354645354645355,1,0.0615706755421678,0.618477403445947,1.08727832820745,26,"6579/3290/6566/100/2950/590/55748/11309"
"135","Dual incision in TC-NER",0.774225774225774,1,0.0246382257063476,0.478117158900902,0.833061922411245,18,"7311/5435/5436/5438/57804/5981/5111/7314"
"136","ECM proteoglycans",0.363636363636364,1,0.0603786357920401,0.600127218001219,1.06591232021439,42,"1287/1299/1298/6678/3688/3673/7043/3908/63827/633/3371/1462/1634/4038/375790/3687/2335/4684/3339/1278"
"137","EGFR downregulation",0.244755244755245,0.952502043411134,0.0802023444698144,0.684046098028868,1.18565293697103,15,"6457/7039/5796/7311/2060/1839"
"138","EML4 and NUDC in mitotic spindle formation",0.695304695304695,1,0.0302041948644786,0.521203738298467,0.92139816337978,36,"1783/140609/1781/54820/10382/23122/22919/7846/348235/55166/991/55839/55920"
"139","EPH-Ephrin signaling",0.435564435564436,1,0.0519512476197082,0.593842992634857,1.04447962237469,27,"5663/5747/387/4637/79784/1942/4627/7525/10627/10398/4629/6093"
"140","EPH-ephrin mediated repulsion of cells",0.69030969030969,1,0.0305608138615649,0.514247440279116,0.891341957294572,15,"5663/1942/7525/51107/23385"
"141","EPHA-mediated growth cone collapse",0.214785214785215,0.927436200163473,0.0873098257637931,0.695963609033582,1.20630948623699,15,"387/4637/79784/1942/4627/7525/10627/10398/4629/6093"
"142","ER to Golgi Anterograde Transport",0.584415584415584,1,0.0384786917635432,0.55490883033749,0.981258498787596,32,"1783/1604/1781/7039/10382/51128/7846/79090/6711/5265/288"
"143","ER-Phagosome pathway",0.647352647352647,1,0.0336769978828608,0.537971428854227,0.951076293870298,30,"567/9341/6271/7311/3133/8773/5698/6810/5720/3146/7099/3106/8673"
"144","ERCC6 (CSB) and EHMT2 (G9a) positively regulate rRNA expression",0.345654345654346,1,0.0628003977812234,0.635692766238696,1.10761855760022,18,"3021/8334/3020/8349"
"145","ESR-mediated signaling",0.25974025974026,0.995670995670996,0.0770736734944102,0.603467346016364,1.0828495907345,71,"3021/51523/5747/1027/2770/7039/865/23189/8334/3020/5435/8349/858/8850/5295/1839/857/8243/6801/595/6667/10735/3727/3725/5436/2771/5438/94235"
"146","Elastic fibre formation",0.804195804195804,1,0.0225128737259091,0.481902376252214,0.847180522831336,26,"3688/7043/3696/84034/4052/2335/4239/2192/2202/2006/3693/7040/2200/3678"
"147","Epigenetic regulation of gene expression",0.91008991008991,1,0.0143399359768684,0.441775343686813,0.783639521216175,41,"3021/8334/3020/5435/8349/8850/7913/26147/79685/29128/8819/8467/29115/7403/4641/112869/3065/51742/53615"
"148","Estrogen-dependent gene expression",0.195804195804196,0.878731025072489,0.0925528864684773,0.630105956260285,1.12303391407214,46,"3021/51523/7039/865/23189/8334/3020/5435/8349/8850/8243/595/6667/10735/3727/3725/5436/5438"
"149","Extension of Telomeres",0.951048951048951,1,0.0103504582782501,0.343720035134356,0.596696284662303,17,"57804/100134934/5981/5111/5422/26277/79075/5424"
"150","Extra-nuclear estrogen signaling",0.36963036963037,1,0.0596037042575973,0.611371031749026,1.07807645644794,28,"5747/1027/2770/7039/858/5295/1839/857/6801/595/2771/94235/3315"
"151","Extracellular matrix organization",0.403596403596404,1,0.0554793308704233,0.564654516269324,1.02343143516374,150,"825/6696/9507/1287/83700/1299/5663/1298/6678/780/3688/23127/5654/9510/960/667/3673/7043/140766/8985/3791/50859/3691/3696/1307/10491/3908/2/63827/633/3371/999/5154/1462/7450/1634/84034/92291/8751/9644/4038/170692/4052/80781/3655"
"152","FCERI mediated NF-kB activation",0.777222777222777,1,0.0244268887168729,0.475655270493575,0.828772376530725,18,"5588/7311/4792/5698/2207/5720/7314/5970/23198/5702/4067/5696/4790"
"153","FCGR3A-mediated IL10 synthesis",0.986013986013986,1,0.0054335217582325,0.272161175522039,0.474719514463502,19,"7525/2214/2212/4067/2209/6850/108/3055/3710/5613"
"154","FCGR3A-mediated phagocytosis",0.120879120879121,0.788630724114595,0.123257226381337,0.697580064942275,1.22385278806088,23,"7456/4650/5747/4651/1793/10163/25/4627/7525"
"155","FLT3 Signaling",0.524475524475524,1,0.0434506826723125,0.573383716459936,0.995391302004756,17,"9846/1027/7311/5295/6776/10018/7314"
"156","FOXO-mediated transcription",0.0769230769230769,0.69609079445145,0.158514105424824,0.742079785925708,1.29298520569082,18,"57060/6720/10971/10628/1027/4303/847/114907/8850/857"
"157","Factors involved in megakaryocyte development and platelet production",0.0669330669330669,0.684204684204684,0.170932335370056,0.673827869388617,1.2049981460274,51,"80005/10749/3021/23303/3799/55619/1793/124602/7975/3020/3705/23348/10382/3798/221458/25/3043"
"158","Fatty acid metabolism",0.106893106893107,0.758241758241758,0.132147260608774,0.644502160358351,1.15618533474788,65,"6319/5730/64834/58526/873/1622/79966/60481/3295/3992/9261/3032/3293/91452/1632/2180/79993/1573/4051/5445/9524/32"
"159","Fatty acyl-CoA biosynthesis",0.050949050949051,0.64148096801158,0.197822021315103,0.769072337179995,1.33769554428534,16,"6319/64834/79966/60481"
"160","Fc epsilon receptor (FCERI) signaling",0.888111888111888,1,0.0161937051076875,0.452101438262513,0.798421965738808,37,"9846/5588/7311/5295/4792/3725/5698/2207/5720/5062/2353/7314/5970/4775/7462/23198/3937/695/5702/4067/5609"
"161","Fcgamma receptor (FCGR) dependent phagocytosis",0.205794205794206,0.905951191665477,0.0897104652742981,0.646581846976082,1.14336607712872,32,"7456/4650/5747/5337/4651/1793/10163/25/4627/5295/7525"
"162","Formation of the beta-catenin:TCF transactivating complex",0.365634365634366,1,0.0601186142531851,0.616064604730636,1.08083992364031,23,"3021/8334/3020/8349"
"163","Formation of the cornified envelope",0.153846153846154,0.827172827172827,0.107140237276725,0.722167780222662,1.25172901661769,15,"5046/8502/3728"
"164","G alpha (12/13) signalling events",0.295704295704296,1,0.0704500850658419,0.624070015986713,1.10374785434784,33,"57580/5364/388/387/389337/9639/9138/10672/389/9181/94235/6093/6655/55701"
"165","G alpha (i) signalling events",0.749250749250749,1,0.0263947139776277,0.514592777673713,0.927754333389861,86,"2861/1902/53637/183/5137/187/29899/2770/5998/134/718/5136/8862/7852/2771/8490/58191/94235/6001/624"
"166","G alpha (q) signalling events",0.811188811188811,1,0.0220116482772519,0.484688384184329,0.871344181960983,57,"1902/183/5588/57406/5998/5295/1839/2864/8490/94235/624"
"167","G alpha (s) signalling events",0.782217782217782,1,0.0240742072753014,0.497719317516953,0.878572057747012,35,"5151/3688/2770/5136/2771/50940/94235/10268/133/2335"
"168","G-protein mediated events",0.551448551448551,1,0.0411544018789903,0.564063697919764,0.981111215320937,16,"5137/2770/5136/2771"
"169","G1 Phase",0.30969030969031,1,0.0681513438679483,0.649480882134101,1.13164269921576,18,"1028/1027/9134/7311/25/595/1031/1029"
"170","G1/S DNA Damage Checkpoints",0.611388611388611,1,0.0363783055518278,0.546105102478533,0.951309636649965,20,"57060/1027/9134/7311/1029/5698/5720/4194/25946/7314/472/23198"
"171","G1/S Transition",0.819180819180819,1,0.0214353576364558,0.484780878457868,0.855910981398406,34,"7298/4176/1027/9134/7311/595/4174/5698/5720/5111/81620/7314/5422/3065/5933/1719/1869"
"172","G2/M Checkpoints",0.843156843156843,1,0.019677649030838,0.473227398311046,0.836584282929867,36,"4176/10971/7311/8349/4174/580/51588/5698/672/5720"
"173","G2/M DNA damage checkpoint",0.888111888111888,1,0.0161937051076875,0.425376447845994,0.74629161272668,23,"10971/8349/580/51588/672"
"174","G2/M Transition",0.744255744255744,1,0.0267456741432593,0.508002813664992,0.903584466180765,43,"9738/1781/7311/54820/10382/55755/23194/8636/22919/7846/5698"
"175","GABA B receptor activation",0.574425574425574,1,0.0392758570896778,0.560578854413612,0.971647915329974,15,"3766/2770/2771/94235"
"176","GABA receptor activation",0.586413586413586,1,0.0383205781976994,0.554488154400385,0.964455874489212,16,"3766/2770/2771/94235"
"177","GPCR downstream signalling",0.717282717282717,1,0.0286449572929609,0.526240778341866,0.9550266448104,167,"2861/1902/57580/53637/5151/3688/183/5137/5364/388/387/187/29899/2770/5588/389337/9639/57406/5998/134/718/5136/9138/10672/5295/1839/389/9181/2864/8862/7852/2771/50940/8490/58191/94235/6093/6655/10268/6001/133/55701/2335/624"
"178","GPCR ligand binding",0.993006993006993,1,0.00382852089890286,0.424435609226907,0.767914748092228,123,"2861/1902/53637/1604/183/187/134/976/718/2864/8862/3792/7852/30817/58191/7855/94235/10268/133/624/9283/1889/2919/2840/6347/5745/10161"
"179","GPER1 signaling",0.703296703296703,1,0.0296354881939192,0.511186692489074,0.889138937629677,16,"3688/2770/2771/94235/2335"
"180","GPVI-mediated activation cascade",0.491508491508492,1,0.0464154956843849,0.586294032975163,1.01977782535741,16,"391/388/387/5295"
"181","Gap junction trafficking",0.0979020979020979,0.73029673029673,0.13880510939114,0.730330796140081,1.26785065776252,17,"2705/57165/1785/4646/10382"
"182","Gap junction trafficking and regulation",0.0719280719280719,0.694064556133522,0.16440575583821,0.745448388244076,1.2988545920346,18,"2705/57165/1785/7082/4646/10382"
"183","Gap-filling DNA repair synthesis and ligation in TC-NER",0.748251748251748,1,0.0264649017470855,0.489412626944068,0.851265945646459,16,"7311/5435/5436/5438/57804/5981/5111/7314"
"184","Gastrulation",0.595404595404595,1,0.0376142599562161,0.549997961687985,0.972741927280359,33,"9839/3516/4851/8850/999/28514/7852/5698/5720/84441"
"185","Gene Silencing by RNA",0.534465534465534,1,0.0425877779273254,0.570283028520453,1.00687037856881,34,"3021/8334/3020/5435/8349/23405/5436/5438/4603"
"186","Gene and protein expression by JAK-STAT signaling after Interleukin-12 stimulation",0.89010989010989,1,0.0160304351647231,0.393293417185802,0.684079801511663,16,"6888/3185/5062/3936/1265/5908/302/998/4478/552900/3181/9049"
"187","Gene expression (Transcription)",0.998001998001998,1,0.00204130030921835,0.469350914794228,0.858393316169438,411,"4336/5305/10397/28996/6696/28984/57060/3021/6720/4784/117584/22936/79885/6446/10971/10628/284119/1027/4303/9134/7039/3516/5588/865/4904/7082/6938/7311/8334/4782/3020/4774/4851/5052/5435/144348/348/6599/847/114907/4233/8349/665/25/5978/8850/7913/23405/142/857/7525/94241/2593/7832/595/6667/4781/10398/7122/22794/4092/1029/285971/28514/1997/23493/54541/3725/3977/580/5436/5438/5698/4603/285268/86/133383/23460/389541/619279/7562/7324/1912/10212/26147/9612/83737/672/23314/79685/4929/5720/8409/1021/6884/1490/84441/4194/29128/9891/1278/2289/8819"
"188","Generation of second messenger molecules",0.624375624375624,1,0.0353910624222457,0.541852404376209,0.944112959029691,18,"3122/3113/3123/3115/3119/55740/3117/2533/5062"
"189","Generic Transcription Pathway",0.976023976023976,1,0.00715048391330487,0.484918148906603,0.884494830329294,342,"4336/5305/10397/28996/6696/28984/57060/3021/6720/117584/79885/6446/10971/10628/1027/4303/9134/7039/3516/5588/865/4904/7082/6938/7311/8334/3020/4851/5052/5435/144348/348/6599/847/114907/4233/8349/665/25/5978/8850/7913/142/857/7525/94241/2593/7832/595/6667/10398/7122/4092/1029/285971/28514/1997/23493/54541/3725/3977/580/5436/5438/5698/285268/86/133383/23460/389541/619279/7562/7324/1912/9612/83737/672/23314/4929/5720/8409/1021/6884/1490/84441/4194/9891/1278/2289"
"190","Global Genome Nucleotide Excision Repair (GG-NER)",0.857142857142857,1,0.018625883535806,0.43811187092207,0.763357496435669,18,"7311/142/86/9557/57804/5981/5111/7314/29844/5424/5427/10445/1643"
"191","Glucose metabolism",0.972027972027972,1,0.00773927265828568,0.340680181784451,0.597698258978329,23,"10165/3099/8086/5208/5210/6576/5209/5224"
"192","Glycerophospholipid biosynthesis",0.177822177822178,0.870468374600606,0.0982123351217438,0.650635705010418,1.15021151917105,36,"23446/11145/5337/2819/5920/56895/3032/54947/129642/590"
"193","Glycolysis",0.977022977022977,1,0.00699634910626994,0.297661818549479,0.51673944797798,17,"57122/53371/3101/229/23279/5211/2027/80201/4928/348995/23225/5224/5209/5210/5208/8086/3099"
"194","Glycosaminoglycan metabolism",0.725274725274725,1,0.0280810636309052,0.514462777961343,0.918037424462476,48,"960/4166/6484/27087/11046/347734/63827/633/1462/3340/10402/1634/9469/9951/4669/375790/60495/3339/4969/2990/6385"
"195","Golgi Associated Vesicle Biogenesis",0.0529470529470529,0.64148096801158,0.193813302725311,0.768558200341521,1.33421324279591,17,"2495/2512/6272/9026/8301/1785/152503/2647"
"196","Golgi-to-ER retrograde transport",0.051948051948052,0.64148096801158,0.195789002148949,0.710146123242434,1.25546284946442,30,"10749/1783/23303/3799/1781/124602/10382/3798/221458"
"197","HATs acetylate histones",0.981018981018981,1,0.00634596373149448,0.3255875204009,0.572380256569289,26,"8334/8349/8850/86/9767/112869/8520/7994/6881/26009/8344/10445/8347"
"198","HCMV Early Events",0.457542457542458,1,0.0496901392724606,0.584546762763939,1.03366796046846,32,"1783/3688/1781/8334/10382/8349/7846"
"199","HCMV Infection",0.512487512487512,1,0.0445070537769277,0.573503433953813,1.01413471525375,38,"1783/3688/1781/89853/8334/10382/8349/29082/7846"
"200","HCMV Late Events",0.84015984015984,1,0.0199001825208318,0.461096928581003,0.810604712243068,26,"89853/8334/8349/29082"
"201","HDACs deacetylate histones",0.924075924075924,1,0.0130773356900516,0.400081570983077,0.702041113499448,25,"8334/8349/5978/10362/9612/79685/8819/3065/51742/53615"
"202","HDR through Homologous Recombination (HRR)",0.922077922077922,1,0.0132626420191661,0.392949533257002,0.686491974945099,21,"7311/580/57804/672/5981/5111/7314/472/5890/5424/5427"
"203","HDR through Homologous Recombination (HRR) or Single Strand Annealing (SSA)",0.992007992007992,1,0.00409492237559551,0.346545842822956,0.61471746268791,41,"7311/8349/25/580/51588/57804/672/8914/5981/5111/151987/7314/472"
"204","HIV Infection",0.97002997002997,1,0.00801915843678622,0.401325479167169,0.716855433119025,49,"567/89853/7311/5435/29082/7852/5436/5438/5698/5720/6884/8086/5062/7314/9525/23198/6881/93343/8815/5702"
"205","HIV Life Cycle",0.927072927072927,1,0.0127958872528513,0.418489183293358,0.738715356167362,35,"89853/7311/5435/29082/7852/5436/5438/6884/8086/7314/9525/6881/93343/8815/6872"
"206","Hedgehog 'off' state",0.929070929070929,1,0.012605799966357,0.403059382621002,0.708920231400991,27,"7311/10382/7846/5698/83737/5720/7314/23198/7289/8481/5702/5696"
"207","Hedgehog 'on' state",0.647352647352647,1,0.0336769978828608,0.534758219176561,0.931543479215952,20,"64399/7311/5698/83737/5720/339745"
"208","Heme signaling",0.575424575424575,1,0.0391956336118146,0.557456822947255,0.969619465084825,16,"4780/7975/3040/3043/3039/64784/571/7099/200186/3162/85441"
"209","Hemostasis",0.00268237224634112,0.226111864272214,0.431707695803346,0.65057983230074,1.18340484974782,225,"7018/4099/6414/928/3920/391/80005/10749/83700/3021/23303/5027/6678/3959/3799/967/5747/972/3688/27345/55619/308/388/1793/5906/387/10411/7114/124602/2770/5588/960/3673/6814/7043/6566/23052/7975/3020/3705/23348/10382/2888/7094/57406/81/8407/3798/1191/5269/221458/2/5136/5216/12/25/10672/5295/3043/857/7525/5154/6402/7450"
"210","Heparan sulfate/heparin (HS-GAG) metabolism",0.487512487512487,1,0.046788296531803,0.583915971730361,1.02520681541946,24,"27087/11046/63827/633/1462/3340/1634/9951/4669/375790/60495/3339/2990/6385"
"211","Homology Directed Repair",0.979020979020979,1,0.00667841440698826,0.366964712524577,0.651782149569297,42,"7311/8349/25/142/580/51588/57804/672/8914/5981/5111/151987/7314/472"
"212","Host Interactions of HIV factors",0.963036963036963,1,0.00893801210835004,0.356870083851029,0.627680270779484,27,"567/7311/5698/5720/8086/5062/7314/23198/8815/5702/5696/920/926/1794/23225/3055"
"213","ISG15 antiviral mechanism",0.913086913086913,1,0.0140757415299283,0.400226349640919,0.698098316237068,19,"7311/7324/9636/2317/8086/7314/51191/23586/7318/4600/23225"
"214","Immunoregulatory interactions between a Lymphoid and a non-Lymphoid cell",0.977022977022977,1,0.00699634910626994,0.399881265632297,0.718557138813663,60,"933/567/3688/3133/718/999/6402/7305/11006/2214/54209/8519/81035/1278/3106/4267/23547/3689/3903/2213"
"215","Infectious disease",0.846153846153846,1,0.0194541744944906,0.513655891400506,0.93510983866436,270,"928/51114/51125/7456/1783/4124/1915/567/4650/5027/5747/3688/10971/10628/2197/121601/4651/1793/1781/6457/2339/5589/2530/4780/2770/89853/84061/7082/6484/7311/8334/1312/10382/80824/5435/10163/2060/253832/53828/51128/3133/718/4233/8349/684/25/57674/5978/4627/999/1839/143/142/857/7525/51201/6667/29082/10362/5348/4792/957/3725/7852/7846/5436/2771/1938/375790/5438/5698/3178/2342/94235/6093/9051/2214/256435/9612/83737/79685/57506/5720/9636/6884/3339/2687/8819/1603/6843/83666/3656/3106/84168/85437"
"216","Influenza Infection",0.526473526473527,1,0.0432768714901103,0.569851893988967,0.992898718354788,18,"2197/7311/5435/142/5436/5438/9636/8086/7040"
"217","Inhibition of DNA recombination at telomere",0.406593406593407,1,0.0551351763385257,0.613898929273166,1.06940580612798,20,"3021/8334/3020/5435/8349/5436/5438"
"218","Innate Immune System",0.782217782217782,1,0.0240742072753014,0.523855617674483,0.956229909027407,361,"2495/3920/2934/6285/2512/11240/9725/51125/391/1471/7456/11322/3916/23114/5663/1915/567/9846/4650/5027/967/5747/1604/5337/10628/4651/6271/1793/5906/272/387/5589/1785/8826/5588/960/84061/54941/64114/10577/158747/7311/3728/25801/5435/10163/2760/1992/2950/55313/847/3133/1191/976/9261/23220/718/5269/12/684/1849/25/4627/5295/3043/1116/7525/6402/7130/81844/53916/8992/8773/9961/3428/2519/22875/7305/127829/4792/175/1512/3725/713/6282/51071/23250/1938/5698/3687/210/6093/9051/57161/2214/9798/122618/653361/54209/2207/83737/4842/57506/5720/26578/9636/714/51816/712/3146/7099/374395/683/6556/5788/4973/25840/710/2990/3656/4793/2919/968/3106/329/196051/475/64581/5265/8673/10875/1514/1378/4125/9450"
"219","Integration of energy metabolism",0.246753246753247,0.952502043411134,0.0797705918628453,0.648618241889427,1.14082096573726,27,"79602/5906/10411/2770/8826/6888/2864/6513/2771/94235/32"
"220","Integrin cell surface interactions",0.245754245754246,0.952502043411134,0.0799858801499946,0.619072446352209,1.10515674535849,47,"6696/1287/83700/1299/1298/3688/960/3673/3791/3696/1307/3371/999/7450/80781/3655/375790/3687/2335"
"221","Interferon Signaling",0.881118881118881,1,0.0167582341026205,0.484394276521352,0.87504574061828,101,"3306/567/10410/4502/23321/960/3122/4904/7311/10382/3113/3133/3433/3123/684/4092/3669/3429/3115/3119/7846/10379/10581/55223/2178/7324/3117/8519/57506/9636/4684/2317/3106/8086/2187/199990/3459/3437/3660/3430/7314/10437/4938/6774/10346/5777/3665/2537"
"222","Interferon alpha/beta signaling",0.89010989010989,1,0.0160304351647231,0.450426761400832,0.795464446300208,37,"10410/7311/3133/3433/684/3669/3429/10379/10581/8519/9636/3106/3437/3660/3430/7314/4938/5777/3665/2537"
"223","Interferon gamma signaling",0.807192807192807,1,0.0222983800506052,0.487962061628782,0.87074799865647,48,"567/4502/23321/960/3122/4904/3113/3133/3123/4092/3115/3119/10379/55223/3117/4684/3106/3459/3660/10437/4938/10346/5777/3665"
"224","Interleukin-1 family signaling",0.943056943056943,1,0.0112106917277743,0.422143858727479,0.751814122813769,45,"6285/7311/4792/8878/5698/57161/5720/3146/5782/3656/4793/11141/79155/7314/6774/5970/5777/23198/79792"
"225","Interleukin-1 signaling",0.864135864135864,1,0.0180905963991599,0.456576082408928,0.807513353303176,33,"6285/7311/4792/8878/5698/57161/5720/3146/3656/4793/79155/7314/5970"
"226","Interleukin-10 signaling",0.97002997002997,1,0.00801915843678622,0.349473832730411,0.617832583313549,30,"1435/7076/2919/6347/6351/6348/6774/6363/7133/7132/3553/6352/6349/3552/942/3606/3592/1230/5724/3576/2357/3569"
"227","Interleukin-12 family signaling",0.898101898101898,1,0.0153676328786693,0.413813975846577,0.722942641474019,21,"6888/3185/3572/6845/5062/3936/1265/5908/6774/302"
"228","Interleukin-12 signaling",0.921078921078921,1,0.0133546284394486,0.387713739301986,0.675544784359245,18,"6888/3185/6845/5062/3936/1265/5908/302/998/4478/3592/552900/3181"
"229","Interleukin-17 signaling",0.771228771228771,1,0.0248493879589072,0.479709161317623,0.834388101905236,16,"7311/9261/1849/3725/3656/79155/2353/7314/7867/5609/4790/84818"
"230","Interleukin-2 family signaling",0.759240759240759,1,0.0256927476530375,0.48734227305291,0.846023780882848,17,"9846/5295/84868/3965/6655/6776/6774/1438/5777/3636/3635"
"231","Interleukin-3, Interleukin-5 and GM-CSF signaling",0.822177822177822,1,0.0212181723861707,0.461556535625118,0.805074030376052,19,"9846/7311/5295/7525/6776/7314/1438/5777/3636/3635"
"232","Interleukin-4 and Interleukin-13 signaling",0.909090909090909,1,0.0144273071264209,0.44162913935021,0.78711285936155,46,"58480/3688/6624/7431/5295/595/3687/3597/2335/1278/7076/6347/2353/3689/7040/6774/3162"
"233","Intra-Golgi and retrograde Golgi-to-ER traffic",0.0749250749250749,0.69609079445145,0.160801401070022,0.669229315095747,1.1967746075704,51,"10749/1783/4124/9341/23303/3799/1781/124602/10226/10382/4122/22836/9267/3798/221458"
"234","Intracellular signaling by second messengers",0.0839160839160839,0.712641204948897,0.151148761385484,0.646848374207429,1.16440390563003,79,"5305/2065/2263/2246/391/2549/9846/6446/23239/5137/1027/4303/7039/7311/4233/5136/5978/5295/1839/5154/6801"
"235","Intrinsic Pathway for Apoptosis",0.271728271728272,1,0.0747385227439092,0.659317204610974,1.14878131379901,18,"5414/10971/55075/51074/1029"
"236","Ion channel transport",0.18981018981019,0.870468374600606,0.0943563635421779,0.63565085170918,1.1306319966522,43,"94015/65125/7439/6446/121601/23120/10110/22802/7311/53828/140803/8992/5348/9635/57348/23250"
"237","KEAP1-NFE2L2 pathway",0.681318681318681,1,0.0312052969963336,0.528637464562618,0.93358642087351,37,"4780/7975/7311/4851/6888/5052/468/5154/6667/1029/8878/5698/571/672/5720/1728/6347/7314/2729/5970/3162/23198/6649"
"238","Keratinization",0.153846153846154,0.827172827172827,0.107140237276725,0.722167780222662,1.25172901661769,15,"5046/8502/3728"
"239","Kinesins",0.0669330669330669,0.684204684204684,0.170932335370056,0.741852348480035,1.29398245726468,19,"10749/23303/3799/124602/10382/3798/221458/7846"
"240","L1CAM interactions",0.00934116187841357,0.275727408030674,0.380730400722792,0.763819297545303,1.34956895480304,31,"6900/57698/5962/1808/23114/3688/1785/3673/10382"
"241","Laminin interactions",0.356643356643357,1,0.0613026075396207,0.631621436134639,1.10052475220103,18,"1287/3688/3673/3691/3908/80781/3655"
"242","Late Phase of HIV Life Cycle",0.883116883116883,1,0.0165979932903048,0.438968022176498,0.775599172192372,31,"89853/7311/5435/29082/5436/5438/6884/8086/7314/9525/6881/93343"
"243","Late SARS-CoV-2 Infection Events",0.0959040959040959,0.725192615603575,0.140406238523342,0.698799856158779,1.22848455759682,26,"51114/51125/4124/121601/5589/2530/84061/6484/7311/253832/143/51201"
"244","Leishmania infection",0.788211788211788,1,0.0236501012290726,0.501358422525439,0.89962740523867,71,"7456/4650/5027/5747/10628/4651/1793/2770/10163/718/25/4627/7525/957/3725/2771/94235/9051/2214"
"245","Leishmania parasite growth and survival",0.987012987012987,1,0.00523322083191526,0.324782221314729,0.573423338541194,34,"2770/4627/7525/2771/94235/2214/2687/2212/2791/79651"
"246","Leishmania phagocytosis",0.120879120879121,0.788630724114595,0.123257226381337,0.697580064942275,1.22385278806088,23,"7456/4650/5747/4651/1793/10163/25/4627/7525"
"247","Loss of Nlp from mitotic centrosomes",0.324675324675325,1,0.0658311958368866,0.636700580785786,1.11233072483752,21,"9738/1781/54820/10382/55755/8636/22919/7846"
"248","Loss of proteins required for interphase microtubule organization from the centrosome",0.324675324675325,1,0.0658311958368866,0.636700580785786,1.11233072483752,21,"9738/1781/54820/10382/55755/8636/22919/7846"
"249","M Phase",0.89010989010989,1,0.0160304351647231,0.486889820401413,0.880351600370447,112,"22933/3021/1783/9738/140609/1781/4000/7311/8334/3020/54820/10382/55755/7444/8636/23122/8349/8243/9918/22919/29082/10735/7846/5698/23397/9798/348235/7324/5720/55166/200014/991/121441/7112/8086/51433"
"250","MAPK family signaling cascades",0.0569430569430569,0.64148096801158,0.186432558434075,0.650999179843626,1.17379884447652,87,"2065/2263/2246/51114/51125/989/25780/5747/5906/51104/2339/10435/4296/8826/7039/5588/7311/11221/80824/7094/22821/81926/4233/1849/5295/1839/8844/5154/7450/5900"
"251","MAPK1/MAPK3 signaling",0.02997002997003,0.533659888498598,0.261663521711573,0.67659598339028,1.21693248502184,75,"2065/2263/2246/51114/51125/25780/5747/5906/51104/2339/4296/8826/7039/5588/7311/11221/80824/7094/22821/81926/4233/1849/5295/1839/8844/5154/7450/5900"
"252","MAPK6/MAPK4 signaling",0.654345654345654,1,0.0331626424471441,0.53022940241188,0.92632309960685,21,"989/10435/7311/8555/3725/5698/3315/5720"
"253","MET promotes cell motility",0.130869130869131,0.788630724114595,0.11776578836269,0.71965553139245,1.24931845084531,17,"2549/5747/3688/5906/3673/3908/4233"
"254","MHC class II antigen presentation",0.158841158841159,0.835050663622092,0.105125131597001,0.652098248981309,1.15383334263624,39,"1783/3799/114876/972/1781/1785/3122/10382/3113/51128/3798/3123/3115/3119/1512/7846"
"255","Macroautophagy",0.268731268731269,1,0.0753093764172773,0.62884429898706,1.11026396669147,34,"1783/1781/84938/7311/10226/10382/64422/7431/29082/123/7846/8878/11337/389541/2034"
"256","Major pathway of rRNA processing in the nucleolus and cytosol",0.618381618381618,1,0.0358449292332649,0.546698110991054,0.947588507267093,15,"2197/7311/8780/11340/2091"
"257","Maternal to zygotic transition (MZT)",0.355644355644356,1,0.0614364107201271,0.618927911259723,1.08586338382045,23,"3021/8334/3020/678/8349/23405"
"258","Meiosis",0.103896103896104,0.754613807245386,0.134273452883202,0.679179397683671,1.19913373371126,34,"3306/25777/3021/4000/8334/3020/8349/8243/10735"
"259","Meiotic recombination",0.579420579420579,1,0.038875878582578,0.554846987965418,0.973438128890409,23,"3021/8334/3020/8349"
"260","Meiotic synapsis",0.0909090909090909,0.716883116883117,0.144630528034484,0.705316014655429,1.23835418152108,24,"3306/25777/4000/8334/8349/8243/10735"
"261","Membrane Trafficking",0.00576304005991317,0.259479795108778,0.407017918923954,0.649224143253058,1.17936260695519,183,"7018/2495/2512/2705/8871/57165/10749/6272/274/4036/1783/4124/950/9341/23303/3092/3799/26119/23048/23258/9026/1604/10971/1781/8301/6457/9363/124602/1785/7039/89853/7082/6814/7311/10226/4646/10382/22905/4122/22836/9267/2060/51128/3798/29763/221458/4627/1839/23149/152503/2647/55357/143425/338382/29082/8773"
"262","Metabolism of RNA",0.998001998001998,1,0.00204130030921835,0.374909852663671,0.678093040460372,119,"2197/4904/7311/5435/3185/9261/9130/10767/7538/22794/54482/5436/677/57819/116461/5438/5698/3178/87178/84081/81605/8780/3315/10212/5720/85437/84844/8086/5725/7314/6637/11066/79165/11340/23198/2091/84991/84811/84950/93587"
"263","Metabolism of amino acids and derivatives",0.0769230769230769,0.69609079445145,0.158514105424824,0.640914024753161,1.15703021879778,90,"5860/57571/23446/2346/443/125061/2628/29968/2197/256987/2653/26227/6535/7311/10165/2752/10157/4357/6539/7263/1373/51074/9380/262/2593/501"
"264","Metabolism of carbohydrates",0.933066933066933,1,0.01221929569568,0.461792996176121,0.833514780139503,93,"960/4166/6484/216/7311/10165/6888/27087/11046/347734/63827/633/1462/3340/10402/1634/51084/51071/6513/9469/9951/4669/375790/60495/5837/3339/4969/2990/3099/6385/8086/4125/7957"
"265","Metabolism of fat-soluble vitamins",0.654345654345654,1,0.0331626424471441,0.531292987207645,0.93211437130887,23,"4036/338328/348/5947/26020/375790/54884/3339/1645/6385"
"266","Metabolism of lipids",0.027972027972028,0.514685314685315,0.271288554688953,0.621618799161389,1.13122232986487,236,"6319/5730/5305/23446/7368/79152/11145/64834/58526/6579/873/8612/51228/8871/29956/1622/4036/54893/6720/79966/23097/26119/114876/5337/1593/183/3991/9517/60481/3295/3290/706/2819/10226/3992/55331/79603/5287/5920/56895/8611/4047/2760/51128/376497/9261/3032/54947/5295/3638/129642/2531/857/56898/590/6667/8898/3293/51170/91452/1632/2180/123/2581"
"267","Metabolism of nucleotides",0.441558441558442,1,0.0513223330421143,0.594088796075843,1.0424743106507,25,"7298/272/100/204/131870/30833/957"
"268","Metabolism of proteins",0.92007992007992,1,0.0134461833974729,0.509454220518628,0.933250296626868,485,"7018/28996/6696/2934/64856/9507/8073/1471/23555/3021/7058/1783/79739/1936/4124/1915/11226/567/84909/3799/56957/1604/9738/2197/183/83475/338328/1368/1781/387/9510/9363/5589/2530/4303/4780/9134/7039/3956/84061/23621/63971/140766/126119/6484/7311/8334/3020/10382/1155/4122/23194/348/7704/51128/3798/25793/114907/718/3895/8349/23471/117248/8850/23287/3371/51088/1435/80176/142/6468/1462/51201/8243/590/53916/338382/10402/4092/2519/1029/10735/2864/84752/4792/6440/1512/22846/7846/580/170692/8878/4052/29954/26118/1938/23478/5204/84628/5872/4286/51588/3490/51035/5698/92912/51389/79090/7048/94235/86/51604/128869/5082/79695/2335/56955/6711/29995/7324/1912/2034/256435/9612/672/23314/57506/4929/5720/1360/57188/27314/51816/8404/7046/683/1755/8669/3339/4194/8666/5277"
"269","Metabolism of steroids",0.0729270729270729,0.694064556133522,0.163180127180689,0.6672861517163,1.19249761277799,50,"6319/6579/4036/6720/26119/114876/1593/3295/3290/706/4047/51128/3638/6667/3293/51170"
"270","Metabolism of vitamins and cofactors",0.936063936063936,1,0.0119234526278759,0.454365616479524,0.815178247257581,70,"5168/4036/26119/338328/348/143/5947/26020/6513/375790/54884/32/1528/683/3339/83666/55788/1645/6385/254552/55191/3949/84875/5096/25974/1719/4837/8644/60490/316/344/686/952/4337"
"271","Metabolism of water-soluble vitamins and cofactors",0.731268731268731,1,0.0276588991389961,0.513130233985163,0.914548814172875,46,"5168/4036/26119/143/6513/32/1528/683/83666/55788/254552/55191/84875/5096/25974/1719/4837/60490/316/686/952/4337"
"272","Mitochondrial biogenesis",0.765234765234765,1,0.0252712808055621,0.484507127365894,0.84110198196223,17,"521/55902/64784/517/200186/85441/27109/5465"
"273","Mitotic Anaphase",0.705294705294705,1,0.0294936424723046,0.520793634420963,0.934768111449527,66,"22933/1783/1781/4000/7311/54820/10382/7444/23122/8243/22919/29082/10735/7846/5698/9798/348235/7324/5720/55166/200014/991/7112/51433/55839"
"274","Mitotic G1 phase and G1/S transition",0.621378621378621,1,0.0356176233437444,0.5410067135678,0.960905794660096,42,"1028/7298/4176/1027/9134/7311/25/595/1031/1029/4174"
"275","Mitotic G2-G2/M phases",0.781218781218781,1,0.0241447930798382,0.496578669190642,0.884263952076166,44,"9738/1781/7311/54820/10382/55755/23194/8636/22919/7846/5698"
"276","Mitotic Metaphase and Anaphase",0.705294705294705,1,0.0294936424723046,0.520793634420963,0.934768111449527,66,"22933/1783/1781/4000/7311/54820/10382/7444/23122/8243/22919/29082/10735/7846/5698/9798/348235/7324/5720/55166/200014/991/7112/51433/55839"
"277","Mitotic Prometaphase",0.804195804195804,1,0.0225128737259091,0.495970090925011,0.890510974042962,62,"1783/9738/140609/1781/54820/10382/55755/8636/23122/8243/9918/22919/10735/7846/23397/348235/55166/991/121441/55839/55920/10051/10592"
"278","Mitotic Prophase",0.466533466533467,1,0.0487989701682839,0.583007582675438,1.03158318390142,39,"3021/140609/4000/8334/3020/7444/8349"
"279","Mitotic Spindle Checkpoint",0.81018981018981,1,0.0220834140571177,0.486599887896305,0.860614303576607,33,"1783/1781/54820/23122/22919/348235/7324/55166/991/51433/55839/55920"
"280","Molecules associated with elastic fibres",0.684315684315684,1,0.0309900819310557,0.520790767895219,0.913689001903563,23,"3688/7043/3696/84034/4052/2335/4239/2192/2202/2006/3693/7040/2200"
"281","Muscle contraction",0.73026973026973,1,0.0277292221875017,0.509902291447614,0.916256806974393,60,"28996/8291/4638/54207/7171/4637/7094/53828/7431/8850/10627/10398/5348/800/59/4629"
"282","MyD88 cascade initiated on plasma membrane",0.705294705294705,1,0.0294936424723046,0.521934664880908,0.921477172202242,29,"6285/7311/9261/1849/4792/3725/57161/3146/3656/4793/79155/2353/7314/5970"
"283","MyD88 dependent cascade initiated on endosome",0.773226773226773,1,0.0247086313801197,0.501583696488139,0.88696239476482,32,"6285/7311/9261/1849/4792/3725/57161/3146/7099/3656/4793/79155/2353/7314/5970/3665"
"284","MyD88-independent TLR4 cascade",0.73026973026973,1,0.0277292221875017,0.514431248780667,0.909459758083102,30,"6285/7311/9261/1849/4792/3725/3146/7099/3656/4793/329/79155/2353/7314/5970/3665"
"285","MyD88:MAL(TIRAP) cascade initiated on plasma membrane",0.826173826173826,1,0.0209275853209046,0.483954169622422,0.856316449385516,39,"6285/6271/7311/9261/1849/4792/3725/57161/3146/7099/3656/4793/79155/2353/7314/5970"
"286","NCAM signaling for neurite out-growth",0.0106862623010595,0.294940839509242,0.380730400722792,0.805904746287492,1.40570641322222,19,"6900/1287/1299/1298/5747"
"287","NGF-stimulated transcription",0.22977022977023,0.935064935064935,0.0835990603684159,0.689547090569605,1.19518777384967,15,"6446/6457/1785/6938/3399/3398/5978/3397/3727"
"288","NOTCH1 Intracellular Domain Regulates Transcription",0.663336663336663,1,0.0325057651164641,0.530118040722977,0.923667234877674,18,"79885/3516/7311/4851/8850/23493/9612/84441/10014/7314/3065"
"289","NR1H2 and NR1H3-mediated signaling",0.0569430569430569,0.64148096801158,0.186432558434075,0.758811367160005,1.32213798334906,18,"6319/347/6720/29116/348"
"290","NRAGE signals death through JNK",0.483516483516484,1,0.0471642455670861,0.585766522291057,1.02334773987709,21,"57580/389337/9639/9138/10672/9181/6655/55701/10276/10018/23370"
"291","Neddylation",0.921078921078921,1,0.0133546284394486,0.432842131190008,0.773151094394205,49,"4780/7311/23194/7704/25793/114907/51088/80176/6468/8878/26118/5698/2034/672/5720/122416/51122/7314/56995/84727/23198/51666/9306/9817/5702"
"292","Negative epigenetic regulation of rRNA expression",0.677322677322677,1,0.0314928902471297,0.523520159444862,0.920344252793472,26,"3021/8334/3020/5435/8349/79685/8819/8467/29115"
"293","Negative regulation of the PI3K/AKT network",0.00524251498949909,0.259479795108778,0.407017918923954,0.7754401839876,1.37084427611665,36,"5305/2065/2263/2246/391/2549/9846/23239/7039/4233/5295/1839/5154/6801"
"294","Nervous system development",0.000312150510348751,0.127657549126437,0.49849310876659,0.692645214591434,1.25375612607436,137,"4155/4099/6900/5376/57698/10507/6663/5962/1287/2549/1299/1808/23114/5663/219699/57556/79966/9846/4650/1298/5747/3688/2197/4651/5364/388/1793/387/8482/1785/5588/3673/7311/4756/10382/4637/7094/79784/3908/4233/23122/5216/1942/25/4627/5295/23129/7525/10627/389/10398/80031/22794/7305"
"295","Netrin-1 signaling",0.0277862169129706,0.514685314685315,0.352487857583619,0.813653018895349,1.41029982381085,15,"219699/5747/4651/1793/5588/4756"
"296","Neuronal System",0.340659340659341,1,0.0635007968065945,0.586217575713273,1.05526126666991,79,"5789/131096/54407/3766/27345/8495/2770/54207/1312/4646/10382/2752/9454/6539/23136/143425/590/8496/114798/83988/7846/2771/1739/94235/610/2037"
"297","Neurotransmitter receptors and postsynaptic signal transmission",0.823176823176823,1,0.0211456362513594,0.483194762623016,0.855538649361428,40,"3766/2770/4646/10382/83988/7846/2771/1739/94235/2900/4900"
"298","Neutrophil degranulation",0.266733266733267,1,0.0756946307932749,0.576029210985957,1.04671814469674,193,"2495/3920/2934/2512/11240/9725/51125/391/1471/11322/3916/23114/5663/1915/567/967/1604/5337/5906/272/387/8826/960/84061/64114/10577/158747/3728/25801/2760/1992/2950/55313/847/976/718/5269/12/684/3043/1116/6402/7130/53916/8773/9961/2519/22875/7305/127829"
"299","NoRC negatively regulates rRNA expression",0.631368631368631,1,0.0348652196832942,0.538555618739435,0.945027748546833,25,"3021/8334/3020/5435/8349/79685/8819/8467/29115"
"300","Non-integrin membrane-ECM interactions",0.541458541458541,1,0.0419926218968594,0.565676423251718,0.998703374106048,29,"1287/780/3688/3673/3691/3908/3371/5154/3655/375790/2335/3339/1278/6385"
"301","Nonhomologous End-Joining (NHEJ)",0.979020979020979,1,0.00667841440698826,0.31490140975025,0.548555112066267,20,"8349/580/51588/672/472/27434/8344/84142/8347"
"302","Nuclear Envelope (NE) Reassembly",0.41958041958042,1,0.0536769600638126,0.601383004797974,1.05527378651958,25,"22933/4000/10382/7444/29082/7846/9798/200014/7112"
"303","Nuclear Envelope Breakdown",0.518481518481518,1,0.0439759278026345,0.572887412721032,0.998187746416995,18,"140609/4000/7444/7112/8086"
"304","Nuclear Events (kinase and transcription factor activation)",0.161838161838162,0.837384837384837,0.103958471559957,0.704908042408928,1.22371688275189,17,"6446/6457/1785/6938/3399/3398/9261/1849/5978/3397/3727"
"305","Nuclear events mediated by NFE2L2",0.636363636363636,1,0.0344919215094074,0.541248385206331,0.956315217302321,31,"4780/7975/7311/4851/6888/5052/468/5154/6667/1029/8878/5698/571/5720/1728/6347/7314/2729/5970/3162/6649"
"306","Nuclear signaling by ERBB4",0.0569430569430569,0.64148096801158,0.186432558434075,0.764158646430866,1.32657563891974,17,"2670/6285/3925/5663/6678/348/1839"
"307","Nucleosome assembly",0.952047952047952,1,0.0102389179310485,0.365229954805515,0.638065226609044,21,"8334/8349/55166/8467/55839"
"308","Nucleotide Excision Repair",0.87012987012987,1,0.0176259777744384,0.442400137526869,0.776299404140287,25,"7311/5435/142/5436/5438/86/9557/57804/5981/5111/7314/29844/10450/5424/5427/10445/1643"
"309","Nucleotide-binding domain, leucine rich repeat containing receptor (NLR) signaling pathways",0.703296703296703,1,0.0296354881939192,0.512743854499132,0.895775440674351,21,"5027/10628/7311/9051/83737/3656/329/7314/5970/29108/3162"
"310","O-glycosylation of TSR domain-containing proteins",0.132867132867133,0.788630724114595,0.116739204791222,0.725360586710567,1.26166496691433,16,"9507/7058/9510/140766/170692"
"311","O-linked glycosylation",0.525474525474525,1,0.0433636987883266,0.57125939313082,1.00885776732573,37,"9507/7058/11226/9510/140766/6484/117248/84752/170692/29954/79695/256435/57188"
"312","O-linked glycosylation of mucins",0.795204795204795,1,0.0231538258045259,0.479391786123397,0.835095705570621,20,"11226/6484/117248/84752/79695/256435/56913"
"313","Oncogene Induced Senescence",0.679320679320679,1,0.0313490001730997,0.517957653268727,0.897772846880224,15,"7311/3397/6667/1031/1029/2113/1021/4194/7314/1030/1869/2077/1019"
"314","Oncogenic MAPK signaling",0.155844155844156,0.827172827172827,0.106323255932708,0.682771515617842,1.1978722801756,23,"9444/5906/4000/4296/8826/11221/80824/7094/1849/8844/7450/57085/8087/2335"
"315","Opioid Signalling",0.739260739260739,1,0.0270967423183296,0.502660067655488,0.875628819707991,20,"5137/2770/5136/2771/94235"
"316","Orc1 removal from chromatin",0.706293706293706,1,0.0294227657846801,0.508690112472702,0.881709474842918,15,"4176/7311/4174/5698/5720/81620/7314/23198"
"317","Organelle biogenesis and maintenance",0.676323676323676,1,0.0315649069021069,0.521457152203634,0.938352637405562,58,"9738/521/1781/4735/54820/10382/55755/8636/55902/22919/7846/64784/92482"
"318","Ovarian tumor domain proteases",0.495504495504495,1,0.0460457683018055,0.585146341850386,1.01581116163154,17,"56957/387/7311/57506/79155/7314"
"319","Oxidative Stress Induced Senescence",0.578421578421578,1,0.0389556479965885,0.555164046528504,0.979973253156066,35,"9448/3021/7311/8334/3020/9261/8349/1031/1029/3725"
"320","PCP/CE pathway",0.793206793206793,1,0.0232958000490367,0.480306985995572,0.83910747688909,21,"387/7311/5216/23513/5698/7855/5720/4919/7314/23198/6259"
"321","PI Metabolism",0.180819180819181,0.870468374600606,0.0972150808846466,0.680279218853093,1.19226635891512,22,"5305/8871/54893/5287/5295/8898"
"322","PI3K/AKT Signaling in Cancer",0.00620920493562729,0.259479795108778,0.407017918923954,0.773259066349659,1.36760782199897,33,"2065/2263/2246/391/2549/9846/1027/4303/7039/4233/5295/1839/5154/6801"
"323","PI5P, PP2A and IER3 Regulate PI3K/AKT Signaling",0.00487071188714212,0.259479795108778,0.407017918923954,0.772445786576318,1.36351807198492,35,"5305/2065/2263/2246/391/2549/9846/7039/4233/5295/1839/5154/6801"
"324","PIP3 activates AKT signaling",0.0899100899100899,0.716883116883117,0.14551614609036,0.648960148093617,1.16444308913194,69,"5305/2065/2263/2246/391/2549/9846/6446/23239/1027/4303/7039/7311/4233/5978/5295/1839/5154/6801"
"325","PKMTs methylate histone lysines",0.997002997002997,1,0.00250132493941571,0.195114039383936,0.338189976532958,15,"387893/554313/8357/56950/8365/84444/8363/63976/2122/8367/4791/4790/55729/80854/5970"
"326","PKR-mediated signaling",0.63036963036963,1,0.0349401058848478,0.538732106245692,0.941177520984746,21,"3306/10382/7846/2178/57506/9636/2187/199990"
"327","PPARA activates gene expression",0.753246753246753,1,0.0261139619405561,0.503234634075903,0.889631891552371,36,"6720/23097/183/3992/376497/6667/2180/123/400569/51129/9612/90390/4520/85441/112950/8202/19/1376/4801"
"328","PRC2 methylates histones and DNA",0.324675324675325,1,0.0658311958368866,0.649785737478349,1.12802483343262,17,"3021/8334/3020/8349"
"329","PTEN Regulation",0.891108891108891,1,0.0159484509317776,0.432645162348486,0.76095712401517,27,"7311/5978/3725/80243/5698/389541/1912/5720/10014/7314/3065/23198/53615/2444/55004/5702/11060/648/5696"
"330","Parasite infection",0.120879120879121,0.788630724114595,0.123257226381337,0.697580064942275,1.22385278806088,23,"7456/4650/5747/4651/1793/10163/25/4627/7525"
"331","Parasitic Infection Pathways",0.788211788211788,1,0.0236501012290726,0.501358422525439,0.89962740523867,71,"7456/4650/5027/5747/10628/4651/1793/2770/10163/718/25/4627/7525/957/3725/2771/94235/9051/2214"
"332","Peptide hormone metabolism",0.26973026973027,1,0.0751181635276301,0.653865142589076,1.14231761357038,21,"84909/3799/183/3798/590/2864/23478/1360"
"333","Peptide ligand-binding receptors",0.984015984015984,1,0.00581457622839549,0.394873496148765,0.709214052958573,61,"2861/183/187/718/8862/3792/7852/58191/624/9283/1889/2919/6347"
"334","Peroxisomal protein import",0.688311688311688,1,0.0307037368093842,0.515249556543002,0.894470687293311,17,"3295/7311/847/7314/196743/8540/55825"
"335","Phase I - Functionalization of compounds",0.88011988011988,1,0.016838053046391,0.440504526279285,0.778313974296368,31,"1593/216/55902/54498/84532/1573/4051"
"336","Phase II - Conjugation of compounds",0.931068931068931,1,0.0124136372369971,0.393113736777946,0.689814341663821,25,"1312/347734/2950/55748/2954/4144/2687/2729/653689/4837/26873/51000/2949/9060"
"337","Phospholipid metabolism",0.0839160839160839,0.712641204948897,0.151148761385484,0.65816249373819,1.18435140688123,58,"5305/23446/11145/8871/54893/5337/2819/5287/5920/56895/3032/54947/5295/129642/590/8898"
"338","Plasma lipoprotein assembly, remodeling, and clearance",0.130869130869131,0.788630724114595,0.11776578836269,0.66892502152618,1.18102899082514,34,"4864/5046/3988/26119/338328/10577/7311/29116/348/51128/2"
"339","Plasma lipoprotein clearance",0.0789210789210789,0.702652186523154,0.156312403073186,0.743798388857854,1.29123033225516,17,"4864/3988/26119/10577/7311/29116/348"
"340","Plasma lipoprotein remodeling",0.425574425574426,1,0.0530212512043078,0.610476977044778,1.06184073019188,16,"5046/338328/348/9619/51129"
"341","Platelet Aggregation (Plug Formation)",0.484515484515485,1,0.0470699590082662,0.59085627937175,1.02412759166901,15,"5747/5906/10411/7094/7450/2335/1278/9564"
"342","Platelet activation, signaling and aggregation",0.00658100929623711,0.259479795108778,0.407017918923954,0.687350013504052,1.24084665395142,95,"7018/6414/928/3920/391/6678/3959/967/5747/308/388/5906/387/10411/7114/2770/5588/6814/7043/23052/7094/57406/81/8407/1191/2/5216/12/10672/5295/5154/7450"
"343","Platelet degranulation",0.00501943306845485,0.259479795108778,0.407017918923954,0.737584884075419,1.31812747982071,50,"7018/6414/928/3920/6678/3959/967/308/7114/7043/23052/7094/81/8407/1191/2/5216/12/5154/7450"
"344","Platelet homeostasis",0.914085914085914,1,0.0139869590598254,0.414460877058465,0.728973728288628,27,"5027/27345/5136/50940/94235/4842/84876/2791/5777"
"345","Positive epigenetic regulation of rRNA expression",0.326673326673327,1,0.0655321029282414,0.628852545945343,1.10327542358608,23,"3021/8334/3020/5435/8349/8850/7913"
"346","Post NMDA receptor activation events",0.813186813186813,1,0.0218679438176212,0.457360762605607,0.795516136377786,16,"10382/7846/1739/4900"
"347","Post-translational modification: synthesis of GPI-anchored proteins",0.922077922077922,1,0.0132626420191661,0.419546176558853,0.742021216072226,33,"338328/1368/84628/51604/128869/683/5277"
"348","Post-translational protein modification",0.963036963036963,1,0.00893801210835004,0.495794224217076,0.906535398085992,394,"7018/28996/6696/64856/9507/8073/1471/7058/1783/79739/4124/1915/11226/56957/1604/9738/83475/338328/1368/1781/387/9510/9363/5589/2530/4303/4780/7039/3956/84061/140766/126119/6484/7311/8334/10382/4122/23194/348/7704/51128/25793/114907/718/3895/8349/117248/8850/23287/3371/51088/1435/80176/142/6468/1462/8243/53916/338382/10402/4092/2519/1029/10735/84752/4792/22846/7846/580/170692/8878/4052/29954/26118/1938/84628/5872/4286/51588/3490/51035/5698/92912/51389/79090/7048/86/51604/128869/79695/2335/56955/6711/7324/1912/2034/256435/9612/672/23314/57506/4929/5720/57188/27314/8404/7046/683/4194/5277/79644/1603/122416/158135/7076/56913/5238/329/991/5265/288"
"349","Post-translational protein phosphorylation",0.163836163836164,0.837384837384837,0.103197466945307,0.640115871276453,1.14226014203178,48,"7018/6696/64856/1471/5589/3956/348/718/3895/3371/1435/1462/2519"
"350","Potassium Channels",0.415584415584416,1,0.0541200569620232,0.601659011849741,1.05635904713997,24,"131096/3766/27345/54207/94235/610"
"351","Potential therapeutics for SARS",0.814185814185814,1,0.0217960026831818,0.485934740464462,0.857948196986619,34,"3688/2339/4780/1312/53828/5978/10362/5348/2342/6093/79685/8819"
"352","Pre-NOTCH Expression and Processing",0.352647352647353,1,0.0618406035753285,0.612669014612138,1.08313368430644,30,"3021/3516/6484/8334/3020/4851/8349/8850/595/10402/3725"
"353","Pre-NOTCH Transcription and Translation",0.418581418581419,1,0.05378728077603,0.602530329826006,1.05924350034036,26,"3021/3516/8334/3020/4851/8349/8850/595/3725"
"354","Processing of Capped Intron-Containing Pre-mRNA",0.991008991008991,1,0.00434551079568136,0.372849346084705,0.669448501892371,62,"4904/5435/3185/9130/22794/5436/57819/5438/3178/84081/10212/85437/84844/8086/5725/6637/11066/79165/84991/84811/84950"
"355","Processing of DNA double-strand break ends",0.932067932067932,1,0.0123167455730572,0.392841381564235,0.689336427729841,25,"7311/8349/580/51588/672/8914/151987/7314/472"
"356","Programmed Cell Death",0.361638361638362,1,0.060640400949416,0.583525880094065,1.04703298099462,69,"5414/2934/9414/219699/5747/10971/4000/2339/5588/7082/7311/23604/55075/7431/999/51074/29082/3006/1029"
"357","Protein folding",0.604395604395604,1,0.0369160593316849,0.547261263194836,0.960850540155272,24,"9134/63971/10382/1155/6468/7846/5204/94235/5082"
"358","Protein localization",0.869130869130869,1,0.0177038118052295,0.459730872319836,0.812948989824157,38,"51024/3295/7311/10165/847/51287/91452/56942/1528"
"359","Protein ubiquitination",0.954045954045954,1,0.0100128309769611,0.359081588854363,0.625516543006781,20,"7311/92912/7324/55829/51255/5111/7314/54623/7326/8344/8347/5828"
"360","Protein-protein interactions at synapses",0.284715284715285,1,0.0723570851036907,0.661564524871236,1.14847275021587,17,"5789/8495/9454/23136/143425/8496/114798/1739/2037"
"361","Purinergic signaling in leishmaniasis infection",0.851148851148851,1,0.0190794888813551,0.442019468326739,0.769993501063561,20,"5027/10628/718/957/9051/5970/29108/3162/79792/719/3553/834/4790/3552"
"362","RAB GEFs exchange GTP for GDP on RABs",0.798201798201798,1,0.0229405670056901,0.477285709135256,0.837362584143132,23,"23258/338382/27147/5872/79090/6305/9367/22879/54453/5866/10981/117177"
"363","RAB geranylgeranylation",0.786213786213786,1,0.0237915888102658,0.484150109288249,0.850043526395598,24,"8073/9363/53916/338382/5872/27314/9367/5865/10981/83452/9230"
"364","RAC1 GTPase cycle",0.0559440559440559,0.64148096801158,0.188204146308491,0.651497619313278,1.17429856105902,84,"11135/57580/80005/26030/7456/57636/55914/4162/9341/4650/57584/3688/5337/55619/1793/8826/23348/9639/7444/10163/58504/116985/3895/116984/10672/5295/9710/857"
"365","RAC2 GTPase cycle",0.102897102897103,0.754613807245386,0.135002033828631,0.66785426243019,1.18466773198641,41,"11135/57580/55914/4162/9341/57584/3688/55619/1793/8826/7444/10163/5295/9710/857"
"366","RAC3 GTPase cycle",0.233766233766234,0.935064935064935,0.0826646449123753,0.623263017832144,1.10999586834268,45,"11135/57580/55914/4162/9341/57584/3688/55619/7444/10163/116984/5295/9710/857/8773/23075/394/392/397/10979/653361"
"367","RAF/MAP kinase cascade",0.0202765152392445,0.447705456482518,0.352487857583619,0.691140411750656,1.24016836527221,71,"2065/2263/2246/51114/51125/25780/5747/5906/51104/2339/4296/8826/7039/5588/7311/11221/80824/7094/22821/81926/4233/1849/5295/1839/8844/5154/7450/5900"
"368","RHO GTPase Effectors",0.00286736059765489,0.226111864272214,0.431707695803346,0.686068576366114,1.23871392221037,103,"94274/391/7456/6242/3021/114793/1783/3799/4638/5747/3688/10971/1495/388/1027/1781/387/30851/8826/8334/3020/54820/10382/4637/10163/79784/3798/3895/23122/8349/5216/25/4627/999/10627/389/10398/22919"
"369","RHO GTPase cycle",0.0123302776441612,0.324110155217951,0.380730400722792,0.63790266041231,1.15884070986659,180,"54443/58480/11135/57580/391/80005/26030/7456/8502/57636/55914/9414/6242/114793/4162/9341/4650/23048/55704/57584/3688/5337/9738/55619/5364/388/1793/284119/387/8301/10435/4296/8826/667/158747/3728/4646/23348/7171/25963/9639/7444/10163/55075/58504/7431/116985/3895/116984/9138/10672/5295/9710/857/23129/389/9181/8773/91452/9644/90627/120/80243/23075/394/392/92799/23513/397/55227/9886/6093/6655/55701/91010/6711/10979/653361"
"370","RHO GTPases Activate Formins",0.394605394605395,1,0.0565299525056311,0.593766674983582,1.05461508029194,42,"114793/1783/3688/388/1781/387/54820/10382/23122/5216/389/22919/7846"
"371","RHO GTPases activate PKNs",0.0172726467693573,0.397270875695219,0.352487857583619,0.757010200433665,1.33650371542774,29,"94274/3021/10971/388/387/8334/3020/4637/79784/8349/4627/10627/389/10398"
"372","RHOA GTPase cycle",0.043956043956044,0.64148096801158,0.213927855492356,0.673577627003848,1.2086147586452,69,"54443/57580/26030/57636/55914/9414/6242/4162/9341/4650/57584/5337/284119/387/8826/3728/25963/9639/58504/116985/3895/116984/9138/5295/857/9181/8773/91452/90627/80243/394/392/397/6093/55701/91010"
"373","RHOB GTPase cycle",0.0232803920294483,0.494260630779057,0.352487857583619,0.743272376031633,1.31434624215929,32,"54443/57580/55914/9414/6242/4162/9341/4650/57584/388/284119/3728/9639/9138/5295/857/9181/8773/90627/394/392"
"374","RHOC GTPase cycle",0.0353196224882108,0.573424459220364,0.321775918075361,0.727613008363484,1.28629409249063,36,"54443/57580/55914/9414/6242/114793/4162/9341/4650/57584/284119/387/8826/3728/9639/9138/5295/857/389/91452/90627/394/392/6093/55701/91010"
"375","RHOD GTPase cycle",0.192807192807193,0.872373528111233,0.0934449219410994,0.676406946088839,1.18547976243912,22,"4162/9341/57584/5364/158747/7444/5295/857/120/394/392"
"376","RHOF GTPase cycle",0.236763236763237,0.940239616498609,0.0819778796501272,0.67137983303943,1.17106015488699,19,"4162/9341/4650/57584/5295/857/8773/120/394/392"
"377","RHOG GTPase cycle",0.0145721209706584,0.365627762536519,0.380730400722792,0.740610051120111,1.30793508451059,37,"11135/57580/391/80005/26030/55914/4162/9341/57584/3688/5337/1793/4296/7444/3895/5295/9710/857"
"378","RHOJ GTPase cycle",0.400599400599401,1,0.055826471778749,0.601819951602928,1.06251487876264,29,"11135/57580/9341/23048/57584/3728/5295/857/8773/394/392/23513"
"379","RHOQ GTPase cycle",0.190809190809191,0.870468374600606,0.0940503465727813,0.660535728372735,1.1647722584502,28,"11135/57580/26030/9341/23048/57584/10435/8826/3728/857/8773/394/392/23513"
"380","RHOU GTPase cycle",0.285714285714286,1,0.0721797965581253,0.668466717772196,1.15864929202555,15,"58480/8826/667/4646/5295"
"381","RMTs methylate histone arginines",0.748251748251748,1,0.0264649017470855,0.490589635857896,0.853313190753967,16,"8334/6599/595/86"
"382","RNA Polymerase I Promoter Clearance",0.230769230769231,0.935064935064935,0.0833634065110386,0.668890089094886,1.16519985755056,20,"3021/8334/3020/5435/8349/8850"
"383","RNA Polymerase I Promoter Escape",0.123876123876124,0.788630724114595,0.121543282035469,0.728261200989718,1.26671018647214,16,"3021/8334/3020/5435/8349"
"384","RNA Polymerase I Promoter Opening",0.187812187812188,0.870468374600606,0.0949751525905595,0.708837298132488,1.22862337317203,15,"3021/8334/3020/8349"
"385","RNA Polymerase I Transcription",0.152847152847153,0.827172827172827,0.107554375265169,0.694852679911104,1.21392379467744,21,"3021/284119/8334/3020/5435/8349/8850"
"386","RNA Polymerase II Pre-transcription Events",0.929070929070929,1,0.012605799966357,0.383392950298915,0.668736511978697,19,"5435/5436/5438/6884/6881/54623/6872"
"387","RNA Polymerase II Transcription",0.989010989010989,1,0.00480899561354898,0.477776366744909,0.872546772586229,369,"4336/5305/10397/28996/6696/28984/57060/3021/6720/117584/22936/79885/6446/10971/10628/1027/4303/9134/7039/3516/5588/865/4904/7082/6938/7311/8334/3020/4851/5052/5435/144348/348/6599/847/114907/4233/8349/665/25/5978/8850/7913/142/857/7525/94241/2593/7832/595/6667/10398/7122/22794/4092/1029/285971/28514/1997/23493/54541/3725/3977/580/5436/5438/5698/285268/86/133383/23460/389541/619279/7562/7324/1912/10212/9612/83737/672/23314/4929/5720/8409/1021/6884/1490/84441/4194/9891/1278/2289"
"388","RNA Polymerase II Transcription Termination",0.977022977022977,1,0.00699634910626994,0.293713926750193,0.510874975101761,16,"22794/10212/6637"
"389","RNA polymerase II transcribes snRNA genes",0.453546453546454,1,0.0500922874402106,0.600873478026943,1.0414903411094,15,"22936/5435/6667/5436/5438/6884/55726"
"390","RND2 GTPase cycle",0.181818181818182,0.870468374600606,0.096887770327544,0.700000909311145,1.21519812391188,17,"8502/23048/667/3895/5295/857/23129/394/392/23513/55227"
"391","RND3 GTPase cycle",0.175824175824176,0.870468374600606,0.0988903007520636,0.704658330400549,1.22565623966754,16,"8502/55704/57584/8301/667/3895/5295/857/394/23513/6093"
"392","RUNX1 regulates genes involved in megakaryocyte differentiation and platelet function",0.131868131868132,0.788630724114595,0.117249716749792,0.703739680316716,1.22944959110534,21,"3021/5588/865/8334/3020/8349/8850/10398"
"393","RUNX1 regulates transcription of genes involved in differentiation of HSCs",0.567432567432567,1,0.0398406946073899,0.562173413306858,0.993287009444268,31,"3021/865/6938/7311/8334/3020/8349/25/5698/83737/5720"
"394","Rab regulation of trafficking",0.865134865134865,1,0.0180135486781383,0.458960516467671,0.810155184229711,35,"23258/9363/55357/338382/27147/5872/11337/79090/6305/9367/22879/54453/5866/10981/83452/9230/117177"
"395","Recognition and association of DNA glycosylase with site containing an affected purine",0.881118881118881,1,0.0167582341026205,0.398915436259665,0.691437696914382,15,"8334/8349/4595"
"396","Recruitment and ATM-mediated phosphorylation of repair and signaling proteins at DNA double strand breaks",0.876123876123876,1,0.0171553985751332,0.43874419869551,0.769884163963772,25,"7311/8349/25/580/51588/51035/672/2070/8467/7314/472"
"397","Recruitment of NuMA to mitotic centrosomes",0.367632367632368,1,0.0598603117764473,0.618357733842309,1.08506010647017,25,"9738/1781/54820/10382/55755/8636/22919/7846"
"398","Recruitment of mitotic centrosome proteins and complexes",0.33966033966034,1,0.0636424081651019,0.624459817405293,1.09443653745858,22,"9738/1781/54820/10382/55755/8636/22919/7846"
"399","Regulated Necrosis",0.972027972027972,1,0.00773927265828568,0.348157570250427,0.612058223672412,26,"7311/29082/8717/83737/3146/329/8743/3660/7314/79792/3553/197259/834/3552/7157/3606"
"400","Regulation of APC/C activators between G1/S and early anaphase",0.896103896103896,1,0.0155348639580133,0.412771115960321,0.719204264009717,18,"7311/5698/7324/5720/991/51433/7314/23198/5702/5696"
"401","Regulation of Complement cascade",0.826173826173826,1,0.0209275853209046,0.465356289609505,0.815589589736959,22,"1604/1191/718/713/714/712/710/1378/716/3075/730/719/975/715"
"402","Regulation of HSF1-mediated heat shock response",0.220779220779221,0.927436200163473,0.0857844408075645,0.694238677271346,1.20331967251557,15,"3306/9261/6767"
"403","Regulation of Insulin-like Growth Factor (IGF) transport and uptake by Insulin-like Growth Factor Binding Proteins (IGFBPs)",0.187812187812188,0.870468374600606,0.0949751525905595,0.632408799179924,1.13199906615971,52,"7018/6696/64856/1471/5589/3956/348/718/3895/3371/1435/1462/2519"
"404","Regulation of PLK1 Activity at G2/M Transition",0.386613386613387,1,0.0574877409561325,0.605989336287265,1.06858650865552,28,"9738/1781/7311/54820/10382/55755/8636/22919/7846"
"405","Regulation of PTEN gene transcription",0.946053946053946,1,0.0108943796561199,0.346383264695934,0.602486043767707,16,"5978/3725/389541/1912/10014/3065/53615/55004/648/7157"
"406","Regulation of RUNX2 expression and activity",0.842157842157842,1,0.0197519290144334,0.436697994869848,0.759576094074252,16,"865/7311/5698/5720/7314/23198/5702/5696"
"407","Regulation of TNFR1 signaling",0.725274725274725,1,0.0280810636309052,0.503102268826788,0.873383055767394,17,"56957/7311/9261/10399/8717/7185/329/7314/84888/7132"
"408","Regulation of TP53 Activity",0.536463536463537,1,0.0424170054438747,0.560195088681178,1.00004996930598,47,"5305/28996/117584/6446/7311/94241/1029/580/133383/672/6884/4194/9891/29117"
"409","Regulation of TP53 Activity through Phosphorylation",0.581418581418581,1,0.0387166740042594,0.556089950061553,0.977601684179771,26,"28996/7311/94241/580/672/6884/4194/9891"
"410","Regulation of TP53 Degradation",0.6003996003996,1,0.0372254009247509,0.550490691052044,0.95750283684762,16,"117584/6446/7311/1029/4194/253260/7314/472"
"411","Regulation of TP53 Expression and Degradation",0.627372627372627,1,0.0351652290409302,0.544693237797484,0.945584772640309,17,"117584/6446/7311/1029/4194/253260/7314/472"
"412","Regulation of actin dynamics for phagocytic cup formation",0.148851148851149,0.827172827172827,0.109250039480711,0.698123918711582,1.21612489689615,20,"7456/4650/5747/4651/1793/10163/25/4627"
"413","Regulation of cholesterol biosynthesis by SREBP (SREBF)",0.173826173826174,0.870468374600606,0.0995791200495904,0.697490922966683,1.21660465221877,19,"6319/6720/4047/51128/3638/6667"
"414","Regulation of insulin secretion",0.353646353646354,1,0.0617054053637522,0.629869825432766,1.09722694779761,20,"5906/10411/2770/8826/2864/6513/2771/94235"
"415","Regulation of lipid metabolism by PPARalpha",0.753246753246753,1,0.0261139619405561,0.503234634075903,0.889631891552371,36,"6720/23097/183/3992/376497/6667/2180/123/400569/51129/9612/90390/4520/85441/112950/8202/19/1376/4801"
"416","Regulation of mRNA stability by proteins that bind AU-rich elements",0.708291708291708,1,0.0292811015816512,0.509395368693486,0.886023176284629,16,"7311/9261/7538/677/5698/3315/5720/7314/11340/23198"
"417","Regulation of mitotic cell cycle",0.91008991008991,1,0.0143399359768684,0.40011985917577,0.697004800214075,20,"7311/5698/7324/5720/991/51433/7314/23198/5702/5696"
"418","Reproduction",0.0729270729270729,0.694064556133522,0.163180127180689,0.666779870015892,1.19159284393545,50,"928/3306/25777/3021/4000/8334/3020/8349/8243/10735/7852"
"419","Resolution of Sister Chromatid Cohesion",0.757242757242757,1,0.0258331720982323,0.504621129568327,0.893475908734034,40,"1783/1781/54820/10382/23122/8243/22919/10735/7846/348235/55166/991/55839/55920"
"420","Respiratory electron transport, ATP synthesis by chemiosmotic coupling, and heat production by uncoupling proteins.",0.806193806193806,1,0.0223699288741888,0.454197535957678,0.787257823741722,15,"521/374291/7351/517/51300/2109/27109"
"421","Response to elevated platelet cytosolic Ca2+",0.00799606567442321,0.275727408030674,0.380730400722792,0.732337122776892,1.31086876111234,52,"7018/6414/928/3920/6678/3959/967/308/7114/6814/7043/23052/7094/81/8407/1191/2/5216/12/5154/7450"
"422","Retinoid metabolism and transport",0.629370629370629,1,0.0350150690873584,0.539671727534669,0.94281906123299,21,"4036/338328/348/5947/26020/375790/54884/3339/1645/6385"
"423","S Phase",0.862137862137862,1,0.0182442460385585,0.463099661294183,0.824647456904589,44,"4176/1027/9134/7311/8243/595/10735/4174/5698/7324/57804/5720/51433/84296/5981/5111/81620/7314/5422/23198"
"424","SARS-CoV Infections",0.74025974025974,1,0.0270265157079683,0.519755563162407,0.940099166119297,125,"51114/51125/4124/1915/567/3688/10971/2197/121601/2339/5589/2530/4780/84061/7082/6484/7311/1312/253832/53828/51128/3133/684/5978/143/857/51201/6667/29082/10362/5348/4792/375790/3178/2342/6093/256435/83737/79685/57506/9636/3339/8819/1603/83666/3656/3106/85437/6385/1514/8086"
"425","SARS-CoV-1 Infection",0.613386613386613,1,0.0362254755857254,0.544989393875272,0.967979608144758,42,"1915/10971/2197/5589/6484/7311/684/143/857/6667/29082/4792/3178/256435/83737/57506/83666/3656/85437/1514/7314/84875/7405/5479/5970/29108"
"426","SARS-CoV-1 activates/modulates innate immune responses",0.867132867132867,1,0.0178589946943486,0.437410910141662,0.761965438713241,20,"7311/684/4792/83737/57506/3656/7314/5479/5970/29108"
"427","SARS-CoV-1-host interactions",0.598401598401598,1,0.0373806494758473,0.550966411579306,0.968594544509919,26,"1915/10971/2197/7311/684/857/6667/4792/3178/83737/57506/3656/7314/5479/5970/29108"
"428","SARS-CoV-2 Infection",0.53946053946054,1,0.0421619430092452,0.548913317809267,0.988044778823361,80,"51114/51125/4124/567/10971/2197/121601/5589/2530/84061/7082/6484/7311/253832/51128/3133/143/857/51201/29082"
"429","SARS-CoV-2 activates/modulates innate and adaptive immune responses",0.952047952047952,1,0.0102389179310485,0.397799328950583,0.702193711809448,35,"567/7311/51128/3133/57506/9636/3656/3106/8086/7314/5777/3665"
"430","SARS-CoV-2-host interactions",0.842157842157842,1,0.0197519290144334,0.474881396118224,0.84637814910988,46,"567/10971/2197/7082/7311/51128/3133/857/57506/9636/3656/3106/8086/7314/6637/7405/5777/3665"
"431","SIRT1 negatively regulates rRNA expression",0.233766233766234,0.935064935064935,0.0826646449123753,0.681536476458532,1.18543895515661,16,"3021/8334/3020/8349"
"432","SLC transporter disorders",0.89010989010989,1,0.0160304351647231,0.430244755432521,0.754969808879103,25,"6566/6575/285195/4891/6513"
"433","SLC-mediated transmembrane transport",0.0939060939060939,0.71994671994672,0.142056643575821,0.647221870282173,1.16242819940975,72,"347/23446/6558/6579/25769/115584/28232/54407/85414/6522/6566/6563/6536/11046/347734/376497/6539/115019/6575/285195/55356/4891/11309/6513"
"434","SUMO E3 ligases SUMOylate target proteins",0.925074925074925,1,0.0129839954274655,0.441736201094702,0.794896239476373,58,"28996/142/8243/1029/10735/4792/4286/51588/1912/9612/672/23314/4929"
"435","SUMOylation",0.925074925074925,1,0.0129839954274655,0.441736201094702,0.794896239476373,58,"28996/142/8243/1029/10735/4792/4286/51588/1912/9612/672/23314/4929"
"436","SUMOylation of DNA damage response and repair proteins",0.804195804195804,1,0.0225128737259091,0.475853917653918,0.834850611561887,23,"142/8243/1029/10735/51588/1912/672/8086"
"437","SUMOylation of chromatin organization proteins",0.992007992007992,1,0.00409492237559551,0.23394384520215,0.408058601279432,19,"57122/53371/554313/23279/9189/8365/84733/4928/8363/348995/8367/23225/6304/9759/648/3065/8086/23314/1912"
"438","Selective autophagy",0.217782217782218,0.927436200163473,0.0865399737444125,0.674350460116656,1.17471176935859,20,"1783/1781/7311/10226/10382/7431/123/7846/8878"
"439","Semaphorin interactions",0.0819180819180819,0.712641204948897,0.153158808683073,0.696194424543361,1.23079772938515,30,"10507/1808/57556/3688/5364/388/387/8482/4637/7094/79784/4233/4627/23129/10627/389/10398/80031/7305/5365/4629/6093/54209"
"440","Senescence-Associated Secretory Phenotype (SASP)",0.754245754245754,1,0.0260437699289678,0.50584206206191,0.895045245446799,39,"3021/1027/7311/8334/3020/8349/1031/1029/3725/3490/7324/1021/51433/2353/7314/1030/6774/5970"
"441","Sensory Perception",0.474525474525474,1,0.0480220415968251,0.561826790838605,1.01019173193976,74,"2934/5962/4036/286262/338328/10083/2339/5588/348/5158/23136/4627/5947/25861/222236/26020/11078/375790/5959/54884/26659/2342/6711/64072"
"442","Sensory processing of sound",0.228771228771229,0.935064935064935,0.0838361057159929,0.669985698047327,1.16710839740804,20,"2934/5962/286262/10083/23136/4627/25861/11078/6711/64072"
"443","Sensory processing of sound by inner hair cells of the cochlea",0.327672327672328,1,0.0653834195468773,0.644180292217028,1.1224070557254,18,"5962/286262/10083/23136/4627/25861/11078/6711/64072"
"444","Sensory processing of sound by outer hair cells of the cochlea",0.206793206793207,0.905951191665477,0.0894366833718621,0.683727687859503,1.19131365911109,18,"2934/5962/286262/10083/23136/4627/25861/11078/6711/64072"
"445","Separation of Sister Chromatids",0.807192807192807,1,0.0222983800506052,0.488206917287723,0.872467654108953,50,"1783/1781/7311/54820/10382/23122/8243/22919/10735/7846/5698/348235/7324/5720/55166/991/51433/55839/55920/7314"
"446","Signaling by ALK fusions and activated point mutants",0.274725274725275,1,0.0741758965588009,0.655330753189148,1.14306640677249,19,"3092/3799/6238/7171/57674/4627/5295/6801/8496/8878/2335/6776"
"447","Signaling by ALK in cancer",0.274725274725275,1,0.0741758965588009,0.655330753189148,1.14306640677249,19,"3092/3799/6238/7171/57674/4627/5295/6801/8496/8878/2335/6776"
"448","Signaling by BRAF and RAF1 fusions",0.273726273726274,1,0.0743625384422526,0.656615574973408,1.14530746842438,19,"9444/5906/4000/8826/7094/8844/7450/57085/8087/2335"
"449","Signaling by CSF1 (M-CSF) in myeloid cells",0.492507492507492,1,0.0463227785794633,0.583847890111558,1.0155230963142,16,"9846/7311/5295/1435/7525/7314/6774/1436/3636/3635"
"450","Signaling by EGFR",0.331668331668332,1,0.0647943366000727,0.625841333881188,1.09881700780482,24,"2549/6457/7039/5796/7311/2060/5295/1839/26018"
"451","Signaling by ERBB2",0.0529470529470529,0.64148096801158,0.193813302725311,0.766281937121026,1.33026166107897,17,"2065/55914/2549/387/7311/5295/1839/7525"
"452","Signaling by ERBB4",0.045954045954046,0.64148096801158,0.208955027549354,0.735660570383477,1.2916314454587,24,"2670/6285/2065/3925/5663/6678/7311/348/5295/1839"
"453","Signaling by FGFR",0.162837162837163,0.837384837384837,0.103576326612592,0.680376293460051,1.19367003951083,23,"2263/2246/2549/7311/5435/3185/5295/5436/5438/3178"
"454","Signaling by FGFR in disease",0.145854145854146,0.827172827172827,0.110564716336619,0.708026930123549,1.23498217499475,19,"2263/2246/2549/9846/5435/5295/5436/5438"
"455","Signaling by FGFR2",0.14985014985015,0.827172827172827,0.108820126769161,0.705770762512778,1.23104683487623,19,"2263/2246/2549/7311/5435/3185/5295/5436/5438/3178"
"456","Signaling by GPCR",0.798201798201798,1,0.0229405670056901,0.515701447655738,0.937280875085365,189,"2861/1902/57580/53637/5151/1604/3688/183/5137/5364/388/387/187/29899/2770/5588/389337/9639/57406/5998/134/976/718/5136/9138/10672/5295/1839/389/9181/2864/8862/3792/7852/30817/2771/50940/8490/58191/7855/94235/6093/6655/10268/6001/133/55701/2335/624"
"457","Signaling by Hedgehog",0.839160839160839,1,0.019974159565129,0.474028520308998,0.838000528216146,36,"64399/7311/10382/7846/5698/83737/5720/339745"
"458","Signaling by Insulin receptor",0.038961038961039,0.614471243042672,0.227987202850442,0.785989089059058,1.36235010265452,15,"2263/2246/2549/9846/5295/8992"
"459","Signaling by Interleukins",0.998001998001998,1,0.00204130030921835,0.39770265031973,0.721162849049713,156,"58480/6285/9846/3688/6624/7311/6888/3185/7431/9261/1849/5295/1435/7525/595/84868/4792/3725/3977/8878/3572/3965/5698/3687/6810/6655/57161/3597/2335/5720/3146/6845/6776/5782/1278/3656/7076/4793/2919/6347/5062/11141/79155/3936/6351/2353/3689/1265/7314/6348/5908/7040/6774/5970/1438/5777/1436/3162/302"
"460","Signaling by MET",0.175824175824176,0.870468374600606,0.0988903007520636,0.655519243733602,1.15736025111875,34,"2549/5747/3688/5906/6457/3673/7311/3249/2060/3908/4233/5295/53916/26018"
"461","Signaling by NOTCH",0.631368631368631,1,0.0348652196832942,0.533967752022698,0.958134334833657,64,"3021/5663/79885/92737/3516/4904/6484/7311/8334/3020/4851/23220/8349/8850/23129/595/10402/28514/23493/3725/5698/59/9612/83737/5720/84441/4854/51107/2324/10014/23385"
"462","Signaling by NOTCH1",0.569430569430569,1,0.0396787203613389,0.558904495965424,0.983028113709558,27,"5663/79885/92737/3516/7311/4851/23220/8850/28514/23493/9612/83737/84441/51107/10014/23385"
"463","Signaling by NOTCH1 HD+PEST Domain Mutants in Cancer",0.555444555444555,1,0.0408229003677776,0.562137234088095,0.982066823748888,21,"5663/79885/3516/7311/4851/8850/28514/23493/9612/84441/51107/10014/23385/7314/3065/102"
"464","Signaling by NOTCH1 PEST Domain Mutants in Cancer",0.555444555444555,1,0.0408229003677776,0.562137234088095,0.982066823748888,21,"5663/79885/3516/7311/4851/8850/28514/23493/9612/84441/51107/10014/23385/7314/3065/102"
"465","Signaling by NOTCH1 in Cancer",0.555444555444555,1,0.0408229003677776,0.562137234088095,0.982066823748888,21,"5663/79885/3516/7311/4851/8850/28514/23493/9612/84441/51107/10014/23385/7314/3065/102"
"466","Signaling by NOTCH3",0.427572427572428,1,0.052805004567129,0.604620195924484,1.05461407305266,19,"5663/3516/4904/7311/4851/8850/23129/28514/23493/84441/4854/51107/23385/7314"
"467","Signaling by NOTCH4",0.56043956043956,1,0.0404114482034376,0.560581721845072,0.97934930767777,21,"5663/3516/7311/4851/8850/23493/5698/59/5720/84441/51107/2324/23385/7314"
"468","Signaling by NTRK1 (TRKA)",0.10989010989011,0.758241758241758,0.130105630751129,0.69205332517175,1.21721667966704,27,"6446/5906/387/6457/1785/6938/3399/3398/9261/1849/5978/5295/3397/5900/3727"
"469","Signaling by NTRKs",0.042957042957043,0.64148096801158,0.216542836735348,0.710081847498823,1.25369394291968,34,"5046/2549/6446/5906/387/6457/1785/6938/3399/3398/9261/1849/5978/5295/3397/5900/3727"
"470","Signaling by Non-Receptor Tyrosine Kinases",0.375624375624376,1,0.0588438169595807,0.611751143535297,1.07407824422834,24,"2065/1793/1027/387/7311/116985/1839/595/10656"
"471","Signaling by Nuclear Receptors",0.107892107892108,0.758241758241758,0.131457611642763,0.625399580899593,1.12941163405723,100,"6319/347/3021/51523/6720/5747/1027/2770/7039/865/23189/216/5166/8334/3020/29116/5435/348/8349/858/8850/5295/1839/857/8243/6801/595/6667/9619/10735/3727/3725/5436/2771/5959/5438"
"472","Signaling by PDGF",0.0539460539460539,0.64148096801158,0.191892240384838,0.736524542461454,1.29084265718511,22,"6696/1287/1299/7058/1298/5295/5154"
"473","Signaling by PTK6",0.375624375624376,1,0.0588438169595807,0.611751143535297,1.07407824422834,24,"2065/1793/1027/387/7311/116985/1839/595/10656"
"474","Signaling by ROBO receptors",0.368631368631369,1,0.0597317976364411,0.614205843142861,1.0797689593618,26,"1287/4650/2197/387/7311/23122/5216/25/22794/7852/55740/5698/6655/5720"
"475","Signaling by Receptor Tyrosine Kinases",0.00829497547231816,0.275727408030674,0.380730400722792,0.643754073411311,1.16838272812055,169,"2670/6696/6285/2065/2263/2246/3925/5046/1287/55914/2549/1299/7058/5663/9846/1298/6678/5747/6446/3688/1495/1793/5906/387/6457/1785/7039/5796/3673/6938/3399/7311/3728/3249/3791/5435/10163/348/2060/3398/3185/9261/3908/4233/1849/5978/5295/1839/857/7525/5154/3397/5900/53916/8992"
"476","Signaling by Rho GTPases",0.00179479475442993,0.198145340889065,0.45505986738723,0.64866322726927,1.18069324249039,254,"94274/54443/58480/11135/57580/391/80005/26030/7456/8502/57636/55914/9414/6242/3021/114793/1783/4162/9341/4650/3799/23048/4638/55704/5747/57584/3688/10971/1495/5337/9738/55619/5364/388/1793/284119/1027/1781/387/8301/10435/30851/4296/8826/667/158747/8334/3020/54820/3728/4646/23348/7171/10382/4637/25963/9639/7444/10163/79784/55075/58504/3798/7431/116985/3895/23122/8349/116984/9138/5216/25/4627/10672/5295/999/9710/857/23129/10627/389/9181/10398/22919/8773"
"477","Signaling by Rho GTPases, Miro GTPases and RHOBTB3",0.000838035087366355,0.154198456075409,0.477270815362862,0.650078147512766,1.18358762968501,259,"94274/54443/58480/11135/57580/391/80005/26030/7456/8502/57636/55914/9414/6242/3021/114793/1783/4162/9341/4650/3799/23048/4638/55704/5747/57584/3688/10971/1495/5337/9738/55619/5364/388/1793/284119/1027/1781/387/8301/10435/30851/4296/8826/667/158747/10226/8334/3020/54820/3728/4646/23348/7171/10382/4637/25963/22836/9639/7444/10163/79784/55075/58504/3798/7431/116985/66008/3895/23122/8349/116984/9138/5216/25/4627/10672/5295/999/9710/857/23129/10627/389/9181/10398/22919/8773"
"478","Signaling by TGF-beta Receptor Complex",0.450549450549451,1,0.0503964322442957,0.589694603956963,1.04251736870337,30,"3688/387/4904/7043/7311/3696/25805/142/6667/4092/4052/7048/9612/7046/1278/25937/7050/23370/3693/7314/1030/7040/2200/3065/5933/57530"
"479","Signaling by TGFB family members",0.578421578421578,1,0.0389556479965885,0.55605583737686,0.983894323493771,39,"9765/3688/387/4904/7043/7311/3696/25805/142/6667/4092/4052/7048/9612/7046/1278/25937/4090/7050/23370/3693/7314/1030/7040/2200/3065/5933/57530/4093"
"480","Signaling by VEGF",0.726273726273726,1,0.0280106629226489,0.513992041053836,0.911740509551609,41,"5747/1495/1793/387/3728/3791/10163/9261/5295/857/6093/653361/3315/9564/2324/5829/5062/2321/253260/1535/1536"
"481","Signaling by WNT",0.932067932067932,1,0.0123167455730572,0.456004270075098,0.820562590923495,77,"3021/6422/387/8549/7311/8334/3020/5158/8349/5216/857/4040/23513/5698/7855/94235/5720/56998/79971"
"482","Signaling by the B Cell Receptor (BCR)",0.88011988011988,1,0.016838053046391,0.448018030681819,0.791003872811339,34,"25780/933/7311/5295/4792/5698/5720/4793/84876/7314/5970/5777/4775/23198"
"483","Smooth Muscle Contraction",0.538461538461538,1,0.0422468188360053,0.56877602096596,0.99787559023632,23,"8291/4638/7171/4637/7094/10627/10398/800/59/4629"
"484","Sphingolipid de novo biosynthesis",0.326673326673327,1,0.0655321029282414,0.648311187615575,1.12764813536743,16,"79152/29956/9517/79603/2531/29095"
"485","Sphingolipid metabolism",0.0879120879120879,0.713639301874596,0.147331213699377,0.684899937253332,1.20898250488934,35,"7368/79152/8612/51228/29956/9517/55331/79603/8611/2760"
"486","Stimuli-sensing channels",0.128871128871129,0.788630724114595,0.118815039412263,0.670001794912116,1.18498409569351,33,"94015/65125/7439/6446/121601/10110/22802/7311/140803"
"487","Switching of origins to a post-replicative state",0.687312687312687,1,0.0307752597613667,0.518500683802594,0.905832755376314,21,"4176/9134/7311/4174/5698/7324/5720/51433/81620/7314/23198"
"488","Synthesis of DNA",0.832167832167832,1,0.0204893625108019,0.47723429521547,0.844050051871894,33,"4176/9134/7311/4174/5698/7324/57804/5720/51433/84296/5981/5111/81620/7314/5422/23198"
"489","Synthesis of PIPs at the plasma membrane",0.154845154845155,0.827172827172827,0.106729884364606,0.721071114931114,1.24982817334478,15,"5305/8871/5287/5295/8898"
"490","Synthesis of substrates in N-glycan biosythesis",0.854145854145854,1,0.0188532541830902,0.428275791601672,0.744926829967035,16,"6484/10402/256435/79644/5238/6480/8790/55808/57171"
"491","TAK1-dependent IKK and NF-kappa-B activation",0.626373626373626,1,0.0352404270679709,0.545256522726881,0.946562632497813,17,"6285/7311/4792/3146/3656/4793/7314/5970"
"492","TBC/RABGAPs",0.843156843156843,1,0.019677649030838,0.446466112825861,0.77506296846117,17,"9363/55357/338382/11337"
"493","TCF dependent signaling in response to WNT",0.856143856143856,1,0.0187018035626708,0.470345740277349,0.844610604412735,55,"3021/6422/8549/7311/8334/3020/8349/857/4040/5698/7855/5720/56998"
"494","TCR signaling",0.86013986013986,1,0.0183973177537706,0.467201067640081,0.826673235820676,39,"5588/3122/7311/3113/3123/5295/3115/4792/3119/55740/5698/3117/5720/5788/2533/5062/7314/5970/23198/3937"
"495","TGF-beta receptor signaling activates SMADs",0.406593406593407,1,0.0551351763385257,0.620747151020494,1.07593725751036,15,"3688/7043/7311/3696/25805/4092/4052/7048/7046/3693/7314/7040/2200"
"496","TNF signaling",0.725274725274725,1,0.0280810636309052,0.503102268826788,0.873383055767394,17,"56957/7311/9261/10399/8717/7185/329/7314/84888/7132"
"497","TNFR2 non-canonical NF-kB pathway",0.942057942057942,1,0.0113146012252547,0.386340792797062,0.682613730248135,31,"7311/5698/5720/329/4055/60401/7314/23495/23198/7133/7132/1896/5702/5696/8744/8784/958/8764/4791"
"498","TNFs bind their physiological receptors",0.934065934065934,1,0.0121212734616549,0.351675411676537,0.609556849920345,15,"60401/23495/7133/7132/1896/8744/8784/8764"
"499","TP53 Regulates Transcription of Cell Cycle Genes",0.152847152847153,0.827172827172827,0.107554375265169,0.710828280176142,1.23399438629815,17,"28984/57060/1027/9134/7832"
"500","TP53 Regulates Transcription of Cell Death Genes",0.435564435564436,1,0.0519512476197082,0.600485212254663,1.05241832729253,22,"10397/665/94241"
"501","TP53 Regulates Transcription of DNA Repair Genes",0.834165834165834,1,0.0203426159572209,0.452987030992652,0.786383250216612,17,"5435/3725/5436/5438/672/2353/472"
"502","TRAF6 mediated induction of NFkB and MAP kinases upon TLR7/8 or 9 activation",0.743256743256743,1,0.0268158762373842,0.509947342603997,0.901010362495911,31,"6285/7311/9261/1849/4792/3725/57161/3146/7099/3656/4793/79155/2353/7314/5970"
"503","TRIF(TICAM1)-mediated TLR4 signaling",0.73026973026973,1,0.0277292221875017,0.514431248780667,0.909459758083102,30,"6285/7311/9261/1849/4792/3725/3146/7099/3656/4793/329/79155/2353/7314/5970/3665"
"504","Telomere Maintenance",0.898101898101898,1,0.0153676328786693,0.445542103205412,0.787641464242043,36,"3021/8334/3020/5435/8349/5436/5438/57804/100134934/5981/5111"
"505","The citric acid (TCA) cycle and respiratory electron transport",0.734265734265734,1,0.0274480081801021,0.506220981986099,0.888794323098483,24,"521/6566/5166/51660/374291/7351/2954/517/8801"
"506","The role of GTSE1 in G2/M progression after G2 checkpoint",0.748251748251748,1,0.0264649017470855,0.492431435797692,0.854858542291696,17,"7311/10382/22919/7846/5698/5720/7314/23198"
"507","Toll Like Receptor 10 (TLR10) Cascade",0.705294705294705,1,0.0294936424723046,0.521934664880908,0.921477172202242,29,"6285/7311/9261/1849/4792/3725/57161/3146/3656/4793/79155/2353/7314/5970"
"508","Toll Like Receptor 2 (TLR2) Cascade",0.826173826173826,1,0.0209275853209046,0.483954169622422,0.856316449385516,39,"6285/6271/7311/9261/1849/4792/3725/57161/3146/7099/3656/4793/79155/2353/7314/5970"
"509","Toll Like Receptor 3 (TLR3) Cascade",0.704295704295704,1,0.0295645497308931,0.522269388596859,0.92095683722364,28,"6285/7311/9261/1849/4792/3725/3146/3656/4793/329/79155/2353/7314/5970/3665"
"510","Toll Like Receptor 4 (TLR4) Cascade",0.822177822177822,1,0.0212181723861707,0.481963991419776,0.860393253287239,47,"6285/6271/1785/7311/9261/1849/4792/3725/57161/3146/7099/3656/4793/329/9450/79155/2353/3689/7314/5970/3665"
"511","Toll Like Receptor 5 (TLR5) Cascade",0.705294705294705,1,0.0294936424723046,0.521934664880908,0.921477172202242,29,"6285/7311/9261/1849/4792/3725/57161/3146/3656/4793/79155/2353/7314/5970"
"512","Toll Like Receptor 7/8 (TLR7/8) Cascade",0.799200799200799,1,0.0228693972350018,0.491140196414288,0.868644421442272,33,"6285/7311/9261/1849/4792/3725/57161/3146/7099/3656/4793/79155/2353/7314/5970/3665"
"513","Toll Like Receptor 9 (TLR9) Cascade",0.773226773226773,1,0.0247086313801197,0.501583696488139,0.88696239476482,32,"6285/7311/9261/1849/4792/3725/57161/3146/7099/3656/4793/79155/2353/7314/5970/3665"
"514","Toll Like Receptor TLR1:TLR2 Cascade",0.826173826173826,1,0.0209275853209046,0.483954169622422,0.856316449385516,39,"6285/6271/7311/9261/1849/4792/3725/57161/3146/7099/3656/4793/79155/2353/7314/5970"
"515","Toll Like Receptor TLR6:TLR2 Cascade",0.826173826173826,1,0.0209275853209046,0.483954169622422,0.856316449385516,39,"6285/6271/7311/9261/1849/4792/3725/57161/3146/7099/3656/4793/79155/2353/7314/5970"
"516","Toll-like Receptor Cascades",0.933066933066933,1,0.01221929569568,0.435830746827827,0.784269482200187,58,"6285/6271/1785/7311/9261/1849/4792/3725/57161/3146/7099/3656/4793/329/1514/9450/79155/2353/3689/7314/5970/3665"
"517","Transcription of the HIV genome",0.796203796203796,1,0.0230827802358481,0.461071186399278,0.799171880202654,15,"5435/5436/5438/6884/6881/6872"
"518","Transcription-Coupled Nucleotide Excision Repair (TC-NER)",0.813186813186813,1,0.0218679438176212,0.466869804209446,0.814341745647079,19,"7311/5435/5436/5438/57804/5981/5111/7314"
"519","Transcriptional Regulation by MECP2",0.0659340659340659,0.684204684204684,0.172324344900946,0.753839240628921,1.30866120137601,17,"4336/28996/6446/4233/2593/28514"
"520","Transcriptional Regulation by TP53",0.405594405594406,1,0.0552495663125249,0.570497597149633,1.03067639890522,96,"5305/10397/28996/28984/57060/117584/6446/10971/1027/9134/7311/5052/5435/665/94241/7832/1029/54541/3725/580/5436"
"521","Transcriptional activity of SMAD2/SMAD3:SMAD4 heterotrimer",0.468531468531469,1,0.0486034247259069,0.595382384975813,1.03197266295582,15,"4904/7311/142/6667/4092/9612/1278/25937/7050/7314/1030/3065/5933"
"522","Transcriptional regulation by RUNX1",0.589410589410589,1,0.0380842053196415,0.544275861235952,0.976346301126073,68,"28996/3021/5588/865/7082/6938/7311/8334/3020/6599/8349/25/8850/595/10398/7122/1997/3977/5698/86/1912/83737/5720/1021"
"523","Transcriptional regulation by RUNX2",0.964035964035964,1,0.00881182919930239,0.386402583888024,0.682396215725581,37,"865/7311/25/7525/595/23493/5698/23314/5720/25937/7314/23198/4094/3678/5702/4091/1019/6662"
"524","Transcriptional regulation by RUNX3",0.605394605394605,1,0.0368389606870506,0.546597712066752,0.966728149775363,33,"6696/3516/865/7311/4851/8850/595/1029/5698/5720/1490/84441/25937/7003/10018/7314/7040"
"525","Transcriptional regulation by small RNAs",0.458541458541459,1,0.0495901956956338,0.590059294134586,1.03731951934763,26,"3021/8334/3020/5435/8349/5436/5438"
"526","Transcriptional regulation of granulopoiesis",0.646353646353646,1,0.0337507376805299,0.53888937791953,0.952699130229563,30,"3021/865/8334/3020/8349/7913"
"527","Transcriptional regulation of white adipocyte differentiation",0.835164835164835,1,0.0202691096367175,0.464607038821139,0.819276485214111,28,"6720/23097/10974/400569/51129/9612/90390/7040/5970/85441/5346/112950/8202/7026/5465/1019/1052"
"528","Translation",0.605394605394605,1,0.0368389606870506,0.548139463514808,0.961844951701621,25,"1936/1915/2197/7311/23471/1938/23478/8669/8666/1937/9669"
"529","Translocation of SLC2A4 (GLUT4) to the plasma membrane",0.313686313686314,1,0.0675188953767744,0.648177614340109,1.12937191107593,18,"10971/6814/10382/4627/8773/7846/5872/6810"
"530","Transmission across Chemical Synapses",0.482517482517482,1,0.0472587336673259,0.571999691488985,1.02070965298744,48,"54407/3766/2770/1312/4646/10382/2752/6539/590/83988/7846/2771/1739/94235"
"531","Transport of Mature Transcript to Cytoplasm",0.985014985014985,1,0.00562708211299112,0.27704034206927,0.483230043453704,19,"22794/10212/8086/10250/23225/348995/102724594/57187"
"532","Transport of Mature mRNA derived from an Intron-Containing Transcript",0.981018981018981,1,0.00634596373149448,0.291658317119335,0.508179708306643,18,"22794/10212/8086/10250/23225/348995/102724594/57187"
"533","Transport of bile salts and organic acids, metal ions and amine compounds",0.414585414585415,1,0.0542315935495841,0.602924197223965,1.05797818613539,25,"23446/115584/6566/6563/6536/6539/55356/4891/64849/27173/6556"
"534","Transport of inorganic cations/anions and amino acids/oligopeptides",0.381618381618382,1,0.0580983576873206,0.602249748947288,1.06497257249953,32,"6558/25769/54407/6522/6539/115019/6575/285195"
"535","Transport of small molecules",0.00161071494698483,0.198145340889065,0.45505986738723,0.652919719410293,1.18711957274807,208,"7018/347/2495/23446/94015/760/20/6558/2512/6579/10351/4864/5046/51700/3988/65125/7439/25769/115584/28232/358/54407/85414/26119/6446/121601/338328/563/6522/84061/23120/10110/6566/22802/10577/6563/7311/348938/29116/57185/6536/348/11046/347734/53828/51128/376497/140803/6539/2/361/55144/3040/3043/115019/8992/6575/123606/79901/9619/285195/3039/5348/55356/9635/120/4891/11309/6513/57348/23250"
"536","Transport to the Golgi and subsequent modification",0.246753246753247,0.952502043411134,0.0797705918628453,0.623451385063803,1.10733939814888,42,"1783/4124/1604/1781/2530/7039/6484/10382/4122/51128"
"537","UCH proteinases",0.755244755244755,1,0.0259735747969448,0.498203861025357,0.867866152245433,20,"7311/8334/4092/580/5698/7048/86/5720/7046/7314/7040/23198/29844/5702/114785/5696/10445"
"538","Ub-specific processing proteases",0.953046953046953,1,0.0101263868834473,0.409659267523363,0.729485468023124,44,"9738/4303/7311/8334/8349/4092/4792/5698/5720/7046/4194/329/991/10600"
"539","Unfolded Protein Response (UPR)",0.748251748251748,1,0.0264649017470855,0.501863650343793,0.881143965319268,24,"4000/7094/468/64764/10106/1200/467/7709/6347/11340/10897/4801/148327"
"540","VEGFA-VEGFR2 Pathway",0.636363636363636,1,0.0344919215094074,0.541030193690638,0.955024235236475,35,"5747/1495/1793/387/3728/3791/10163/9261/5295/857/6093/653361/3315/9564/5829/5062/253260/1535/1536"
"541","Vesicle-mediated transport",0.00524251498949909,0.259479795108778,0.407017918923954,0.641443585556527,1.16602191910295,202,"7018/2495/2512/2705/8871/57165/10749/6272/274/4036/1783/4124/950/9341/23303/6678/3092/3799/26119/23048/23258/9026/1604/10971/1781/8301/6457/9363/124602/1785/7039/89853/7082/6814/7311/10226/4646/10382/22905/4122/22836/9267/348/2060/51128/3798/29763/221458/4627/1839/3040/23149/3043/152503/2647/55357/143425/338382/29082/8773/27333/3039/27147/112574/55707/7846"
"542","Viral Infection Pathways",0.91008991008991,1,0.0143399359768684,0.491142280055684,0.892639054917465,190,"51114/51125/1783/4124/1915/567/3688/10971/2197/121601/1781/2339/5589/2530/4780/89853/84061/7082/6484/7311/8334/1312/10382/5435/253832/53828/51128/3133/8349/684/5978/143/142/857/51201/6667/29082/10362/5348/4792/7852/7846/5436/375790/5438/5698/3178/2342/6093/256435/9612/83737/79685/57506/5720/9636/6884/3339/8819/1603/83666/3656/3106/85437"
"543","Visual phototransduction",0.684315684315684,1,0.0309900819310557,0.525159834389278,0.928648003795511,38,"4036/338328/2339/5588/348/5158/5947/222236/26020/375790/5959/54884/2342/3339/1645/6385"
"544","mRNA Splicing",0.957042957042957,1,0.00966564348468499,0.404492230702644,0.722092090901753,47,"4904/5435/3185/9130/22794/5436/57819/5438/3178/84081/85437/84844/5725/6637/11066/79165/84991/84811/84950"
"545","mRNA Splicing - Major Pathway",0.959040959040959,1,0.00942834302346016,0.403804221995996,0.719059313983818,44,"4904/5435/3185/9130/22794/5436/57819/5438/3178/84081/84844/5725/6637/79165/84991/84811/84950"
"546","p53-Dependent G1 DNA Damage Response",0.611388611388611,1,0.0363783055518278,0.546105102478533,0.951309636649965,20,"57060/1027/9134/7311/1029/5698/5720/4194/25946/7314/472/23198"
"547","p53-Dependent G1/S DNA damage checkpoint",0.611388611388611,1,0.0363783055518278,0.546105102478533,0.951309636649965,20,"57060/1027/9134/7311/1029/5698/5720/4194/25946/7314/472/23198"
"548","p75 NTR receptor-mediated signalling",0.220779220779221,0.927436200163473,0.0857844408075645,0.638546711074725,1.127688782039,37,"4099/57580/5663/4974/387/389337/7311/9639/9138/10672/9181/4792/8878"
"549","rRNA processing",0.703296703296703,1,0.0296354881939192,0.512833995646417,0.893551855100003,18,"2197/7311/8780/11340/2091"
"550","rRNA processing in the nucleus and cytosol",0.612387612387612,1,0.0363018462359236,0.545767116150442,0.949286828036095,16,"2197/7311/8780/11340/2091"
"551","tRNA processing",0.992007992007992,1,0.00409492237559551,0.258546721793229,0.4531324051344,22,"54482/116461/81605/8086/93587/113179/3028/23225/79074"
"552","trans-Golgi Network Vesicle Budding",0.0939060939060939,0.71994671994672,0.142056643575821,0.728577449937154,1.27082759919669,19,"2495/2512/6272/9026/8301/1785/152503/2647/8773"
