{"tissue_hires_scalef": 0.063926354, "tissue_lowres_scalef": 0.019177906, "fiducial_diameter_fullres": 290.92169999999993, "spot_diameter_fullres": 180.09438}