{"tissue_hires_scalef": 0.063926354, "tissue_lowres_scalef": 0.019177906, "fiducial_diameter_fullres": 291.5444, "spot_diameter_fullres": 180.47987000000003}