{"tissue_hires_scalef": 0.06708933, "tissue_lowres_scalef": 0.0201268, "fiducial_diameter_fullres": 290.8723, "spot_diameter_fullres": 180.06381000000002}