{"tissue_hires_scalef": 0.06788175, "tissue_lowres_scalef": 0.020364525, "fiducial_diameter_fullres": 291.13259999999997, "spot_diameter_fullres": 180.22493000000003}