{"tissue_hires_scalef": 0.046410173, "tissue_lowres_scalef": 0.013923052, "fiducial_diameter_fullres": 291.83343999999994, "spot_diameter_fullres": 180.65879999999996}