{"tissue_hires_scalef": 0.07235366, "tissue_lowres_scalef": 0.021706099, "fiducial_diameter_fullres": 291.1581699999999, "spot_diameter_fullres": 180.24078000000003}