sample_id,x,y,theta,Brain,Slide #,Array #
V11U08-082_A1,1365.0,18.000000000000004,-0.0,Br8325,V11U08-082,A1
V11U08-082_B1,19.0,52.0,-0.0,Br8325,V11U08-082,B1
V11U08-082_C1,109.33511742285113,752.3382304425696,0.0088923887734815,Br8325,V11U08-082,C1
V11U08-082_D1,1240.7839449235435,792.4230723546884,0.0356197488883313,Br8325,V11U08-082,D1
V11U23-406_A1,124.0,133.00000000000003,-0.0,Br6471,V11U23-406,A1
V11U23-406_B1,283.69794357481237,454.5722550787317,0.039057347575846,Br6471,V11U23-406,B1
V11U23-406_C1,0.0,54.0,-0.0,Br8667,V11U23-406,C1
V11U23-406_D1,1295.0,0.0,-0.0,Br8667,V11U23-406,D1
