sample_id1,sample_id2,x,y,theta,before_err_rmse,before_err_avg,after_err_rmse,after_err_avg
V13M06-376_A1,V13M06-376_D1,230.39324772217805,-241.19851497032033,-0.056589755053516606,4.579355109962592,3.582432462559913,0.8328515353722675,0.6733765146920498
V13M06-376_A1,V13M06-376_C1,-691.8856010916512,476.65543387842735,-0.03306828409370371,1.9259498032472429,1.6474825827821127,1.282020817653082,1.0820833377917298
V13M06-376_A1,V13M06-376_B1,274.68566305582135,-43.32650947450702,0.01404168447227432,0.8029784431510613,0.6004211689350483,0.16221033702595222,0.12520579837608584
V13M06-376_B1,V13F06-313_C1,1652.1179994164395,119.34205065729293,0.019360609790370253,9.575255546605609,9.546930425369034,2.0735901723908894,1.994180892335874
