capture_area1,capture_area2,x,y,theta,before_err_rmse,before_err_avg,after_err_rmse,after_err_avg
B1,C1,-321.0556371688872,31.324654781965364,0.031352975855135155,2.389339962112016,2.203527851140122,0.9630312564633124,0.8339772919209477
A1,D1,-185.2766522927559,235.4549241741115,0.04628675553839077,3.4567793415226795,3.036983149562616,0.862804252071721,0.8357183245789365
