sample_id1,sample_id2,x,y,theta,before_err_rmse,before_err_avg,after_err_rmse,after_err_avg
V13M06-378_A1,V13M06-378_D1,-490.20803612816184,296.42297385367317,-0.037400091571786025,2.554821171052218,2.35853113090183,1.1009443307380993,0.8972842076159451
V13M06-378_A1,V13M06-378_C1,274.38875070371944,-600.2274284442032,0.029950838936977076,1.713528860867195,1.271871819888104,1.2789500961993485,1.2402536597882947
V13M06-378_C1,V13M06-378_B1,649.3008559731898,-817.3473780450445,0.03529410208162614,3.762289013701136,3.3742265588317326,1.3744779577793529,1.374305079042239
