capture_area1,capture_area2,x,y,theta,before_err_rmse,before_err_avg,after_err_rmse,after_err_avg
B1,C1,114.74324693773633,161.7209459899693,0.00889238877348158,2.0571385773273057,1.8470979047545122,1.2213706191800227,1.1187452817143635
A1,D1,74.83525376002763,-71.59688233293582,0.03561974888833133,3.1429091119455492,2.8229514145084478,0.8506016631446609,0.7670506378757321
