sample_id1,sample_id2,x,y,theta,before_err_rmse,before_err_avg,after_err_rmse,after_err_avg
V13M06-379_A1,V13M06-379_D1,166.61196657858818,-225.71548103878013,0.006206266875879949,1.7470939270922603,1.3497132085273158,1.4068541025353611,1.3499152098252922
V13M06-379_A1,V13M06-379_B1,469.0013387446321,-214.1861707903714,0.00856573294610266,2.794542615483275,2.293247338552084,1.5934275931795423,1.5459468221759967
V13M06-379_B1,V13M06-379_C1,191.85864244812984,196.63578253096202,-0.01755266350520719,3.636341260776511,3.284230404664118,1.3909124438782052,1.3464509197090015
