capture_area1,capture_area2,x,y,theta,before_err_rmse,before_err_avg,after_err_rmse,after_err_avg
C1,D1,-7.050455343599929,11.674032360799579,-0.0055868846039465745,0.8589591583009153,0.7424146828393273,0.7445615864583328,0.6642646192664567
