capture_area1,capture_area2,x,y,theta,before_err_rmse,before_err_avg,after_err_rmse,after_err_avg
B1,D1,-59.1753862001151,-116.65379446989027,0.00690428240665548,1.6671374699062849,1.6015061021362034,1.330574470840182,1.2009678984223657
D1,C1,138.7976465908061,-48.388887058984984,0.01878694107570891,1.0130426331882676,0.904250749714953,0.1649242662820312,0.1295779615460939
C1,A1,1279.6363909085812,-709.6762981022027,0.06370168927377654,2.0839510766473337,2.0255588202088055,0.4239347287951693,0.3994895781735732
