capture_area1,capture_area2,x,y,theta,before_err_rmse,before_err_avg,after_err_rmse,after_err_avg
A1,B1,12.727485511327814,635.250135795718,0.011122965245973532,5.140271642820397,5.111219837814564,0.627106877095192,0.6200770838908475
A1,C1,-549.1330924259091,49.72051171492694,-0.009186996836037381,2.6810587522577585,2.648497762753653,0.00010139781307471089,0.00010139781307471089
C1,D1,583.1655369659953,706.8775573086665,0.045530525318388915,7.91399156465306,7.845401160048,0.5155271184775123,0.46336264167003643
