sample_id1,sample_id2,x,y,theta,before_err_rmse,before_err_avg,after_err_rmse,after_err_avg
V13M06-378_A1,V13M06-378_D1,-414.33843524419837,222.47374686011426,-0.02681421998987917,2.139917482510927,2.040316124745511,1.0025261985220777,0.8829857837267143
V13M06-378_A1,V13M06-378_C1,274.38875070371944,-600.2274284442032,0.029950838936977076,1.713528860867195,1.271871819888104,1.2789500961993485,1.2402536597882947
V13M06-378_C1,V13M06-378_B1,566.573579127933,-584.0707333135324,0.03277264428933285,2.147587393953379,1.9758949917059057,0.08602343905673329,0.08602343905673329
