sample_id1,sample_id2,x,y,theta,before_err_rmse,before_err_avg,after_err_rmse,after_err_avg
V13M06-377_B1,V13M06-377_A1,420.1299171526369,-155.73906174664734,0.023852053183044113,2.077011521273807,1.770493022368407,0.7404778442344175,0.6294673428694564
V13M06-377_B1,V13M06-377_C1,-1.2642507050506537,4.05352905476102,-0.0011296049959627424,0.6051213934628678,0.46509192955228656,0.5759685617980009,0.46574073577797565
V13M06-377_C1,V13M06-377_D1,-256.213010930465,2.637999651775317,-0.013246345283778105,0.9725026890021222,0.7170251963430191,0.3001679314461369,0.2713256825507766
