capture_area1,capture_area2,x,y,theta,before_err_rmse,before_err_avg,after_err_rmse,after_err_avg
A1,B1,800.3946912990834,-572.7847471612594,0.03905734757584602,2.126670910542426,1.6927213992542234,1.1292518358158186,0.9373078192075779
