sample_id1,sample_id2,x,y,theta,before_err_rmse,before_err_avg,after_err_rmse,after_err_avg
V11D01-384_D1,V11D01-384_A1,98.74554756190173,-286.6279267726466,0.0016501804275507253,2.005002998699353,1.8561031993298078,0.8973541407184801,0.7974336414234477
V11D01-384_D1,V11D01-384_B1,-207.39901431927646,-1.0069729334663862,0.0018910442352368072,1.7013348186906754,1.5113299206688993,0.7879100155588533,0.7304493304869298
V11D01-384_B1,V11D01-384_C1,-659.8383233623492,57.43118081356734,-0.00901490899196827,3.5928456369793933,3.4538917590710736,0.8390325385346004,0.7656099869660358
