capture_area1,capture_area2,x,y,theta,before_err_rmse,before_err_avg,after_err_rmse,after_err_avg
A1,B1,-1777.532357343096,1444.5584126903311,-0.04732277643850237,4.817082092907191,4.479760337347173,1.3969947093096762,1.3370460410694045
A1,D1,-2120.145120007852,578.9575001707144,-0.06878592769735012,2.308525700331471,1.9833954325443244,1.0607807547093844,1.0420148036684336
A1,C1,-1883.38681473779,309.2394319269042,-0.041820444509415015,2.0125869760306347,1.6878482315735173,0.9063887394356401,0.8651363981511886
