capture_area1,capture_area2,x,y,theta,before_err_rmse,before_err_avg,after_err_rmse,after_err_avg
C1,D1,-64.99408759864362,17.107030455879535,-0.007249458721487542,0.8913611363104652,0.7978403472387398,0.8465845553413588,0.7882375832669558
