sample_id1,sample_id2,x,y,theta,before_err_rmse,before_err_avg,after_err_rmse,after_err_avg
V13F06-313_A1,V13F06-313_D1,44.163018965954166,-38.44257850560825,-0.0009771529500761918,0.3654318061672784,0.2883662742835047,0.24294941309535187,0.2239586720320322
V13F06-313_A1,V13F06-313_B1,-273.5076408550067,114.94392543988181,-0.040095294223528574,1.46780532746642,1.047177820155298,0.4134154761671451,0.3587312871655141
