capture_area1,capture_area2,x,y,theta,before_err_rmse,before_err_avg,after_err_rmse,after_err_avg
A1,C1,-284.4691768531223,515.2031729328664,-0.03739919253305147,1.4036563823348587,1.341571178037936,0.4830135373984849,0.448095423196986
C1,D1,163.55083470885236,371.366150913947,-0.0002612665461676978,2.745547428281603,2.7343575696481053,0.7634685555805865,0.6846692765367702
D1,B1,-31.584175554659122,356.93863175548574,-0.021839014749502464,2.6570614691217034,2.6401805743622404,1.3039180856602577,1.21898654012771
