capture_area1,capture_area2,x,y,theta,before_err_rmse,before_err_avg,after_err_rmse,after_err_avg
C1,D1,4036.201294072371,-75.4852014576023,0.00013123203874337443,22.36885621270034,22.36449719488512,0.7113554132912845,0.7031457058711043
