x,y,theta,adjusted,sample_id
0.0,2042.0534830203253,-0.0,False,V11U23-406_C1
19064.134341481724,0.0,-0.0,False,V11U23-406_D1
0.0,2042.0534830203253,-0.0,True,V11U23-406_C1
18999.14025388308,17.107030455879535,-0.007249458721487542,True,V11U23-406_D1
