x,y,theta,adjusted,sample_id
16415.777726410688,3.6051766100664486,-0.0002861463041019,False,V12D07-078_A1
0.0,930.7304553202844,-0.0,False,V12D07-078_B1
17569.94341820139,12426.062230494908,0.0342722893511912,False,V12D07-078_C1
1067.7814900805556,9389.538927373484,0.0372453994170044,False,V12D07-078_D1
16415.777726410688,3.6051766100664486,-0.0002861463041019,True,V12D07-078_A1
-31.584175554659122,1287.6690870757702,-0.021839014749502464,True,V12D07-078_B1
17285.474241348267,12941.265403427775,-0.0031269031818602702,True,V12D07-078_C1
1231.332324789408,9760.905078287431,0.036984132870836704,True,V12D07-078_D1
