x,y,theta,adjusted,sample_id
46670.802110563134,31200.05607391293,1.5707963267948966,False,V12D07-074_A1
22753.632053903355,0.0,-0.0,False,V12D07-074_B1
1379.00800326687,861.8800020417938,-0.0,False,V12D07-074_C1
0.0,11032.06402613496,-0.0,False,V12D07-074_D1
46670.802110563134,31200.05607391293,1.5707963267948966,True,V12D07-074_A1
22753.632053903355,0.0,-0.0,True,V12D07-074_B1
1379.00800326687,861.8800020417938,-0.0,True,V12D07-074_C1
4036.201294072371,10956.578824677357,0.00013123203874337443,True,V12D07-074_D1
