x,y,theta,adjusted,sample_id
36920.95412369328,15016.916863773056,-0.0,False,V13M06-379_A1
17562.15701017527,16469.200947308436,-0.0,False,V13M06-379_B1
1.789562747643562,16089.229617665944,-0.0872664625997163,False,V13M06-379_C1
38702.622226174826,0.0,-0.0,False,V13M06-379_D1
36920.95412369328,15016.916863773056,-0.0,True,V13M06-379_A1
18031.1583489199,16255.014776518065,0.00856573294610266,True,V13M06-379_B1
193.64820519577341,16285.865400196906,-0.10481912610492349,True,V13M06-379_C1
38869.234192753414,-225.71548103878013,0.006206266875879949,True,V13M06-379_D1
