x,y,theta,adjusted,sample_id
0.0,0.0,-0.0,False,V12D07-333_A1
2045.5081332444,13116.1298543847,-0.0,False,V12D07-333_B1
23495.70153051,1658.5201080359998,-0.0,False,V12D07-333_C1
23993.2575629208,12217.7647958652,-0.0,False,V12D07-333_D1
0.0,0.0,-0.0,True,V12D07-333_A1
2058.235618755728,13751.37999018042,0.011122965245973532,True,V12D07-333_B1
22946.56843808409,1708.2406197509267,-0.009186996836037381,True,V12D07-333_C1
24576.423099886797,12924.642353173866,0.045530525318388915,True,V12D07-333_D1
