x,y,theta,adjusted,sample_id
601.9650103537982,0.0,-0.0,False,V13F06-313_A1
19091.66759770284,3415.3691069249608,-0.0,False,V13F06-313_B1
24571.00076924432,37716.48618079004,-3.141592653589793,False,V13F06-313_D1
601.9650103537982,0.0,-0.0,True,V13F06-313_A1
18818.159956847834,3530.3130323648425,-0.040095294223528574,True,V13F06-313_B1
24615.163788210277,37678.04360228443,-3.1425698065398695,True,V13F06-313_D1
