x,y,theta,adjusted,sample_id
46670.802110563134,31200.05607391293,1.5707963267948966,False,V12D07-074_A1
22753.632053903355,0.0,-0.0,False,V12D07-074_B1
1379.00800326687,861.8800020417938,-0.0,False,V12D07-074_C1
0.0,11032.06402613496,-0.0,False,V12D07-074_D1
46670.802110563134,31200.05607391293,1.5707963267948966,True,V12D07-074_A1
20976.09969656026,1444.5584126903311,-0.04732277643850237,True,V12D07-074_B1
-504.37881147092,1171.119433968698,-0.041820444509415015,True,V12D07-074_C1
-2120.145120007852,11611.021526305674,-0.06878592769735012,True,V12D07-074_D1
