x,y,theta,adjusted,sample_id
0.0,2042.0534830203253,-0.0,False,V11U23-406_C1
19064.134341481724,0.0,-0.0,False,V11U23-406_D1
0.0,2042.0534830203253,-0.0,True,V11U23-406_C1
19057.083886138123,11.674032360799579,-0.0055868846039465745,True,V11U23-406_D1
