x,y,theta,adjusted,sample_id
16415.777726410688,3.6051766100664486,-0.0002861463041019,False,V12D07-078_A1
0.0,930.7304553202844,-0.0,False,V12D07-078_B1
17569.94341820139,12426.062230494908,0.0342722893511912,False,V12D07-078_C1
1067.7814900805556,9389.538927373484,0.0372453994170044,False,V12D07-078_D1
17695.41411731927,-706.0711214921363,0.06341554296967464,True,V12D07-078_A1
0.0,930.7304553202844,-0.0,True,V12D07-078_B1
17708.741064792197,12377.673343435923,0.05305923042690011,True,V12D07-078_C1
1008.6061038804405,9272.885132903593,0.04414968182365988,True,V12D07-078_D1
