x,y,theta,adjusted,sample_id
21352.69594758994,281.57401249569153,0.0,False,Br8325_A1
297.2170131898966,813.4360360986643,0.0,False,Br8325_B1
1595.5860708089185,11607.106515100171,0.0,False,Br8325_C1
19334.748858037485,12467.471553281452,0.0,False,Br8325_D1
21352.69594758994,281.57401249569153,0.0,True,Br8325_A1
297.2170131898966,813.4360360986643,0.0,True,Br8325_B1
909.8885491655649,11531.468162741738,-0.031352975855135155,True,Br8325_C1
18551.891135909715,11350.74653337888,-0.04628675553839077,True,Br8325_D1
