x,y,theta,adjusted,sample_id
316.54349456843016,0.0,-0.0,False,V13M06-377_A1
0.0,16128.644723248584,-0.0,False,V13M06-377_B1
18600.69868083061,16309.52672014483,-0.0,False,V13M06-377_C1
37623.45535441913,16339.673719627535,-0.0,False,V13M06-377_D1
736.673411721067,-155.73906174664734,0.023852053183044113,True,V13M06-377_A1
0.0,16128.644723248584,-0.0,True,V13M06-377_B1
18599.43443012556,16313.580249199591,-0.0011296049959627424,True,V13M06-377_C1
37367.242343488666,16342.31171927931,-0.013246345283778105,True,V13M06-377_D1
