x,y,theta,adjusted,sample_id
21352.69594758994,281.57401249569153,0.0,False,Br8325_A1
297.2170131898966,813.4360360986643,0.0,False,Br8325_B1
1595.5860708089185,11607.106515100171,0.0,False,Br8325_C1
19334.748858037485,12467.471553281452,0.0,False,Br8325_D1
21352.69594758994,281.57401249569153,0.0,True,Br8325_A1
297.2170131898966,813.4360360986643,0.0,True,Br8325_B1
1710.3293177466533,11768.82746109014,0.00889238877348158,True,Br8325_C1
19409.584111797503,12395.87467094852,0.03561974888833077,True,Br8325_D1
