x,y,theta,adjusted,sample_id
1848.2819846315351,1982.4314835160824,-0.0,False,V11U23-406_A1
3428.2649714939766,7348.411438897959,-0.0,False,V11U23-406_B1
0.0,804.8969933072815,-0.0,False,V11U23-406_C1
19302.622339498696,0.0,-0.0,False,V11U23-406_D1
1848.2819846315351,1982.4314835160824,-0.0,True,V11U23-406_A1
4228.65966279306,6775.626691736699,0.03905734757584602,True,V11U23-406_B1
0.0,804.8969933072815,-0.0,True,V11U23-406_C1
19302.622339498696,0.0,-0.0,True,V11U23-406_D1
