x,y,theta,adjusted,sample_id
0.0,0.0,-0.0,False,V11D01-384_A1
22289.849248274837,9241.8146883198,-0.0,False,V11D01-384_B1
42943.84759591367,7795.239601850184,0.0349065850398856,False,V11D01-384_C1
26304.629112876384,35233.60381174671,-3.141592653589793,False,V11D01-384_D1
98.74554756190173,-286.6279267726466,0.0016501804275507253,True,V11D01-384_A1
22082.450233955562,9240.807715386334,0.0018910442352368072,True,V11D01-384_B1
42284.009272551324,7852.670782663751,0.02589167604791733,True,V11D01-384_C1
26304.629112876384,35233.60381174671,-3.141592653589793,True,V11D01-384_D1
