x,y,theta,adjusted,sample_id
41609.72710027944,27438.000066125584,-3.141592653589793,False,V13M06-378_A1
525.4830082318344,4436.577895559403,0.0191342300145586,False,V13M06-378_B1
205.78500049594183,8642.970020829558,-0.0,False,V13M06-378_C1
18698.997045064585,15447.594037228702,-0.0,False,V13M06-378_D1
41609.72710027944,27438.000066125584,-3.141592653589793,True,V13M06-378_A1
1174.7838642050242,3619.230517514359,0.05442833209618474,True,V13M06-378_B1
480.1737511996613,8042.742592385355,0.029950838936977076,True,V13M06-378_C1
18208.789008936423,15744.017011082375,-0.037400091571786025,True,V13M06-378_D1
