{"tissue_hires_scalef": 0.068117574, "tissue_lowres_scalef": 0.020435272, "fiducial_diameter_fullres": 290.89040000000006, "spot_diameter_fullres": 180.07501000000002}