{"tissue_lowres_scalef": 0.027116805640295574, "fiducial_diameter_fullres": 290.65308, "spot_diameter_fullres": 179.9281}