{"tissue_lowres_scalef": 0.018879501581158257, "fiducial_diameter_fullres": 291.15146, "spot_diameter_fullres": 180.23662}