{"tissue_hires_scalef": 0.066341594, "tissue_lowres_scalef": 0.019902477, "fiducial_diameter_fullres": 290.47043, "spot_diameter_fullres": 179.81503000000004}