{"tissue_hires_scalef": 0.066341594, "tissue_lowres_scalef": 0.019902477, "fiducial_diameter_fullres": 290.87408000000005, "spot_diameter_fullres": 180.0649}