{"tissue_hires_scalef": 0.07235366, "tissue_lowres_scalef": 0.021706099, "fiducial_diameter_fullres": 290.63349999999997, "spot_diameter_fullres": 179.91599999999997}