"","cell","trait","Prop._SNPs","Prop._h2","Prop._h2_std_error","Enrichment","Enrichment_std_error","Enrichment_p","Coefficient","Coefficient_std_error","Coefficient_z.score","p_zcore","FDR"
"1","nmf40","ADHD",0.193689347994241,0.215693159109056,0.0122210112232428,1.11360362014058,0.0630959386760194,0.0728190396718931,-1.00835064712865e-09,2.41818698305951e-09,-0.416986219094142,0.676688487692147,0.837925707085961
"5","nmf40","Alzheimer Disease",0.193689347994241,0.224596554342988,0.0233786136462871,1.15957101755367,0.120701597110969,0.175560828796583,1.39026209379462e-10,6.81382106451661e-10,0.204035603610798,0.838325676437215,0.917545448792278
"6","nmf40","Anorexia",0.193689347994241,0.215522506901743,0.0181587200286987,1.1127225587447,0.0937517742547137,0.233355966502442,1.6925032409123e-09,5.3463771012502e-09,0.316570120075615,0.751569811220305,0.877163705403009
"8","nmf40","Autism",0.193689347994241,0.229836740837954,0.02325441140724,1.1866256106391,0.120060352559664,0.134409484304937,2.89577413701488e-09,5.2101314647594e-09,0.555796750351022,0.578349807274879,0.775047457464813
"9","nmf40","BMI",0.193689347994241,0.239605006413857,0.00945969984412699,1.23705825279035,0.0488395461190167,1.42375357546294e-06,3.2894596451699e-09,2.27124452960988e-09,1.44830712954317,0.147531174634463,0.35666877384156
"10","nmf40","Bipolar",0.193689347994241,0.283110841895513,0.0117997821476427,1.46167481499257,0.0609211723300013,1.6725392058863e-12,1.23212830784954e-08,2.6224592802809e-09,4.69836964529553,2.62246482849083e-06,0.000361306728158434
"15","nmf40","Epilepsy",0.193689347994241,0.250809376197776,0.0199346410615915,1.29490536673826,0.102920688556318,0.00146008986924308,1.65675881504663e-08,1.24696984013371e-08,1.328627815785,0.183970790431897,0.410587024126622
"16","nmf40","Age of smoking",0.193689347994241,0.229071828486712,0.016487130963411,1.18267643966422,0.085121516150187,0.0318970398492586,3.44202177100736e-10,9.13491530350589e-10,0.376798432896947,0.706323405423977,0.855364123999679
"17","nmf40","Cigarettes per day",0.193689347994241,0.226732772107221,0.0142137654714596,1.17060011020308,0.0733843426014437,0.0166122340194809,5.65028860796039e-10,1.38161763420654e-09,0.408961818962692,0.682567681047415,0.838380317757079
"18","nmf40","Drinks per week",0.193689347994241,0.250793325266396,0.0136070000910887,1.29482249727979,0.0702516696555418,3.44219876129087e-05,1.54104881986879e-09,6.90557892946678e-10,2.2315997479849,0.0256414283197812,0.112447459741233
"19","nmf40","Smoking cessation",0.193689347994241,0.244174665210619,0.0105617725512667,1.26065097404262,0.0545294444977983,3.3471666454652e-06,1.78176529463044e-09,9.18634025392758e-10,1.9395812101219,0.0524306062355709,0.185049198478486
"20","nmf40","Smoking initiation",0.193689347994241,0.236245463332506,0.00988477300018085,1.21971324587003,0.0510341590931205,1.62246020575215e-05,1.07221499385846e-09,7.29865492130571e-10,1.46905834762584,0.141816964017851,0.349250732282768
"21","nmf40","Height",0.193689347994241,0.18619908069138,0.00961934683586724,0.96132845001325,0.0496637886155374,0.437980259345047,-2.15058697361867e-08,6.37363618895936e-09,-3.37419160720845,0.000740328170581804,0.0105657187356938
"23","nmf40","Intelligence",0.193689347994241,0.253079848646338,0.00872783467078431,1.30662760377439,0.0450609946347893,1.74650872806456e-10,5.9347917112709e-09,1.76976096080164e-09,3.35344255112433,0.000798129804287726,0.0110898035964189
"24","nmf40","Depression",0.193689347994241,0.250775715561698,0.0120979117112242,1.29473158002037,0.0624603874012935,7.66705385122623e-06,2.06775497543991e-09,8.97354893205011e-10,2.30427781817145,0.0212070533101865,0.0992670580476817
"32","nmf40","Type 2 Diabetes",0.193689347994241,0.236286509810813,0.0319791705280799,1.21992516500101,0.165105468417555,0.187756304153742,3.15298265959536e-09,3.61870431989838e-09,0.871301543554655,0.383589527906282,0.624338072547832
"33","nmf40","Parkinson Disease",0.193689347994241,0.296386140907415,0.0456497685676137,1.5302139429796,0.235685488336566,0.0279629195956081,4.36600441254379e-09,3.39627412628325e-09,1.28552768422194,0.198607948962214,0.429774578082168
"36","nmf40","Schizophrenia",0.193689347994241,0.272344024129132,0.011517907722601,1.40608674121424,0.0594658810196598,1.09844445612334e-10,1.92266283739657e-08,4.8517298590185e-09,3.96283983911982,7.40634703290632e-05,0.00199517920070129
"39","nmf40","Education Years",0.193689347994241,0.250464919198066,0.00788962069796845,1.29312696744435,0.0407333742390575,4.91034465198089e-11,4.02605029829811e-09,1.23879082391383e-09,3.24998395255966,0.00115411520853503,0.0145617764195238
"40","nmf40","Neuroticism",0.193689347994241,0.250275736267723,0.0104491431842159,1.29215023365748,0.053947949602921,2.58755489469171e-07,3.63190266685067e-09,1.3362902372805e-09,2.71789957415388,0.00656977753468021,0.0434081879047283
"41","nmf37","ADHD",0.189458291583902,0.231236466243227,0.0123921253870748,1.22051383610637,0.0654081976749325,0.000855000154731042,2.09900827719948e-09,2.40606521805216e-09,0.872382120588876,0.382999951092957,0.624338072547832
"45","nmf37","Alzheimer Disease",0.189458291583902,0.260326318549319,0.0325260281125419,1.37405608576404,0.171679095386214,0.0201252821118609,1.08501698844834e-09,8.6539583693522e-10,1.25378115093655,0.20992156214706,0.442404276086922
"46","nmf37","Anorexia",0.189458291583902,0.222612245590576,0.0172927214686762,1.17499341796815,0.0912745561258167,0.059624757912963,3.72510576322446e-09,5.0270425675577e-09,0.741013371811219,0.458685332633547,0.689595260906927
"48","nmf37","Autism",0.189458291583902,0.235459401280904,0.0222595859492424,1.24280335958076,0.117490692875718,0.0428562430894281,4.09033254812748e-09,4.93142073668493e-09,0.829443027989767,0.40685376226737,0.640103654580367
"49","nmf37","BMI",0.189458291583902,0.245489393385469,0.0091062559088374,1.29574372983699,0.048064699795969,1.51471782957291e-09,4.35679181952793e-09,2.17567604277388e-09,2.00250024997895,0.0452309562491261,0.165846839580129
"50","nmf37","Bipolar",0.189458291583902,0.27800648238417,0.0124609143174034,1.46737564273377,0.0657712798591613,3.61291980740197e-11,1.06984973230695e-08,2.74542662804941e-09,3.89684328612731,9.74546350024976e-05,0.00242717204157164
"55","nmf37","Epilepsy",0.189458291583902,0.261370794999801,0.0192942385394568,1.37956904823061,0.101838976685337,4.8277606919866e-05,2.25021185086587e-08,1.20715271879086e-08,1.86406559488164,0.062312493348826,0.211445992854628
"56","nmf37","Age of smoking",0.189458291583902,0.232649165603851,0.0149855964441202,1.22797035515768,0.0790970736558332,0.00476218628942569,3.8926844434276e-10,8.41455948278152e-10,0.462612980678678,0.643641802565623,0.81850402638403
"57","nmf37","Cigarettes per day",0.189458291583902,0.242800202650228,0.0119468763884956,1.28154962562145,0.0630580814838865,3.83733578493619e-06,2.01154708612429e-09,1.11863623933569e-09,1.79821376725544,0.0721431386987078,0.230578554678679
"58","nmf37","Drinks per week",0.189458291583902,0.246246892804335,0.0120180734784438,1.2997419682489,0.0634338744320495,5.32810258817729e-06,1.05727369402966e-09,6.2181609837225e-10,1.70029964936148,0.0890745763794156,0.264816308155019
"59","nmf37","Smoking cessation",0.189458291583902,0.250223185704355,0.0106117846066807,1.32072966357106,0.056011191265183,3.28594137672432e-08,2.35055072487546e-09,9.22912330456642e-10,2.546884083467,0.010868953010422,0.0602815881250295
"60","nmf37","Smoking initiation",0.189458291583902,0.25102604458619,0.00981929711705818,1.32496731859858,0.0518282785882174,8.37679160439546e-10,2.000452983608e-09,7.26034106748148e-10,2.75531543906096,0.00586355748907428,0.0415503949300121
"61","nmf37","Height",0.189458291583902,0.196264156977417,0.0110981167736649,1.03592276345689,0.0585781529057549,0.540127127784702,-1.87530243566155e-08,7.20057416014642e-09,-2.60437903138465,0.00920409057570769,0.0531229567215162
"63","nmf37","Intelligence",0.189458291583902,0.253510364256149,0.00949861290814994,1.33808007101068,0.0501356410888118,2.6757910760047e-10,6.05463672191203e-09,1.97771005048793e-09,3.06143801029796,0.00220276598517318,0.0203332244785217
"64","nmf37","Depression",0.189458291583902,0.254297406979752,0.0121609875801427,1.34223424508785,0.0641882045830505,2.64083557235147e-07,2.40642611383018e-09,9.11860100707562e-10,2.63902994764537,0.00831436357227212,0.0498861814336327
"72","nmf37","Type 2 Diabetes",0.189458291583902,0.255244218982395,0.0331681643279109,1.34723171442386,0.175068422979115,0.0470219647010654,4.7255911790046e-09,3.69792514090088e-09,1.27790341852441,0.201283482577517,0.431321748380394
"73","nmf37","Parkinson Disease",0.189458291583902,0.242587662129174,0.0511015461458781,1.28042779284613,0.269724516771797,0.305610576634762,2.42327378172423e-10,3.85939212129271e-09,0.062789001624239,0.949934524020569,0.984233572768564
"76","nmf37","Schizophrenia",0.189458291583902,0.278737085841847,0.0122685347403292,1.47123191870654,0.0647558607108842,1.77505922264493e-11,2.21281333404495e-08,5.30355282996236e-09,4.17232260145253,3.01510330457527e-05,0.00107565847622685
"79","nmf37","Education Years",0.189458291583902,0.251937368366655,0.00763436840480778,1.32977747376701,0.0402957734970755,6.08043015672621e-14,4.22379002621589e-09,1.26916526608124e-09,3.32800631966358,0.000874698822107844,0.0120271088039829
"80","nmf37","Neuroticism",0.189458291583902,0.239019853194484,0.00999517586130934,1.26159616027485,0.0527566029322236,1.49967967083993e-06,1.98819195444188e-09,1.32715078820674e-09,1.49809047480455,0.13410974552504,0.334640574845091
"81","nmf16","ADHD",0.191989175259375,0.212745426562188,0.012315351471151,1.10811157074232,0.0641460720611622,0.0926973349661788,-9.91038266764383e-10,2.39726863768871e-09,-0.413403091828655,0.679311309753136,0.838380317757079
"85","nmf16","Alzheimer Disease",0.191989175259375,0.229836669838522,0.0251708262121684,1.19713348176019,0.131105444763555,0.121087741105226,3.08842523784381e-10,7.39530618683994e-10,0.417619657633609,0.676225221999363,0.837925707085961
"86","nmf16","Anorexia",0.191989175259375,0.217180999016738,0.0169599914294474,1.13121481314418,0.0883382691057175,0.142070999308445,3.35827563659065e-09,5.00003646355496e-09,0.671650229167122,0.501806393370259,0.722841885725517
"88","nmf16","Autism",0.191989175259375,0.230738014527536,0.0227119932178422,1.20182825003447,0.118298300865966,0.102145508110832,3.78867993821689e-09,5.08180705497526e-09,0.745537935075211,0.455946587121179,0.687042802511365
"89","nmf16","BMI",0.191989175259375,0.238672475233245,0.00920829003962842,1.24315589621551,0.047962548030055,5.39222272822886e-07,3.8257037591175e-09,2.22575380752572e-09,1.71883509585922,0.0856444030469474,0.259557233906401
"90","nmf16","Bipolar",0.191989175259375,0.279689363155709,0.0119204012569049,1.4567975656849,0.0620889237156238,7.06569698535525e-12,1.21997445107116e-08,2.66378946607914e-09,4.57984561695432,4.65319271113135e-06,0.000361306728158434
"95","nmf16","Epilepsy",0.191989175259375,0.236201587293407,0.0190457897887456,1.23028596260337,0.0992024147351795,0.0123447039597614,8.00050221512785e-09,1.23789696837998e-08,0.646297908427547,0.518086442170147,0.735539148667526
"96","nmf16","Age of smoking",0.191989175259375,0.214521882104219,0.0150249324773658,1.11736446502467,0.0782592688211059,0.132817720119874,-3.73727309224441e-10,8.40707700954551e-10,-0.444538938801329,0.656652982973437,0.827082001455092
"97","nmf16","Cigarettes per day",0.191989175259375,0.223214150987064,0.0143668046347347,1.16263925133021,0.074831326377257,0.0259929276821773,5.02247293986667e-10,1.40536894032937e-09,0.357377539501448,0.720809188929323,0.860860694144459
"98","nmf16","Drinks per week",0.191989175259375,0.249062879744841,0.0132965753517745,1.29727563758926,0.0692569012487864,2.15331879470462e-05,1.58416204659216e-09,6.74526975791733e-10,2.34855254637182,0.0188465397556771,0.09046339082725
"99","nmf16","Smoking cessation",0.191989175259375,0.242259593826791,0.0104282309033531,1.26183985893737,0.0543167649387769,2.67176611111073e-06,1.90902947040941e-09,9.11100140669172e-10,2.09530147696749,0.0361442012670342,0.143936978202147
"100","nmf16","Smoking initiation",0.191989175259375,0.227882882165441,0.00975275340952113,1.18695693055389,0.0507984546334203,0.000228607083072162,6.7967114146355e-10,7.37941312004114e-10,0.921036849959906,0.357031188287712,0.604206626333051
"101","nmf16","Height",0.191989175259375,0.185007535632122,0.00971536153919567,0.96363524340463,0.050603694328445,0.473267942809626,-2.06618830536116e-08,6.41116842448961e-09,-3.22279523568381,0.00126946267013158,0.0153733093997586
"103","nmf16","Intelligence",0.191989175259375,0.243588311592728,0.00850341137029375,1.26876065415482,0.0442910979684441,6.66483939954473e-09,4.53950754316612e-09,1.71324923573044e-09,2.64964807716999,0.00805756537714137,0.0488209935128465
"104","nmf16","Depression",0.191989175259375,0.244944749504358,0.0120682651464323,1.27582583327128,0.062859091561429,2.96367767386158e-05,1.85515608220008e-09,9.05846833707635e-10,2.04797987161573,0.0405619717126161,0.154997022389249
"112","nmf16","Type 2 Diabetes",0.191989175259375,0.239001079708736,0.0316015013335144,1.24486747435551,0.164600432763051,0.14083354349301,3.89301515764457e-09,3.60381562781813e-09,1.08024814798906,0.280031692948667,0.523572003813372
"113","nmf16","Parkinson Disease",0.191989175259375,0.297283187299578,0.0457897863107394,1.54843723297395,0.238501916833999,0.0245392127178586,4.66066248163553e-09,3.38603976641845e-09,1.37643465616037,0.168687104660302,0.390643821318595
"116","nmf16","Schizophrenia",0.191989175259375,0.26117559549286,0.011068619606416,1.36036625575382,0.0576523108214955,1.49694507136307e-09,1.53314819324307e-08,4.72618672678226e-09,3.24394333502538,0.00117887195980309,0.0145617764195238
"119","nmf16","Education Years",0.191989175259375,0.243569702343963,0.00790769413306081,1.26866372551944,0.0411882290883203,1.50171307030264e-09,3.43587148777471e-09,1.25063947185356e-09,2.74729173762798,0.00600896579271245,0.0421906108850023
"120","nmf16","Neuroticism",0.191989175259375,0.246692756608806,0.0103678827160547,1.28493055025382,0.0540024337416306,4.99308675224718e-07,3.56921609040618e-09,1.33380770156923e-09,2.67596002497736,0.00745155323484771,0.0466505222909584
"121","nmf61","ADHD",0.189166402036919,0.215965444906116,0.0111538567731296,1.1416691472726,0.0589632019905559,0.0168632168320815,-7.39055740374749e-10,2.21879071806536e-09,-0.333089432165624,0.739066776264951,0.871919394836424
"125","nmf61","Alzheimer Disease",0.189166402036919,0.219338416780107,0.0237731330313724,1.15949986053707,0.125673125752705,0.214320312805422,5.65504993438935e-11,6.52229324554345e-10,0.0867033989655913,0.930907274610868,0.969848147187328
"126","nmf61","Anorexia",0.189166402036919,0.210978843152968,0.0171331254973887,1.11530822007066,0.0905717152353771,0.207810284778417,1.50363558301618e-09,5.18696039792687e-09,0.289887615802341,0.771902216189372,0.887553070879766
"128","nmf61","Autism",0.189166402036919,0.220369338743061,0.0226541075124952,1.16494967589462,0.119757564073528,0.161980763525043,1.12744568988058e-09,5.11355980192133e-09,0.22048156930852,0.825496124786983,0.913114005227458
"129","nmf61","BMI",0.189166402036919,0.235617861532549,0.00864033081537724,1.24555871970628,0.0456758215113216,1.03443922586612e-07,2.70036745442874e-09,2.05661298607582e-09,1.31301682558236,0.189177278601558,0.417257660846193
"130","nmf61","Bipolar",0.189166402036919,0.274202430955325,0.0123835661305879,1.44953029714975,0.0654638772913335,2.26529440222076e-11,1.01869029508757e-08,2.68484658541672e-09,3.7942216163143,0.000148107346585146,0.00320494586053103
"135","nmf61","Epilepsy",0.189166402036919,0.251818794307326,0.0185564745749474,1.33120253700326,0.0980960380656062,0.000434004141946258,2.01552988311274e-08,1.24935865668344e-08,1.61325162500829,0.106689851672623,0.29445699186527
"136","nmf61","Age of smoking",0.189166402036919,0.235893402166424,0.0155610812587765,1.24701532421378,0.0822613375906968,0.00327491966731631,1.05324152658926e-09,8.771358053936e-10,1.20077360895857,0.229839031744315,0.471098636494558
"137","nmf61","Cigarettes per day",0.189166402036919,0.240894055773361,0.0160987148364195,1.27345053444716,0.0851034573955556,0.00277808589018525,2.05098612649491e-09,1.67444784091618e-09,1.22487310525761,0.22062303514296,0.456461452019918
"138","nmf61","Drinks per week",0.189166402036919,0.259357151814808,0.011822218590885,1.37105294080811,0.0624963971592464,4.29026438655511e-09,2.14532735811537e-09,5.93148010838445e-10,3.61684995804478,0.000298210046949629,0.005334537072747
"139","nmf61","Smoking cessation",0.189166402036919,0.246803227125366,0.0115781600184483,1.30468848837754,0.061206217878948,7.18702652726092e-06,2.0612246734442e-09,9.99793844551401e-10,2.06164969376167,0.0392410992430603,0.151015309040349
"140","nmf61","Smoking initiation",0.189166402036919,0.236128427463134,0.00908711888107721,1.24825775042784,0.0480377000525902,4.67975886960615e-07,1.36014862347979e-09,6.93424102797966e-10,1.96149602817611,0.0498211878739379,0.178222135484005
"141","nmf61","Height",0.189166402036919,0.206227337790356,0.0115715134596156,1.0901900949097,0.0611710818359658,0.137937321484307,-1.0595381006755e-08,7.2881522117716e-09,-1.45378152086912,0.146006888324334,0.355203993014784
"143","nmf61","Intelligence",0.189166402036919,0.242816510970192,0.00836568169287642,1.28361330741387,0.0442239298458703,5.13239966183639e-10,4.80607347438053e-09,1.82341590436021e-09,2.63575274455383,0.00839508793142566,0.0501426066492392
"144","nmf61","Depression",0.189166402036919,0.246614994369623,0.0114233605067898,1.30369342395957,0.0603878933245257,4.25564514005987e-07,2.02313676933689e-09,9.05312803877423e-10,2.23473782837475,0.0254345655932986,0.112324609794493
"152","nmf61","Type 2 Diabetes",0.189166402036919,0.196520717471678,0.0319708771672765,1.03887749280828,0.169009278725071,0.818273537392852,-1.42978405769799e-09,3.63667009239161e-09,-0.393157482359834,0.694203170501222,0.844305103792104
"153","nmf61","Parkinson Disease",0.189166402036919,0.320727081686841,0.0505382241654443,1.69547593141961,0.267162792236123,0.0103871207986,6.7240012907896e-09,3.68858498758915e-09,1.82292161178707,0.0683152641562831,0.223941181279863
"156","nmf61","Schizophrenia",0.189166402036919,0.258150038997802,0.00977461324644573,1.36467171875172,0.051672036583632,6.54641173843225e-12,1.3306974400509e-08,4.18352299058877e-09,3.18080584962584,0.00146866019712793,0.0164290801712615
"159","nmf61","Education Years",0.189166402036919,0.24504304006724,0.00819709081428982,1.29538352174936,0.0433326992849925,2.72118491957341e-10,3.63622586280322e-09,1.3203202385131e-09,2.75404841699481,0.00588630594841838,0.0415503949300121
"160","nmf61","Neuroticism",0.189166402036919,0.239649493816348,0.00963361801023074,1.26687134309176,0.0509266862746089,4.08754487869815e-07,2.63649318805539e-09,1.27433027052998e-09,2.06892455513821,0.0385531669430646,0.148801696973232
"161","nmf9","ADHD",0.182234528553927,0.209162495745689,0.0130640413246658,1.14776545040855,0.0716880682729663,0.0407799116309128,-5.83651790737601e-10,2.6802904138229e-09,-0.217756922058732,0.827618510306421,0.913425111709427
"165","nmf9","Alzheimer Disease",0.182234528553927,0.228581296803688,0.0243325412746933,1.25432484511872,0.133523221245598,0.0493475529582824,1.7268588599176e-11,6.49536427425127e-10,0.0265860202292758,0.978789923560529,0.993390623492243
"166","nmf9","Anorexia",0.182234528553927,0.198800075541239,0.0174740452454874,1.09090235049726,0.0958876749875446,0.347074811264428,2.3638246554525e-11,5.28247242134768e-09,0.00447484523705177,0.996429601989129,0.997651223478575
"168","nmf9","Autism",0.182234528553927,0.221925339860406,0.0229953303462439,1.21780071878494,0.126185364149797,0.0904797786284865,3.09556839084148e-09,5.31771959711861e-09,0.582123283167996,0.560483643180573,0.762720009276657
"169","nmf9","BMI",0.182234528553927,0.233552109223169,0.00887173544395429,1.28160185161648,0.0486830652475881,1.55760034493168e-08,3.6124792742379e-09,2.1891269654052e-09,1.65019175741104,0.09890372215715,0.283164369868099
"170","nmf9","Bipolar",0.182234528553927,0.276980941721636,0.012413878879153,1.51991471605048,0.0681203445782751,1.69801126914906e-12,1.27564002218712e-08,2.85851045527127e-09,4.4626040105425,8.0969603750464e-06,0.000508951795002917
"175","nmf9","Epilepsy",0.182234528553927,0.245360186720762,0.0201605950608083,1.34639790092334,0.110629940554006,0.000541579909069255,1.48306256289808e-08,1.33193276224482e-08,1.11346653895542,0.265508111506599,0.50719349810233
"176","nmf9","Age of smoking",0.182234528553927,0.216968291321811,0.0160411986321624,1.19059924067905,0.0880250233556342,0.0294728510540491,4.06306214353313e-11,9.30046796486212e-10,0.0436866419935393,0.965154187196481,0.99067148296995
"177","nmf9","Cigarettes per day",0.182234528553927,0.227790909649319,0.0140642427999592,1.24998764754897,0.0771766081409608,0.00106121097605609,1.00459847729399e-09,1.46823824694927e-09,0.684220343245632,0.493836038150625,0.718563496700962
"178","nmf9","Drinks per week",0.182234528553927,0.248078796408572,0.0132266265136008,1.36131609293329,0.0725802438130533,1.22213543463473e-06,1.83958554032917e-09,6.80693724671841e-10,2.70251579183579,0.00688169153505319,0.0441379020883582
"179","nmf9","Smoking cessation",0.182234528553927,0.235946553609394,0.0106549855618238,1.29474120783632,0.058468533084117,9.46962009712261e-07,1.71757736723024e-09,9.81328228125097e-10,1.7502577812439,0.0800738424106337,0.250648470695637
"180","nmf9","Smoking initiation",0.182234528553927,0.22065189280672,0.00946638314043321,1.21081276176169,0.0519461554050768,5.42768350523643e-05,7.42979537020577e-10,7.31848570542924e-10,1.01520938473569,0.310006027994299,0.55789959709339
"181","nmf9","Height",0.182234528553927,0.185182892335834,0.00928366529759786,1.01617895250314,0.0509435032497183,0.750654577593958,-2.11982133697519e-08,6.28527181872558e-09,-3.37268044742258,0.000744402910923884,0.0105657187356938
"183","nmf9","Intelligence",0.182234528553927,0.241895373429387,0.00872846966765121,1.32738496567518,0.0478969037147549,2.05328879899982e-10,5.81584084324897e-09,1.84937949648992e-09,3.14475252607012,0.00166227379607041,0.0178390358602678
"184","nmf9","Depression",0.182234528553927,0.243439188799065,0.0123640955385983,1.33585655106533,0.067847161768465,2.63122763890201e-06,2.49344173909747e-09,9.57690820195208e-10,2.60359782773028,0.00922509360754697,0.0531229567215162
"192","nmf9","Type 2 Diabetes",0.182234528553927,0.223001447883699,0.032116133159256,1.22370579084692,0.176235170217768,0.207132286121465,2.66677704860115e-09,3.75807369397535e-09,0.709612760621569,0.477944304292314,0.706479822694126
"193","nmf9","Parkinson Disease",0.182234528553927,0.295737746605713,0.0478400709905519,1.62284145025896,0.262519245777262,0.0212904494503282,4.96839389894017e-09,3.76039820733622e-09,1.32124142843363,0.186420876729192,0.413572365180728
"196","nmf9","Schizophrenia",0.182234528553927,0.260720690671225,0.0120640216349716,1.43068765694461,0.0662005259415018,6.29840819114671e-10,1.86676956941247e-08,5.32374585291387e-09,3.50649640495277,0.000454047569894415,0.00758661762355224
"199","nmf9","Education Years",0.182234528553927,0.243708235811217,0.00804555616767266,1.33733292886424,0.0441494607608997,4.35830884963633e-12,4.89679007475201e-09,1.32116980616023e-09,3.70640477243705,0.000210222227630366,0.00412858462802579
"200","nmf9","Neuroticism",0.182234528553927,0.242476598048814,0.00947183181667159,1.33057439757944,0.0519760546578782,2.17786284874681e-09,4.09217112290174e-09,1.23584023008125e-09,3.3112460844819,0.000928814896502723,0.0126395429214803
"201","nmf53","ADHD",0.14366317019895,0.154654245154669,0.0114291786940307,1.0765058639629,0.0795553841544997,0.336899127662068,8.18375533577184e-10,2.8355359835526e-09,0.288614053330353,0.772876739960054,0.887900171233483
"205","nmf53","Alzheimer Disease",0.14366317019895,0.202531128307423,0.0255448831750229,1.4097637413051,0.177810938876314,0.0280266955272617,-1.11730189055027e-09,1.0340551193394e-09,-1.08050515843299,0.279917290954154,0.523572003813372
"206","nmf53","Anorexia",0.14366317019895,0.135919444087138,0.014525632670196,0.946098042378658,0.101108952629129,0.591545039264092,-6.3207880510965e-09,5.09126440450634e-09,-1.24149671847761,0.214422309666586,0.447419473498144
"208","nmf53","Autism",0.14366317019895,0.131731439233599,0.0194957109864471,0.916946487058395,0.135704307230926,0.539917782802524,-5.83206552565704e-09,5.34369044102773e-09,-1.09139284732507,0.275100058392133,0.517282161079224
"209","nmf53","BMI",0.14366317019895,0.151380428655827,0.00744261777037835,1.05371772352086,0.0518060248849553,0.299695575121586,-6.2612009570523e-09,2.17808488304547e-09,-2.87463588117727,0.00404493677151247,0.0310425380139329
"210","nmf53","Bipolar",0.14366317019895,0.158165231786693,0.00905870425259775,1.10094488077675,0.063055160484437,0.113990072862075,-5.32839067635891e-09,2.76402880760641e-09,-1.92776235243843,0.0538846924544029,0.18816876730109
"215","nmf53","Epilepsy",0.14366317019895,0.169077672415337,0.0171247982842603,1.17690339271501,0.11920103294773,0.130189294084372,-1.35271022450191e-08,1.45135112187963e-08,-0.932035125139138,0.351318373130112,0.598374519395804
"216","nmf53","Age of smoking",0.14366317019895,0.162846066174023,0.0134542452631362,1.13352688756978,0.093651318180605,0.157890902245268,1.01752738788295e-10,9.58591564982772e-10,0.106148168318301,0.915464794201852,0.960583090895425
"217","nmf53","Cigarettes per day",0.14366317019895,0.14694911307436,0.0136896421073223,1.02287254882974,0.0952898511731604,0.807732588666252,-3.21195298984926e-09,1.96424244041442e-09,-1.63521209182895,0.10200459419373,0.288321336907332
"218","nmf53","Drinks per week",0.14366317019895,0.157852295626944,0.0114485849323837,1.09876661783493,0.0796904656672224,0.220013713634091,-8.17962379541116e-10,6.97247045688585e-10,-1.17313136656365,0.24074312975857,0.477866062077161
"219","nmf53","Smoking cessation",0.14366317019895,0.148882259946659,0.00944701189216742,1.03632865500936,0.0657580636643677,0.57890474359273,-1.80684835777882e-09,1.10278549962665e-09,-1.63844043868053,0.101329849262507,0.287028757567617
"220","nmf53","Smoking initiation",0.14366317019895,0.140676910392538,0.00799073347755202,0.979213462975405,0.0556213082760612,0.708715412745685,-1.16555676017751e-09,7.2914250023031e-10,-1.59853082190292,0.109924891577043,0.299177024498344
"221","nmf53","Height",0.14366317019895,0.215282198134814,0.0121309236118892,1.49852044777158,0.0844400384252268,6.14127236145739e-08,2.59962545930295e-09,9.2875808440715e-09,0.279903400352349,0.77955161835591,0.889181319814234
"223","nmf53","Intelligence",0.14366317019895,0.142612926207562,0.00750178299795062,0.992689539079967,0.0522178578376205,0.888823221761236,-5.76057095475064e-09,2.01767422500285e-09,-2.85505503483472,0.0043029371813219,0.0319094217940725
"224","nmf53","Depression",0.14366317019895,0.129873350839472,0.00993992635599063,0.904012842398084,0.0691891063118368,0.162706695701248,-1.68800985862106e-09,9.81379805640588e-10,-1.72003728721443,0.0854256639554483,0.259557233906401
"232","nmf53","Type 2 Diabetes",0.14366317019895,0.181328866583334,0.0301779993024791,1.26218060155727,0.210060791925221,0.211987524712317,-1.68431449172553e-09,3.96913464980702e-09,-0.424353074493811,0.671308337719348,0.835180966813892
"233","nmf53","Parkinson Disease",0.14366317019895,0.191174302233723,0.0337139377647139,1.33071198393421,0.234673491598617,0.165206453137493,-9.09272998335748e-10,3.24884944031663e-09,-0.279875388207319,0.779573110291545,0.889181319814234
"236","nmf53","Schizophrenia",0.14366317019895,0.160365888207263,0.00904800967075376,1.11626304769123,0.0629807184278599,0.0681981894165387,-5.92447121764806e-09,5.05901455561482e-09,-1.17107218263935,0.241569764109766,0.478786919857195
"239","nmf53","Education Years",0.14366317019895,0.154632164002849,0.00695379992886449,1.07635216310979,0.0484034977039323,0.115422703722324,-1.13173362927071e-09,1.36747710491678e-09,-0.827607003584596,0.407893100646826,0.640212714451617
"240","nmf53","Neuroticism",0.14366317019895,0.163849549891452,0.00980004611947945,1.1405118630234,0.0682154382776603,0.0400458941356329,1.84094710024821e-09,1.58074172654821e-09,1.16460966983405,0.244177027827356,0.482377853418634
"241","nmf24","ADHD",0.194075514509846,0.209784634585472,0.0123406137341124,1.08094333855201,0.0635866598899901,0.204405287185712,-3.40062389010567e-09,2.45177307921076e-09,-1.3870059668003,0.165439943389649,0.384527774895622
"245","nmf24","Alzheimer Disease",0.194075514509846,0.212677068128816,0.0249251386868526,1.09584698855984,0.128430104899132,0.468889972573711,-1.7168051581358e-10,7.10268517950232e-10,-0.241712129250828,0.8090032304266,0.902691685683104
"246","nmf24","Anorexia",0.194075514509846,0.206905265478684,0.0167536933617251,1.0661070047978,0.0863256418721234,0.447577292208667,-1.32531233512615e-09,4.97008392864723e-09,-0.266657938608871,0.789732541660378,0.895572985388057
"248","nmf24","Autism",0.194075514509846,0.226878168781148,0.0220628577586945,1.16902005569403,0.113681820266797,0.157585771384881,1.4770337576529e-09,4.96317888951288e-09,0.297598331741347,0.766009747994495,0.885893114711108
"249","nmf24","BMI",0.194075514509846,0.2430300136907,0.00816717742136866,1.2522445930621,0.0420824720830732,2.82958716142922e-09,3.05537410182923e-09,2.01947729648141e-09,1.51295293448096,0.130291614463277,0.331157822465421
"250","nmf24","Bipolar",0.194075514509846,0.289649070427651,0.0128529532261713,1.49245550712146,0.0662265575264996,5.30260259774491e-12,1.27698299768801e-08,2.85545363203611e-09,4.47208451701399,7.74607992997405e-06,0.000508951795002917
"255","nmf24","Epilepsy",0.194075514509846,0.274243883060898,0.0183259183111156,1.41307822243071,0.094426740835387,9.26351981818545e-07,3.20429192149544e-08,1.06881105526327e-08,2.99799661101573,0.00271760695353896,0.0228185016679502
"256","nmf24","Age of smoking",0.194075514509846,0.237588791455046,0.0148337101860227,1.22420796902225,0.0764326722177523,0.00339353954267798,6.31084765518007e-10,8.44311668140867e-10,0.747454748443338,0.454789108208817,0.686081854669301
"257","nmf24","Cigarettes per day",0.194075514509846,0.248970860970477,0.0121763600780455,1.28285560184794,0.062740320997205,4.9288289911992e-06,2.36339698586406e-09,1.1946977457708e-09,1.97823842409549,0.0479018159226091,0.173233964432449
"258","nmf24","Drinks per week",0.194075514509846,0.259660554780825,0.0129155971155967,1.33793567641245,0.0665493385304997,5.63228154805861e-07,1.73375169703983e-09,6.59157331203909e-10,2.63025474339069,0.00853209076956766,0.0506921027878609
"259","nmf24","Smoking cessation",0.194075514509846,0.240943501569848,0.00958363732003716,1.24149356078416,0.0493809708259253,2.37284342752276e-06,1.08246952984048e-09,8.46228223286495e-10,1.27916973229337,0.20083729197653,0.431321748380394
"260","nmf24","Smoking initiation",0.194075514509846,0.248388367704019,0.00940502144401681,1.27985422752244,0.0484606286772959,1.10632192944862e-08,1.63477963845593e-09,7.23277170074417e-10,2.26023951272751,0.0238063897742874,0.107617926376916
"261","nmf24","Height",0.194075514509846,0.181076106876036,0.0100295543014447,0.933018816584661,0.0516786176080746,0.197754019830373,-2.53091877804658e-08,6.99899939706225e-09,-3.61611515370169,0.000299057381350968,0.005334537072747
"263","nmf24","Intelligence",0.194075514509846,0.2678570212608,0.00927263503385242,1.38016906428044,0.0477784900236963,7.20344243615433e-14,8.63295204207117e-09,1.92027462803935e-09,4.49568614614549,6.9345960758176e-06,0.000481771937898907
"264","nmf24","Depression",0.194075514509846,0.240465921447212,0.0118087179804016,1.23903276543942,0.0608459960043154,0.000122006590228334,7.88673058094324e-10,8.91523228564766e-10,0.884635456289773,0.376353277114486,0.619434321435314
"272","nmf24","Type 2 Diabetes",0.194075514509846,0.190797729949332,0.0332503066852355,0.983110777427065,0.171326644523972,0.921104961994484,-2.21504309682037e-09,3.73150661511552e-09,-0.593605566139884,0.55277595729685,0.757644082686673
"273","nmf24","Parkinson Disease",0.194075514509846,0.207563582975637,0.0318065537328302,1.0694990735944,0.163887514677781,0.67457373814859,-2.50636139746643e-09,2.41355631708351e-09,-1.03845159100951,0.299059861452773,0.545247261212238
"276","nmf24","Schizophrenia",0.194075514509846,0.269224048066244,0.0102661234489388,1.38721285241053,0.0528975717254529,6.8644174898898e-12,1.57256636289054e-08,4.24621669160644e-09,3.70345292551615,0.000212684662655874,0.00412858462802579
"279","nmf24","Education Years",0.194075514509846,0.254499697026077,0.00892753111163223,1.3113436677926,0.0460002959888034,2.77656300784528e-10,4.01322821990347e-09,1.47076486324822e-09,2.72866745744807,0.0063590794343509,0.0434081879047283
"280","nmf24","Neuroticism",0.194075514509846,0.24934294554893,0.00972327675685875,1.28477281731632,0.0501004816677451,3.695082676814e-08,2.76713156778506e-09,1.29976697164726e-09,2.12894436321776,0.0332588637871593,0.135082154458616
"281","nmf59","ADHD",0.188266241514444,0.213914027854383,0.0132085862216769,1.13623146738164,0.0701590795855108,0.0534831729418312,7.10368863376283e-10,2.57310123212758e-09,0.276074976960356,0.782490479560063,0.890420200878692
"285","nmf59","Alzheimer Disease",0.188266241514444,0.21235169953688,0.0199131811652937,1.12793296253587,0.105771385273902,0.226811075209781,-1.80974306938011e-10,6.066230240799e-10,-0.298330758567078,0.765450730576882,0.885893114711108
"286","nmf59","Anorexia",0.188266241514444,0.202500709037334,0.0156711313666508,1.07560817812257,0.0832392001911214,0.366643464674588,1.33616305862459e-09,4.55538004366006e-09,0.29331538660187,0.769281093800118,0.885893114711108
"288","nmf59","Autism",0.188266241514444,0.243482119969688,0.0222738446039288,1.29328613569315,0.11831034828525,0.00791156076575822,7.73442192211256e-09,4.69238968985973e-09,1.64829062232974,0.0992930481627,0.283164369868099
"289","nmf59","BMI",0.188266241514444,0.237729257333275,0.00900357382058468,1.26272907676354,0.047823623333416,2.67368758158289e-07,4.98707901247798e-09,2.60546883577507e-09,1.91408123712769,0.0556097765357971,0.192663792722447
"290","nmf59","Bipolar",0.188266241514444,0.257718970671499,0.0114853385634992,1.36890697237256,0.0610058312691076,5.44810129384921e-09,7.80611741273328e-09,2.52982026068275e-09,3.08564111611098,0.00203113816131696,0.0198600175773214
"295","nmf59","Epilepsy",0.188266241514444,0.250643813174424,0.0184362466499267,1.33132637672163,0.0979264604297754,0.000565442574462637,2.02255732488268e-08,1.21464389291718e-08,1.6651442753523,0.0958839752772767,0.276346828310055
"296","nmf59","Age of smoking",0.188266241514444,0.240252704350568,0.0146521732997026,1.27613268538181,0.0778268752902175,0.000506664778380708,1.56548676317846e-09,8.44521893496767e-10,1.85369589022319,0.0637826800240282,0.214778412325809
"297","nmf59","Cigarettes per day",0.188266241514444,0.230509888690632,0.0116594053644437,1.22438248533765,0.0619304091410845,0.000410127172685342,1.45864266613808e-09,1.13589216454193e-09,1.28413832903435,0.199093558944876,0.429844411382307
"298","nmf59","Drinks per week",0.188266241514444,0.238818088251683,0.013058699956475,1.26851254016966,0.0693629396934294,8.75342254016856e-05,1.20293486906921e-09,6.57996444141842e-10,1.82817837357476,0.0675227856121896,0.222966930149872
"299","nmf59","Smoking cessation",0.188266241514444,0.245751202388723,0.0116824739944871,1.30533865451321,0.0620529410929511,7.25572934854592e-06,2.66575799942765e-09,9.96278962584577e-10,2.67571443294563,0.00745701530560016,0.0466505222909584
"300","nmf59","Smoking initiation",0.188266241514444,0.235127434549165,0.00979939773570671,1.24890916532758,0.0520507429100341,3.04822228766576e-06,1.72920797637774e-09,7.10541281873952e-10,2.43364885403589,0.0149474880046324,0.0767730901405245
"301","nmf59","Height",0.188266241514444,0.200956872761476,0.0116351020830873,1.06740789609941,0.0618013191823064,0.272650423905175,-9.83654119507516e-09,7.50100375896756e-09,-1.31136332031769,0.189735044898625,0.417295914694707
"303","nmf59","Intelligence",0.188266241514444,0.229912612100614,0.00929317291524644,1.22120997503939,0.049361865624398,1.31450519910728e-05,3.17403622501689e-09,2.02567575363178e-09,1.5669024123561,0.117137503723756,0.31363388420965
"304","nmf59","Depression",0.188266241514444,0.241263800885817,0.0112809100505518,1.28150325276084,0.0599199833162141,6.08514731106929e-06,2.16057744937065e-09,9.23198107200738e-10,2.34031832660685,0.019267309805269,0.0920383154166533
"312","nmf59","Type 2 Diabetes",0.188266241514444,0.229513545260545,0.0305240185489321,1.21909028094629,0.162132192704289,0.168092730280222,3.4746777282281e-09,3.3985713222753e-09,1.02239364684036,0.306594626236382,0.555150763555588
"313","nmf59","Parkinson Disease",0.188266241514444,0.259061829667749,0.0349658083502162,1.37603973810607,0.185725322123317,0.0366229657647528,1.90555904832588e-09,2.48580366653503e-09,0.766576650432753,0.443333262551525,0.677314706675941
"316","nmf59","Schizophrenia",0.188266241514444,0.243512361706132,0.00902689504625611,1.29344676850868,0.0479474969789715,8.22068035724348e-09,9.98552727390953e-09,4.0395981424563e-09,2.47191104703246,0.013439295186788,0.0711835351382714
"319","nmf59","Education Years",0.188266241514444,0.229361767262153,0.00768115504209056,1.21828409287364,0.0407994284068249,2.0600491565553e-07,2.11715510331852e-09,1.2300075120517e-09,1.72125379932601,0.0852047791454912,0.259557233906401
"320","nmf59","Neuroticism",0.188266241514444,0.23231647326216,0.0099623885345809,1.23397838823025,0.052916489193399,1.46447805478515e-05,2.48917578719041e-09,1.30195742594506e-09,1.91187187659656,0.0558926297074478,0.193136835638301
"321","nmf3","ADHD",0.182943115592119,0.214028714058205,0.0129577466906915,1.16991947669347,0.0708293758349534,0.0179216331125019,1.1055565393258e-09,2.58865389076487e-09,0.427077773227978,0.669322681499677,0.834293193974443
"325","nmf3","Alzheimer Disease",0.182943115592119,0.228548662372799,0.0246437064007181,1.24928812780449,0.134706935109067,0.0515840391144166,1.57960037111359e-10,6.68477481750483e-10,0.236298217103324,0.813201270317019,0.904318177606121
"326","nmf3","Anorexia",0.182943115592119,0.206938716877162,0.0171944841385391,1.1311642758864,0.093988145347186,0.165468856547079,2.81346861077998e-09,5.23320463303926e-09,0.537618688368778,0.590840325449381,0.784616931180264
"328","nmf3","Autism",0.182943115592119,0.227087559263516,0.0248707884451585,1.2413014752073,0.135948206439259,0.0816608401404396,4.83702499751061e-09,5.62278531180286e-09,0.860254256437134,0.38964890240018,0.626768922101148
"329","nmf3","BMI",0.182943115592119,0.231345307159997,0.00906581356055734,1.26457509161368,0.0495553687888974,1.51882852824387e-07,3.72366664837498e-09,2.20793260241267e-09,1.68649470744987,0.0917005536302237,0.271400741685864
"330","nmf3","Bipolar",0.182943115592119,0.268861514413767,0.0125150620293301,1.46964543346472,0.0684095817917143,1.34301783351556e-10,1.13053343467353e-08,2.8885480252178e-09,3.91384676593109,9.08372932994003e-05,0.00235108288539624
"335","nmf3","Epilepsy",0.182943115592119,0.236382351398019,0.0195834724002857,1.29210848209804,0.107046785209169,0.00363484399563657,1.15265934087905e-08,1.33398254530989e-08,0.864073780374153,0.38754736140038,0.626744545560493
"336","nmf3","Age of smoking",0.182943115592119,0.211891273955192,0.016077590146746,1.15823584434636,0.0878830017446068,0.0701067806225043,-1.31908969728499e-10,9.12782239575736e-10,-0.144513076623632,0.885095331186673,0.943720385433286
"337","nmf3","Cigarettes per day",0.182943115592119,0.222273170495946,0.0133585521223578,1.21498515960292,0.0730202504703229,0.00217789629415177,7.51967021125862e-10,1.38238492949611e-09,0.543963555360778,0.586466552201163,0.782038432691867
"338","nmf3","Drinks per week",0.182943115592119,0.249595192184147,0.0130844113598285,1.36433224817616,0.0715217477163823,6.78739429982453e-07,2.07397799067568e-09,6.76619834273144e-10,3.06520424856248,0.00217521392241859,0.0203332244785217
"339","nmf3","Smoking cessation",0.182943115592119,0.229598160345769,0.0109293596458781,1.25502487263675,0.0597418471337597,2.80881002212477e-05,1.37447003078823e-09,9.84973829600376e-10,1.39543812178835,0.162883762248234,0.384527774895622
"340","nmf3","Smoking initiation",0.182943115592119,0.223017039760133,0.00999978994421008,1.21905128289911,0.0546606518197991,6.7507750584055e-05,1.10610190342509e-09,7.6105434409504e-10,1.45338097339204,0.146118006217445,0.355203993014784
"341","nmf3","Height",0.182943115592119,0.185408421121676,0.00956959324122166,1.01347580378512,0.0523091192048875,0.796397009408447,-1.98084803011324e-08,6.46722159254759e-09,-3.06290421901708,0.00219200207728421,0.0203332244785217
"343","nmf3","Intelligence",0.182943115592119,0.237311098583716,0.00859341459368658,1.29718518139165,0.0469731510031022,2.38616315652993e-09,5.13884868528169e-09,1.79886321700739e-09,2.85672008671718,0.00428043135650022,0.0319094217940725
"344","nmf3","Depression",0.182943115592119,0.23796996260428,0.0122829083492816,1.30078665072506,0.067140587988383,1.79615745327001e-05,2.14129073932999e-09,9.36995386840272e-10,2.28527351297944,0.0222967950224034,0.102908284718785
"352","nmf3","Type 2 Diabetes",0.182943115592119,0.202990106320054,0.0321335009224041,1.10958045982244,0.175647500144511,0.53643564300657,1.28607736556156e-10,3.6684543798856e-09,0.0350577445534886,0.972033695644711,0.991564511785949
"353","nmf3","Parkinson Disease",0.182943115592119,0.292279262491515,0.0463062505534644,1.59765105970518,0.253118300754791,0.0239456107112456,4.79229631888779e-09,3.60836035816162e-09,1.32810912525637,0.184142059305273,0.410587024126622
"356","nmf3","Schizophrenia",0.182943115592119,0.252762457329328,0.0115636892436718,1.38164508957459,0.0632092068960583,7.01879099497292e-09,1.57423388436214e-08,5.04897379967367e-09,3.11792840846964,0.00182127038079225,0.0186362550592695
"359","nmf3","Education Years",0.182943115592119,0.242313742692724,0.0080929042977697,1.32453053457871,0.0442372716326382,3.30256604599815e-11,4.93954303130042e-09,1.32119371103269e-09,3.7386970510475,0.00018497647354676,0.00375644530894959
"360","nmf3","Neuroticism",0.182943115592119,0.238588287512211,0.00968381383792245,1.30416652597169,0.0529334695464191,4.49360594827595e-08,3.75491364081577e-09,1.27110581330833e-09,2.95405276374497,0.00313630377900621,0.0257137949583118
"361","nmf23","ADHD",0.193447616478608,0.212307809920079,0.0122098153333032,1.09749509342524,0.0631169075926734,0.123125973124119,-1.63551181527653e-09,2.36621106126713e-09,-0.691194391763469,0.489443387785347,0.714673973314888
"365","nmf23","Alzheimer Disease",0.193447616478608,0.227893387871687,0.0243202568704758,1.17806252679722,0.12572011644902,0.145454451739807,1.777028952414e-10,7.05244833921737e-10,0.251973338469177,0.801061671850602,0.899916090930038
"366","nmf23","Anorexia",0.193447616478608,0.221025684211217,0.0173136130966945,1.14256090736408,0.0895002658180031,0.114667744603586,3.74082057054388e-09,5.05567032073831e-09,0.739925733527178,0.459345058871832,0.689801453595925
"368","nmf23","Autism",0.193447616478608,0.233624360676903,0.0226775947879801,1.20768797739484,0.11722860793422,0.0899309736601338,4.04373493682897e-09,5.10893274472127e-09,0.791502871320259,0.428650601265628,0.662551280644764
"369","nmf23","BMI",0.193447616478608,0.24383190350514,0.00919135209279466,1.26045442142785,0.0475133902402519,6.91763179099121e-08,4.52951053039671e-09,2.21242432173073e-09,2.04730642576438,0.0406280073838485,0.154997022389249
"370","nmf23","Bipolar",0.193447616478608,0.281719640672526,0.0118223295936918,1.45630970182401,0.0611138550523272,4.20412031212214e-12,1.20818525064793e-08,2.62581549905895e-09,4.60118104672976,4.20102072038775e-06,0.000361306728158434
"375","nmf23","Epilepsy",0.193447616478608,0.244176444457602,0.0198690028016993,1.2622354769856,0.10270999024636,0.00569449624157202,1.13781889964907e-08,1.27544200869811e-08,0.892097713490305,0.372340560363588,0.615130838147605
"376","nmf23","Age of smoking",0.193447616478608,0.223743061119158,0.01576564256625,1.15660800164938,0.0814982518432498,0.0532819292498823,3.13823536875688e-11,8.80743800772791e-10,0.0356316486815269,0.971576072339538,0.991564511785949
"377","nmf23","Cigarettes per day",0.193447616478608,0.230917834057246,0.0145213813389802,1.193696972135,0.0750662200099327,0.00778662232439324,1.0113641190144e-09,1.40726252998535e-09,0.718674801229117,0.472341312923475,0.700551160740435
"378","nmf23","Drinks per week",0.193447616478608,0.25197329469887,0.0135648456632119,1.30254018780704,0.0701215445821323,2.042733261342e-05,1.63531129160988e-09,6.85085718446108e-10,2.38701705141227,0.0169857034391684,0.0846080322252917
"379","nmf23","Smoking cessation",0.193447616478608,0.247512881665773,0.0105367795027829,1.27948271563813,0.0544683862979935,6.46157305865798e-07,2.13112966603824e-09,9.22884415229315e-10,2.30920539004736,0.0209321866163274,0.0986803083341149
"380","nmf23","Smoking initiation",0.193447616478608,0.234908359076012,0.0100749558927111,1.21432542489863,0.0520810546860641,3.77352453190646e-05,1.04838986443848e-09,7.54410457461156e-10,1.38968098078421,0.164625772721362,0.384527774895622
"381","nmf23","Height",0.193447616478608,0.189647450823246,0.00976251462382519,0.980355582950375,0.0504659338870933,0.696712229616656,-1.89187576726548e-08,6.17680571008632e-09,-3.06287077182333,0.00219224708554098,0.0203332244785217
"383","nmf23","Intelligence",0.193447616478608,0.248278585010504,0.00844735857511553,1.28344091041287,0.0436674213354791,6.11982359578414e-10,5.03711338486175e-09,1.68317468609948e-09,2.99262662780092,0.00276587899005457,0.0228185016679502
"384","nmf23","Depression",0.193447616478608,0.247943280377838,0.012163141613424,1.28170760069952,0.0628756344215236,2.07736232104215e-05,1.89316743279825e-09,9.0397530731176e-10,2.09426896673555,0.0362360271740825,0.143936978202147
"392","nmf23","Type 2 Diabetes",0.193447616478608,0.233503466559853,0.0318799569867177,1.20706303241361,0.16479891335463,0.212877686116772,3.03250934473954e-09,3.60151642055815e-09,0.842009029149332,0.399782899447083,0.63427094623816
"393","nmf23","Parkinson Disease",0.193447616478608,0.307021775609626,0.04527853093531,1.58710549759386,0.234060939904717,0.0151179544778388,5.19349812538303e-09,3.3679341409167e-09,1.54204266119332,0.123063227053847,0.322308451807695
"396","nmf23","Schizophrenia",0.193447616478608,0.268693941966263,0.0113152991154093,1.38897520092204,0.0584928329507776,3.06422517731554e-10,1.76676819912963e-08,4.81459320891357e-09,3.66961054125755,0.000242920277541919,0.00464717052688889
"399","nmf23","Education Years",0.193447616478608,0.248546467295981,0.00802217934375184,1.28482568987076,0.0414695176388435,2.59689538787153e-10,3.80956839229561e-09,1.27175042012095e-09,2.99553145965016,0.00273967039082185,0.0228185016679502
"400","nmf23","Neuroticism",0.193447616478608,0.249177975980333,0.0102829725374162,1.28809018439309,0.0531563672098971,2.45666599973513e-07,3.57592480902861e-09,1.31971381126013e-09,2.70962141830898,0.00673600453117565,0.0440174553522369
"401","nmf54","ADHD",0.155357372618311,0.186189032003511,0.0112815040904762,1.19845636461006,0.0726164706595101,0.00638594386165216,2.97145061273861e-09,2.70563523924214e-09,1.09824508848832,0.27209748257622,0.514568305158467
"405","nmf54","Alzheimer Disease",0.155357372618311,0.234028018907686,0.0377659842408244,1.50638502031478,0.243091033301712,0.0294161735708787,-8.29664174267028e-10,9.25083930775907e-10,-0.896852865632585,0.369797434119557,0.613231925926904
"406","nmf54","Anorexia",0.155357372618311,0.138390242125109,0.0171311292288553,0.89078644799891,0.110269174485486,0.310895852540103,-1.12868262367681e-08,5.26771506647519e-09,-2.14264175156317,0.0321418758948962,0.131761727271003
"408","nmf54","Autism",0.155357372618311,0.183315861403262,0.0209551884306747,1.1799624202814,0.134883772025151,0.202043103922116,3.4201006492168e-09,5.30418967200896e-09,0.6447922982968,0.519061793602552,0.735539148667526
"409","nmf54","BMI",0.155357372618311,0.181823134331904,0.00712885740229065,1.17035407633093,0.0458868303585768,0.000220232606349315,-2.66204892829449e-09,1.89411859373336e-09,-1.40542885598706,0.159893791064269,0.37892244920078
"410","nmf54","Bipolar",0.155357372618311,0.183661111711007,0.0105387801370528,1.18218471782625,0.0678357258457563,0.00870113200850017,-3.19993100868013e-09,2.7790577894462e-09,-1.15144457262898,0.249549385620832,0.488007687436294
"415","nmf54","Epilepsy",0.155357372618311,0.200125186624956,0.0182747601918509,1.28816021571523,0.117630466349023,0.0130831523262607,-2.32927683227917e-09,1.41439847862566e-08,-0.164683211094972,0.869193332148677,0.930523275292988
"416","nmf54","Age of smoking",0.155357372618311,0.16472863138648,0.013111477825644,1.06032065688438,0.0843955945229382,0.477653549060716,-1.27748942337951e-09,8.52069603847166e-10,-1.49927824864488,0.133801462761805,0.334640574845091
"417","nmf54","Cigarettes per day",0.155357372618311,0.178058249277349,0.0117295772754577,1.14612036929081,0.0755006156307458,0.0503229670427363,-1.48441258478615e-09,1.46783101565083e-09,-1.01129664720157,0.311874470301269,0.558581140838093
"418","nmf54","Drinks per week",0.155357372618311,0.175434089730988,0.0119861202098408,1.12922925236385,0.0771519240305951,0.100513403090787,-9.20032387144551e-10,7.14163982034917e-10,-1.28826489474174,0.197653768855651,0.429116735015557
"419","nmf54","Smoking cessation",0.155357372618311,0.185162534327475,0.0100405320384967,1.19184903301879,0.06462861639122,0.00267979168890743,-2.71394135550587e-10,1.03205058488965e-09,-0.262965923884055,0.792576843802385,0.897276431802777
"420","nmf54","Smoking initiation",0.155357372618311,0.167470214592273,0.00969737013225066,1.07796760314504,0.0624197614108445,0.214588271859638,-5.4537351666892e-10,8.10287690586651e-10,-0.673061584181377,0.500908112408677,0.722841885725517
"421","nmf54","Height",0.155357372618311,0.246298842053632,0.0136347822857597,1.58536951225836,0.0877639860662306,1.74068539085335e-09,1.13409665270623e-08,9.50882376886329e-09,1.19267816953327,0.232995438473628,0.472551881932369
"423","nmf54","Intelligence",0.155357372618311,0.166810627358272,0.00798248022048259,1.0737219904465,0.051381405889853,0.151967036988745,-4.64418299112023e-09,1.9651187990749e-09,-2.36330902401754,0.0181125592801465,0.0872575848532605
"424","nmf54","Depression",0.155357372618311,0.176521200705514,0.0104437458289606,1.13622673794309,0.0672240116638641,0.0459986510884961,6.35923959962525e-10,9.53682243289522e-10,0.666809059765066,0.50489410502949,0.722841885725517
"432","nmf54","Type 2 Diabetes",0.155357372618311,0.194504587574363,0.0283696742049004,1.25198170061894,0.182609127116228,0.164672696125238,-2.76962527557884e-09,3.54103347330668e-09,-0.782151678727994,0.434125438598123,0.667107775261377
"433","nmf54","Parkinson Disease",0.155357372618311,0.216162435988524,0.0309191131990483,1.39138833481434,0.199019284878174,0.0392288925053814,3.61789395192675e-11,2.54138438288808e-09,0.0142359179362522,0.988641764517011,0.996949678504549
"436","nmf54","Schizophrenia",0.155357372618311,0.184183304502444,0.00980304103139889,1.18554595381163,0.0630999409051762,0.00370979068361323,-2.93240893569229e-09,5.13824120292576e-09,-0.570702857238883,0.56820108165453,0.768468676008175
"439","nmf54","Education Years",0.155357372618311,0.178166051238401,0.00855981727440701,1.14681426594493,0.0550975929249083,0.00841037697517399,-5.85556944524717e-10,1.56712787860703e-09,-0.37364975284927,0.708664913186958,0.856250833233096
"440","nmf54","Neuroticism",0.155357372618311,0.181013385099917,0.00971203441617058,1.16514190507481,0.0625141520642958,0.00856937996330603,7.72845732343232e-10,1.50125482392851e-09,0.514799832796429,0.606692902215396,0.800034596327994
"441","nmf29","ADHD",0.1365311678484,0.128606795003392,0.0123591638694496,0.941959239271963,0.0905226554801968,0.519860453993998,5.76753899001146e-10,3.44448221349642e-09,0.167442844309449,0.867021616119707,0.93034884345691
"445","nmf29","Alzheimer Disease",0.1365311678484,0.416204590455607,0.0535866560334816,3.04842181470057,0.392486615898449,2.79374815524722e-08,4.89895570625718e-09,1.44840968587579e-09,3.38229974159209,0.000718816656447288,0.0105426442945602
"446","nmf29","Anorexia",0.1365311678484,0.12879422844843,0.015318346512628,0.943332064598164,0.112196700240908,0.612664506467121,1.54590127980394e-09,5.77899957378526e-09,0.267503269392244,0.78908169725464,0.895572985388057
"448","nmf29","Autism",0.1365311678484,0.133078634144126,0.0207237143925306,0.974712486835918,0.151787424945647,0.867221286270034,1.57588552010073e-09,6.22377523124262e-09,0.25320411832837,0.800110484226254,0.899916090930038
"449","nmf29","BMI",0.1365311678484,0.1407388377854,0.0080316701582692,1.03081838384092,0.0588266421861075,0.599621195595965,-2.58302095352311e-09,2.36030393120975e-09,-1.09435946759586,0.273797353329797,0.51630358056476
"450","nmf29","Bipolar",0.1365311678484,0.146824794841495,0.0105801856217855,1.07539397161332,0.0774928229833458,0.334991502216776,-4.77926449267688e-09,2.96064827963737e-09,-1.6142628374831,0.106470427246093,0.29445699186527
"455","nmf29","Epilepsy",0.1365311678484,0.179815621438642,0.0170043297782955,1.31702983481621,0.124545406343968,0.00721140275380082,1.09037730005472e-10,1.44922671126277e-08,0.0075238559404182,0.993996888145257,0.997276683103606
"456","nmf29","Age of smoking",0.1365311678484,0.135143609145181,0.0142480870531916,0.989837055339923,0.104357761511366,0.922344224175346,9.92251524419725e-11,1.16377732655593e-09,0.0852612868267667,0.93205366805827,0.970071817799383
"457","nmf29","Cigarettes per day",0.1365311678484,0.155659146739077,0.0117117147459781,1.14009972369032,0.0857805212578454,0.102743161462314,5.7837637572995e-10,1.86861553801493e-09,0.309521334893946,0.756924985526686,0.880300423696233
"458","nmf29","Drinks per week",0.1365311678484,0.132585385688207,0.0112460008175998,0.971099769947222,0.0823694764706548,0.725372354427418,-1.05369770859707e-09,7.33459649915241e-10,-1.43661305529055,0.150827971945109,0.363972436869368
"459","nmf29","Smoking cessation",0.1365311678484,0.13883883636926,0.0123858138415593,1.01690213712536,0.0907178488014699,0.85081971267914,-1.03460919815399e-09,1.42633120714416e-09,-0.72536392176787,0.468228800314317,0.698469011450309
"460","nmf29","Smoking initiation",0.1365311678484,0.111656578075304,0.00764164052338128,0.817810173566256,0.0559699345124355,0.00128032053717288,-4.12347098244918e-10,7.89025018383413e-10,-0.522603325164203,0.601250326087648,0.793650430435696
"461","nmf29","Height",0.1365311678484,0.220211275117176,0.0121138228113213,1.6129011315694,0.0887256954014493,1.40829430257423e-11,-1.0035771432886e-09,9.32597535428667e-09,-0.107610958121104,0.914304304149355,0.960128624882378
"463","nmf29","Intelligence",0.1365311678484,0.136868113895832,0.00861204603832258,1.00246790570052,0.0630775095096611,0.96879253683435,-2.09087685991534e-10,2.47194031771388e-09,-0.0845844393949222,0.932591770293498,0.970071817799383
"464","nmf29","Depression",0.1365311678484,0.111727410990968,0.00906126895734207,0.818328977563762,0.0663677686211798,0.00639194601677817,-8.64093114599763e-10,9.14093769239988e-10,-0.945300300338117,0.344505585137807,0.591348988793114
"472","nmf29","Type 2 Diabetes",0.1365311678484,0.217103139711584,0.0408874318204442,1.59013610688988,0.299473244569653,0.0536992740271857,6.37498364280794e-09,6.29173338987157e-09,1.01323168795906,0.310949508031476,0.55789959709339
"473","nmf29","Parkinson Disease",0.1365311678484,0.250687167517489,0.0421458525459606,1.83611677441919,0.308690339430467,0.00639338253718094,3.76674846993315e-09,4.18444788033196e-09,0.900178130462057,0.368025462515299,0.612844120627702
"476","nmf29","Schizophrenia",0.1365311678484,0.142862252519982,0.00948888916017607,1.04637098452576,0.0694998022042282,0.505864917112701,-2.59375024379266e-09,5.35096186835836e-09,-0.484725981534307,0.627870733887142,0.815413508604832
"479","nmf29","Education Years",0.1365311678484,0.126175450574835,0.00781851997507997,0.9241512583774,0.0572654588567016,0.184834307922708,-1.87729268854899e-09,1.52356857120132e-09,-1.23216816363491,0.217886273097744,0.452928945652003
"480","nmf29","Neuroticism",0.1365311678484,0.127074723925685,0.00756824563082654,0.930737837581412,0.0554323657381302,0.213184702727354,2.8433596987576e-10,1.24671203616736e-09,0.22806868116062,0.819592847302992,0.909128200369705
"481","nmf4","ADHD",0.191821254893553,0.207443689082857,0.0124930720333063,1.0814426649329,0.0651287160030259,0.211192986454618,-1.16360489930707e-09,2.43052830771457e-09,-0.478745668426799,0.63211957270458,0.815413508604832
"485","nmf4","Alzheimer Disease",0.191821254893553,0.231391722801185,0.0255344689472762,1.20628823395817,0.133115951938934,0.106455340019462,2.73343450961552e-10,7.16951309745419e-10,0.381258039766485,0.703011785899434,0.85213549805992
"486","nmf4","Anorexia",0.191821254893553,0.226766955799077,0.0179165027183385,1.18217846048873,0.0934020723004906,0.052912982759609,7.47912221577975e-09,5.16041289134015e-09,1.44932631811898,0.147246474683775,0.35663366345428
"488","nmf4","Autism",0.191821254893553,0.228276300155991,0.0221222819113098,1.19004695429955,0.115327584128183,0.109151747640869,4.34911441932617e-09,4.9817281030337e-09,0.873013205332846,0.382655880037531,0.624338072547832
"489","nmf4","BMI",0.191821254893553,0.232776310741137,0.00874757308910699,1.21350634928497,0.0456027310110198,3.31307694161996e-06,3.16119477856174e-09,2.06925649559499e-09,1.52769595518547,0.126588044856322,0.325723624191705
"490","nmf4","Bipolar",0.191821254893553,0.271900966208263,0.0116910289442078,1.41747047979197,0.060947515699944,1.11546247324862e-10,1.09184073194148e-08,2.62844747739782e-09,4.15393779533465,3.26802050073238e-05,0.00107844676524169
"495","nmf4","Epilepsy",0.191821254893553,0.226858864499631,0.0187637376217762,1.18265759769698,0.0978188659655504,0.0478992324282017,1.61838251519897e-09,1.22145266244943e-08,0.132496539976716,0.894591559596939,0.948498106998194
"496","nmf4","Age of smoking",0.191821254893553,0.209494144943695,0.0156612974811243,1.09213207399747,0.0816452665259391,0.258953553226865,-4.13751933702264e-10,8.85727697372713e-10,-0.467132206579465,0.640405293065142,0.81850402638403
"497","nmf4","Cigarettes per day",0.191821254893553,0.215209866188837,0.0136810826741017,1.12192919553291,0.0713220371834899,0.0805033260880723,-2.99021868849471e-11,1.33264772512212e-09,-0.0224381780130281,0.982098426359809,0.993390623492243
"498","nmf4","Drinks per week",0.191821254893553,0.24287090901225,0.0131720070449775,1.26613137395554,0.0686681309236926,0.000120106667799371,1.44079506498189e-09,6.74557835166201e-10,2.13591035470947,0.0326867214347224,0.133168124363684
"499","nmf4","Smoking cessation",0.191821254893553,0.244708815604031,0.0106311480650513,1.27571272401396,0.0554221588788522,1.44554883302082e-06,2.48099089767352e-09,9.10897163829994e-10,2.72367836479131,0.00645593446075826,0.0434081879047283
"500","nmf4","Smoking initiation",0.191821254893553,0.224806859039391,0.00975805888264298,1.17196011028153,0.0508705820325176,0.000690959014869675,8.11517943280541e-10,7.20582527403635e-10,1.12619708696596,0.260082106275006,0.501180117201471
"501","nmf4","Height",0.191821254893553,0.188896126969516,0.0101652706976706,0.984750762236119,0.0529934532193087,0.773707937516066,-1.8068357960009e-08,6.63985646937972e-09,-2.72119706854098,0.00650459717501298,0.0434081879047283
"503","nmf4","Intelligence",0.191821254893553,0.233227032408402,0.00885294364545629,1.2158560454514,0.0461520473858281,6.09508134462846e-06,3.02887792366492e-09,1.77734732085839e-09,1.70415646290343,0.0883518604351041,0.264454548241128
"504","nmf4","Depression",0.191821254893553,0.237227316220716,0.0120282997153301,1.23671027150958,0.0627057711722556,0.000282312622150856,1.55831460040157e-09,8.95195132260878e-10,1.74075410404203,0.0817266900621332,0.252644568810342
"512","nmf4","Type 2 Diabetes",0.191821254893553,0.224161193852819,0.0312361694295996,1.16859413716802,0.162839980621195,0.302826989418237,2.30346608444286e-09,3.50686115728209e-09,0.656845532552567,0.511280243544899,0.728822809372858
"513","nmf4","Parkinson Disease",0.191821254893553,0.273615174760625,0.033015933028172,1.42640696888601,0.172118220405207,0.0128620255079007,2.77934276144574e-09,2.40176248315708e-09,1.15720966620827,0.247186709456866,0.485545322147415
"516","nmf4","Schizophrenia",0.191821254893553,0.252655957259619,0.011025966429335,1.31714265658321,0.0574804206940133,9.5842272541961e-08,1.27392125989389e-08,4.76639865169054e-09,2.67271236207247,0.00752407344062949,0.0466676807013959
"519","nmf4","Education Years",0.191821254893553,0.237485420268574,0.00822524071659885,1.2380558160792,0.04287971487395,2.14022260989181e-07,3.07292052003831e-09,1.29958561078607e-09,2.36453873799019,0.0180525392850917,0.0872575848532605
"520","nmf4","Neuroticism",0.191821254893553,0.242988944298591,0.0100808171377394,1.26674671393132,0.0525531810504186,1.34027021620531e-06,3.65916273315378e-09,1.31538828984568e-09,2.78181185084374,0.00540563686054,0.0387795687821348
"521","nmf66","ADHD",0.161009125909911,0.184817617753477,0.0114138628056558,1.14787044963456,0.070889539590707,0.0374462458054149,2.48338660156625e-09,2.66130746384929e-09,0.933145318720259,0.350744943024272,0.598169670273952
"525","nmf66","Alzheimer Disease",0.161009125909911,0.277409791081586,0.0370074284997405,1.7229445195349,0.2298467760172,0.000866808544755222,3.30721981769396e-10,9.28043005663053e-10,0.356364931098325,0.721567288645627,0.860860694144459
"526","nmf66","Anorexia",0.161009125909911,0.159208097223857,0.016615490368983,0.988814120467544,0.103195954111817,0.913602028364169,-4.25243726016691e-09,5.18537008195434e-09,-0.820083657088597,0.412168418183614,0.64462359241987
"528","nmf66","Autism",0.161009125909911,0.179805989861479,0.0228701814393137,1.11674409040693,0.14204276503004,0.418214156781202,2.69999552134297e-09,5.60627113908635e-09,0.481602736356948,0.630088181962624,0.815413508604832
"529","nmf66","BMI",0.161009125909911,0.188699632436724,0.00824305394432524,1.1719809754281,0.0511961908850896,0.000784835376242021,-9.34637604568278e-10,2.12989275787862e-09,-0.438819091295084,0.66079262583675,0.830710729623343
"530","nmf66","Bipolar",0.161009125909911,0.175284101800374,0.0102205741735689,1.08865942107188,0.0634782290494988,0.163861433895526,-6.25893751040953e-09,2.64502645122377e-09,-2.36630431711324,0.017966669349613,0.0871911894907691
"535","nmf66","Epilepsy",0.161009125909911,0.224013722398894,0.0203936587523329,1.39131071691077,0.126661508390174,0.00397891793048685,1.61261971608487e-08,1.733745125009e-08,0.930136553996938,0.352300386633204,0.59850258733054
"536","nmf66","Age of smoking",0.161009125909911,0.17749762223957,0.0138505442036602,1.10240721596665,0.0860233488343382,0.237295731406338,-3.55452801586098e-10,8.90625169285907e-10,-0.399104824166485,0.689815967808774,0.842328471329863
"537","nmf66","Cigarettes per day",0.161009125909911,0.179125459991247,0.0126196701203553,1.11251743638104,0.0783786015173844,0.14472596401356,-1.54466392632169e-09,1.55425600526333e-09,-0.993828507717415,0.320306364737991,0.564940342881515
"538","nmf66","Drinks per week",0.161009125909911,0.1819647439917,0.0126410594390776,1.1301517411722,0.0785114468986722,0.0979874927006633,-5.7367064997143e-10,7.67010759209477e-10,-0.747930381788499,0.454502150791978,0.686081854669301
"539","nmf66","Smoking cessation",0.161009125909911,0.186811675472119,0.010538409359381,1.16025519930246,0.0654522487456864,0.0128094619638377,-5.63281318577672e-12,1.06456348986409e-09,-0.00529119516065301,0.995778256772308,0.997651223478575
"540","nmf66","Smoking initiation",0.161009125909911,0.176607026282866,0.0105995890215763,1.09687587759269,0.0658322251094452,0.144993065014875,3.97685257242588e-10,8.5681060274186e-10,0.464146050445646,0.642543110554295,0.81850402638403
"541","nmf66","Height",0.161009125909911,0.264831348902992,0.0140634030176912,1.6448219776758,0.0873453783331517,7.34095553485005e-11,2.00742233488744e-08,9.59118274375621e-09,2.0929872660327,0.036350291302358,0.143936978202147
"543","nmf66","Intelligence",0.161009125909911,0.171780282594325,0.00811559650720473,1.06689780236706,0.0504045746558839,0.18579022016938,-3.57608459138126e-09,1.94722852724098e-09,-1.83649969243631,0.0662837875453578,0.220080363418573
"544","nmf66","Depression",0.161009125909911,0.182660252616208,0.010262814329885,1.13447142566572,0.0637405753983619,0.0395655228982378,1.24993430226994e-09,9.35314386152898e-10,1.33637878426219,0.181425497188175,0.407281728381618
"552","nmf66","Type 2 Diabetes",0.161009125909911,0.199586135759543,0.0336157863179787,1.23959517593566,0.208781869524511,0.237884730846737,-2.5969681303188e-09,4.19976075681228e-09,-0.618360968801937,0.536337420486451,0.746541894097524
"553","nmf66","Parkinson Disease",0.161009125909911,0.258692931321862,0.0400669608083249,1.60669732140902,0.248849005184609,0.00539929225320887,3.2019780134223e-09,2.83349269080952e-09,1.13004632897342,0.25845670330038,0.499506366554175
"556","nmf66","Schizophrenia",0.161009125909911,0.192304100337564,0.00987545349520326,1.19436770587255,0.0613347438500402,0.00191774356243956,3.02391567993805e-10,5.05672134592018e-09,0.0597999271282327,0.952314983617936,0.985926100686804
"559","nmf66","Education Years",0.161009125909911,0.189991458682713,0.0077805398499561,1.18000428614847,0.0483235953613556,0.000241025995400614,1.43306799722592e-09,1.35202728470361e-09,1.0599401457642,0.289171830233669,0.535969082886139
"560","nmf66","Neuroticism",0.161009125909911,0.19216868262934,0.010341744931874,1.19352664976806,0.0642307997974006,0.00310939440207866,2.54708081085614e-09,1.5397947949265e-09,1.65416899657576,0.0980931803119558,0.282098034884056
"561","nmf11","ADHD",0.195905360014722,0.199699333104292,0.0122444035301612,1.01936635674126,0.062501625934283,0.756548377689983,-3.75722529963473e-09,2.40982381530667e-09,-1.55912862831285,0.118965939026192,0.316093665657672
"565","nmf11","Alzheimer Disease",0.195905360014722,0.192925429969603,0.0219242296349965,0.984788930507595,0.111912352134464,0.892328837770655,-7.30642262409571e-10,6.06722301159173e-10,-1.20424494206599,0.228494920118671,0.470535560930806
"566","nmf11","Anorexia",0.195905360014722,0.225829966476136,0.016789689656697,1.15275032015033,0.0857030642522248,0.0775431356829155,5.71753039203618e-09,4.9133644305735e-09,1.16366910552345,0.244558134161733,0.482377853418634
"568","nmf11","Autism",0.195905360014722,0.224009848389392,0.0220290334377473,1.14345951725138,0.11244732372862,0.202922839951779,2.28545146267225e-09,4.84878968299182e-09,0.471344729735127,0.637394578362467,0.817251165202571
"569","nmf11","BMI",0.195905360014722,0.241136409858157,0.00940078826092574,1.2308821455423,0.0479863759736808,1.44242765998311e-06,4.45658715083669e-09,2.1939621079496e-09,2.03129631760215,0.0422249447091233,0.157044010044244
"570","nmf11","Bipolar",0.195905360014722,0.266085715001251,0.0115144563237394,1.35823601243608,0.0587756063584685,7.30346918816453e-09,8.56115209253949e-09,2.6165165670855e-09,3.27196555918452,0.00106802585634189,0.0140979413037129
"575","nmf11","Epilepsy",0.195905360014722,0.246252225624276,0.0191936234113367,1.2569958555793,0.0979739574756624,0.00469101730267192,1.3801381298677e-08,1.18557201661316e-08,1.16411159383667,0.244378790774869,0.482377853418634
"576","nmf11","Age of smoking",0.195905360014722,0.233000584948713,0.0158704836040945,1.18935278203314,0.0810109718432504,0.0190831665401903,7.99834690821948e-10,8.98552311902645e-10,0.890137035125237,0.373392308892693,0.616097309672943
"577","nmf11","Cigarettes per day",0.195905360014722,0.228755750227394,0.014875865333752,1.16768499958451,0.0759339373493107,0.0246905804319516,1.13783975807893e-09,1.44096999396238e-09,0.789634595339561,0.429741198210223,0.663460095482449
"578","nmf11","Drinks per week",0.195905360014722,0.25447994905983,0.0138124963395979,1.29899431562621,0.0705059644032195,2.91757020331475e-05,1.81509501200728e-09,7.07426212938285e-10,2.56577290862366,0.0102946202211268,0.0580722166319975
"579","nmf11","Smoking cessation",0.195905360014722,0.24783585030395,0.0106280298672456,1.26507947656626,0.0542508375801812,1.7252544825464e-06,2.41238681699381e-09,9.23628354811722e-10,2.61185876811411,0.009005144671596,0.0528301820733632
"580","nmf11","Smoking initiation",0.195905360014722,0.232771662107199,0.0107201303710933,1.18818424411515,0.0547209651144192,0.000463885352197785,9.18924343266688e-10,7.78225415946272e-10,1.18079456727757,0.237684342791197,0.476813575204225
"581","nmf11","Height",0.195905360014722,0.192880223016477,0.0119051221725101,0.98455817136388,0.0607697623567596,0.799706845190865,-1.5552623507901e-08,7.88637300687472e-09,-1.97208824567941,0.0485995335608725,0.175277006285114
"583","nmf11","Intelligence",0.195905360014722,0.247858561587831,0.00862304368164642,1.26519540644117,0.0440163744422226,6.05849238424787e-09,5.26472149906478e-09,1.71665831560563e-09,3.06684297696564,0.00216332466747332,0.0203332244785217
"584","nmf11","Depression",0.195905360014722,0.241545063561795,0.0117598810695109,1.23296812064582,0.0600283783385361,0.000181899085074229,1.47442099831776e-09,8.62642463728352e-10,1.70919130498781,0.0874155189582343,0.262246556874703
"592","nmf11","Type 2 Diabetes",0.195905360014722,0.200533549847654,0.0345467641573493,1.02362462074843,0.1763441498219,0.893366739171227,-8.31089136553737e-10,3.79481251999845e-09,-0.219006639240791,0.826644875944555,0.913114005227458
"593","nmf11","Parkinson Disease",0.195905360014722,0.243237372633219,0.032417050707488,1.24160652171508,0.165473015669668,0.139189318843692,2.86223110125512e-10,2.36496612566259e-09,0.121026304359992,0.90367020046593,0.953512921354938
"596","nmf11","Schizophrenia",0.195905360014722,0.25262446808624,0.00986855207069658,1.28952300267464,0.0503740789427863,3.71730313232149e-08,1.01538698173226e-08,4.27480137585325e-09,2.37528458624487,0.0175354244511652,0.0866919860507042
"599","nmf11","Education Years",0.195905360014722,0.246596349113329,0.0089425585343016,1.2587524358435,0.0456473397850349,1.31008410410125e-07,3.61307509202305e-09,1.41195420091013e-09,2.55891805109125,0.0104998489635522,0.0587279687791904
"600","nmf11","Neuroticism",0.195905360014722,0.244972166014496,0.0102455873685802,1.25046178418031,0.0522986577182485,4.26813561237639e-06,3.17528653995092e-09,1.3322552100248e-09,2.38339209789378,0.0171539124852841,0.0851246784984021
"601","nmf30","ADHD",0.193612349544778,0.220247171830247,0.012139685112675,1.13756778608437,0.062700985454791,0.0294923820056668,6.09037823692724e-11,2.37805897715079e-09,0.0256107114896884,0.979567842340074,0.993390623492243
"605","nmf30","Alzheimer Disease",0.193612349544778,0.223459292116125,0.0243093641621862,1.15415825819749,0.125556888387246,0.208509474918933,1.3523567118101e-10,7.22993298169845e-10,0.187049688459547,0.851621674631184,0.922553353701916
"606","nmf30","Anorexia",0.193612349544778,0.223593601555547,0.0182514274388011,1.15485196105135,0.0942678888083011,0.103465579297658,4.46823352350346e-09,5.32774719784374e-09,0.838672211270058,0.401653276333593,0.635710221535184
"608","nmf30","Autism",0.193612349544778,0.222696018254659,0.0225957228554436,1.15021597939523,0.116705999945617,0.212352934040775,1.1291540596531e-09,5.08099832940262e-09,0.22223074806361,0.824134259020615,0.913114005227458
"609","nmf30","BMI",0.193612349544778,0.240294648201415,0.00945764563214632,1.24111219540694,0.0488483593860782,9.74084784885947e-07,3.64823421129024e-09,2.27362474369083e-09,1.6045894211056,0.108584191064113,0.296138702902126
"610","nmf30","Bipolar",0.193612349544778,0.285776907473056,0.0119032943143473,1.47602623564548,0.0614800364870028,6.9568966955609e-13,1.30910526744809e-08,2.6533935005202e-09,4.93370194504297,8.06855359539911e-07,0.000266262268648171
"615","nmf30","Epilepsy",0.193612349544778,0.248755115323741,0.0198798653397321,1.28481016788761,0.102678705085051,0.0022367237470449,1.5635014492651e-08,1.25440128101261e-08,1.24641251004062,0.21261299081662,0.445474837901491
"616","nmf30","Age of smoking",0.193612349544778,0.219647851649275,0.0154089276840408,1.13447232144908,0.0795864918754938,0.0899691793810484,-2.10868033488951e-10,8.5667958603852e-10,-0.246145743315833,0.805569414075151,0.901145446253558
"617","nmf30","Cigarettes per day",0.193612349544778,0.226061647120016,0.0142007545794295,1.16759931714858,0.0733463263723537,0.0185956949277846,5.63931569746315e-10,1.38128111574547e-09,0.408267052461629,0.683077625381795,0.838380317757079
"618","nmf30","Drinks per week",0.193612349544778,0.251165888692153,0.0135930162901638,1.2972617153952,0.0702073825462255,2.77687323987238e-05,1.59230515923904e-09,6.9013662438791e-10,2.30723179001154,0.0210419017599387,0.0988445207228435
"619","nmf30","Smoking cessation",0.193612349544778,0.246525152470555,0.0107140138320729,1.27329249942054,0.0553374506185361,1.77440227989819e-06,2.03860428905501e-09,9.27396855621831e-10,2.19820056181677,0.0279348166705705,0.120066491860966
"620","nmf30","Smoking initiation",0.193612349544778,0.23814399753018,0.0100405187082753,1.23000417117041,0.0518588753862166,8.9340638605866e-06,1.27154400526912e-09,7.34670232065973e-10,1.73076837711717,0.0834930841570101,0.256304351365706
"621","nmf30","Height",0.193612349544778,0.186643231694399,0.00975278681289015,0.964004786539882,0.0503727517166179,0.476209044433758,-2.03578877410036e-08,6.42033493465435e-09,-3.1708451269606,0.00151996156143501,0.0167380460510258
"623","nmf30","Intelligence",0.193612349544778,0.250077730090608,0.00858105766587679,1.29164141997445,0.0443208177890129,5.23871962815382e-10,5.3803667090222e-09,1.71707459651571e-09,3.13344960081527,0.00172764585134526,0.0179431758082104
"624","nmf30","Depression",0.193612349544778,0.249522017826241,0.0120700786117391,1.2887711884749,0.0623414706764225,1.05784252127642e-05,2.00132412637724e-09,8.95914067257351e-10,2.23383491734187,0.0254939371346427,0.112324609794493
"632","nmf30","Type 2 Diabetes",0.193612349544778,0.245419419327281,0.0327944791821837,1.26758143219847,0.169382166268268,0.118812894019685,4.44049637392984e-09,3.72359700773882e-09,1.192528720133,0.233053996316646,0.472551881932369
"633","nmf30","Parkinson Disease",0.193612349544778,0.295441681059334,0.0457243458460182,1.52594440258577,0.236164407660593,0.0295971361546912,4.40085396063711e-09,3.39640010790144e-09,1.29574073160547,0.195064823383321,0.424242417494796
"636","nmf30","Schizophrenia",0.193612349544778,0.269654381004844,0.0116372393770335,1.39275403474446,0.0601058734341845,2.85987192285527e-10,1.80737325956652e-08,4.93200878444215e-09,3.66457834638863,0.000247746395816357,0.00467178917825131
"639","nmf30","Education Years",0.193612349544778,0.248190046499369,0.00783189998000537,1.28189161013187,0.0404514484660702,1.58522554999525e-10,3.73414237941839e-09,1.23478908808129e-09,3.02411352308012,0.00249362848415501,0.0219439306605641
"640","nmf30","Neuroticism",0.193612349544778,0.250998207238019,0.0104281317915874,1.29639564742728,0.0538608813751088,1.52146455718074e-07,3.80030788428367e-09,1.33076342473208e-09,2.85573514695054,0.00429373145346508,0.0319094217940725
"641","nmf47","ADHD",0.145514991296156,0.15293428849329,0.0100251097761184,1.05098648002551,0.0688939997647049,0.459942250098388,-2.02293900802033e-09,2.38812459047129e-09,-0.847082692457476,0.396949031378875,0.63179763051417
"645","nmf47","Alzheimer Disease",0.145514991296156,0.304313010911975,0.0331065212573424,2.09128288571058,0.227512787256147,1.7526074866295e-06,1.76875460886285e-09,9.5326095382347e-10,1.85547787493916,0.063528015840806,0.214618531497892
"646","nmf47","Anorexia",0.145514991296156,0.159465103029504,0.0155233602416173,1.09586717910704,0.106678769681014,0.372276505701475,-2.7801157323468e-12,5.17956759813031e-09,-0.000536746683902792,0.999571738128415,0.999571738128415
"648","nmf47","Autism",0.145514991296156,0.17564642396991,0.0200280887839628,1.20706754957247,0.137635913699099,0.125022830170037,5.42806121678573e-09,5.48091904166462e-09,0.990356028892769,0.322000129637963,0.565788818758231
"649","nmf47","BMI",0.145514991296156,0.182955095683005,0.00745768951632184,1.25729379532209,0.0512503175782334,4.65313543950955e-07,1.40871119026545e-09,2.02831477487778e-09,0.694522964439941,0.487354304354738,0.713201421006934
"650","nmf47","Bipolar",0.145514991296156,0.175827002269358,0.00961879691230974,1.20830850968139,0.0661017591839272,0.00192968040696629,-3.00548764648542e-09,2.56173992777482e-09,-1.17322122120962,0.240707104127503,0.477866062077161
"655","nmf47","Epilepsy",0.145514991296156,0.223285998978992,0.019514221523686,1.53445357753247,0.134104543798997,0.000396263749493173,2.54690582609865e-08,1.86988287803966e-08,1.36206703425659,0.173176730783254,0.397553538493731
"656","nmf47","Age of smoking",0.145514991296156,0.167757647895474,0.0131568649521217,1.15285474301441,0.0904158728590684,0.0911379012189529,2.01081444284721e-11,9.35691291805134e-10,0.021490148091129,0.982854662333992,0.993390623492243
"657","nmf47","Cigarettes per day",0.145514991296156,0.181714352110012,0.0143806237893175,1.24876722660267,0.0988257200252974,0.00966860702013957,3.20334802490787e-10,1.6859926695245e-09,0.189997743336055,0.849310898879605,0.922553353701916
"658","nmf47","Drinks per week",0.145514991296156,0.18186724760082,0.0117803193875467,1.24981794645941,0.0809560532740648,0.00192482110299791,1.34819977403263e-10,7.68694048546003e-10,0.175388345543038,0.860774497559798,0.926771889705493
"659","nmf47","Smoking cessation",0.145514991296156,0.156350007432719,0.00903272716502448,1.07445979304299,0.0620742033832161,0.223982077010542,-1.46584212213735e-09,9.99897854900625e-10,-1.46599186602219,0.142650502821094,0.350313973892081
"660","nmf47","Smoking initiation",0.145514991296156,0.164236101587857,0.0110943541885705,1.12865416906496,0.0762420015267776,0.0950156473334028,3.22110624917104e-10,1.00592123017158e-09,0.320214560798326,0.748805685953654,0.876727337151321
"661","nmf47","Height",0.145514991296156,0.216197328608138,0.0114210343814614,1.4857392127257,0.0784869949118643,2.06191653100767e-09,-7.83915191646758e-09,8.42715316885173e-09,-0.930225398707893,0.35225439404084,0.59850258733054
"663","nmf47","Intelligence",0.145514991296156,0.168183600572758,0.00789589330204819,1.15578195122499,0.0542617171723446,0.00435578975770148,-1.44090275651631e-09,2.0427668015047e-09,-0.705368207205512,0.480581123886881,0.708095145637832
"664","nmf47","Depression",0.145514991296156,0.160541923687027,0.0101909385758312,1.10326724591756,0.0700335991849141,0.143108271648886,5.90206363915621e-10,9.8477225529759e-10,0.599332851571113,0.54895094500797,0.757644082686673
"672","nmf47","Type 2 Diabetes",0.145514991296156,0.185404013919903,0.0338761686290084,1.27412311452203,0.232801914959145,0.224312174747559,-2.82765942284029e-09,4.57474837028698e-09,-0.618101629634092,0.536508348143591,0.746541894097524
"673","nmf47","Parkinson Disease",0.145514991296156,0.286872500742627,0.0406704837520069,1.97142918531863,0.279493428063596,2.3420334145926e-05,7.09387065207341e-09,2.79623019204114e-09,2.53694086855387,0.0111825840639618,0.0615042123517899
"676","nmf47","Schizophrenia",0.145514991296156,0.195548321030222,0.00950775717137522,1.34383625555278,0.0653386780749263,5.0210066777577e-07,9.19245873476203e-09,5.25934426207713e-09,1.74783362272839,0.0804928413786598,0.250648470695637
"679","nmf47","Education Years",0.145514991296156,0.174556687346843,0.00739899390097056,1.19957872238456,0.0508469528470228,8.63050116866026e-05,1.36236429787586e-09,1.35833670686719e-09,1.00296509031105,0.315877705106811,0.562504772325165
"680","nmf47","Neuroticism",0.145514991296156,0.159408568981905,0.00976391155207014,1.09547866898108,0.0670990079104523,0.158284884439234,-2.67657723988242e-10,1.61448000346846e-09,-0.165785716399844,0.868325587226449,0.93034884345691
"681","nmf34","ADHD",0.182888428240213,0.231559730288023,0.0124999098812429,1.26612565112038,0.0683471885100625,0.00015241086222713,3.69709838056402e-09,2.53722568167089e-09,1.45714210890743,0.145077156786603,0.354633049922808
"685","nmf34","Alzheimer Disease",0.182888428240213,0.258686965621292,0.0264328205209903,1.41445234184813,0.144529759347444,0.00147634200373468,9.97169520493148e-10,7.1897670697081e-10,1.38692882651848,0.165463466773268,0.384527774895622
"686","nmf34","Anorexia",0.182888428240213,0.205899278346621,0.0161878626313348,1.12581905989254,0.0885122300360797,0.153924557399279,7.91733858880373e-10,4.77371326638749e-09,0.165852830846608,0.868272768808525,0.93034884345691
"688","nmf34","Autism",0.182888428240213,0.255696437628707,0.0208277548138399,1.39810068952457,0.113882299794735,0.00196027769725831,1.06742268832321e-08,4.82856820629031e-09,2.21064017886845,0.0270607640947932,0.117115438049597
"689","nmf34","BMI",0.182888428240213,0.235818941854991,0.00860371383390751,1.28941422988915,0.047043511263638,1.77865738592245e-09,3.68550708721744e-09,2.12165130713023e-09,1.73709368491964,0.0823706358588558,0.254040278817032
"690","nmf34","Bipolar",0.182888428240213,0.277453708622502,0.0122957194190125,1.51706541136699,0.0672307129397098,7.87681526008382e-13,1.20428428753036e-08,2.79836388052802e-09,4.30352998732647,1.68098083539278e-05,0.000792462393828023
"695","nmf34","Epilepsy",0.182888428240213,0.268279290248158,0.0196873809687116,1.46690139354136,0.107646947147763,1.34822907732788e-06,3.24187659429558e-08,1.18605785624319e-08,2.73332078804667,0.00626992335584009,0.0434081879047283
"696","nmf34","Age of smoking",0.182888428240213,0.22892601727253,0.0160558361016665,1.25172499690275,0.0877903334626404,0.00419519609599231,7.60558605105614e-10,8.69966361813617e-10,0.874239095314075,0.38198805936597,0.624338072547832
"697","nmf34","Cigarettes per day",0.182888428240213,0.244867287736521,0.0134758555280429,1.33888890671039,0.0736834782698398,2.43862045056145e-06,2.97123509072967e-09,1.29093463536596e-09,2.30161544150325,0.0213568685522884,0.0996150759329351
"698","nmf34","Drinks per week",0.182888428240213,0.231656769467048,0.0113717015846968,1.26665624335062,0.0621783548260407,2.16655905019655e-05,7.44736791571357e-10,5.8039100038207e-10,1.28316392066917,0.19943465326911,0.429844411382307
"699","nmf34","Smoking cessation",0.182888428240213,0.243810561304876,0.0142242321595508,1.33311092260384,0.0777754628678207,6.94118504733258e-05,2.24842741496676e-09,1.26298314787447e-09,1.78025131907004,0.0750348401346198,0.23844681847183
"700","nmf34","Smoking initiation",0.182888428240213,0.237692478177386,0.00958869030902549,1.29965837896092,0.0524291799174485,1.8845622151891e-08,1.78114621150124e-09,7.34342170362235e-10,2.42549901583705,0.0152873571973543,0.0779123996158598
"701","nmf34","Height",0.182888428240213,0.193325194912889,0.0115807118835665,1.05706630415659,0.0633211843690623,0.366340861991443,-1.89808291641484e-08,7.69028170719586e-09,-2.46815784997679,0.0135810416309318,0.0711835351382714
"703","nmf34","Intelligence",0.182888428240213,0.252766347610903,0.0089375709432539,1.38207950083594,0.0488689800073897,2.30177022505546e-13,7.79850846813133e-09,1.84326067634481e-09,4.23082235096329,2.3283850988855e-05,0.00096045885329027
"704","nmf34","Depression",0.182888428240213,0.245347166769307,0.0115248121353216,1.34151279624459,0.0630155349150056,1.17877523689401e-07,2.45666364377843e-09,9.09706707197758e-10,2.7005007485829,0.00692351812186614,0.0441499706321899
"712","nmf34","Type 2 Diabetes",0.182888428240213,0.251730919781808,0.033952938295901,1.37641797353726,0.185648368366455,0.0428103159044728,5.04009866269289e-09,3.92946301596891e-09,1.28264310981182,0.199617139528298,0.429844411382307
"713","nmf34","Parkinson Disease",0.182888428240213,0.257660918055755,0.0521257690817495,1.40884210409055,0.285014036061841,0.16330460567919,1.95308574357463e-09,4.05747156979481e-09,0.481355373655373,0.630263947914677,0.815413508604832
"716","nmf34","Schizophrenia",0.182888428240213,0.27073661604419,0.0113151393919767,1.48033759516263,0.061869083248476,5.23534645332249e-13,2.19442582902174e-08,4.75432607601481e-09,4.61564014317915,3.9188548447219e-06,0.000361306728158434
"719","nmf34","Education Years",0.182888428240213,0.253813883981111,0.00815067906890704,1.38780723539131,0.0445664012061037,1.96459874773904e-14,5.964306264029e-09,1.3714794984944e-09,4.34881182735621,1.36877092408211e-05,0.000693704251453644
"720","nmf34","Neuroticism",0.182888428240213,0.234309576260594,0.00955914620611292,1.28116129880477,0.0522676382431236,9.65298905198719e-08,2.46699251465095e-09,1.3297965293742e-09,1.85516540324549,0.063572610466421,0.214618531497892
"721","nmf43","ADHD",0.161542075962074,0.186815486760447,0.0128533364013799,1.15645094720899,0.0795664926603862,0.0513436019248796,1.47697701515772e-10,2.82938888199368e-09,0.0522012730224979,0.958368318593161,0.988068854618975
"725","nmf43","Alzheimer Disease",0.161542075962074,0.228967648287132,0.0222915918344345,1.41738706107063,0.137992480916662,0.00219523791888438,-1.24574797076676e-10,7.95255332505873e-10,-0.156647547001209,0.875522628000948,0.935781270413969
"726","nmf43","Anorexia",0.161542075962074,0.187080373306226,0.0168285795785998,1.15809068437469,0.104174590294053,0.132203863985979,3.07513972314036e-09,5.44790016521151e-09,0.56446330326998,0.572438867691416,0.769469761051598
"728","nmf43","Autism",0.161542075962074,0.21618272536906,0.0220013352735881,1.33824407097389,0.136195694790709,0.0131929389551548,7.94766310533092e-09,5.34240925249384e-09,1.48765523749813,0.136841838086038,0.339532380213479
"729","nmf43","BMI",0.161542075962074,0.209717675246846,0.00831312120507607,1.2982232275886,0.0514610274479064,1.58877929989463e-08,3.51519423829488e-09,2.17457626542951e-09,1.61649618556863,0.105987077443323,0.29445699186527
"730","nmf43","Bipolar",0.161542075962074,0.259454597758814,0.0128685626856361,1.60611157318374,0.0796607485015691,3.15399324519097e-12,1.4604955826778e-08,3.18142281418794e-09,4.59069940708459,4.41763172843925e-06,0.000361306728158434
"735","nmf43","Epilepsy",0.161542075962074,0.232467724202893,0.0190814494034345,1.4390537129006,0.118120615262579,2.9953171652789e-05,1.77835601406722e-08,1.30064693880923e-08,1.36728574142907,0.171535759180244,0.395160911200561
"736","nmf43","Age of smoking",0.161542075962074,0.208158445244345,0.0145349463448152,1.28857106734976,0.089976226059071,0.00121957356969526,1.01907891092988e-09,8.87643803591889e-10,1.14807190317347,0.250938881981775,0.489275220407597
"737","nmf43","Cigarettes per day",0.161542075962074,0.224183164388993,0.014719713063657,1.38776949010873,0.0911199944410326,0.000119957144814671,2.86655500516925e-09,1.70830340361976e-09,1.67801281616325,0.0933445970828699,0.274420641758103
"738","nmf43","Drinks per week",0.161542075962074,0.235962596817499,0.0127569594797182,1.46068815453936,0.0789698869705824,2.47084540007095e-08,2.42448910894206e-09,6.99592568643034e-10,3.46557298863927,0.000529102888922215,0.00859881900023689
"739","nmf43","Smoking cessation",0.161542075962074,0.205338912892537,0.0101451656042832,1.27111720998773,0.062802000926774,2.54656049941458e-05,1.03868787106271e-09,9.93233343206054e-10,1.04576419848123,0.295669914353847,0.542524986724421
"740","nmf43","Smoking initiation",0.161542075962074,0.200940930222242,0.00875820089213106,1.24389221214056,0.05421622100602,1.14765505678073e-05,1.27311829173426e-09,7.30804720701734e-10,1.74207726861943,0.0814949245695019,0.252519484581555
"741","nmf43","Height",0.161542075962074,0.172119411690291,0.00986162507494914,1.06547727992985,0.0610467893037627,0.28375415051102,-2.59418152343317e-08,7.10652900018349e-09,-3.65041994955089,0.00026181189820132,0.00486748881163018
"743","nmf43","Intelligence",0.161542075962074,0.220488264402873,0.00853064757467629,1.36489681149472,0.0528075891303953,7.6165159231076e-11,6.65421592379425e-09,1.93732547023719e-09,3.4347434264515,0.000593115101734674,0.00910362714290429
"744","nmf43","Depression",0.161542075962074,0.213823632701719,0.0120680745984348,1.32364049074075,0.0747054569316547,3.49361221654359e-05,2.52882636457746e-09,1.02467392721776e-09,2.46793277100731,0.0135895839809427,0.0711835351382714
"752","nmf43","Type 2 Diabetes",0.161542075962074,0.195814769881626,0.0289120102805514,1.21215954862186,0.178975106691951,0.244549648304092,7.18303087973808e-10,3.63178905354597e-09,0.19778216118375,0.843215503780115,0.918721060930605
"753","nmf43","Parkinson Disease",0.161542075962074,0.317669370078129,0.0486998810551946,1.96648067190068,0.301468708787846,0.00232027528924053,8.4482409592593e-09,4.22332389474172e-09,2.00037723125566,0.045459545099475,0.166223267399742
"756","nmf43","Schizophrenia",0.161542075962074,0.239064487129033,0.0113496126459292,1.4798899030192,0.0702579348342276,1.29696263008399e-10,2.10743706160219e-08,5.43941274731094e-09,3.87438342979954,0.000106894995701195,0.00244121443140216
"759","nmf43","Education Years",0.161542075962074,0.222743352513418,0.00806795742427869,1.37885656840087,0.0499433808574606,7.39105767131634e-12,6.08011617177615e-09,1.45677230689592e-09,4.17369011134733,2.99705348196571e-05,0.00107565847622685
"760","nmf43","Neuroticism",0.161542075962074,0.216011212943364,0.00921956074897963,1.33718235114224,0.0570721943126703,1.85818842213558e-08,4.33105700323147e-09,1.34013158843534e-09,3.23181472670767,0.00123006782296267,0.0150341622806548
"761","nmf49","ADHD",0.188241749632915,0.21768939658631,0.0108497274327761,1.15643525950444,0.0576372003231684,0.00734319493711847,7.14211667094557e-10,2.12923354461196e-09,0.335431342842533,0.737299727897107,0.871919394836424
"765","nmf49","Alzheimer Disease",0.188241749632915,0.227875567615911,0.022534186357924,1.21054743732612,0.119708759623554,0.0812676740427925,8.3918240174379e-11,7.08929760141853e-10,0.118373137781079,0.905772009058657,0.954967293895708
"766","nmf49","Anorexia",0.188241749632915,0.187853633246966,0.0146128693934002,0.99793820240884,0.0776282063989329,0.978806713206053,-4.05301661697849e-09,4.28641803910869e-09,-0.945548609584814,0.34437886641123,0.591348988793114
"768","nmf49","Autism",0.188241749632915,0.211936400725138,0.0210180156314914,1.12587351710462,0.111654378863764,0.263392090281729,1.71254548356756e-10,4.79093050177913e-09,0.0357455714068823,0.971485233024294,0.991564511785949
"769","nmf49","BMI",0.188241749632915,0.24971454307009,0.00980718997831359,1.3265630156809,0.052098910031586,1.41545855321361e-08,7.6155593048595e-09,2.89676259831911e-09,2.62898979339161,0.00856389312249469,0.0506921027878609
"770","nmf49","Bipolar",0.188241749632915,0.271232034301654,0.0112832685682221,1.44087076767282,0.0599403086202993,2.63022261330571e-11,1.03772641035689e-08,2.49619652840904e-09,4.15723040452384,3.22129069625636e-05,0.00107844676524169
"775","nmf49","Epilepsy",0.188241749632915,0.255473856508926,0.0197125455051399,1.35715831906109,0.104719306655303,0.000349132309308383,2.25455570785068e-08,1.3416067017201e-08,1.68048930059762,0.0928621543040883,0.274223811367778
"776","nmf49","Age of smoking",0.188241749632915,0.244520349512816,0.0142135041182824,1.29896980871485,0.0755066511334479,9.03905505210858e-05,1.66195030859751e-09,7.95167940249917e-10,2.09006201642783,0.036612229156867,0.143936978202147
"777","nmf49","Cigarettes per day",0.188241749632915,0.240467578500439,0.0129389496492139,1.27744020106787,0.068735812721916,7.66390299677514e-05,2.27280066502596e-09,1.277165098029e-09,1.77956684576918,0.0751468761244556,0.23844681847183
"778","nmf49","Drinks per week",0.188241749632915,0.242676272287179,0.0122081142803371,1.28917348441786,0.0648533829723945,1.42994252251294e-05,1.40509392375505e-09,6.15852581381369e-10,2.28154263899227,0.0225163565867796,0.103085336270225
"779","nmf49","Smoking cessation",0.188241749632915,0.241675282637348,0.0129623449400904,1.28385590926897,0.0688600959424141,0.000136514695862196,1.85313845695074e-09,1.14294719234141e-09,1.62136839686744,0.104938654298705,0.292852058508013
"780","nmf49","Smoking initiation",0.188241749632915,0.220388399447574,0.00823846411731006,1.17077322048561,0.0437653396941733,8.93000757033288e-05,5.29577199376838e-10,6.37290658047974e-10,0.830982209905504,0.405983679405134,0.640103654580367
"781","nmf49","Height",0.188241749632915,0.182502593159804,0.00944541994649772,0.969511776827918,0.0501770726468329,0.545093432341265,-2.29408891254367e-08,6.50708643017395e-09,-3.52552396093246,0.000422645941175865,0.00715246977374541
"783","nmf49","Intelligence",0.188241749632915,0.243276562913873,0.00939357774745296,1.29236241900789,0.0499016704093066,2.80364701277322e-08,5.57784347140458e-09,2.05253703416712e-09,2.71753609243302,0.00657699816738307,0.0434081879047283
"784","nmf49","Depression",0.188241749632915,0.244976762168245,0.0121527387616747,1.30139441779502,0.0645592106181195,9.26462239310984e-06,2.26932260215621e-09,9.95035284792168e-10,2.280645356843,0.0225694410470416,0.103085336270225
"792","nmf49","Type 2 Diabetes",0.188241749632915,0.205793995792624,0.0311945830022572,1.093243109958,0.165715538997533,0.570436778433183,7.86379139405053e-11,3.55788937839889e-09,0.0221024055491837,0.9823662675951,0.993390623492243
"793","nmf49","Parkinson Disease",0.188241749632915,0.335702630380259,0.0522459748966245,1.78335906373003,0.277547223177153,0.00450150265368829,8.01237618777462e-09,3.81011369825915e-09,2.10292312049257,0.0354724904059925,0.14232123810307
"796","nmf49","Schizophrenia",0.188241749632915,0.259064153300222,0.00933845497894849,1.37623111666469,0.049608840744198,1.06261541558658e-11,1.61186192383253e-08,4.26895417075283e-09,3.77577706239063,0.000159509610937568,0.00339601107157402
"799","nmf49","Education Years",0.188241749632915,0.241069744202773,0.00785484778629783,1.28063909665564,0.0417274478250193,1.56776058207662e-10,3.72096138245267e-09,1.27769777637098e-09,2.91223906878922,0.00358847872142194,0.0290600730814537
"800","nmf49","Neuroticism",0.188241749632915,0.251512018988976,0.0103904821371784,1.33611177902587,0.055197543358158,1.19641767085048e-08,4.77452542542817e-09,1.418971185309e-09,3.36477969028557,0.000766047993542563,0.0107572696965551
"801","nmf62","ADHD",0.138978510722495,0.127688133880636,0.0122557757025936,0.918761707956397,0.0881846814941428,0.355466057088302,1.35458222900531e-10,3.31977219448185e-09,0.0408034693240974,0.967452573543353,0.991488662327039
"805","nmf62","Alzheimer Disease",0.138978510722495,0.414870699561433,0.0534943111656044,2.98514279225386,0.384910666314585,2.6167143128667e-08,4.7108383807938e-09,1.3811403699893e-09,3.41083244191197,0.000647648782653731,0.00982639532302213
"806","nmf62","Anorexia",0.138978510722495,0.129657128639866,0.0152579300150978,0.932929328180515,0.109786253542204,0.53905183243177,1.79845944715433e-09,5.6546958872931e-09,0.318047067959168,0.75044923401853,0.877163705403009
"808","nmf62","Autism",0.138978510722495,0.139047749661038,0.0212755585139673,1.00049819888113,0.153085238885954,0.99740692894213,3.09007012051382e-09,6.31262093746274e-09,0.489506680525605,0.624483026080879,0.814543077496798
"809","nmf62","BMI",0.138978510722495,0.139421215300732,0.00779008092280325,1.00318541748602,0.0560524132997659,0.954612791896224,-3.13445073855811e-09,2.25760434436415e-09,-1.38839684038654,0.165016237974901,0.384527774895622
"810","nmf62","Bipolar",0.138978510722495,0.141284797312626,0.010385844151023,1.01659455536069,0.0747298564147149,0.824585549198581,-5.92530470437538e-09,2.90157702555503e-09,-2.04209802193411,0.041141809072775,0.155607988470095
"815","nmf62","Epilepsy",0.138978510722495,0.180732764546384,0.0182357254328381,1.3004367625385,0.131212554646309,0.0170009819794044,2.19512769000829e-09,1.54043486952077e-08,0.142500519394968,0.886684669140113,0.944651947752179
"816","nmf62","Age of smoking",0.138978510722495,0.134552676127208,0.0152019292444661,0.968154540063211,0.109383308005225,0.77058008128767,-4.342889047584e-11,1.21539577874802e-09,-0.0357323032013292,0.971495812761897,0.991564511785949
"817","nmf62","Cigarettes per day",0.138978510722495,0.154320468726278,0.0111777117337555,1.1103908649188,0.080427626369335,0.171104809332387,5.23254233869342e-10,1.72210671431074e-09,0.303845417662615,0.761245663212221,0.882991454692559
"818","nmf62","Drinks per week",0.138978510722495,0.131574525217014,0.0112287543827995,0.946725681063992,0.080794896451441,0.508564643141848,-1.16901980855604e-09,7.32177136860808e-10,-1.59663522623526,0.110347041924839,0.299708015104502
"819","nmf62","Smoking cessation",0.138978510722495,0.138256633650204,0.0111525053680249,0.994805836754628,0.0802462575692264,0.947838333671619,-1.33885335110666e-09,1.22801363520056e-09,-1.09025935277013,0.275598914919163,0.517483026590748
"820","nmf62","Smoking initiation",0.138978510722495,0.108035566979897,0.00788061798902354,0.777354473135899,0.0567038598129687,9.76242763490849e-05,-8.39004418435307e-10,7.9136565429554e-10,-1.06019816993723,0.289054453511192,0.535969082886139
"821","nmf62","Height",0.138978510722495,0.229687680333773,0.0139754228872411,1.65268485854191,0.100558156902015,2.29523225024017e-10,5.58025298522021e-09,1.11102489169229e-08,0.502261742913831,0.615483416444975,0.807269441654163
"823","nmf62","Intelligence",0.138978510722495,0.13317393081792,0.00856902752833606,0.958233975350577,0.0616572122106433,0.497377503870395,-1.34810240655495e-09,2.43051022328226e-09,-0.55465819219407,0.579128477639106,0.775303844303874
"824","nmf62","Depression",0.138978510722495,0.12063924847664,0.00994751776746132,0.868042461021374,0.0715759416023962,0.0614285422844122,9.04113793957467e-12,9.94389005074069e-10,0.00909215396936254,0.992745610673627,0.997276683103606
"832","nmf62","Type 2 Diabetes",0.138978510722495,0.227334856814691,0.042633408154595,1.63575545336373,0.306762591806175,0.044515993901107,7.56714522520697e-09,6.35825990072909e-09,1.19012832808852,0.233995957697433,0.47300867405913
"833","nmf62","Parkinson Disease",0.138978510722495,0.262809051487023,0.0443764191781169,1.8910049483246,0.319304178375643,0.00526172038851985,4.94599966868755e-09,4.32891339336444e-09,1.14254992402228,0.253225506765913,0.49227933568631
"836","nmf62","Schizophrenia",0.138978510722495,0.141448022653959,0.00965408367344382,1.01776901996306,0.0694645785399195,0.798297865088392,-3.42842300110862e-09,5.3424819418763e-09,-0.64172851465073,0.521049471517705,0.737176101182605
"839","nmf62","Education Years",0.138978510722495,0.128865233697171,0.00744768252476702,0.927231361361195,0.0535887345896096,0.174060499951441,-1.40630869329701e-09,1.38829322908027e-09,-1.01297669961891,0.311071290500557,0.55789959709339
"840","nmf62","Neuroticism",0.138978510722495,0.126629217752122,0.00760519085143094,0.911142428378503,0.0547220632304556,0.105129522240942,-1.32546142834607e-11,1.31691668412089e-09,-0.0100648844708873,0.991969519658462,0.997276683103606
"841","nmf15","ADHD",0.169492040054627,0.191991890014977,0.0121777127021573,1.13274871169819,0.0718482867881725,0.0673299310620681,-6.3831061243635e-10,2.59069842155008e-09,-0.24638553338618,0.805383803815621,0.901145446253558
"845","nmf15","Alzheimer Disease",0.169492040054627,0.216284687972574,0.0221728747563282,1.27607578446083,0.130819563851978,0.0366062701970817,-2.93274226603839e-12,7.5372166914799e-10,-0.00389101492776979,0.996895427097152,0.997651223478575
"846","nmf15","Anorexia",0.169492040054627,0.194723791773274,0.0176771680636349,1.14886688313218,0.104294974902288,0.156231722872872,3.51131592575896e-09,5.57698249530702e-09,0.629608561388475,0.528950720762575,0.743334556738272
"848","nmf15","Autism",0.169492040054627,0.203925952616883,0.0211517525269933,1.20315946725969,0.124794960991538,0.117422832890475,2.62555293888294e-09,5.32123681918061e-09,0.493410278117867,0.621722721484006,0.811756628601156
"849","nmf15","BMI",0.169492040054627,0.216888889379144,0.00900027173851968,1.27964056193578,0.0531014420241736,2.21468023794809e-07,3.88455407709724e-09,2.32752532542976e-09,1.66896318362508,0.0951246763615524,0.275360905257125
"850","nmf15","Bipolar",0.169492040054627,0.264811425497252,0.0125369805969454,1.56238266653646,0.0739679609314087,1.84959402489319e-12,1.44277096204234e-08,2.98246562293111e-09,4.83751078620785,1.3147525241903e-06,0.000347094666386238
"855","nmf15","Epilepsy",0.169492040054627,0.235432836260621,0.0203511006172142,1.38904951633564,0.120071129066917,0.000256542439681547,1.97799020211665e-08,1.35928500233597e-08,1.45516959189383,0.145622316921359,0.355203993014784
"856","nmf15","Age of smoking",0.169492040054627,0.19511736121499,0.0155855521721503,1.15118893578781,0.0919544786122529,0.0989924931767838,-1.9899932322898e-10,9.29808731401847e-10,-0.214021783737128,0.8305300697782,0.914677644327898
"857","nmf15","Cigarettes per day",0.169492040054627,0.223348536449561,0.0152485711392912,1.31775236393152,0.0899662965551457,0.00120596843345071,2.31183189228628e-09,1.72156227478101e-09,1.34286858288664,0.179314531031968,0.406692750794154
"858","nmf15","Drinks per week",0.169492040054627,0.231662804923115,0.0124476536867707,1.36680639898163,0.0734409337616023,1.32479065753547e-06,1.80756444730854e-09,6.94564992792386e-10,2.60244104736911,0.00925627276208237,0.0531229567215162
"859","nmf15","Smoking cessation",0.169492040054627,0.222681145701468,0.010048626627239,1.31381477047357,0.0592867170871291,5.93908030080307e-07,2.09819162943206e-09,9.32599405896578e-10,2.24983161705417,0.0244596361672402,0.109818774628426
"860","nmf15","Smoking initiation",0.169492040054627,0.202703432715855,0.00930591846141609,1.19594662174415,0.0549047522138315,0.000406405909152844,6.71982861763214e-10,7.61242014912805e-10,0.882745366912236,0.377373864531559,0.62034059922996
"861","nmf15","Height",0.169492040054627,0.170106845155134,0.0101624760224793,1.00362733907922,0.0599584264795208,0.951694326149983,-2.31134556775655e-08,7.06104125059603e-09,-3.27337780042207,0.00106270330510621,0.0140979413037129
"863","nmf15","Intelligence",0.169492040054627,0.224066743293135,0.00914798910952476,1.32198977144247,0.053972971866858,1.26459855662752e-08,5.70504022418889e-09,1.99230922885006e-09,2.86353149479801,0.00418947162453047,0.0319094217940725
"864","nmf15","Depression",0.169492040054627,0.230909001139447,0.0120884713492708,1.36235897016182,0.0713217644048341,1.26944177762079e-06,3.06079709405119e-09,9.82764661855537e-10,3.11447614352775,0.00184271857509287,0.0187106809163276
"872","nmf15","Type 2 Diabetes",0.169492040054627,0.204619615752655,0.0312640162143756,1.20725206733429,0.184457135593502,0.269239108670654,2.26672468598157e-09,3.87841322583964e-09,0.58444640990797,0.558920010268008,0.762163650365465
"873","nmf15","Parkinson Disease",0.169492040054627,0.278739201754914,0.0485947744422059,1.64455629695104,0.286708298670214,0.0274474524852432,4.95002381081243e-09,3.91867796934599e-09,1.2631871895405,0.206521915551563,0.439427235637234
"876","nmf15","Schizophrenia",0.169492040054627,0.239997001881196,0.0107525952208051,1.41597801173345,0.0634401191781015,1.87873891549311e-10,1.73261828226341e-08,5.00738545183954e-09,3.46012564626297,0.000539923390951436,0.00859881900023689
"879","nmf15","Education Years",0.169492040054627,0.219134918151933,0.00782086023535007,1.29289209145932,0.0461429352837421,4.52588497932537e-09,3.68829301621246e-09,1.35281261627206e-09,2.72638868964444,0.00640315455578662,0.0434081879047283
"880","nmf15","Neuroticism",0.169492040054627,0.226737715241417,0.0101055705498673,1.33774845808889,0.0596226852105283,6.76528940453632e-08,4.45821098450597e-09,1.39121301006384e-09,3.20454952063839,0.00135274017718025,0.0160866399448462
"881","nmf27","ADHD",0.150191598647176,0.156303853811378,0.0112612507679765,1.04069638527892,0.0749792323233136,0.587440479386001,-1.72497506711585e-09,2.62368945998174e-09,-0.657461598800591,0.510884155018741,0.728822809372858
"885","nmf27","Alzheimer Disease",0.150191598647176,0.291703124442199,0.0340637648873553,1.94220666847988,0.226802066122064,2.59315894993853e-05,1.21854139625942e-09,9.05388036633518e-10,1.34587750992413,0.178342022998392,0.406692750794154
"886","nmf27","Anorexia",0.150191598647176,0.148421336204103,0.015586603182349,0.988213305810591,0.103778129554134,0.909433251252725,-5.17181428068673e-09,5.12888811254606e-09,-1.00836948812271,0.313277115101061,0.56025192305356
"888","nmf27","Autism",0.150191598647176,0.189809850892253,0.0206535391844226,1.26378474296786,0.137514610473926,0.0473701313253455,8.43586042701076e-09,5.49826780926237e-09,1.53427601558435,0.124961763629208,0.324383310177403
"889","nmf27","BMI",0.150191598647176,0.180265980343605,0.00721697926910932,1.20024010641953,0.0480518173727091,2.38636192070622e-05,-5.54373343551064e-10,1.98253134081392e-09,-0.2796290440097,0.779762121766852,0.889181319814234
"890","nmf27","Bipolar",0.150191598647176,0.179079225588338,0.00947818951707971,1.19233850096385,0.0631073215975648,0.00281013761071506,-2.97738467385771e-09,2.5051396063235e-09,-1.1885104791534,0.234632353753193,0.473569888309196
"895","nmf27","Epilepsy",0.150191598647176,0.23020600656007,0.0192064664923701,1.53274889297144,0.12787976601467,0.000308640885661601,2.81381645194967e-08,1.85341053263748e-08,1.51818304816985,0.128968259735398,0.329280663154207
"896","nmf27","Age of smoking",0.150191598647176,0.162383388074058,0.0138866036565161,1.08117490949359,0.092459257252717,0.380826021486328,-5.42065247623973e-10,9.58878616405298e-10,-0.565311644612641,0.57186180969259,0.769469761051598
"897","nmf27","Cigarettes per day",0.150191598647176,0.19360020969967,0.0123680619152476,1.28902156607619,0.082348560283336,0.000594808552139084,1.39103441909689e-09,1.39498789288913e-09,0.997165944011133,0.318683968500432,0.564940342881515
"898","nmf27","Drinks per week",0.150191598647176,0.181839232909706,0.0108698869600189,1.21071507692568,0.0723734686755286,0.00364054666258932,-6.52545979033465e-11,7.01259793137441e-10,-0.0930533855525881,0.9258611496273,0.967027871738351
"899","nmf27","Smoking cessation",0.150191598647176,0.162035271389923,0.00885814060232433,1.07885709220374,0.0589789354538633,0.174621821529997,-1.09279100220575e-09,9.39658612883592e-10,-1.16296598277562,0.244843304386731,0.482377853418634
"900","nmf27","Smoking initiation",0.150191598647176,0.165592657838048,0.0108238252297711,1.10254274759437,0.0720667822119533,0.158456871032105,2.35278530869514e-10,9.65700277338437e-10,0.243635148907655,0.807513403519754,0.90255520122445
"901","nmf27","Height",0.150191598647176,0.226501299183621,0.0126597560961505,1.50808235096897,0.0842907074042825,7.23310313995888e-09,-3.24467560623401e-09,9.06883760659848e-09,-0.357782964806116,0.72050573995443,0.860860694144459
"903","nmf27","Intelligence",0.150191598647176,0.170691247414657,0.00753979545059048,1.13648998314239,0.0502011798163403,0.00670521966516501,-1.47500474047844e-09,1.94504631968147e-09,-0.758339133394,0.448247985647492,0.681667443611394
"904","nmf27","Depression",0.150191598647176,0.159139649835451,0.0101162439596936,1.05957757470373,0.0673555914632634,0.377997461507937,1.77721743176105e-10,9.42665121029769e-10,0.188531154077242,0.850460295949631,0.922553353701916
"912","nmf27","Type 2 Diabetes",0.150191598647176,0.212991910807256,0.0351531070570286,1.41813465417335,0.234055082798665,0.0685869260127994,4.42136786205545e-10,4.57506209917967e-09,0.0966406087219718,0.923011806311131,0.966197925718234
"913","nmf27","Parkinson Disease",0.150191598647176,0.276966234607061,0.0382482553833049,1.84408606807428,0.254663081875546,8.11293565975455e-05,5.58563740855142e-09,2.64205669335499e-09,2.11412473570298,0.0345046150183589,0.138860036049493
"916","nmf27","Schizophrenia",0.150191598647176,0.198241568541796,0.00937240215198853,1.31992448530691,0.0624029721795945,1.06988052498267e-06,8.8645892206331e-09,5.05103489404979e-09,1.75500454987467,0.0792585295086645,0.249692742127535
"919","nmf27","Education Years",0.150191598647176,0.174528530204445,0.00717593915665836,1.16203923372865,0.0477785656541002,0.000660430429740075,7.63980667093891e-10,1.34657084994768e-09,0.567352744286402,0.570474548871488,0.769469761051598
"920","nmf27","Neuroticism",0.150191598647176,0.159207964440191,0.00962154320517091,1.06003242441141,0.0640617936811064,0.350866741351822,-7.57546680368805e-10,1.56925493734752e-09,-0.482742900684622,0.629278298008892,0.815413508604832
"921","nmf50","ADHD",0.147927273874091,0.178230240597203,0.0116589935775114,1.20485043717432,0.0788157131012573,0.00965276538796814,1.95468472529202e-09,2.89696270506479e-09,0.674735895589759,0.499843574507849,0.72266540892701
"925","nmf50","Alzheimer Disease",0.147927273874091,0.243292263958321,0.0454482350482087,1.64467482964231,0.307233641626441,0.0285400040779361,-6.98106301919162e-10,1.1324263442223e-09,-0.616469499743573,0.537584695990854,0.746541894097524
"926","nmf50","Anorexia",0.147927273874091,0.176302214789764,0.0167124886654283,1.1918168311533,0.112977737152469,0.100460074785644,3.3654111913473e-09,5.64170830458872e-09,0.596523430431527,0.550825606053081,0.757644082686673
"928","nmf50","Autism",0.147927273874091,0.17010047702546,0.0215619392670681,1.14989259634597,0.145760404436444,0.322651354130312,1.0395120986713e-09,5.57041519673611e-09,0.186613037261635,0.851964044062603,0.922553353701916
"929","nmf50","BMI",0.147927273874091,0.185794239891366,0.0075543871889888,1.25598366701131,0.0510682512504001,7.8678789324089e-07,-2.54498177879575e-10,1.96625111969516e-09,-0.129433201756564,0.897014877431754,0.948888169502517
"930","nmf50","Bipolar",0.147927273874091,0.188944729503994,0.0104087017937456,1.27728122445369,0.0703636423571562,0.000140191780718146,-1.04191092640653e-09,2.79250028240107e-09,-0.373110410399195,0.709066270869754,0.856250833233096
"935","nmf50","Epilepsy",0.147927273874091,0.203273623631582,0.0203532488012756,1.37414567515521,0.137589561872136,0.00435046739985353,-4.64907229699583e-10,1.5621164646972e-08,-0.0297613680033582,0.976257368975955,0.993390623492243
"936","nmf50","Age of smoking",0.147927273874091,0.171986728862915,0.014716673169333,1.16264380704604,0.0994858675071588,0.108761371131766,-5.86780909733749e-10,9.99164158094762e-10,-0.587271776093972,0.55702119344011,0.760359850404287
"937","nmf50","Cigarettes per day",0.147927273874091,0.184961099786427,0.0120955154712704,1.2503515744085,0.0817666354181961,0.00208937935158532,-5.77396560801055e-10,1.62189843489429e-09,-0.356000442677959,0.721840233662554,0.860860694144459
"938","nmf50","Drinks per week",0.147927273874091,0.178102798717127,0.0133169916659922,1.20398892004676,0.0900239105151567,0.0245773813567174,-6.51031307833427e-10,8.30991829167403e-10,-0.783438879881305,0.433369432163437,0.667107775261377
"939","nmf50","Smoking cessation",0.147927273874091,0.204885110752568,0.0107360488239087,1.3850394547726,0.0725765340139155,1.06482978017798e-06,2.25219109382007e-09,1.07944104188298e-09,2.08644196990263,0.0369386065782379,0.14468534327381
"940","nmf50","Smoking initiation",0.147927273874091,0.165587517140604,0.0107200558030663,1.1193846327591,0.0724684199358039,0.103789644873931,-2.65245537704314e-10,9.42108245496328e-10,-0.281544651553894,0.7782926854862,0.889181319814234
"941","nmf50","Height",0.147927273874091,0.245651268246882,0.0145787935462216,1.66062188407508,0.0985537904161637,2.30741013116132e-09,1.07353386262374e-08,1.04184723486052e-08,1.03041389054266,0.302815755376092,0.549061534473133
"943","nmf50","Intelligence",0.147927273874091,0.173012740616685,0.00857834221564501,1.16957972715665,0.057990267724034,0.00389159671844259,-1.99034634001239e-09,2.21433767158898e-09,-0.898844998009782,0.368735228122916,0.612844120627702
"944","nmf50","Depression",0.147927273874091,0.178262814890868,0.0112254591133794,1.20507064196017,0.0758849860434395,0.00872222601034293,1.42347994800996e-09,1.06966777721235e-09,1.33076827996042,0.183265268164323,0.410017210130349
"952","nmf50","Type 2 Diabetes",0.147927273874091,0.219352843562133,0.029987914537049,1.48284246587845,0.202720659630174,0.0150452848237287,6.3522549132915e-10,3.78688008815165e-09,0.167743756480866,0.866784871189107,0.93034884345691
"953","nmf50","Parkinson Disease",0.147927273874091,0.240513119164069,0.0339098685830538,1.62588759236369,0.22923337728725,0.00229174403270356,2.23353085637443e-09,2.74161570453929e-09,0.814676853753198,0.415257305825435,0.647506065727167
"956","nmf50","Schizophrenia",0.147927273874091,0.189472163760858,0.0106078543587569,1.28084672149186,0.0717099293520805,0.00013936821798017,2.36481749299176e-09,5.83332798687981e-09,0.40539765607397,0.685185233620938,0.839781344827891
"959","nmf50","Education Years",0.147927273874091,0.182469175629588,0.00920281932944102,1.2335059712173,0.0622117821036442,0.000245984944618616,1.25804480061265e-09,1.74799750120741e-09,0.719706292339475,0.471705851224963,0.700395639614118
"960","nmf50","Neuroticism",0.147927273874091,0.186068518152635,0.0101882022642199,1.25783780961858,0.0688730482040229,0.000248249259130453,2.44981140294896e-09,1.62064461769824e-09,1.51162776601101,0.130628584012295,0.331157822465421
"961","nmf7","ADHD",0.193190283969946,0.209041011909087,0.0118910339865534,1.0820472314312,0.0615508903563867,0.184265063313685,-1.95502414883395e-09,2.29889174821079e-09,-0.850420273314535,0.395091468723642,0.630617580066756
"965","nmf7","Alzheimer Disease",0.193190283969946,0.214705947247325,0.0231459061371596,1.11137031757107,0.119808851985332,0.344891480882104,-1.86142735751401e-10,6.90905552573618e-10,-0.269418497301145,0.787607653451346,0.895471233898171
"966","nmf7","Anorexia",0.193190283969946,0.214526653782509,0.0170975053748084,1.11044225089437,0.0885008553404692,0.215816739374444,2.05635174906167e-09,5.03020002114784e-09,0.408801188902312,0.682685567343074,0.838380317757079
"968","nmf7","Autism",0.193190283969946,0.236938606704565,0.0219241419742923,1.22645198213707,0.113484702873064,0.0467358242314643,5.12473268362727e-09,4.75474546587661e-09,1.07781430581425,0.281116633988291,0.524198041209666
"969","nmf7","BMI",0.193190283969946,0.236501453543963,0.00898609029061797,1.22418917082163,0.0465141937056002,1.69358292688519e-06,2.88779707061949e-09,2.15792097180871e-09,1.33823115320068,0.180821096676738,0.407281728381618
"970","nmf7","Bipolar",0.193190283969946,0.266669024032294,0.0120246996111154,1.38034386902076,0.0622427762101434,5.46522448744086e-09,8.46670252427428e-09,2.65991451734579e-09,3.18307316609664,0.00145720786571979,0.0164290801712615
"975","nmf7","Epilepsy",0.193190283969946,0.242264306116156,0.0185561560996374,1.2540191004318,0.0960511870385995,0.00397873372542227,1.09525873743623e-08,1.1788961626301e-08,0.929054459718256,0.352860863700456,0.598684241753987
"976","nmf7","Age of smoking",0.193190283969946,0.216090638223175,0.0149515389489039,1.11853781558078,0.0773928100402286,0.123361604281186,-3.85774746376162e-10,8.31663769787927e-10,-0.463859026195807,0.642748750370472,0.81850402638403
"977","nmf7","Cigarettes per day",0.193190283969946,0.224531917324299,0.0141934186387306,1.16223193377172,0.07346859452279,0.0239599824609888,4.54262441537099e-10,1.42094678742474e-09,0.319689974006968,0.749203360838402,0.876727337151321
"978","nmf7","Drinks per week",0.193190283969946,0.242272613485081,0.0134833890873525,1.25406210139828,0.0697933084950072,0.000254763083703772,1.14405004974051e-09,6.84695103128141e-10,1.67088977928092,0.0947434506903122,0.274860120683983
"979","nmf7","Smoking cessation",0.193190283969946,0.240115062145398,0.0103804357975365,1.2428940897605,0.0537316659214153,9.93920064906616e-06,1.62327060478037e-09,9.29361540378981e-10,1.74665136682805,0.0806978311888297,0.250648470695637
"980","nmf7","Smoking initiation",0.193190283969946,0.230845154625481,0.00961809138204913,1.19491078889554,0.0497855854052442,8.51467168145386e-05,7.82893759228539e-10,7.17148455579554e-10,1.09167600255913,0.274975536663848,0.517282161079224
"981","nmf7","Height",0.193190283969946,0.188100381768656,0.00954794089934395,0.973653425541412,0.0494224694075675,0.594503607863852,-2.07902485716227e-08,6.15530191111514e-09,-3.37761638207868,0.000731170051153307,0.0105657187356938
"983","nmf7","Intelligence",0.193190283969946,0.243516258129941,0.00850626275999741,1.26049950921872,0.0440304894490486,1.64222929128719e-08,4.18567027309575e-09,1.71817768558286e-09,2.43611025112099,0.0148461587600678,0.0765505061065997
"984","nmf7","Depression",0.193190283969946,0.23713702841343,0.0117179586686661,1.22747906126749,0.0606550103238577,0.000286003879898894,1.11684868410817e-09,8.56962330202118e-10,1.30326461822978,0.192484436058592,0.42135896450637
"992","nmf7","Type 2 Diabetes",0.193190283969946,0.233293793325205,0.0320833167757227,1.20758553966149,0.166071067946221,0.213225493747092,2.86510228921836e-09,3.61402702455017e-09,0.792772790506449,0.427910212064617,0.662182274238329
"993","nmf7","Parkinson Disease",0.193190283969946,0.294637779514218,0.0451757535660076,1.52511696478511,0.233840712056903,0.0286916460595306,4.38118830190993e-09,3.38139263185487e-09,1.29567571084066,0.19508723289344,0.424242417494796
"996","nmf7","Schizophrenia",0.193190283969946,0.254363989573395,0.0111052448688936,1.31665001130681,0.0574834543471202,1.5323826993256e-07,1.12263254030377e-08,4.74354180966084e-09,2.3666546756632,0.0179496720731014,0.0871911894907691
"999","nmf7","Education Years",0.193190283969946,0.241860519223968,0.00788577045425645,1.2519290010547,0.0408186700294059,1.01170123388168e-08,2.85830948017614e-09,1.2495441209412e-09,2.28748183619411,0.0221677144436199,0.102671519528345
"1000","nmf7","Neuroticism",0.193190283969946,0.242599035405795,0.00958894074157915,1.2557517408253,0.049634694584697,4.39376794479013e-07,2.86384726965049e-09,1.23412506620521e-09,2.32054866080671,0.0203112157567087,0.096096074547869
"1001","nmf57","ADHD",0.180140137178022,0.199668276508595,0.0108255879085562,1.10840526512575,0.0600953684067529,0.0736860863931718,-3.02823679705552e-10,2.34226103836735e-09,-0.12928690472375,0.897130632984198,0.948888169502517
"1005","nmf57","Alzheimer Disease",0.180140137178022,0.229512719163137,0.0219113113466586,1.27407874091005,0.121634809931365,0.019106110369322,4.8565426780384e-10,6.34381757583627e-10,0.765555222857775,0.443940996153218,0.677459092395662
"1006","nmf57","Anorexia",0.180140137178022,0.183666377181238,0.0172085197064203,1.01957498233573,0.095528514499876,0.83779771469882,-2.13351799058684e-09,5.08152834305589e-09,-0.419857540202916,0.674589527302088,0.837684079058096
"1008","nmf57","Autism",0.180140137178022,0.227303693617866,0.02257203805409,1.26181592386174,0.125302658295322,0.0270041076222773,6.17725071081714e-09,5.14039209033389e-09,1.2017080802908,0.229476649408999,0.471087367371506
"1009","nmf57","BMI",0.180140137178022,0.212860486903743,0.00859639820207101,1.18163830803229,0.0477206153872065,0.000135779588516142,1.15906563559866e-09,2.06155013476981e-09,0.562230147135413,0.573959223863214,0.770728561037073
"1010","nmf57","Bipolar",0.180140137178022,0.250077712101788,0.0114574375070626,1.38823982272563,0.0636029131905226,3.29595058980925e-09,8.64004426143642e-09,2.65775792290818e-09,3.25087705955638,0.00115049596108044,0.0145617764195238
"1015","nmf57","Epilepsy",0.180140137178022,0.237792715364712,0.0185172484388461,1.32004293484975,0.10279357354184,0.00144469573358014,1.88476024071872e-08,1.24937127370741e-08,1.5085669731511,0.131409479545258,0.331157822465421
"1016","nmf57","Age of smoking",0.180140137178022,0.238614839851619,0.014157639060752,1.32460674000603,0.0785923630487792,6.28955028912593e-05,1.9634671179768e-09,8.19055950722361e-10,2.39723197938448,0.0165194614517841,0.0831757177689712
"1017","nmf57","Cigarettes per day",0.180140137178022,0.229547828584125,0.0172866207239461,1.27427364151097,0.0959620715002716,0.00765824144072864,2.41957931765725e-09,1.78262503221356e-09,1.35731254410399,0.174681923215826,0.399618957790105
"1018","nmf57","Drinks per week",0.180140137178022,0.23193023641531,0.0130934570016345,1.28749894414762,0.0726848397406017,6.63014507219994e-05,1.36350710032084e-09,6.73078753546741e-10,2.0257764684087,0.0427876963929266,0.158206608511661
"1019","nmf57","Smoking cessation",0.180140137178022,0.202893179759662,0.0108116026901235,1.12630745672828,0.0600177331909049,0.0364288409926168,-6.59109257352197e-10,9.73122879473507e-10,-0.677313493758156,0.498207071216796,0.72266540892701
"1020","nmf57","Smoking initiation",0.180140137178022,0.214029295815104,0.00865691808338631,1.18812663944844,0.0480565753918084,0.000121322183800613,1.14367394274416e-09,6.81127998305048e-10,1.67908813848517,0.0931348675813474,0.274415234837899
"1021","nmf57","Height",0.180140137178022,0.190330435701572,0.0114897135695872,1.05656872856425,0.0637820851564723,0.37162159597311,-1.31093071637465e-08,7.63430635225549e-09,-1.71715759872191,0.0859503804686184,0.259557233906401
"1023","nmf57","Intelligence",0.180140137178022,0.221490012432984,0.00878586314930634,1.22954282095444,0.0487723795870311,4.01480341661797e-06,3.55187897562211e-09,2.02775526378057e-09,1.75163099761849,0.0798372789112698,0.250648470695637
"1024","nmf57","Depression",0.180140137178022,0.243888969716785,0.0112577279554613,1.35388466744512,0.0624942787977113,5.72657888306583e-08,3.30069829283285e-09,9.54028828392805e-10,3.45974691183424,0.000540683315923986,0.00859881900023689
"1032","nmf57","Type 2 Diabetes",0.180140137178022,0.202818157460852,0.0310667879483151,1.12589099041497,0.172459000170593,0.459161445444239,9.26437987874981e-10,3.60306643288338e-09,0.257124869921866,0.797082379389329,0.899916090930038
"1033","nmf57","Parkinson Disease",0.180140137178022,0.229765113403505,0.0299356888973091,1.27547984032255,0.166180005002025,0.0923314149776467,5.34950830597115e-10,2.11013354803839e-09,0.253515153623529,0.799870152662394,0.899916090930038
"1036","nmf57","Schizophrenia",0.180140137178022,0.234120280780657,0.00913159203137686,1.29965639223029,0.050691601407812,2.8370898484708e-08,1.08552395844242e-08,4.27114000470558e-09,2.54153213719635,0.0110367799433881,0.060956274164319
"1039","nmf57","Education Years",0.180140137178022,0.219598371367009,0.0082039645189568,1.21904187932306,0.0455421243009785,3.25476860732765e-06,2.35170416422460e-09,1.34642232314224e-09,1.74663188793265,0.0807012121557921,0.250648470695637
"1040","nmf57","Neuroticism",0.180140137178022,0.230147600244715,0.00998407045187424,1.2776031141648,0.0554239083431338,1.52797749185431e-06,3.61763992789198e-09,1.37025248413074e-09,2.64012652397191,0.0082875080763579,0.0498861814336327
"1041","nmf20","ADHD",0.158488978401683,0.19171870760991,0.0113420017588849,1.20966586789403,0.0715633470116711,0.00335977065035216,2.44611735987519e-09,2.70281717824600e-09,0.905025089955441,0.365452095324411,0.611402745029433
"1045","nmf20","Alzheimer Disease",0.158488978401683,0.225451476132185,0.042710829400111,1.42250570611155,0.269487694544048,0.107805572798077,-9.85938297821094e-10,1.14654202261916e-09,-0.859923385598043,0.389831276549275,0.626768922101148
"1046","nmf20","Anorexia",0.158488978401683,0.18298754981133,0.0162620518265736,1.15457586803012,0.102606831027443,0.142488865668361,1.54281544487011e-09,5.22442662631806e-09,0.295308089331406,0.767758537544373,0.885893114711108
"1048","nmf20","Autism",0.158488978401683,0.185574168264576,0.0218156136327973,1.17089636223313,0.137647512481951,0.231194370696717,2.00684451879759e-09,5.43185006565787e-09,0.369458746935155,0.711785816602952,0.857260290069249
"1049","nmf20","BMI",0.158488978401683,0.192368247720473,0.00723414542687495,1.21376419774077,0.0456444700434647,3.43089561773915e-06,-9.92120553310026e-10,1.86182104290435e-09,-0.532876431433155,0.594119121091599,0.786597030933712
"1050","nmf20","Bipolar",0.158488978401683,0.190657652869692,0.0105961250168636,1.20297105068391,0.0668571728061002,0.00309376026990533,-2.83455507028719e-09,2.69132397425054e-09,-1.05321956680319,0.292240372680132,0.539520688024859
"1055","nmf20","Epilepsy",0.158488978401683,0.203342853291128,0.0199290717704633,1.28300942653416,0.125744212445827,0.017852951130107,-4.73017058892209e-09,1.46380720459979e-08,-0.323141638738917,0.746587977215719,0.876727337151321
"1056","nmf20","Age of smoking",0.158488978401683,0.176318277689134,0.0152139856373223,1.11249551525446,0.0959939662098342,0.246322695394464,-8.54298737280291e-10,9.85012927312376e-10,-0.867296980163762,0.385779310878208,0.626357552717385
"1057","nmf20","Cigarettes per day",0.158488978401683,0.182296264436131,0.0136890920750846,1.15021414280373,0.0863725175916662,0.0696890620967619,-1.51601900292797e-09,1.61668510356201e-09,-0.937733018995321,0.34838163064014,0.596039915919392
"1058","nmf20","Drinks per week",0.158488978401683,0.184289346799913,0.0128324425055255,1.16278966940427,0.0809674125919481,0.0462651427061501,-7.67607192516221e-10,7.75607691479668e-10,-0.989684863815386,0.322328175534992,0.565788818758231
"1059","nmf20","Smoking cessation",0.158488978401683,0.209791583497486,0.0106306203901419,1.32369825090158,0.0670748243653828,5.65431517134159e-06,1.83723201609241e-09,1.01832748582015e-09,1.80416618590308,0.0712052585139267,0.229606510898963
"1060","nmf20","Smoking initiation",0.158488978401683,0.182811110375567,0.0115564891123775,1.15346260805745,0.0729166736319548,0.0386744798852139,7.11588980256353e-11,9.47068415537834e-10,0.0751359636306999,0.940106533844911,0.977118602106522
"1061","nmf20","Height",0.158488978401683,0.258871535013394,0.0151125966448152,1.63337247563862,0.0953542435393394,3.37410407210389e-09,1.57399837628277e-08,1.05055041722749e-08,1.49826067409189,0.134065537176519,0.334640574845091
"1063","nmf20","Intelligence",0.158488978401683,0.181724911509533,0.00886356199468148,1.1466091417976,0.0559254156602434,0.00989771182853518,-2.41745913341379e-09,2.1790941203601e-09,-1.10938720398837,0.267263180102308,0.508339189819951
"1064","nmf20","Depression",0.158488978401683,0.186276880488761,0.0114212828317284,1.17533018615749,0.0720635778393479,0.0172677097467061,8.93003198451096e-10,1.02481856919762e-09,0.87137687127417,0.383548410118187,0.624338072547832
"1072","nmf20","Type 2 Diabetes",0.158488978401683,0.230692072435933,0.0308245568895431,1.45557170449578,0.194490223865408,0.0141516289425617,6.69046007860981e-10,3.71794454437938e-09,0.179950507565374,0.857191423048789,0.926693430323015
"1073","nmf20","Parkinson Disease",0.158488978401683,0.244991944556303,0.0325616871378556,1.54579799192964,0.205450798321946,0.0031766865760936,1.78242972668915e-09,2.46150041445986e-09,0.724123268969784,0.468990060308463,0.698469011450309
"1076","nmf20","Schizophrenia",0.158488978401683,0.192993578734908,0.00991963272540366,1.21770977818896,0.062588785828771,0.000659191079724805,-1.98821897808861e-09,5.10467899914534e-09,-0.38948952097115,0.696914060947674,0.845520735708575
"1079","nmf20","Education Years",0.158488978401683,0.191353935347684,0.00930893030046189,1.20736430556518,0.0587355057388837,0.000531437652487768,6.8017554707822e-10,1.69370898105971e-09,0.401589384412812,0.687986243672923,0.841765376545111
"1080","nmf20","Neuroticism",0.158488978401683,0.191222573216959,0.010061883273168,1.20653546477102,0.0634863280376922,0.00132927687962484,1.28588190151324e-09,1.49081240067893e-09,0.862537701542887,0.388391695657942,0.626744545560493
"1081","nmf18","ADHD",0.191343327698523,0.217662969831408,0.0134536910533441,1.13755192015033,0.0703117857056479,0.0521930897072938,-3.39021273767365e-10,2.60704855579168e-09,-0.130040260667264,0.896534573708238,0.948888169502517
"1085","nmf18","Alzheimer Disease",0.191343327698523,0.228164328276125,0.0250199598167874,1.19243420202045,0.130759510236011,0.128296621695837,1.53218940364184e-10,7.20052264864112e-10,0.212788637493001,0.83149182675841,0.914677644327898
"1086","nmf18","Anorexia",0.191343327698523,0.223752208935203,0.0180644494161806,1.16937554931491,0.0944085672255193,0.0764969791505854,5.11755093913363e-09,5.22304217833919e-09,0.979802721172146,0.327183508642816,0.571128463399872
"1088","nmf18","Autism",0.191343327698523,0.225959987109258,0.0226747020075469,1.18091385692464,0.118502705478566,0.129167939450166,2.16724193751923e-09,5.0008581175397e-09,0.433374010335942,0.664743078501092,0.833717190568478
"1089","nmf18","BMI",0.191343327698523,0.240660067849969,0.00971090319388831,1.25773953419034,0.0507511984383831,5.09007051132857e-07,3.65993844253843e-09,2.3428948449759e-09,1.56214370883388,0.11825413802374,0.31598271698651
"1090","nmf18","Bipolar",0.191343327698523,0.283529735572013,0.0119208443834229,1.48178532788317,0.0623008104165783,1.07302666923267e-12,1.25099892050437e-08,2.64685279416111e-09,4.72636379047615,2.28575992814174e-06,0.000361306728158434
"1095","nmf18","Epilepsy",0.191343327698523,0.249224301170391,0.0197962887530119,1.30249799754222,0.103459519551173,0.0013569518294951,1.58042535533972e-08,1.25263423194463e-08,1.26168143503967,0.207063439823,0.439427235637234
"1096","nmf18","Age of smoking",0.191343327698523,0.225959840787042,0.0151198519763918,1.18091309221433,0.079019488990044,0.0221065402059682,2.04041256421898e-10,8.54853083381407e-10,0.238685758276504,0.811349260865426,0.903019413442127
"1097","nmf18","Cigarettes per day",0.191343327698523,0.231487575404902,0.0141104784936452,1.20980218223041,0.0737442933775952,0.00369514089130789,9.7517681643281e-10,1.40788303740633e-09,0.69265470960523,0.488526267900202,0.714124776996973
"1098","nmf18","Drinks per week",0.191343327698523,0.253375774189363,0.011589660601665,1.32419445839563,0.0605699751387488,3.10178549345028e-07,1.67160554658478e-09,6.1767356595513e-10,2.70629283608717,0.0068039019081217,0.0441379020883582
"1099","nmf18","Smoking cessation",0.191343327698523,0.245813336743258,0.0107184702648294,1.28467158849958,0.0560169533672853,1.08446089678907e-06,2.01037541462227e-09,9.2117827257833e-10,2.18239560622216,0.0290803483273099,0.12224859806385
"1100","nmf18","Smoking initiation",0.191343327698523,0.226576046607248,0.0102261082610951,1.18413351190503,0.053443767201578,0.000584570238753349,4.10252642433202e-10,7.68733523426014e-10,0.533673412088015,0.593567507402121,0.786597030933712
"1101","nmf18","Height",0.191343327698523,0.185662058593555,0.00974764599452336,0.970308506843157,0.0509432239512504,0.560805054470631,-2.26621454702971e-08,6.32390436412444e-09,-3.58356865718267,0.000338931622093552,0.0058779449964081
"1103","nmf18","Intelligence",0.191343327698523,0.24716657572179,0.00921641730604878,1.29174389666318,0.0481669124129063,7.25392093799279e-09,5.04814568120356e-09,1.87666127412275e-09,2.68996102323439,0.00714603648768807,0.0451328620275036
"1104","nmf18","Depression",0.191343327698523,0.244915179406712,0.0120755758174072,1.27997763158272,0.0631094690504875,2.00075033995585e-05,1.76576543921411e-09,9.04412410819746e-10,1.9523896599491,0.050891959731708,0.181071123573732
"1112","nmf18","Type 2 Diabetes",0.191343327698523,0.251348178891837,0.0325461048549848,1.31359782394846,0.170092708465193,0.0633718851356529,4.85251070580983e-09,3.69710909983331e-09,1.31251487980937,0.189346468823386,0.417257660846193
"1113","nmf18","Parkinson Disease",0.191343327698523,0.293811985185102,0.0449536425777755,1.53552250145888,0.234937079429306,0.0273716212281775,4.33760835206367e-09,3.39899385521549e-09,1.27614480544234,0.201904335487024,0.43195092843253
"1116","nmf18","Schizophrenia",0.191343327698523,0.267819676284562,0.0116658573780902,1.39968129281484,0.0609681953293436,3.24711427267553e-10,1.76588674823181e-08,4.93189567587517e-09,3.58054359679548,0.000342880124790472,0.0058779449964081
"1119","nmf18","Education Years",0.191343327698523,0.245429847235266,0.00832275152500705,1.28266739262505,0.0434964292986491,1.40881922418545e-09,3.49590162370407e-09,1.31949393184947e-09,2.64942607110291,0.0080628610498489,0.0488209935128465
"1120","nmf18","Neuroticism",0.191343327698523,0.242420014566042,0.00987721000047352,1.26693738152184,0.0516203523753693,8.27107172567196e-07,2.77723302014875e-09,1.26406269018648e-09,2.19706905496835,0.0280155147675587,0.120066491860966
"1121","nmf12","ADHD",0.194160565084743,0.215747147919445,0.0123592082460969,1.11117902765312,0.0636545749684164,0.0812395428612095,-1.16393089781747e-09,2.42596946488057e-09,-0.47977969824726,0.631384050192247,0.815413508604832
"1125","nmf12","Alzheimer Disease",0.194160565084743,0.230315284513457,0.0248487573777297,1.18621041514241,0.127980454562873,0.13408920730679,3.14414810849682e-10,7.2712329739492e-10,0.432409210344577,0.665444025207964,0.833717190568478
"1126","nmf12","Anorexia",0.194160565084743,0.223126161924573,0.0179877114682516,1.14918372753596,0.0926434853565693,0.111124944445437,4.02629301727979e-09,5.26552774797453e-09,0.764651372092487,0.444479169852653,0.677497118020211
"1128","nmf12","Autism",0.194160565084743,0.238113528678983,0.0229281766477562,1.22637430816632,0.118088740819996,0.0638549655318353,4.60230767687264e-09,5.12414101618396e-09,0.898161791866544,0.369099299923502,0.612844120627702
"1129","nmf12","BMI",0.194160565084743,0.240868813844156,0.00958955413008826,1.24056506396666,0.0493898136622276,1.28990663755739e-06,3.37484778201871e-09,2.30283518559237e-09,1.46551859339885,0.142779483298439,0.350313973892081
"1130","nmf12","Bipolar",0.194160565084743,0.284451334409622,0.0118091158853531,1.46503145108519,0.0608213922337884,1.09707729351764e-12,1.24084254744353e-08,2.61281474892587e-09,4.74906438718488,2.04359877048104e-06,0.000361306728158434
"1135","nmf12","Epilepsy",0.194160565084743,0.248487838209926,0.019427544935443,1.27980590755631,0.100059169723593,0.00201792523744331,1.43842033233529e-08,1.21772553247631e-08,1.18123525702067,0.237509278788518,0.476813575204225
"1136","nmf12","Age of smoking",0.194160565084743,0.222309550721852,0.015086246993708,1.14497787243678,0.0776998510852267,0.0609232094577742,-1.46854068901048e-10,8.3524924239723e-10,-0.175820655017376,0.860434842056927,0.926771889705493
"1137","nmf12","Cigarettes per day",0.194160565084743,0.231099129970681,0.0143431316715649,1.19024751431794,0.0738725274378181,0.00787566017770693,8.94777048525143e-10,1.3886065008282e-09,0.644370487961473,0.519335217089496,0.735539148667526
"1138","nmf12","Drinks per week",0.194160565084743,0.25591290732707,0.0135907357419673,1.31804780860302,0.0699974051684263,7.55973676078502e-06,1.76521416259893e-09,6.88455627335713e-10,2.5640202396634,0.0103467510849197,0.0581179209876343
"1139","nmf12","Smoking cessation",0.194160565084743,0.247937466963638,0.010678049035098,1.27697128845615,0.0549959721761085,1.00179000320947e-06,2.07453824596899e-09,9.28906239732821e-10,2.23331285465978,0.0255283204078392,0.112324609794493
"1140","nmf12","Smoking initiation",0.194160565084743,0.237875889923826,0.00979829015426495,1.22515037912051,0.0504648827633378,7.86492132890828e-06,1.1093805126472e-09,7.25499406201099e-10,1.52912669971186,0.126233037538105,0.325584494037298
"1141","nmf12","Height",0.194160565084743,0.189624095909777,0.00961841244954268,0.976635476040225,0.0495384448708452,0.637810542409321,-1.96233211055049e-08,6.35844288834341e-09,-3.08618343360121,0.00202743705021266,0.0198600175773214
"1143","nmf12","Intelligence",0.194160565084743,0.254256058721445,0.00874981709039657,1.30951441457988,0.045064851797159,1.02639495421009e-10,6.044264948271e-09,1.77506310711304e-09,3.40509862666313,0.0006614016188475,0.00992102428271249
"1144","nmf12","Depression",0.194160565084743,0.248228195651348,0.0120894177842029,1.27846865063978,0.0622650525297265,2.10838626526232e-05,1.78395133090542e-09,8.99008860339017e-10,1.98435344700906,0.047216451837196,0.171224495673348
"1152","nmf12","Type 2 Diabetes",0.194160565084743,0.232605023923371,0.0326718317298538,1.19800343505309,0.168272232394843,0.241874442260724,2.69196944977257e-09,3.72140846122727e-09,0.723373818762373,0.46945025173141,0.698469011450309
"1153","nmf12","Parkinson Disease",0.194160565084743,0.300207044215817,0.0458470494977243,1.54617928766735,0.236129563579062,0.0235459096436918,4.69940741507747e-09,3.38747746532392e-09,1.38728817038141,0.165353908846101,0.384527774895622
"1156","nmf12","Schizophrenia",0.194160565084743,0.273717059682572,0.0115118384015058,1.40974589542993,0.0592903012848226,6.54317461534722e-11,1.93755310063902e-08,4.84766481680973e-09,3.99687926838584,6.41830139635818e-05,0.0018025867751474
"1159","nmf12","Education Years",0.194160565084743,0.248093206076681,0.00809137650967945,1.27777340351476,0.0416736349430582,8.40028292972973e-10,3.47798372885104e-09,1.27914564961149e-09,2.7189896083432,0.00654816652684376,0.0434081879047283
"1160","nmf12","Neuroticism",0.194160565084743,0.251366551474649,0.0102357015184775,1.29463236453261,0.0527177159481899,1.0435711530056e-07,3.65100365606131e-09,1.30239262508846e-09,2.80330492182673,0.00505818219148118,0.0368884005124594
"1161","nmf65","ADHD",0.136284571506984,0.127385722930713,0.0110496818512173,0.934703917854601,0.0810780099980069,0.419686446229019,-2.417470644886e-09,2.85206936412739e-09,-0.847619863419991,0.396649708468144,0.63179763051417
"1165","nmf65","Alzheimer Disease",0.136284571506984,0.301663462592915,0.043216235528462,2.21348212242393,0.317102919652555,3.21202090062768e-05,5.29599183792873e-10,1.08744274658706e-09,0.487013394916671,0.626248838502823,0.815413508604832
"1166","nmf65","Anorexia",0.136284571506984,0.1584956033788,0.0180699164769866,1.16297539498576,0.132589597466362,0.226204573412906,1.0242685779959e-08,6.69934853356704e-09,1.52890773313825,0.126287318899316,0.325584494037298
"1168","nmf65","Autism",0.136284571506984,0.109218551233328,0.0231766967394583,0.801400701676134,0.170061045672148,0.194562450941502,-7.3983160029927e-09,5.64502418364141e-09,-1.31059066574632,0.189996094493575,0.417295914694707
"1169","nmf65","BMI",0.136284571506984,0.154555885347346,0.00858959272855577,1.1340673682892,0.0630268902310458,0.0357421331090772,-1.57261315026501e-09,2.92402946595088e-09,-0.537823974955604,0.590698578486254,0.784616931180264
"1170","nmf65","Bipolar",0.136284571506984,0.142907930564067,0.0100867074919229,1.04859947816429,0.0740121011526682,0.512863184643021,-7.59024031497457e-09,3.19783947908222e-09,-2.37355263283977,0.0176178819130412,0.0867746422582625
"1175","nmf65","Epilepsy",0.136284571506984,0.178395212299469,0.0173212168935652,1.30899052128089,0.127095948587824,0.0102928636724402,-3.68954537592975e-09,1.49169933424318e-08,-0.247338407360868,0.804646337178116,0.901145446253558
"1176","nmf65","Age of smoking",0.136284571506984,0.13217033498894,0.0137368782372686,0.969811428597159,0.100795549234747,0.764391861111625,-1.05657186709607e-09,1.04931488390624e-09,-1.00691592514424,0.313975178399779,0.56025192305356
"1177","nmf65","Cigarettes per day",0.136284571506984,0.13192419389993,0.0122427704451222,0.968005346762009,0.0898324022282659,0.721204983909774,-3.74313808610175e-09,2.03714304426064e-09,-1.83744489452889,0.0661442443927037,0.220080363418573
"1178","nmf65","Drinks per week",0.136284571506984,0.159976326635714,0.0158523335747056,1.17384033179072,0.116317888367087,0.142272329732862,2.76424802280775e-10,1.05127099873239e-09,0.262943430013846,0.792594181425786,0.897276431802777
"1179","nmf65","Smoking cessation",0.136284571506984,0.141606330635907,0.00872424626888522,1.03904887449898,0.0640149223966864,0.540878865123608,-1.83485708325781e-09,1.06713560664008e-09,-1.71942260368851,0.0855374493238176,0.259557233906401
"1180","nmf65","Smoking initiation",0.136284571506984,0.114421378776916,0.00829503478195902,0.839576905233567,0.0608655454556274,0.00861715348838539,-1.31488166302513e-09,8.18567048241357e-10,-1.60632127307113,0.108203338616325,0.296138702902126
"1181","nmf65","Height",0.136284571506984,0.251382506556474,0.0178946779129728,1.84454119623946,0.131303769128818,5.35745770909691e-09,1.7313833750457e-08,1.47284444103962e-08,1.175537162515,0.239779878450942,0.477866062077161
"1183","nmf65","Intelligence",0.136284571506984,0.128553644349274,0.0080119039001496,0.943273643727798,0.0587880477706094,0.335351596049569,-5.83594714984657e-09,2.26937571119217e-09,-2.57160906458313,0.0101227125506924,0.0574831538492126
"1184","nmf65","Depression",0.136284571506984,0.116242386332607,0.0100178681502406,0.852938707934744,0.0735069864436363,0.0449522584678932,-1.17999690473561e-09,1.04629806705579e-09,-1.12778274364593,0.259411682876618,0.500619037130315
"1192","nmf65","Type 2 Diabetes",0.136284571506984,0.215698303131491,0.0348639876223518,1.58270522294916,0.255817567879026,0.0215182107661917,1.72851047497729e-09,4.80921582787164e-09,0.359416282579744,0.719283695674774,0.860860694144459
"1193","nmf65","Parkinson Disease",0.136284571506984,0.207362448360267,0.0299594758234811,1.52154015724106,0.219830282270402,0.0144792703778025,-3.63761727400999e-10,2.96629183925938e-09,-0.122631806684208,0.902398666442057,0.952932991762813
"1196","nmf65","Schizophrenia",0.136284571506984,0.143320059558465,0.00939965519495203,1.05162351081773,0.0689707946469227,0.455441843890849,-6.59750144156235e-09,5.50550691113619e-09,-1.198345864977,0.230782398070707,0.472298861167959
"1199","nmf65","Education Years",0.136284571506984,0.130388285859078,0.00754421107725545,0.956735486763415,0.0553563106508271,0.434729993700654,-2.94371464606532e-09,1.50508135716256e-09,-1.95585084623925,0.0504827271146577,0.180100539976617
"1200","nmf65","Neuroticism",0.136284571506984,0.124650339106858,0.00716090197386044,0.914632799065379,0.0525437464760528,0.106753458966198,-1.87435250819526e-09,1.34740085016359e-09,-1.3910875208129,0.164198888586637,0.384527774895622
"1201","nmf44","ADHD",0.180689862491505,0.220725147733865,0.0121785186406303,1.2215690724998,0.0674001212503156,0.00131133003836045,2.85656831213439e-09,2.47456132111648e-09,1.15437362079415,0.248347025269457,0.487099663232813
"1205","nmf44","Alzheimer Disease",0.180689862491505,0.23667370262317,0.0209902413427396,1.30983387424016,0.116167232922248,0.00601164391345561,5.60283118847215e-10,6.099580129798e-10,0.918560141722032,0.358325688037073,0.604531857713502
"1206","nmf44","Anorexia",0.180689862491505,0.20417463948509,0.016589782641066,1.12997285331759,0.0918135772107632,0.16349557495793,1.78593941831495e-09,5.02033535123976e-09,0.355741059782772,0.722034492596252,0.860860694144459
"1208","nmf44","Autism",0.180689862491505,0.255318611372133,0.0226296544103767,1.41302122792936,0.125240310100079,0.00116632447223125,1.21780766900903e-08,5.05606076643527e-09,2.40860963755314,0.0160134156953351,0.0809873897235339
"1209","nmf44","BMI",0.180689862491505,0.226512918156421,0.00816491785833583,1.25360058961288,0.0451874706513747,2.36033037920612e-08,2.45735518244387e-09,1.96090347302507e-09,1.25317498604505,0.210142031141288,0.442404276086922
"1210","nmf44","Bipolar",0.180689862491505,0.258939454497132,0.0119120449621465,1.43306022223192,0.0659253640347783,6.25664978936639e-10,8.6093044981356e-09,2.77190579733858e-09,3.10591525383068,0.0018969107157226,0.0189954501799639
"1215","nmf44","Epilepsy",0.180689862491505,0.245723843515547,0.0199726342509887,1.35992047438245,0.1105354444106,0.000611546159189254,2.07942481824093e-08,1.3169962576212e-08,1.57891475105393,0.114355612054552,0.307432602672115
"1216","nmf44","Age of smoking",0.180689862491505,0.200250600157727,0.0137152363795255,1.10825586669059,0.0759048470700469,0.156846463854613,-5.7591700440721e-10,7.96923171602944e-10,-0.722675691872281,0.469879153157481,0.698469011450309
"1217","nmf44","Cigarettes per day",0.180689862491505,0.235982325355791,0.0139931157312789,1.30600755405902,0.0774427272140778,0.0003526233552455,2.52461614644726e-09,1.48478420569934e-09,1.7003252976133,0.0890697545528691,0.264816308155019
"1218","nmf44","Drinks per week",0.180689862491505,0.229812958043366,0.0125607705977623,1.27186414818468,0.0695156353796708,9.4517215691332e-05,9.49081005247124e-10,6.81280038296389e-10,1.39308500454585,0.163594087116399,0.384527774895622
"1219","nmf44","Smoking cessation",0.180689862491505,0.228038506696017,0.0107143492371696,1.26204372260639,0.0592969029331866,2.69753240226165e-05,1.34278039425953e-09,9.42750594372663e-10,1.42432198109942,0.154353287304953,0.369775570313136
"1220","nmf44","Smoking initiation",0.180689862491505,0.22489834818694,0.00916892580979271,1.24466500270602,0.0507439968317191,1.85903350383477e-06,1.17896600432686e-09,7.04040214244371e-10,1.67457196403507,0.0940182438458849,0.274860120683983
"1221","nmf44","Height",0.180689862491505,0.2023351953842,0.0109601451110749,1.11979273543203,0.0606572220485815,0.0511256001952795,-1.06078414738195e-08,7.19896020275263e-09,-1.47352411668611,0.140609765848895,0.348141488651464
"1223","nmf44","Intelligence",0.180689862491505,0.247817107838423,0.00876263300440357,1.37150532089244,0.0484954323589433,1.18578454282396e-12,7.86065667341955e-09,1.94921436421701e-09,4.03273073383959,5.51324391482809e-05,0.00161721821501624
"1224","nmf44","Depression",0.180689862491505,0.251487081545434,0.0113031141124571,1.39181622077584,0.0625553307562481,3.32331120203176e-09,3.44095243752273e-09,8.88322261931936e-10,3.87354070136585,0.000107265482591913,0.00244121443140216
"1232","nmf44","Type 2 Diabetes",0.180689862491505,0.20551791580015,0.0308458330465558,1.13740700760017,0.170711475570501,0.416139175661762,1.85941399364473e-10,3.6638752203787e-09,0.0507499268343681,0.959524792016836,0.988068854618975
"1233","nmf44","Parkinson Disease",0.180689862491505,0.294058109727726,0.0511265653904686,1.62741896901687,0.282952041058043,0.0271611590978478,5.36425062843071e-09,3.93428424862432e-09,1.36346290441683,0.172736667823646,0.397234149002112
"1236","nmf44","Schizophrenia",0.180689862491505,0.251776252159247,0.00998545390635434,1.39341659065728,0.0552629448529453,7.35866027149871e-12,1.49655629002676e-08,4.28392760778482e-09,3.49342105433154,0.00047687396013204,0.00786842034217866
"1239","nmf44","Education Years",0.180689862491505,0.244906403686293,0.00853119151518221,1.35539648051814,0.0472145553577101,4.48577166454707e-12,5.31291471781838e-09,1.46654039257635e-09,3.62275375755924,0.000291483278297737,0.005334537072747
"1240","nmf44","Neuroticism",0.180689862491505,0.241269171283195,0.0104151121827679,1.33526678229963,0.057640821898669,1.20697299859377e-08,4.35749681606278e-09,1.40315247220052e-09,3.10550485595415,0.00189954501799639,0.0189954501799639
"1241","nmf33","ADHD",0.157018123489073,0.189026474932164,0.0114896781122097,1.2038513181271,0.0731742161789961,0.00533188392043242,2.13196759236777e-09,2.73082025510703e-09,0.780705939316468,0.434975466602111,0.667636762691612
"1245","nmf33","Alzheimer Disease",0.157018123489073,0.22792966052233,0.0441675211384197,1.45161370838947,0.281289319710239,0.099255541384305,-9.05766228686314e-10,1.1699559983634e-09,-0.774188285673437,0.438819454648004,0.672754564617148
"1246","nmf33","Anorexia",0.157018123489073,0.177656827087139,0.0170052735610834,1.13144153769932,0.108301342438771,0.235085315269911,5.32780605475971e-10,5.46815391567971e-09,0.097433359355201,0.922382253813684,0.966197925718234
"1248","nmf33","Autism",0.157018123489073,0.17848046351563,0.0214251721013556,1.13668702408133,0.136450313029289,0.331890486593432,5.3156657230483e-10,5.3423131423448e-09,0.0995012007236102,0.920740334592778,0.965351264227535
"1249","nmf33","BMI",0.157018123489073,0.188153492364618,0.00701189949448901,1.19829156140509,0.0446566252269405,9.9878262766122e-06,-1.79079680495593e-09,1.79999039730698e-09,-0.994892421445801,0.319788589179119,0.564940342881515
"1250","nmf33","Bipolar",0.157018123489073,0.192675576013597,0.0109559776530206,1.22709131743639,0.0697752425616205,0.00156745393653351,-1.866563171992e-09,2.79860676032705e-09,-0.666961574756531,0.504796678014886,0.722841885725517
"1255","nmf33","Epilepsy",0.157018123489073,0.194837691607593,0.0198182025294839,1.24086116480147,0.126216019457544,0.0492325926782769,-9.98988678117152e-09,1.48618152340507e-08,-0.672184832326752,0.5014660357903,0.722841885725517
"1256","nmf33","Age of smoking",0.157018123489073,0.177287998171428,0.0144843999444718,1.12909258009166,0.0922466758780225,0.167557135399512,-6.45743133723499e-10,9.43273600476052e-10,-0.684576705419939,0.493611070744115,0.718563496700962
"1257","nmf33","Cigarettes per day",0.157018123489073,0.179524281563145,0.0130506199161808,1.14333477928513,0.083115373093151,0.0734220178152636,-1.70658693167441e-09,1.59286075404664e-09,-1.07139743843826,0.283990764143178,0.528727515753167
"1258","nmf33","Drinks per week",0.157018123489073,0.180479962982009,0.0129629085435159,1.14942121948469,0.0825567664131329,0.0723474858634641,-8.76323034201254e-10,7.84329339882423e-10,-1.11728962521359,0.263870509991749,0.505528408111913
"1259","nmf33","Smoking cessation",0.157018123489073,0.210445993747979,0.0104257595819873,1.3402656271244,0.0663984472003503,2.17102119792689e-06,1.91892379405087e-09,9.95059027006796e-10,1.92845222441037,0.0537989013025537,0.18816876730109
"1260","nmf33","Smoking initiation",0.157018123489073,0.182464265458395,0.011221358061571,1.16205862994594,0.0714653685334094,0.0260564288791642,2.35795080315288e-10,9.26395599822343e-10,0.254529577170387,0.799086457029052,0.899916090930038
"1261","nmf33","Height",0.157018123489073,0.250064010989385,0.0147361889943895,1.59258055970072,0.0938502426786101,1.42760383908334e-08,1.13466626896009e-08,1.01841874683225e-08,1.11414511220402,0.265216937987932,0.50719349810233
"1263","nmf33","Intelligence",0.157018123489073,0.182357127217454,0.00849636311978283,1.16137629953363,0.0541107162089737,0.00339810766912224,-1.80252658734301e-09,2.10423996710831e-09,-0.856616457969899,0.391656887041428,0.627974482048576
"1264","nmf33","Depression",0.157018123489073,0.183241318263174,0.0113807942051332,1.16700743959614,0.0724807681574747,0.0242344990526638,7.71047225694974e-10,1.03059450141169e-09,0.748157713473926,0.454365033895894,0.686081854669301
"1272","nmf33","Type 2 Diabetes",0.157018123489073,0.227943921409655,0.0303283818400969,1.45170453158242,0.193152109872256,0.0146107030966227,9.16119563546137e-10,3.63251136355554e-09,0.252200054413437,0.800886436018081,0.899916090930038
"1273","nmf33","Parkinson Disease",0.157018123489073,0.230722154067927,0.0317969304465268,1.46939823850323,0.202504843007753,0.0130170283471902,8.63468830787196e-10,2.52765741555659e-09,0.341608330888884,0.732645666852934,0.869687302379382
"1276","nmf33","Schizophrenia",0.157018123489073,0.189988673804804,0.0100152418511296,1.20997926597961,0.063783986386938,0.00128587444566617,-2.46588360561285e-09,5.17399362986417e-09,-0.476591929178231,0.633652731645832,0.815532809698568
"1279","nmf33","Education Years",0.157018123489073,0.186469377989431,0.00900201679099877,1.1875659563745,0.0573310684841118,0.00126944648432634,9.20449146905566e-11,1.65298253083589e-09,0.0556841424355591,0.955593432403688,0.987314632643203
"1280","nmf33","Neuroticism",0.157018123489073,0.19223094313346,0.0100146018463734,1.22425958775923,0.0637799103940397,0.000557233499173312,1.70525722373109e-09,1.4977016266733e-09,1.13858274128928,0.254877230233889,0.494761682218725
"1281","nmf39","ADHD",0.154646437043535,0.188664543523403,0.0115526406875948,1.21997342538381,0.0747035684006261,0.00338517942553879,2.76077263530393e-09,2.75505004517789e-09,1.00207712746854,0.316306343757855,0.562504772325165
"1285","nmf39","Alzheimer Disease",0.154646437043535,0.237548280275583,0.0464151815924798,1.53607341246866,0.300137413314045,0.0647878610437404,-6.07246482516486e-10,1.22113099442924e-09,-0.497282015841646,0.618990192074568,0.809779042158998
"1286","nmf39","Anorexia",0.154646437043535,0.180744120842368,0.0169151134998103,1.16875709714208,0.109379264231277,0.131864332226283,2.36455676323418e-09,5.50391866591005e-09,0.429613318576031,0.667476947155871,0.834293193974443
"1288","nmf39","Autism",0.154646437043535,0.173213975700468,0.0218496008845202,1.12006444514274,0.141287450925037,0.409487487841509,-5.34180118980765e-11,5.42879011658967e-09,-0.00983976369519942,0.992149131153952,0.997276683103606
"1289","nmf39","BMI",0.154646437043535,0.18875464995011,0.0075952893559373,1.22055608624836,0.0491138981352616,8.53711967403828e-06,-8.77064810651112e-10,1.97113360812046e-09,-0.444954521113068,0.65635262064354,0.827082001455092
"1290","nmf39","Bipolar",0.154646437043535,0.188293378879998,0.0104108190110003,1.21757334006338,0.0673201349480138,0.00167893957862215,-2.33997020591696e-09,2.70444574749317e-09,-0.86523096574814,0.386912032572504,0.626744545560493
"1295","nmf39","Epilepsy",0.154646437043535,0.19767504233814,0.0200878551300104,1.2782385816137,0.129895363346492,0.0260004942074656,-6.18988984800858e-09,1.50135938904166e-08,-0.412285685438693,0.680130039389638,0.838380317757079
"1296","nmf39","Age of smoking",0.154646437043535,0.17751143794573,0.0146498107524274,1.14785339603885,0.0947309943410034,0.124034148954189,-4.59219491163029e-10,9.69759047070929e-10,-0.473539785527199,0.635828123350759,0.81643299885506
"1297","nmf39","Cigarettes per day",0.154646437043535,0.184451061828874,0.0117640445277987,1.19272752321445,0.0760705823729194,0.0110297659889613,-9.08182672198464e-10,1.46802791319792e-09,-0.618641283339154,0.536152699012619,0.746541894097524
"1298","nmf39","Drinks per week",0.154646437043535,0.176837127098139,0.012968485932153,1.1434930573173,0.0838589377167628,0.0901053198169807,-9.43250166462533e-10,7.9800930890563e-10,-1.18200396403406,0.237204127981047,0.476813575204225
"1299","nmf39","Smoking cessation",0.154646437043535,0.20556018546357,0.0105553326920203,1.32922677944208,0.0682546128692826,5.9970140872255e-06,1.72241634165822e-09,1.0278344948248e-09,1.67577207257654,0.0937828463885727,0.274860120683983
"1300","nmf39","Smoking initiation",0.154646437043535,0.175210892258365,0.0114377229838447,1.13297723250515,0.073960468811996,0.075992627557907,-5.25979467257141e-11,9.51151532886367e-10,-0.0552992293100766,0.95590007615001,0.987314632643203
"1301","nmf39","Height",0.154646437043535,0.246660928571716,0.0148297200060949,1.59499910432646,0.0958943528839283,2.61228587977343e-08,1.00916973133138e-08,1.03071788673879e-08,0.979094031757241,0.32753352029826,0.571128463399872
"1303","nmf39","Intelligence",0.154646437043535,0.17830471663054,0.00815327280034532,1.15298302398228,0.0527220216399172,0.00436050910159496,-2.09403028455552e-09,2.02631131776971e-09,-1.03341982359372,0.301407473419244,0.547259786675931
"1304","nmf39","Depression",0.154646437043535,0.181197537062068,0.0113437552985913,1.17168905101292,0.0733528396480154,0.0223209942482081,9.01565984452888e-10,1.02973092835783e-09,0.875535501192205,0.381282602419371,0.624338072547832
"1312","nmf39","Type 2 Diabetes",0.154646437043535,0.225657911954257,0.0317228043219934,1.4591859745901,0.205131168415235,0.021614429281652,9.46981028834425e-10,3.90584610152956e-09,0.242452212457521,0.808429781223872,0.902691685683104
"1313","nmf39","Parkinson Disease",0.154646437043535,0.237798279975144,0.031933456039864,1.53769000127821,0.206493318891494,0.00497630922331181,1.69148872331295e-09,2.53311217553977e-09,0.667751211196369,0.504292414493096,0.722841885725517
"1316","nmf39","Schizophrenia",0.154646437043535,0.192954119810503,0.00990068930075668,1.24771138281177,0.0640214510598103,0.000165271191499637,7.54736259958621e-10,5.17433357185216e-09,0.145861539361186,0.884030693941063,0.943347223930642
"1319","nmf39","Education Years",0.154646437043535,0.186964394818369,0.00880315853204749,1.20897964668747,0.0569244186955908,0.000305409388826193,8.17811692298435e-10,1.62994334896245e-09,0.501742402776771,0.615848733140714,0.807269441654163
"1320","nmf39","Neuroticism",0.154646437043535,0.189838324718474,0.0101247134729556,1.22756352068449,0.0654700726800798,0.000632168104826129,1.88616126816097e-09,1.54253886664495e-09,1.22276417725759,0.221418779318561,0.457390905634587
"1321","nmf46","ADHD",0.149471772183899,0.155934256331671,0.0103067630131121,1.04323548221413,0.0689545782626531,0.530997674653329,-2.09571160439604e-09,2.43301999508017e-09,-0.861362261154367,0.389038554373735,0.626768922101148
"1325","nmf46","Alzheimer Disease",0.149471772183899,0.312405162576488,0.0340515293307521,2.09006127385797,0.227812441327434,1.42921234069108e-06,2.02377785146198e-09,9.55862717246874e-10,2.11722647504338,0.0342406314875537,0.138219062885538
"1326","nmf46","Anorexia",0.149471772183899,0.154251003389029,0.0159187736523482,1.03197413889794,0.106500200136538,0.764425508378238,-2.96650493109567e-09,5.29172554594122e-09,-0.56059311945439,0.575074943117152,0.771441996864472
"1328","nmf46","Autism",0.149471772183899,0.183302258688712,0.0217613626871697,1.22633361477236,0.145588443685515,0.111839189482697,6.59064679458592e-09,5.86301805105292e-09,1.12410481038896,0.260968564845503,0.501540173361232
"1329","nmf46","BMI",0.149471772183899,0.183252552794054,0.00759023263617483,1.22600107108246,0.0507803749515752,7.44441028669273e-06,4.88044473549098e-10,2.03826474112373e-09,0.239441159777915,0.810763517146579,0.903019413442127
"1330","nmf46","Bipolar",0.149471772183899,0.17997597155433,0.00941126302940708,1.20408000069004,0.0629634806084198,0.00148124813483051,-2.61884521835204e-09,2.42999694545107e-09,-1.07771543633192,0.281160767557912,0.524198041209666
"1335","nmf46","Epilepsy",0.149471772183899,0.229766188135244,0.0196935777916753,1.53718782334738,0.131754494537242,0.000252696363372409,2.82406394792483e-08,1.82837385508753e-08,1.54457685996042,0.1224486469317,0.321514930814626
"1336","nmf46","Age of smoking",0.149471772183899,0.166746001981002,0.0131234968800335,1.11556850865359,0.0877991656102617,0.188441626225701,-3.57495901408778e-10,9.0834570688688e-10,-0.393568108153451,0.693899930729312,0.844305103792104
"1337","nmf46","Cigarettes per day",0.149471772183899,0.182658612857399,0.0146061724581031,1.22202747842361,0.0977186009418071,0.0200094530926574,-6.08038693647794e-11,1.65507654780902e-09,-0.0367377988923056,0.970694069816465,0.991564511785949
"1338","nmf46","Drinks per week",0.149471772183899,0.179515265064161,0.0118338147183079,1.20099776995551,0.0791708999325203,0.0103227190862681,-2.24521796895906e-10,7.65365989033804e-10,-0.293352200271326,0.769252957641887,0.885893114711108
"1339","nmf46","Smoking cessation",0.149471772183899,0.159929143584667,0.00884444023113999,1.06996218247752,0.0591713077453744,0.229715523476662,-1.36675445983668e-09,9.62605474022028e-10,-1.41984904171177,0.155651633987447,0.372210429100416
"1340","nmf46","Smoking initiation",0.149471772183899,0.167998844332481,0.0111566642976498,1.12395030765934,0.0746406102947885,0.100865200158698,3.0460098792358e-10,9.77231384385085e-10,0.311697918006643,0.755270110378763,0.879150393033481
"1341","nmf46","Height",0.149471772183899,0.223801617628744,0.0114689764701911,1.49728349613327,0.0767300494442557,3.97277773015228e-10,-2.898336442512e-09,8.16468590850122e-09,-0.354984438469849,0.722601249327318,0.860860694144459
"1343","nmf46","Intelligence",0.149471772183899,0.171876927177393,0.00803606081990296,1.14989555998525,0.053763066447195,0.00551507530991915,-1.29662959911775e-09,2.05001003022137e-09,-0.632499148785986,0.527060764500497,0.74329082173147
"1344","nmf46","Depression",0.149471772183899,0.168094142809842,0.00996938143265175,1.12458787605081,0.0666974190978759,0.0640490139043406,9.22274793756815e-10,9.45782875523828e-10,0.975144314434755,0.329488679632797,0.573779758727298
"1352","nmf46","Type 2 Diabetes",0.149471772183899,0.189219817138168,0.0333070948305271,1.26592342068017,0.222832005962627,0.213690524935633,-2.628441891538e-09,4.3768035854876e-09,-0.600539146936652,0.548146979580473,0.757644082686673
"1353","nmf46","Parkinson Disease",0.149471772183899,0.278795094646895,0.0411235047793702,1.86520230926202,0.275125558348066,8.88736972046814e-05,5.82670607204073e-09,2.78218363802897e-09,2.09429240845103,0.0362339401900104,0.143936978202147
"1356","nmf46","Schizophrenia",0.149471772183899,0.206519793135086,0.00989223720460703,1.38166417724009,0.0661813067449039,4.57017700015997e-08,1.33052024632891e-08,5.39099537314944e-09,2.4680418999351,0.0135854416530908,0.0711835351382714
"1359","nmf46","Education Years",0.149471772183899,0.179080309623769,0.00743227303483557,1.19808781957467,0.0497235894526723,6.616101753173e-05,1.52367453732131e-09,1.35562735180363e-09,1.12396266960393,0.261028862953914,0.501540173361232
"1360","nmf46","Neuroticism",0.149471772183899,0.164070423315421,0.00907768998646211,1.09766828156396,0.0607318014219674,0.109948322318697,-1.03574161759768e-10,1.47152801350162e-09,-0.0703854502323098,0.943886871558527,0.98024276648263
"1361","nmf31","ADHD",0.132500072553005,0.152704056857698,0.00925350916416431,1.15248281691778,0.0698377667715053,0.0310385712328531,8.63282844560361e-10,2.46944462263092e-09,0.349585828590329,0.726649547816646,0.863345997405916
"1365","nmf31","Alzheimer Disease",0.132500072553005,0.222881919910971,0.0335651024918766,1.68212677635938,0.253321389529422,0.0037139906100629,5.07854670501551e-10,8.5525704150526e-10,0.593803553616726,0.55264351197771,0.757644082686673
"1366","nmf31","Anorexia",0.132500072553005,0.159409644352115,0.015395696139756,1.2030909967113,0.116193869505974,0.0825115911908772,6.43452066074896e-09,5.46720230461456e-09,1.1769311436158,0.239222990351716,0.477866062077161
"1368","nmf31","Autism",0.132500072553005,0.141383783031493,0.0181472374006853,1.06704683482293,0.136960207274043,0.627327884791184,-3.80694259045764e-09,5.46636136435111e-09,-0.696430831537159,0.486159060261935,0.712241908485854
"1369","nmf31","BMI",0.132500072553005,0.166388164353889,0.0080229726528064,1.25575904335696,0.0605507038465726,2.47485564567364e-05,1.4419675585098e-09,2.41113996073156e-09,0.598043905370097,0.549810637691592,0.757644082686673
"1370","nmf31","Bipolar",0.132500072553005,0.210749489982013,0.0108000102520593,1.59056131760007,0.08150946670417,1.08874993366489e-11,1.31067217604161e-08,3.11731388366316e-09,4.20449215239576,2.61669016700833e-05,0.00104667606680333
"1375","nmf31","Epilepsy",0.132500072553005,0.190250987877263,0.0164341082698333,1.43585572604992,0.12403093789446,0.000179208319090276,1.08347123796792e-08,1.36307193846188e-08,0.79487458247474,0.426686460913196,0.661063530992275
"1376","nmf31","Age of smoking",0.132500072553005,0.166120907906916,0.0130271929750696,1.25374201467294,0.0983183837115125,0.0111989604720403,7.30155308009885e-10,9.67776239348916e-10,0.754467074435622,0.450568808843065,0.682053701459686
"1377","nmf31","Cigarettes per day",0.132500072553005,0.171408799837247,0.0192581300873311,1.29365061116232,0.145344298431437,0.0488093486039286,6.09971524920782e-10,2.45529934697427e-09,0.248430614243622,0.803801249125008,0.901145446253558
"1378","nmf31","Drinks per week",0.132500072553005,0.179731647164684,0.0113259217916238,1.35646451886119,0.0854786082256144,3.2999805598912e-05,1.15229132006876e-09,7.02267972594742e-10,1.64081428320199,0.100835972418139,0.286244050735362
"1379","nmf31","Smoking cessation",0.132500072553005,0.165563304143816,0.00978016624057367,1.24953368668975,0.0738125349830372,0.00101883324571031,2.70184369544524e-10,1.08509541061304e-09,0.248995956394176,0.803363909262704,0.901145446253558
"1380","nmf31","Smoking initiation",0.132500072553005,0.153503609515181,0.00826171807863634,1.15851717329266,0.0623525551303478,0.0117257535638686,6.03665067519035e-10,7.94547310025621e-10,0.759759752379716,0.447398204753578,0.681159896510637
"1381","nmf31","Height",0.132500072553005,0.151162827463106,0.00882335884699279,1.14085090332788,0.0665913510610577,0.0346008308587416,-2.50437970309015e-08,6.69549142823712e-09,-3.74039714624732,0.000183729719404461,0.00375644530894959
"1383","nmf31","Intelligence",0.132500072553005,0.16721396756114,0.00867307633182021,1.2619915169801,0.0654571440204354,7.87394559988506e-05,2.92640517917126e-09,2.35785675178682e-09,1.24112933364319,0.214557974791155,0.447419473498144
"1384","nmf31","Depression",0.132500072553005,0.171087468354706,0.0104158921023947,1.2912254692258,0.0786104633884482,0.000274498918396945,2.47444291491217e-09,1.07604028734649e-09,2.29958203610957,0.0214719107857912,0.0997990219621282
"1392","nmf31","Type 2 Diabetes",0.132500072553005,0.129513767357864,0.0249396106091714,0.977461859925046,0.188223373230189,0.904199695011556,-4.0746390586839e-09,3.74135328725582e-09,-1.08908160920364,0.27611789911662,0.517721060843662
"1393","nmf31","Parkinson Disease",0.132500072553005,0.206352289225705,0.0283527061148793,1.55737491496962,0.213982570489062,0.013622278840227,1.77956525788782e-09,2.65835836478063e-09,0.669422633706749,0.503225917528251,0.722841885725517
"1396","nmf31","Schizophrenia",0.132500072553005,0.188090461924184,0.00942862655734988,1.41954987872887,0.0711594067511024,1.51228414848265e-08,1.60628062580105e-08,5.302388990701e-09,3.02935267219747,0.00245078405018506,0.0217116439345254
"1399","nmf31","Education Years",0.132500072553005,0.170028675498828,0.00808844974453202,1.28323458412303,0.0610448703059866,6.33074785028712e-06,3.70838024382663e-09,1.70229999082874e-09,2.17845283663619,0.0293723398828093,0.123084090937487
"1400","nmf31","Neuroticism",0.132500072553005,0.160902649886274,0.00877555945464205,1.21435895683685,0.0662306011276445,0.00144618698257998,1.78125599133243e-09,1.54892955202537e-09,1.14999161130555,0.250147326363836,0.488453359171988
"1401","nmf5","ADHD",0.204213979194314,0.2311715392634,0.0124649126481847,1.13200643842033,0.0610384886351195,0.0313859674254284,-6.21546638416978e-11,2.34442421799401e-09,-0.0265116967162538,0.978849204248622,0.993390623492243
"1405","nmf5","Alzheimer Disease",0.204213979194314,0.214821981375377,0.0217880424259233,1.051945524116,0.106692218191348,0.625009505195196,-7.5481609960962e-11,6.66462231376963e-10,-0.113257145577494,0.909826691443455,0.956949189406662
"1406","nmf5","Anorexia",0.204213979194314,0.226014673481994,0.0173500698061849,1.10675417213694,0.0849602454965919,0.212199530724143,1.49788500074487e-09,4.96921388239384e-09,0.301432990447835,0.763084340719021,0.884347084942148
"1408","nmf5","Autism",0.204213979194314,0.246651207960204,0.0228324711628162,1.20780765809136,0.11180660233397,0.0695116185620558,4.46904989735382e-09,4.97341772451489e-09,0.898587278387066,0.368872537356083,0.612844120627702
"1409","nmf5","BMI",0.204213979194314,0.2482112726445,0.00915277320559325,1.2154470209325,0.0448195233338271,1.53831506853192e-06,2.98845046303542e-09,2.12068411945674e-09,1.40919170168586,0.15877849084759,0.377277202218068
"1410","nmf5","Bipolar",0.204213979194314,0.28794781064208,0.011897538924358,1.4100298705217,0.0582601591296414,1.26231477655065e-11,1.08989143066899e-08,2.54680659542394e-09,4.27944325504451,1.87361397458644e-05,0.000824390148818035
"1415","nmf5","Epilepsy",0.204213979194314,0.265698595400699,0.0198015031047233,1.30107937002628,0.0969644839341859,0.000690880358551334,2.12826757535531e-08,1.1677346796043e-08,1.82256090576714,0.0683699212543823,0.223941181279863
"1416","nmf5","Age of smoking",0.204213979194314,0.237694283702789,0.0169318457850012,1.16394717266939,0.0829122758970881,0.0471405880658483,1.95248834372577e-10,9.17755861638818e-10,0.212745940978165,0.83152513120718,0.914677644327898
"1417","nmf5","Cigarettes per day",0.204213979194314,0.238933396498557,0.0141801088639391,1.17001489046549,0.0694375033476349,0.0112755335425905,9.03007043552997e-10,1.3377078146811e-09,0.675040568383216,0.499649990808289,0.72266540892701
"1418","nmf5","Drinks per week",0.204213979194314,0.260442950534839,0.0136146771502949,1.27534339991006,0.0666686835250403,3.86715435399203e-05,1.49640508832149e-09,6.7491185559371e-10,2.21718595683154,0.0266103868237898,0.115545100682245
"1419","nmf5","Smoking cessation",0.204213979194314,0.259853968002563,0.0104688522090252,1.2724592558637,0.0512641311350375,2.41964154887844e-07,2.36138914743089e-09,8.66807641002463e-10,2.72423665382084,0.00644503063977402,0.0434081879047283
"1420","nmf5","Smoking initiation",0.204213979194314,0.256815204778987,0.0113186544563881,1.25757896590723,0.0554254635311629,2.99034079180039e-06,1.55792109689354e-09,8.03047624587576e-10,1.94001084019599,0.052378372482076,0.185049198478486
"1421","nmf5","Height",0.204213979194314,0.184966758716344,0.00959465604139425,0.905749740767473,0.0469833459944714,0.0483900890255467,-2.40443246853582e-08,6.19590860878541e-09,-3.88067775100247,0.000104165782983173,0.00244121443140216
"1423","nmf5","Intelligence",0.204213979194314,0.263142883081896,0.00885677687987107,1.28856449553588,0.0433700812981253,4.10108054328437e-10,5.61465581994563e-09,1.76253438104317e-09,3.18555818277006,0.00144475049479348,0.0164290801712615
"1424","nmf5","Depression",0.204213979194314,0.2623688264577,0.0115562057948758,1.2847740761569,0.0565887107262123,1.76296297484926e-06,1.87017223134877e-09,8.32938539846504e-10,2.24527037936485,0.0247507803749203,0.110375101671942
"1432","nmf5","Type 2 Diabetes",0.204213979194314,0.243399096742113,0.0335766148673013,1.19188264046563,0.164418787586291,0.240499267524062,3.36809312509241e-09,3.70772549421421e-09,0.908398728640567,0.363667597204873,0.609963441309318
"1433","nmf5","Parkinson Disease",0.204213979194314,0.255317636521068,0.03262508242194,1.25024563709288,0.159759300272468,0.116151835173752,7.68460842330401e-10,2.36473517210262e-09,0.324966977865483,0.745206064288728,0.875932328460482
"1436","nmf5","Schizophrenia",0.204213979194314,0.277807133343702,0.0118227989854429,1.36037275430279,0.0578941707716946,2.52426304103672e-09,1.60611687184974e-08,5.02423763181684e-09,3.19673747451501,0.00138991363288702,0.0163811249590256
"1439","nmf5","Education Years",0.204213979194314,0.264008690436545,0.0080488973047104,1.29280420213219,0.0394140368669458,1.02444916722648e-11,4.23762410130019e-09,1.2480151871178e-09,3.39549081216446,0.000685056730713898,0.01016039196115
"1440","nmf5","Neuroticism",0.204213979194314,0.261201356725518,0.0101803577085032,1.27905718186402,0.0498514242201624,7.91679243575788e-08,3.35193069428389e-09,1.2603674594845e-09,2.65948685763029,0.00782597831946812,0.0480478668916182
"1441","nmf28","ADHD",0.195546201669843,0.218024990130256,0.0123859796859956,1.11495384859669,0.0633404258442608,0.0708340950181637,-8.48871808409624e-10,2.42375949366793e-09,-0.350229389767137,0.726166551969245,0.863345997405916
"1445","nmf28","Alzheimer Disease",0.195546201669843,0.231285981090871,0.0247425913604515,1.18276897794911,0.126530667173104,0.136663090643006,3.45353142671162e-10,7.26463251617305e-10,0.475389693700696,0.634509239060931,0.815532809698568
"1446","nmf28","Anorexia",0.195546201669843,0.219083329985308,0.0177215028568848,1.12036607264407,0.0906256562671848,0.18837888139028,2.45496194888543e-09,5.2132071824056e-09,0.470912024592242,0.637703560726248,0.817251165202571
"1448","nmf28","Autism",0.195546201669843,0.237369542238183,0.0234677970806653,1.21387958554651,0.120011520961619,0.0855952798179487,4.41517047213845e-09,5.21571564748397e-09,0.84651287964065,0.397266691914213,0.63179763051417
"1449","nmf28","BMI",0.195546201669843,0.242315460648704,0.00933717932126561,1.23917242359852,0.0477492236695569,6.54711021569222e-07,3.64784422514166e-09,2.23496086695494e-09,1.6321736452199,0.102642911034031,0.289012362932824
"1450","nmf28","Bipolar",0.195546201669843,0.281420458269088,0.0118033554347078,1.43915072686625,0.0603609547713763,1.41172411501131e-11,1.15814223561296e-08,2.60736170914552e-09,4.44181653642719,8.92026025381421e-06,0.000524486664128116
"1455","nmf28","Epilepsy",0.195546201669843,0.242968603328979,0.0193535923196342,1.24251251752362,0.0989719675164566,0.00741927902687944,1.01886173165906e-08,1.22022386520118e-08,0.834979351507011,0.403729334418756,0.637467370134877
"1456","nmf28","Age of smoking",0.195546201669843,0.227043487686587,0.0166958495629956,1.16107337165221,0.0853805874029945,0.0593036973792083,8.51842537017748e-11,9.27473854501767e-10,0.0918454501852618,0.926820832618897,0.967117390558849
"1457","nmf28","Cigarettes per day",0.195546201669843,0.22762748057536,0.0143882589366489,1.16405984177429,0.0735798436061767,0.0221100069763172,5.56980701528572e-10,1.39037789644358e-09,0.400596631285106,0.688717126264181,0.841765376545111
"1458","nmf28","Drinks per week",0.195546201669843,0.25561520336049,0.0137438901503813,1.30718572479391,0.0702846183306912,1.61240764461507e-05,1.69509869010064e-09,6.85801039240072e-10,2.4717062137715,0.0134469972326553,0.0711835351382714
"1459","nmf28","Smoking cessation",0.195546201669843,0.246877500518521,0.0104349456950138,1.2625021524854,0.0533630702407197,1.75623004524637e-06,1.93037758657586e-09,8.99608337642632e-10,2.14579779422042,0.0318891147070577,0.131132808141172
"1460","nmf28","Smoking initiation",0.195546201669843,0.234738292004943,0.0105308393945003,1.20042368504437,0.0538534592059243,0.000176232682063234,7.74126918666358e-10,7.68977427634462e-10,1.00669654380849,0.314080623530026,0.56025192305356
"1461","nmf28","Height",0.195546201669843,0.187374420297216,0.00986730085429252,0.958210482725592,0.0504602020905131,0.408981389573276,-2.03586086579735e-08,6.44465044617861e-09,-3.15899346721671,0.00158315039101671,0.0171291681650988
"1463","nmf28","Intelligence",0.195546201669843,0.251306056736029,0.00890345624821257,1.28514926186258,0.045531215498857,2.78157293417583e-09,5.24462853634417e-09,1.8021239642784e-09,2.91024848473408,0.00361141507369402,0.0290674871785129
"1464","nmf28","Depression",0.195546201669843,0.249932261851678,0.0120765050163019,1.27812383834312,0.061757809219387,1.91039454437953e-05,1.8250637276946e-09,8.91338447684329e-10,2.04755413887515,0.040603706941832,0.154997022389249
"1472","nmf28","Type 2 Diabetes",0.195546201669843,0.232395443493489,0.0314729975317138,1.18844263661977,0.160949163230755,0.246420190279355,2.73705249071887e-09,3.56312071112491e-09,0.768161595584776,0.442391186504957,0.676658593495415
"1473","nmf28","Parkinson Disease",0.195546201669843,0.297448717916321,0.0453332572938469,1.52111733890147,0.231828881904783,0.0293568326494709,4.44591271369943e-09,3.35599138784773e-09,1.32476880894224,0.18524784303478,0.412356075558025
"1476","nmf28","Schizophrenia",0.195546201669843,0.268381625932653,0.0114064536565803,1.37247169027494,0.0583312463201858,7.18354363442879e-10,1.66236633795946e-08,4.81419934443528e-09,3.45304840748023,0.000554289525456571,0.00871026397146041
"1479","nmf28","Education Years",0.195546201669843,0.250246541709357,0.0078988394945105,1.27973102812741,0.0403937249972606,2.02215544733229e-10,3.74026981898452e-09,1.22894072612804e-09,3.04349082056121,0.00233850575412336,0.0212884661754678
"1480","nmf28","Neuroticism",0.195546201669843,0.24974864916245,0.0102256109406166,1.27718486490534,0.0522925572232868,4.37570941898948e-07,3.26916327673134e-09,1.296220906088e-09,2.5220726354412,0.0116665615440813,0.0638998391626028
"1481","nmf55","ADHD",0.137681950775009,0.131983429919822,0.0123338384784023,0.95861098115541,0.0895821014227017,0.643080682735164,1.23214681905039e-09,3.39040140402051e-09,0.363422106181659,0.716289590685765,0.860860694144459
"1485","nmf55","Alzheimer Disease",0.137681950775009,0.422717487521167,0.0530211171329009,3.07024620977331,0.385098532047565,1.0045714716947e-08,5.12001969968166e-09,1.41729846619036e-09,3.6125204548087,0.000303235178278444,0.00533693913770061
"1486","nmf55","Anorexia",0.137681950775009,0.123056123427095,0.0152455416697084,0.893770917207482,0.110730139890462,0.335072031876471,-1.13754381164812e-09,5.76406790677921e-09,-0.197350869220371,0.843552974127192,0.918721060930605
"1488","nmf55","Autism",0.137681950775009,0.14479214659575,0.0206745893692726,1.05164217808303,0.150161943906923,0.733503653504097,5.06407556630543e-09,6.05110354050188e-09,0.836884633093787,0.402657418885269,0.636536278956353
"1489","nmf55","BMI",0.137681950775009,0.143308310093545,0.00793687783433454,1.04086490122246,0.0576464655654429,0.477714648032657,-1.90473113299406e-09,2.30040711380568e-09,-0.82799741035532,0.407671966482469,0.640212714451617
"1490","nmf55","Bipolar",0.137681950775009,0.148470617522094,0.0105109969742685,1.07835933966911,0.0763425918582813,0.309547229481678,-4.27986849869855e-09,2.94765955709018e-09,-1.45195481900342,0.146514168366659,0.355512320301453
"1495","nmf55","Epilepsy",0.137681950775009,0.170656328566799,0.0165772564432439,1.23949673581888,0.120402538967024,0.0405874138970332,-8.64281705647424e-09,1.4430334058389e-08,-0.598933955479,0.549216927154361,0.757644082686673
"1496","nmf55","Age of smoking",0.137681950775009,0.139180765425016,0.0143320232481554,1.01088606488774,0.104095149491134,0.916658476870589,3.56579532304483e-10,1.16181217465389e-09,0.306916677311209,0.758906794665634,0.881442597135647
"1497","nmf55","Cigarettes per day",0.137681950775009,0.159336913603729,0.011523610754444,1.15728251021158,0.0836973233570405,0.059741469884917,1.02862343447105e-09,1.81514648233164e-09,0.566688939148169,0.57092553697328,0.769469761051598
"1498","nmf55","Drinks per week",0.137681950775009,0.132637383521038,0.0112594964461462,0.963360722116624,0.0817790304594521,0.653557751761999,-1.07378701559704e-09,7.15473689425623e-10,-1.50080573397334,0.133405815181176,0.334640574845091
"1499","nmf55","Smoking cessation",0.137681950775009,0.141579493617183,0.0123695096959907,1.02830830635559,0.0898411856191967,0.751060522911499,-8.45101833225424e-10,1.42181017757017e-09,-0.594384430887728,0.55225501930877,0.757644082686673
"1500","nmf55","Smoking initiation",0.137681950775009,0.114631164736896,0.00775911597950358,0.832579463696144,0.0563553605670728,0.00320853302492659,-1.68418862771648e-10,8.03900744031046e-10,-0.209502061071788,0.834056326583424,0.915935400241364
"1501","nmf55","Height",0.137681950775009,0.230672532711536,0.0138826314456398,1.6754013973007,0.10083116463338,9.04635458041172e-11,8.17176201545182e-09,1.10231792012641e-08,0.741325335118813,0.458496203842462,0.689595260906927
"1503","nmf55","Intelligence",0.137681950775009,0.137943675566473,0.00870342438756314,1.00190093755929,0.0632139822146023,0.976009967089957,-4.23740904195283e-11,2.4947639386875e-09,-0.0169852104090543,0.986448414455231,0.996260066626553
"1504","nmf55","Depression",0.137681950775009,0.117692356902958,0.00911420620502888,0.854813257950445,0.0661975382664555,0.0287365688930596,-3.28653668025513e-10,9.07833273676903e-10,-0.362019852714145,0.71733719492888,0.860860694144459
"1512","nmf55","Type 2 Diabetes",0.137681950775009,0.203344965656246,0.0414955421409984,1.47691810372835,0.30138694220572,0.120939121104041,4.1152505878422e-09,6.37973838513532e-09,0.645050053687258,0.518894749474005,0.735539148667526
"1513","nmf55","Parkinson Disease",0.137681950775009,0.274630566441961,0.043539523116511,1.99467370193458,0.316232613435733,0.00165246888441603,6.32896805132318e-09,4.29760393959001e-09,1.47267364333414,0.140839056772638,0.348141488651464
"1516","nmf55","Schizophrenia",0.137681950775009,0.14510249299604,0.00971681501720099,1.05389626003453,0.0705743560612357,0.446785920720761,-1.76418504285148e-09,5.47494009695159e-09,-0.322229104174814,0.747279137429674,0.876727337151321
"1519","nmf55","Education Years",0.137681950775009,0.130124394937767,0.00798844411520618,0.945108594157042,0.0580209974527482,0.343502950999782,-1.16286338175097e-09,1.51219902625615e-09,-0.768988315400484,0.441900247081576,0.676658593495415
"1520","nmf55","Neuroticism",0.137681950775009,0.131409136095058,0.00781736097086983,0.954439818402911,0.0567784007044212,0.423084462463332,9.41375511310809e-10,1.30046434491729e-09,0.72387644843172,0.469141590100762,0.698469011450309
"1521","nmf22","ADHD",0.1435774486136,0.152231524267272,0.0106816646918936,1.06027461650306,0.0743965350759255,0.418897544252952,-9.73016906435146e-10,2.61334824825811e-09,-0.372325772917443,0.709650311785612,0.856250833233096
"1525","nmf22","Alzheimer Disease",0.1435774486136,0.310102732818035,0.0338627877985691,2.15982896905065,0.235850324166866,1.05787496311986e-06,2.21286667865695e-09,9.88111076981538e-10,2.23949182455961,0.0251239326742291,0.111661922996574
"1526","nmf22","Anorexia",0.1435774486136,0.147909135970273,0.0159801138190317,1.0301696916786,0.111299608492402,0.786363620659345,-2.80308160456653e-09,5.4834563134222e-09,-0.511188827693448,0.609218841054447,0.802563742706456
"1528","nmf22","Autism",0.1435774486136,0.166692330557094,0.0217337572467941,1.16099242720005,0.151373056539573,0.279279963646725,3.77783710331135e-09,6.11808827102546e-09,0.617486531079119,0.5369138625424,0.746541894097524
"1529","nmf22","BMI",0.1435774486136,0.177278861172498,0.00767211420930598,1.23472636465073,0.0534353708286975,9.89996867971705e-06,9.1973603130605e-10,2.13101965720772e-09,0.431594344141895,0.666036269845353,0.833717190568478
"1530","nmf22","Bipolar",0.1435774486136,0.167891504932438,0.00912292510987874,1.16934453532652,0.0635400976822664,0.00876000676741335,-3.99203275919295e-09,2.45504223025716e-09,-1.62605461934347,0.103938036678388,0.291291312984017
"1535","nmf22","Epilepsy",0.1435774486136,0.227702920762818,0.0197408632108469,1.58592399406413,0.137492784566566,0.000154212804558879,3.28529206901011e-08,1.91423824959872e-08,1.71623990362683,0.0861181425191543,0.259557233906401
"1536","nmf22","Age of smoking",0.1435774486136,0.163380859636716,0.0129682395210523,1.13792842270384,0.0903222591449776,0.12902590966931,-6.22818224775008e-11,9.30578206508063e-10,-0.0669280905591046,0.946638950137633,0.981589484824569
"1537","nmf22","Cigarettes per day",0.1435774486136,0.171796440207305,0.0142166210033428,1.19654194907481,0.0990170889691942,0.0430602639973052,-5.47901023494956e-10,1.64545032407024e-09,-0.33297937681865,0.739149850622696,0.871919394836424
"1538","nmf22","Drinks per week",0.1435774486136,0.171649025531334,0.011181330178351,1.19551522323872,0.0778766462722326,0.0114322354742298,-3.24156773609762e-10,7.67850099756919e-10,-0.422161530893049,0.672907118372651,0.836381729050753
"1539","nmf22","Smoking cessation",0.1435774486136,0.152803726513969,0.00896934397794914,1.06425993768143,0.0624704232075311,0.297265926292553,-1.35895664965325e-09,1.01411988224888e-09,-1.34003550609784,0.18023380181212,0.407281728381618
"1540","nmf22","Smoking initiation",0.1435774486136,0.159103482729112,0.011209049853642,1.10813699689912,0.0780697105421346,0.169521175377581,1.84288355032946e-10,1.01934913037787e-09,0.180790221466742,0.856532238772926,0.926693430323015
"1541","nmf22","Height",0.1435774486136,0.220429136598915,0.0114588724743063,1.53526294503353,0.079809695637821,1.49022417802619e-10,-7.43609810503201e-10,8.43934499946023e-09,-0.0881122658868385,0.929787447531378,0.969446627757835
"1543","nmf22","Intelligence",0.1435774486136,0.164676940003716,0.00810183555074485,1.14695546963576,0.0564283293022482,0.00941741258301,-1.26935782857881e-09,2.13453240766212e-09,-0.594677234237495,0.552059242278287,0.757644082686673
"1544","nmf22","Depression",0.1435774486136,0.155803488974197,0.00956195105435049,1.08515292950706,0.066597861618811,0.203075483288795,5.07958833514246e-10,9.31305273487299e-10,0.545426776777693,0.585460028385509,0.782038432691867
"1552","nmf22","Type 2 Diabetes",0.1435774486136,0.165371343837414,0.0321607524940007,1.15179191045849,0.223995848961996,0.488355382411399,-5.11723789392842e-09,4.41836583553296e-09,-1.1581743306032,0.246792901432584,0.485494232326394
"1553","nmf22","Parkinson Disease",0.1435774486136,0.254327930954832,0.0393161358433678,1.77136405062669,0.273832250280311,0.000662738054732655,4.44183500172314e-09,2.86209568336483e-09,1.55195195867843,0.120673719105617,0.319858050641394
"1556","nmf22","Schizophrenia",0.1435774486136,0.191312289078475,0.0100617244388544,1.33246753529755,0.0700787243122893,5.41828308004086e-06,9.53170911395858e-09,5.70327861468817e-09,1.67126836297471,0.0946686824503655,0.274860120683983
"1559","nmf22","Education Years",0.1435774486136,0.162909738074474,0.00713622134241457,1.13464711657401,0.0497029401993329,0.00650191337908635,-2.27166215604227e-10,1.34811866584692e-09,-0.168506097689491,0.866185147000374,0.93034884345691
"1560","nmf22","Neuroticism",0.1435774486136,0.155825700233995,0.00929359824885146,1.08530762831256,0.0647288159706937,0.190204803305931,-2.12347453908895e-10,1.56096029746158e-09,-0.136036422101325,0.891792487917516,0.947036270354884
"1561","nmf10","ADHD",0.190480743761406,0.210600642605873,0.0122624563762345,1.10562694394804,0.0643763570746779,0.102340028497595,-9.53167013671615e-10,2.43168951912781e-09,-0.391977267728445,0.695075010237385,0.844305103792104
"1565","nmf10","Alzheimer Disease",0.190480743761406,0.228395248693085,0.0245402319573399,1.19904639273758,0.128833138052415,0.112084346667562,3.13267994712918e-10,7.20080037948461e-10,0.435046075718794,0.663528983443683,0.833357048663807
"1566","nmf10","Anorexia",0.190480743761406,0.22613651138359,0.0180754580379337,1.18718830532731,0.094893886284772,0.0513098984314324,6.80841822343653e-09,5.32589302027743e-09,1.27836180665189,0.201121884309168,0.431321748380394
"1568","nmf10","Autism",0.190480743761406,0.232094057946149,0.0236224607759236,1.21846467712698,0.124014954527439,0.0899869108552245,4.57127078311812e-09,5.28941323483233e-09,0.864230223688132,0.387461432257284,0.626744545560493
"1569","nmf10","BMI",0.190480743761406,0.235059319279098,0.00931090966443629,1.23403192699379,0.04888110724777,2.1626669454295e-06,3.42105351645478e-09,2.25606704248177e-09,1.51637936818202,0.129423452954452,0.32980493803065
"1570","nmf10","Bipolar",0.190480743761406,0.281404555191973,0.0118149072995915,1.47733859935184,0.0620267805883347,7.03382455060998e-13,1.30792161614545e-08,2.63922959693259e-09,4.95569471358447,7.20723044573627e-07,0.000266262268648171
"1575","nmf10","Epilepsy",0.190480743761406,0.238006115977027,0.0191478086132341,1.249502239844,0.100523592228401,0.00689184259330559,1.0072949596787e-08,1.23703358511336e-08,0.814282628863629,0.415483058841599,0.647506065727167
"1576","nmf10","Age of smoking",0.190480743761406,0.218542539818366,0.0159353033013695,1.14732090762996,0.0836583425006457,0.0790898888656922,-7.3136183226499e-12,8.90219921310898e-10,-0.00821551860115666,0.993445038286811,0.997276683103606
"1577","nmf10","Cigarettes per day",0.190480743761406,0.223653097173816,0.0136477497038788,1.17415069238684,0.0716489731947593,0.0135004078883271,7.31042672974774e-10,1.35716924958106e-09,0.538652546983686,0.590126622417657,0.784616931180264
"1578","nmf10","Drinks per week",0.190480743761406,0.248625118625048,0.0134629727866899,1.30525067109394,0.0706789175684524,1.92787225858298e-05,1.70380712474021e-09,6.93011249095703e-10,2.45855623117731,0.0139496929080947,0.0727810064770158
"1579","nmf10","Smoking cessation",0.190480743761406,0.237981096453916,0.0101403969550524,1.24937089048754,0.053235811425401,4.01693307961294e-06,1.70550365236829e-09,8.81790164054297e-10,1.93413775963061,0.0530961924198708,0.186898597317945
"1580","nmf10","Smoking initiation",0.190480743761406,0.225660512001736,0.00981875757721739,1.18468936830904,0.05154724505652,0.000338746619979995,7.44338183544785e-10,7.4718879083364e-10,0.996184890185953,0.319160319525128,0.564940342881515
"1581","nmf10","Height",0.190480743761406,0.188375372695866,0.00987543112773882,0.988947066123506,0.0518447740844012,0.831217080228938,-1.78657507988361e-08,6.62464152952991e-09,-2.69686302559889,0.00699960557354712,0.0444205738321259
"1583","nmf10","Intelligence",0.190480743761406,0.245004962296146,0.0084655857386632,1.28624530468569,0.0444432627230136,1.12005178935071e-09,5.37301420256214e-09,1.71330695992186e-09,3.1360487806617,0.00171240718375303,0.0179431758082104
"1584","nmf10","Depression",0.190480743761406,0.241810010998916,0.0118537998221815,1.26947221133179,0.0622309614510398,3.65629618143018e-05,1.80498516524901e-09,8.89361832997842e-10,2.02952847567654,0.0424044916413042,0.157230137546409
"1592","nmf10","Type 2 Diabetes",0.190480743761406,0.226469952165166,0.031626945162683,1.1889388275848,0.166037493019759,0.261730527565432,2.61744008086532e-09,3.61826695633042e-09,0.723396065700988,0.469436587655823,0.698469011450309
"1593","nmf10","Parkinson Disease",0.190480743761406,0.290432525085844,0.0461832998422948,1.52473430831222,0.242456528309988,0.0343027465383752,4.25540964688772e-09,3.47150564308209e-09,1.22581095478493,0.220269823780606,0.45644610265369
"1596","nmf10","Schizophrenia",0.190480743761406,0.2574665481574,0.0112669915570068,1.35166706656658,0.0591502917015048,8.27215434166624e-09,1.45204162274795e-08,4.83050022719465e-09,3.00598603551094,0.00264721154710584,0.0226903846894786
"1599","nmf10","Education Years",0.190480743761406,0.241302888769908,0.00805562412501021,1.26680988327178,0.0422910157002568,4.68792522382483e-09,3.46820053404095e-09,1.27192989691904e-09,2.72672302336936,0.00639667083248769,0.0434081879047283
"1600","nmf10","Neuroticism",0.190480743761406,0.242887620119315,0.0104622860953731,1.27512952397725,0.0549256890159879,1.59613320057997e-06,3.37665399518234e-09,1.35965717443086e-09,2.48345984464486,0.0130113003085063,0.0695340745231915
"1601","nmf60","ADHD",0.150284533594893,0.171051657915546,0.0113021788148138,1.13818537293154,0.0752052027208596,0.0660376710193007,1.28698471639111e-09,2.7784092575711e-09,0.463209195291912,0.643214425795588,0.81850402638403
"1605","nmf60","Alzheimer Disease",0.150284533594893,0.252967669718784,0.0470047326946333,1.68325817479451,0.312771591129525,0.0208610368347615,-3.89270694985502e-10,1.18474474054896e-09,-0.328569253496016,0.742481290996767,0.874286622761581
"1606","nmf60","Anorexia",0.150284533594893,0.163935305271236,0.0164318038538548,1.09083284453702,0.109337956879504,0.412774658189509,3.89147063393133e-11,5.40421049029491e-09,0.00720081247930626,0.994254632548746,0.997276683103606
"1608","nmf60","Autism",0.150284533594893,0.172313436793187,0.022183447092742,1.14658130594912,0.14760964792651,0.336670664165613,2.50771066632969e-09,5.69195076914146e-09,0.440571390730412,0.659523318331688,0.829905414869235
"1609","nmf60","BMI",0.150284533594893,0.178205111714369,0.00795159110668663,1.18578477406556,0.0529102424346668,0.00044581276178224,-1.39242438021328e-09,2.12490573186337e-09,-0.655287601390312,0.512282602004371,0.729463037439791
"1610","nmf60","Bipolar",0.150284533594893,0.175437186505191,0.0104608006348277,1.16736687607588,0.0696066347254723,0.0185310662120791,-3.50761188932507e-09,2.85723806758e-09,-1.2276232523725,0.219588428898052,0.455749569411051
"1615","nmf60","Epilepsy",0.150284533594893,0.192139827301145,0.0185272256566485,1.27850699406685,0.123280987161264,0.018439296127178,-6.75707972295967e-09,1.41913122425381e-08,-0.476141995009137,0.633973220397873,0.815532809698568
"1616","nmf60","Age of smoking",0.150284533594893,0.172326195413058,0.0143981577350245,1.14666620237569,0.0958059847584595,0.129675965457113,-2.04697657077872e-10,9.61457533322488e-10,-0.212903482455957,0.83140224604947,0.914677644327898
"1617","nmf60","Cigarettes per day",0.150284533594893,0.172291248449949,0.0119503816264327,1.14643366372202,0.0795183731856674,0.0644576939345823,-1.38756544077174e-09,1.57824789201027e-09,-0.879180924489847,0.37930318554625,0.622736573284888
"1618","nmf60","Drinks per week",0.150284533594893,0.173517756295585,0.0137447869363428,1.15459490171703,0.0914584262768734,0.0929883874097899,-6.87560793271613e-10,8.38295636003423e-10,-0.820188921118045,0.412108416738873,0.64462359241987
"1619","nmf60","Smoking cessation",0.150284533594893,0.189796551979105,0.0101946917472412,1.262914735396,0.067835934299946,0.000105902310708925,9.78202064312331e-10,1.02588255692116e-09,0.953522464840489,0.340325419471967,0.587228174775159
"1620","nmf60","Smoking initiation",0.150284533594893,0.160284639749974,0.00973618206649054,1.06654115307725,0.0647849904018426,0.305233266545088,-2.40856109628405e-10,8.48335275461685e-10,-0.283916178656281,0.776474617697491,0.889181319814234
"1621","nmf60","Height",0.150284533594893,0.23951958832484,0.0149437875963576,1.59377404045109,0.0994366302299612,5.18317597816978e-08,5.23024857285586e-09,1.07899601412981e-08,0.484732890980507,0.627865832016853,0.815413508604832
"1623","nmf60","Intelligence",0.150284533594893,0.160416204447636,0.00769562410520078,1.0674165904527,0.0512070265723091,0.188660447326541,-4.02877009293822e-09,1.94648822037053e-09,-2.06976340816042,0.038474505587867,0.148801696973232
"1624","nmf60","Depression",0.150284533594893,0.170000351836318,0.0109787356336114,1.13118993531677,0.0730529973443954,0.0775565479523973,9.59684891796884e-10,1.02385847662302e-09,0.937321821041324,0.348593041734675,0.596039915919392
"1632","nmf60","Type 2 Diabetes",0.150284533594893,0.192526326590878,0.0290644605543227,1.2810787776063,0.193396218886162,0.144746653220627,-2.86160352677827e-09,3.78834199991006e-09,-0.755370958283654,0.450026433575451,0.682014801744655
"1633","nmf60","Parkinson Disease",0.150284533594893,0.215342170635994,0.0342019493024337,1.43289642310412,0.227581298516243,0.0421183681553183,-1.38636082343379e-10,2.85857310379833e-09,-0.0484983512085685,0.961319078442269,0.988271949800464
"1636","nmf60","Schizophrenia",0.150284533594893,0.185058672542239,0.00986102839234651,1.23138867397415,0.0656157234311808,0.000599159130396882,1.71317726387174e-09,5.44367225852042e-09,0.31470984705045,0.752981967033955,0.877260544117229
"1639","nmf60","Education Years",0.150284533594893,0.172425869532397,0.00793999307008411,1.14732943841838,0.0528330685810101,0.00562636469162718,1.64840016059335e-10,1.48611466999838e-09,0.110920119010409,0.911679691384377,0.958134707505873
"1640","nmf60","Neuroticism",0.150284533594893,0.174682770392439,0.00933698374105931,1.1623469575606,0.0621287069115713,0.00952037318603295,1.31838301688406e-09,1.47565305622302e-09,0.893423431289803,0.371630459344807,0.614727075607951
"1641","nmf17","ADHD",0.191267839022579,0.220450927264052,0.0129335032587397,1.15257707929679,0.0676198535249454,0.0251152884890753,1.33372822562091e-09,2.54564667555878e-09,0.523925114363387,0.600330626184724,0.793229656220056
"1645","nmf17","Alzheimer Disease",0.191267839022579,0.264873407261169,0.026949797044421,1.38482982091882,0.140900828817539,0.00978074344613399,4.94868385999666e-10,8.58711003824416e-10,0.576292121325667,0.564417747323213,0.766493237105598
"1646","nmf17","Anorexia",0.191267839022579,0.208129152420364,0.0168407925228264,1.08815550739711,0.0880482187119723,0.319850897582401,9.01113484793874e-10,4.7634690854703e-09,0.189171687403721,0.849958257176879,0.922553353701916
"1648","nmf17","Autism",0.191267839022579,0.233562027457919,0.0218202797095137,1.22112545763821,0.114082324665872,0.0614383288773197,5.51042490671882e-09,4.87351130951032e-09,1.13068885178652,0.258186075206687,0.499506366554175
"1649","nmf17","BMI",0.191267839022579,0.212241427930907,0.00832809880017686,1.10965559612901,0.0435415532623533,0.0107085990284644,-2.01300856712203e-09,1.9473403618602e-09,-1.03372199670278,0.301266146710067,0.547259786675931
"1650","nmf17","Bipolar",0.191267839022579,0.20981217406389,0.010983856447365,1.09695479980365,0.0574265726192908,0.0935809821376686,-3.8244362414555e-09,2.50606745231847e-09,-1.52607075197332,0.126992245156145,0.326127944758972
"1655","nmf17","Epilepsy",0.191267839022579,0.238875512167337,0.0198056304475479,1.24890579298665,0.103549193365487,0.0120296206776071,7.47686853775048e-09,1.30136840189514e-08,0.574538964282686,0.565603141342967,0.767313614154899
"1656","nmf17","Age of smoking",0.191267839022579,0.2378868371625,0.0152026408618756,1.24373673262664,0.079483518711585,0.00241279253350085,1.00452619036723e-09,8.40426597561669e-10,1.19525749575473,0.231986440853242,0.472551881932369
"1657","nmf17","Cigarettes per day",0.191267839022579,0.232823544836019,0.0164093618048237,1.21726447073276,0.0857925822170583,0.0151964677811675,1.46381430565149e-09,1.69595326186233e-09,0.863121843372074,0.388070479319666,0.626744545560493
"1658","nmf17","Drinks per week",0.191267839022579,0.204052699501419,0.0125340542736595,1.06684270886404,0.065531426180749,0.305181073321881,-8.08319939583962e-10,6.35233732934949e-10,-1.27247640935142,0.20320390071589,0.4340277491019
"1659","nmf17","Smoking cessation",0.191267839022579,0.229288741563944,0.0116485867249833,1.19878356306873,0.0609019623189667,0.00128761063594899,6.36273751288262e-10,1.02910298851556e-09,0.618279956805936,0.536390811678652,0.746541894097524
"1660","nmf17","Smoking initiation",0.191267839022579,0.228217085726773,0.0110961332472386,1.19318065647112,0.058013586099693,0.00101603479205522,1.11323571416761e-09,7.56905103953999e-10,1.47077316344173,0.141352472367176,0.348757501915275
"1661","nmf17","Height",0.191267839022579,0.27058064452073,0.0152563428285429,1.41466880110873,0.0797642871196023,1.11890289537018e-06,2.32014591575949e-08,9.07361471329022e-09,2.55702494438203,0.0105571646819414,0.0587993982285341
"1663","nmf17","Intelligence",0.191267839022579,0.22196125514923,0.00984260052990308,1.16047348202134,0.0514597779752254,0.0021286953381136,7.69505906666584e-10,2.13895340721284e-09,0.359758143432066,0.719028006907773,0.860860694144459
"1664","nmf17","Depression",0.191267839022579,0.237853371775331,0.0116851826118311,1.24356176653019,0.0610932955145254,0.000112838701341608,1.735413955887e-09,9.28009554766351e-10,1.87003888804133,0.0614784178043057,0.209693828169725
"1672","nmf17","Type 2 Diabetes",0.191267839022579,0.202612115020762,0.035393977958251,1.05931094352377,0.185049290770064,0.749715964796493,-1.90844924036422e-09,3.63280305595328e-09,-0.525337930785081,0.59934829360871,0.792725197959416
"1673","nmf17","Parkinson Disease",0.191267839022579,0.259889144414595,0.0342387225657787,1.35877074652323,0.179009303083812,0.0466073632689672,1.70768032818686e-09,2.42777279328705e-09,0.703393799003229,0.481810369889951,0.708095145637832
"1676","nmf17","Schizophrenia",0.191267839022579,0.23965009032058,0.00958841669133073,1.25295549709373,0.0501308361109199,1.6323768458235e-06,6.77273623718029e-09,4.37177437742012e-09,1.54919619643707,0.121334563541584,0.32065082166774
"1679","nmf17","Education Years",0.191267839022579,0.222937982606953,0.00898194686382247,1.16558007737325,0.0469600478037614,0.000530514082659872,7.23516926625292e-10,1.43103821713406e-09,0.505588822131025,0.613145330166108,0.805865077995114
"1680","nmf17","Neuroticism",0.191267839022579,0.232870129574656,0.0104972451462971,1.21750802834744,0.0548824371098683,0.00011142832138262,2.1837364045579e-09,1.3542513352156e-09,1.61250452391855,0.106852196290503,0.29445699186527
"1681","nmf2","ADHD",0.192249191809848,0.212332947337593,0.0122653426073142,1.10446730796981,0.0637991894366231,0.102353369392456,-1.0781805821074e-09,2.37747674303012e-09,-0.453497846095959,0.650190293974996,0.823657570102683
"1685","nmf2","Alzheimer Disease",0.192249191809848,0.225364259294596,0.0241643244175881,1.17225075004478,0.125692723023194,0.158398307450072,9.84922860544971e-11,7.00285116509922e-10,0.140645979376747,0.888149622947456,0.945411598877947
"1686","nmf2","Anorexia",0.192249191809848,0.221206052106976,0.0174740003453681,1.15062149299316,0.0908924515149664,0.101220494696195,4.51608827472107e-09,5.10014835268409e-09,0.885481747279834,0.375896859807948,0.619434321435314
"1688","nmf2","Autism",0.192249191809848,0.22741981238428,0.0225629043728972,1.18294287868435,0.117362804808116,0.134826523753771,3.00844766002211e-09,5.07491218317804e-09,0.592807826309645,0.553309769477237,0.757644082686673
"1689","nmf2","BMI",0.192249191809848,0.239748250963639,0.00901545868267976,1.24707026701455,0.0468946506240551,2.08183926590279e-07,4.15888494258806e-09,2.16541279184349e-09,1.9205968295068,0.0547825551905139,0.190297296977574
"1690","nmf2","Bipolar",0.192249191809848,0.273100476675354,0.0122802591253196,1.42055461510328,0.0638767789331772,4.98813174326645e-10,1.0454301901191e-08,2.70488731486111e-09,3.86496762499248,0.000111103935740765,0.00248571517250524
"1695","nmf2","Epilepsy",0.192249191809848,0.236430904072065,0.0187591678847566,1.2298148140249,0.0975773562851239,0.0116190500267804,7.56171826902584e-09,1.22808398710919e-08,0.615732991261088,0.538070759364625,0.746541894097524
"1696","nmf2","Age of smoking",0.192249191809848,0.220153809329511,0.0157294112661479,1.14514816554997,0.0818178277789888,0.0731908679935323,-4.61607633114425e-11,8.82792963995807e-10,-0.0522894553922406,0.958298055202005,0.988068854618975
"1697","nmf2","Cigarettes per day",0.192249191809848,0.224914907845359,0.0142039666226941,1.1699134114843,0.0738831018688659,0.0171695240979766,6.13757917539779e-10,1.36649737674181e-09,0.44914679529293,0.653325765220953,0.826836059531791
"1698","nmf2","Drinks per week",0.192249191809848,0.251878348062721,0.0137925738179856,1.31016596580469,0.0717432083232251,1.85654971574826e-05,1.74353429143521e-09,7.00947127494505e-10,2.48739772665504,0.0128681447064181,0.0690485813515119
"1699","nmf2","Smoking cessation",0.192249191809848,0.238134025302412,0.0105082010346923,1.23867373933072,0.0546592728727092,1.8370792970641e-05,1.55531543910614e-09,9.19592218515093e-10,1.69130991736487,0.0907776269030488,0.269272960701179
"1700","nmf2","Smoking initiation",0.192249191809848,0.229300884595867,0.00935074833582528,1.19272743067064,0.0486386873609021,7.59374439325326e-05,7.48025721266786e-10,7.10936398023699e-10,1.05216967839344,0.292721708323095,0.53965454607051
"1701","nmf2","Height",0.192249191809848,0.184779283680915,0.00987136646570491,0.961144657833874,0.0513467254284668,0.450900750339064,-2.10467398968185e-08,6.4887424734679e-09,-3.24357762430508,0.00118038642188564,0.0145617764195238
"1703","nmf2","Intelligence",0.192249191809848,0.242911468101717,0.00846476054039539,1.26352400140116,0.0440301488953349,1.22833593136247e-08,4.37029517064086e-09,1.69998058741547e-09,2.57079122137809,0.0101466476112625,0.0574831538492126
"1704","nmf2","Depression",0.192249191809848,0.242586417065542,0.0118342509179653,1.26183322167347,0.0615568305206217,4.66835224319543e-05,1.64964719500279e-09,8.77762838052508e-10,1.87937689258167,0.0601930491997436,0.205841515398087
"1712","nmf2","Type 2 Diabetes",0.192249191809848,0.236124688851478,0.0318494828951981,1.22822201034284,0.165667707600562,0.17148255372967,3.57190072761276e-09,3.59056101133224e-09,0.994802961525904,0.319832105601172,0.564940342881515
"1713","nmf2","Parkinson Disease",0.192249191809848,0.293182596116417,0.0444089261154542,1.52501341283349,0.230996685590121,0.0273535043820542,4.32025738663335e-09,3.31483410124814e-09,1.30331028783813,0.192468850221764,0.42135896450637
"1716","nmf2","Schizophrenia",0.192249191809848,0.259537388821297,0.0110572188465297,1.35000509691611,0.0575150342242597,3.72475571726205e-09,1.47030388476162e-08,4.69540545843115e-09,3.1313672435285,0.00173994432079616,0.0179431758082104
"1719","nmf2","Education Years",0.192249191809848,0.244222912074737,0.00785547932620409,1.27034558520431,0.0408609224946646,8.99285434131323e-10,3.5785915090744e-09,1.24275649403542e-09,2.87955969351178,0.00398230901753078,0.0309214582537684
"1720","nmf2","Neuroticism",0.192249191809848,0.246552429946969,0.00997074919331485,1.28246276421714,0.0518636728687882,2.12633101905877e-07,3.51977131024013e-09,1.28688231265021e-09,2.73511515050005,0.00623584574404567,0.0434081879047283
"1721","nmf58","ADHD",0.168611003330057,0.183301987821306,0.0108599183301489,1.08712945300783,0.0644081235249548,0.179725209826329,-1.36564144914009e-09,2.30715395387135e-09,-0.591916047409221,0.553906807335824,0.757675632832423
"1725","nmf58","Alzheimer Disease",0.168611003330057,0.222899800147822,0.0196187134085275,1.32197659551017,0.116354882072101,0.00359427517648027,1.87772418851359e-10,6.12683214131216e-10,0.306475539920937,0.759242600714569,0.881442597135647
"1726","nmf58","Anorexia",0.168611003330057,0.177246564905578,0.0155761868323436,1.05121588392791,0.0923794208249454,0.579689580877837,-1.099311169257e-09,4.99039155197391e-09,-0.2202855543113,0.825648769847648,0.913114005227458
"1728","nmf58","Autism",0.168611003330057,0.201312369468817,0.0229573749555526,1.19394562331586,0.136155852833717,0.13584507317117,2.27348665942227e-09,5.49731210669083e-09,0.413563322456294,0.679193938893141,0.838380317757079
"1729","nmf58","BMI",0.168611003330057,0.213501400230005,0.00836019182103799,1.2662364615201,0.0495827179479673,7.20449394746593e-08,3.86947623879231e-09,2.15179809499799e-09,1.79825246977734,0.0721370081010852,0.230578554678679
"1730","nmf58","Bipolar",0.168611003330057,0.235090401139888,0.0120025760742223,1.39427674645704,0.0711850106883429,4.37882218534459e-08,7.4478811088576e-09,2.85389149326705e-09,2.60972819969812,0.00906141866641535,0.0529251001755233
"1735","nmf58","Epilepsy",0.168611003330057,0.232689607439708,0.0193689861012026,1.38003809267546,0.114873796600852,0.000741718613227156,2.22298285483921e-08,1.36372661423091e-08,1.63007954207368,0.103084686879602,0.289514439746968
"1736","nmf58","Age of smoking",0.168611003330057,0.22009828832608,0.0137960605289051,1.30536135826935,0.0818218280920805,0.000229802573068446,1.66155246686387e-09,8.44753928056507e-10,1.96690706213884,0.0491939262269795,0.176456474509818
"1737","nmf58","Cigarettes per day",0.168611003330057,0.236498481056465,0.026733818425697,1.40262780237134,0.158553225458041,0.0171521949334369,4.22257318871475e-09,2.89263423614302e-09,1.45976741060254,0.144354008046132,0.353520019704813
"1738","nmf58","Drinks per week",0.168611003330057,0.221043776607002,0.0125770788457423,1.31096887060394,0.0745922780681316,2.7555794373673e-05,1.30983602553791e-09,6.89200837892696e-10,1.90051426742729,0.0573656644433436,0.197709339595858
"1739","nmf58","Smoking cessation",0.168611003330057,0.215926832840226,0.0142298295091397,1.28062124402135,0.0843944299488256,0.00200907924111589,1.66988972536056e-09,1.32280782773275e-09,1.26238270620359,0.206811109048882,0.439427235637234
"1740","nmf58","Smoking initiation",0.168611003330057,0.202976952603079,0.00800232974376678,1.20381795134538,0.0474603055893225,2.22031004629178e-05,1.07437971093935e-09,6.68290599655583e-10,1.60765348411762,0.10791109147206,0.296138702902126
"1741","nmf58","Height",0.168611003330057,0.18187385402017,0.010950716921217,1.07865946129358,0.0649466328112695,0.221329395434179,-1.67237269844461e-08,7.77013018365277e-09,-2.15230975404123,0.0313729661030254,0.12941348517498
"1743","nmf58","Intelligence",0.168611003330057,0.205199731843663,0.00859102516111034,1.21700083500472,0.0509517468696474,2.77966682321306e-05,1.99773039998145e-09,2.0864194366892e-09,0.957492230398082,0.338318866151982,0.584709013185094
"1744","nmf58","Depression",0.168611003330057,0.21151071798088,0.0111809384289331,1.25443010126004,0.066312033070857,0.000188581561810247,1.68446860787704e-09,1.01104601290376e-09,1.66606522984961,0.0957004229583913,0.276346828310055
"1752","nmf58","Type 2 Diabetes",0.168611003330057,0.158057509892443,0.0311034487095442,0.937409224610593,0.184468676985801,0.731744151910679,-3.78858538794274e-09,3.63580152590965e-09,-1.04202205784455,0.297401452436468,0.542973606108074
"1753","nmf58","Parkinson Disease",0.168611003330057,0.268864615699009,0.033121450089476,1.59458523102852,0.196437061848452,0.000949179898748268,4.1652580655273e-09,2.35467273661267e-09,1.76893289702724,0.0769050734892288,0.242858126808091
"1756","nmf58","Schizophrenia",0.168611003330057,0.219807229367014,0.00866055812506797,1.30363514258165,0.0513641337399249,4.32423281722352e-08,8.87081225082528e-09,4.24278353795044e-09,2.09080010127278,0.0365459870376884,0.143936978202147
"1759","nmf58","Education Years",0.168611003330057,0.193904225740573,0.00783120381138778,1.15000932270715,0.0464453900203544,0.00145029475497471,-3.9919455291238e-10,1.36405436745567e-09,-0.292652963427686,0.769787426192152,0.885893114711108
"1760","nmf58","Neuroticism",0.168611003330057,0.215060051728602,0.0101029052623966,1.27548052903534,0.0599184220653743,9.31093840575958e-06,3.28942753501803e-09,1.44401156416269e-09,2.27797866489068,0.0227278487777308,0.103131134710314
"1761","nmf25","ADHD",0.192560037402123,0.21768304611679,0.012076481687489,1.13046844534104,0.062715409959491,0.0390317081995772,-5.33317528990036e-11,2.31317293263447e-09,-0.0230556704804012,0.981605866108883,0.993390623492243
"1765","nmf25","Alzheimer Disease",0.192560037402123,0.236904656273077,0.0260861866092704,1.23028983307865,0.135470406846643,0.0755865578916353,5.19159350596744e-10,7.36088598924873e-10,0.70529464979491,0.480626889299973,0.708095145637832
"1766","nmf25","Anorexia",0.192560037402123,0.24140869567986,0.0180800959622147,1.25368014535501,0.0938932927420348,0.00739394559748451,1.04730218279788e-08,5.19816271516487e-09,2.01475452036646,0.0439303764979844,0.161977924517708
"1768","nmf25","Autism",0.192560037402123,0.228744006267418,0.0227113761461801,1.18791006354934,0.117944389981354,0.124236018650268,3.15813288147284e-09,5.14264072103675e-09,0.614107236493116,0.5391444666215,0.746768830997251
"1769","nmf25","BMI",0.192560037402123,0.239570563274824,0.00937894459171576,1.24413438274593,0.0487065993455835,7.89285949956441e-07,3.95918944281947e-09,2.2311412928869e-09,1.77451309580516,0.0759783178633198,0.240506905466624
"1770","nmf25","Bipolar",0.192560037402123,0.283648365430333,0.0120339528310001,1.47303858711863,0.0624945497173413,2.95412756747092e-12,1.2863601551712e-08,2.74910355648855e-09,4.67919861416306,2.87998358764241e-06,0.000361306728158434
"1775","nmf25","Epilepsy",0.192560037402123,0.25170956709348,0.0191043908537856,1.30717448173234,0.099212646151963,0.000556951647955233,1.81907807709793e-08,1.18732792799345e-08,1.53207722501072,0.125503379158318,0.324832275468588
"1776","nmf25","Age of smoking",0.192560037402123,0.216574370880397,0.0160404585775604,1.12471088914532,0.0833010773884673,0.133713228401108,-2.043579395035e-10,8.95989911452805e-10,-0.228080625564348,0.819583561724609,0.909128200369705
"1777","nmf25","Cigarettes per day",0.192560037402123,0.227125704875903,0.0123702870833195,1.17950592417884,0.064241195889917,0.00530933944305861,8.61305811560232e-10,1.22448732260043e-09,0.70340116689088,0.481805779542639,0.708095145637832
"1778","nmf25","Drinks per week",0.192560037402123,0.24481575485187,0.0133532854462442,1.27137363574884,0.0693460887648179,9.30873731843123e-05,1.33998320485752e-09,6.7183103676488e-10,1.99452411622727,0.0460948071553268,0.168080512279092
"1779","nmf25","Smoking cessation",0.192560037402123,0.245892545649286,0.0107153299776737,1.27696561013742,0.0556466965951865,1.26231982590714e-06,2.20694292586278e-09,9.22160211468982e-10,2.39323156477025,0.0167006969849256,0.0835034849246281
"1780","nmf25","Smoking initiation",0.192560037402123,0.230991572295605,0.00959803081997369,1.19958209092589,0.0498443547761167,6.63339781989189e-05,9.10841843606199e-10,7.2452991351723e-10,1.25714870651029,0.208699792964268,0.441480331270567
"1781","nmf25","Height",0.192560037402123,0.189525851557874,0.0101596721723812,0.984242909976631,0.0527610625208011,0.765648720410225,-1.8774206418566e-08,6.68696829213536e-09,-2.80758119350537,0.00499150950885733,0.0366044030649538
"1783","nmf25","Intelligence",0.192560037402123,0.248646600514827,0.00875555597601342,1.2912679280155,0.0454692266066049,1.34639607324479e-09,5.54793276272761e-09,1.75521801256493e-09,3.16082260039043,0.00157324283235582,0.0171291681650988
"1784","nmf25","Depression",0.192560037402123,0.253976206863105,0.0121356487845748,1.31894556258694,0.0630226756719616,1.6003204687924e-06,2.59335838757495e-09,8.95712187221396e-10,2.8953032286184,0.00378792429719974,0.0301911248464849
"1792","nmf25","Type 2 Diabetes",0.192560037402123,0.238139415228538,0.0324353952036872,1.23670216541988,0.168443025049649,0.165644030584464,3.51225981557497e-09,3.65612266572817e-09,0.960651525316217,0.336727412164206,0.583307328158467
"1793","nmf25","Parkinson Disease",0.192560037402123,0.277114085580302,0.0459294734219013,1.43910485954884,0.238520276800668,0.0745636404701032,2.91320107409442e-09,3.45705095996213e-09,0.842683867791853,0.399405271861592,0.63427094623816
"1796","nmf25","Schizophrenia",0.192560037402123,0.273220411790326,0.0116065748977236,1.41888428916204,0.0602750968181711,1.67988739666631e-11,2.03653026178923e-08,4.91234750068402e-09,4.14573737201134,3.38721890350778e-05,0.00109051925673909
"1799","nmf25","Education Years",0.192560037402123,0.247247949457417,0.0076595517266932,1.28400447358187,0.0397774731976073,6.93628722716789e-11,3.95241975389481e-09,1.20731547820764e-09,3.27372573717229,0.00106139575032221,0.0140979413037129
"1800","nmf25","Neuroticism",0.192560037402123,0.250654178644168,0.00997112458252716,1.30169365370826,0.05178189990535,2.96297205185797e-08,4.0731316623904e-09,1.25216949239312e-09,3.25285968643583,0.00114249897917194,0.0145617764195238
"1801","nmf52","ADHD",0.194761287192642,0.208263147667692,0.0119381685696155,1.06932517580712,0.0612964144039943,0.258212403609606,-2.75917901901447e-09,2.30822647865719e-09,-1.19536754496449,0.231943460192509,0.472551881932369
"1805","nmf52","Alzheimer Disease",0.194761287192642,0.233806972319164,0.0236202452193748,1.20047970358658,0.121277927250561,0.0858509974164638,5.0681986109812e-10,6.87588116934295e-10,0.737098051312821,0.461062724126852,0.690809075876782
"1806","nmf52","Anorexia",0.194761287192642,0.236659992685562,0.0178265438474686,1.21512850986386,0.0915302219677575,0.0189603709586999,7.90837739202219e-09,5.15591200435043e-09,1.53384646311832,0.12506742935751,0.324383310177403
"1808","nmf52","Autism",0.194761287192642,0.225190716217388,0.022705984373333,1.15623961755114,0.116583663522793,0.191290337665574,1.59981984797016e-09,5.07357782480978e-09,0.315323801705976,0.752515814965582,0.877260544117229
"1809","nmf52","BMI",0.194761287192642,0.242756095721981,0.00924312270779471,1.24642889365312,0.0474587267368601,2.74681607159573e-07,4.03724819047084e-09,2.21318566750672e-09,1.82417962023902,0.0681249215704463,0.223941181279863
"1810","nmf52","Bipolar",0.194761287192642,0.277786781909919,0.0114863331053573,1.4262936228962,0.05897646945615,1.31008081911251e-11,1.10153786051866e-08,2.56983806566034e-09,4.28640961949333,1.81584029870491e-05,0.000824390148818035
"1815","nmf52","Epilepsy",0.194761287192642,0.249762635024043,0.0198599359475254,1.282403903898,0.101970654609001,0.00232143191688649,1.60235030238341e-08,1.23491771374605e-08,1.29753609050014,0.194446795622668,0.424242417494796
"1816","nmf52","Age of smoking",0.194761287192642,0.218136230637236,0.0159566194999947,1.12001842759169,0.0819291129669507,0.142295117184278,-3.51860883085865e-10,8.7656274459772e-10,-0.401409808087776,0.68811842940701,0.841765376545111
"1817","nmf52","Cigarettes per day",0.194761287192642,0.220274516739431,0.0134107250101465,1.13099743750181,0.0688572416184628,0.0510270538042918,-6.58536214510324e-11,1.30081572431495e-09,-0.0506248657823634,0.959624448198126,0.988068854618975
"1818","nmf52","Drinks per week",0.194761287192642,0.253802273618295,0.0138616417981102,1.30314539032213,0.0711724696315005,2.30561805217751e-05,1.67104783410606e-09,6.84850875603283e-10,2.44001708055646,0.0146865674859117,0.0760245846329549
"1819","nmf52","Smoking cessation",0.194761287192642,0.244440731632025,0.0102746840957587,1.25507864091206,0.0527552689955057,2.71503646194424e-06,1.84432137503343e-09,8.82547720060898e-10,2.08976957631953,0.0366385035423648,0.143936978202147
"1820","nmf52","Smoking initiation",0.194761287192642,0.239205166531226,0.0100008566089791,1.22819668107156,0.0513493043362726,8.73382875449757e-06,1.18375389028375e-09,7.25355179109562e-10,1.63196448357468,0.102686968345071,0.289012362932824
"1821","nmf52","Height",0.194761287192642,0.187524398901346,0.00985182077423841,0.962842265033207,0.0505840812424587,0.46375984408647,-1.93766291081175e-08,6.42948730426713e-09,-3.01371294337226,0.00258071860786222,0.0222650232835172
"1823","nmf52","Intelligence",0.194761287192642,0.253288868834049,0.00911383363458561,1.30050931827903,0.0467948932046797,1.57507308335212e-09,5.84899103736869e-09,1.79589777749718e-09,3.25686189417753,0.00112651227973062,0.0145617764195238
"1824","nmf52","Depression",0.194761287192642,0.247911719569338,0.0118737186992276,1.27290039587859,0.0609654971497651,2.00755300464823e-05,1.71806231030839e-09,8.73358537737661e-10,1.96719014708305,0.0491612935039343,0.176456474509818
"1832","nmf52","Type 2 Diabetes",0.194761287192642,0.240067930155079,0.0325029971227294,1.23262653279563,0.166886333476427,0.161257081388555,3.82590462031657e-09,3.62162223075883e-09,1.05640632195781,0.290782618924565,0.537581312297515
"1833","nmf52","Parkinson Disease",0.194761287192642,0.262601698860673,0.031462679407717,1.34832595658977,0.161544831938786,0.0302871777660038,1.8260608853415e-09,2.28221033891177e-09,0.800128215268811,0.423636515216075,0.657864890519943
"1836","nmf52","Schizophrenia",0.194761287192642,0.271483606130727,0.0113739965976728,1.39393002605388,0.0583996787124468,1.64503675244405e-10,1.84898451892735e-08,4.81345314614353e-09,3.84128496276883,0.000122391928740154,0.00269262243228339
"1839","nmf52","Education Years",0.194761287192642,0.250635644711833,0.008235947332655,1.28688636394113,0.0422873942320411,3.90016297169175e-10,3.91309850261492e-09,1.28993386614772e-09,3.03356521237873,0.00241682470237506,0.0217020993682658
"1840","nmf52","Neuroticism",0.194761287192642,0.254214092269992,0.0104375350416255,1.30525986932169,0.053591425647652,5.7190332483312e-08,4.01687455359921e-09,1.34166991060404e-09,2.99393652779375,0.00275403230618296,0.0228185016679502
"1841","nmf8","ADHD",0.19536301581622,0.226744419034172,0.012517324032178,1.16063123865508,0.0640721273669997,0.0129942617816976,6.01099300205769e-11,2.39650510248901e-09,0.0250823292460954,0.979989294967495,0.993390623492243
"1845","nmf8","Alzheimer Disease",0.19536301581622,0.256102218196979,0.0253459601780316,1.31090430359602,0.129737760610098,0.0124591878997611,5.806061671368e-10,6.78293322601307e-10,0.855980956601683,0.392008313036384,0.627974482048576
"1846","nmf8","Anorexia",0.19536301581622,0.213156874494882,0.0176549378416597,1.09108099915596,0.0903699083877162,0.317686170371021,-2.79500106711824e-10,5.03906342541277e-09,-0.0554666776572532,0.955766676442745,0.987314632643203
"1848","nmf8","Autism",0.19536301581622,0.228180280189686,0.0228857279760622,1.1679809468356,0.117144628835947,0.171218684651189,1.4580561311798e-09,5.10220993795685e-09,0.285769529068744,0.775054647583285,0.889181319814234
"1849","nmf8","BMI",0.19536301581622,0.24727308487925,0.00937814910799835,1.26571082989353,0.0480037077069924,5.20534265293165e-08,3.36947714242949e-09,2.23115460904058e-09,1.5101943759417,0.130993833343821,0.331157822465421
"1850","nmf8","Bipolar",0.19536301581622,0.29014047594209,0.0120702562748515,1.48513512002204,0.0617837323222228,9.37294036828368e-13,1.18635812368106e-08,2.67402108518227e-09,4.43660721396364,9.13878278405051e-06,0.000524486664128116
"1855","nmf8","Epilepsy",0.19536301581622,0.257386704707807,0.0197240306370552,1.31747917400054,0.100960924229435,0.000624366478223923,1.42630268180785e-08,1.24759472390938e-08,1.14324199555645,0.252938130499654,0.49227933568631
"1856","nmf8","Age of smoking",0.19536301581622,0.227184145717536,0.0157231036011124,1.16288205712002,0.0804814746303024,0.0415696056238001,-1.22548615810295e-10,8.76695844581003e-10,-0.13978464317789,0.888830147126918,0.945411598877947
"1857","nmf8","Cigarettes per day",0.19536301581622,0.244344803473073,0.0153079777391282,1.25072190584389,0.0783565798018219,0.00105816255433322,1.46051916758244e-09,1.50975150870247e-09,0.967390434229573,0.333348890222666,0.578213580938133
"1858","nmf8","Drinks per week",0.19536301581622,0.258325532799869,0.0134945476393874,1.32228473091795,0.0690742184901665,4.59116415244571e-06,1.6002808135694e-09,6.75742906862255e-10,2.36817996507007,0.0178758383075054,0.0871911894907691
"1859","nmf8","Smoking cessation",0.19536301581622,0.251232641894209,0.0108295718092562,1.28597851975497,0.0554330703997922,4.59547520584932e-07,1.89806458747332e-09,9.52913387946646e-10,1.99185425609698,0.0463870512310088,0.168680186294577
"1860","nmf8","Smoking initiation",0.19536301581622,0.247908752389539,0.0101301846165941,1.26896460598638,0.0518531338916456,2.02979190261159e-07,1.58907005613536e-09,7.34279999299701e-10,2.16412003275439,0.0304551384312862,0.126816349303778
"1861","nmf8","Height",0.19536301581622,0.206197142853094,0.00986566972461757,1.05545638713453,0.0504991678358319,0.273973162096448,-1.57818192729797e-08,6.03654303920555e-09,-2.61438031179129,0.0089389473574924,0.0526759397852231
"1863","nmf8","Intelligence",0.19536301581622,0.255981683298899,0.0086733133200954,1.31028732449393,0.0443958816046047,7.16569770958436e-11,5.35348441467235e-09,1.74469007069924e-09,3.06844436417683,0.00215176391168392,0.0203332244785217
"1864","nmf8","Depression",0.19536301581622,0.24949836721955,0.0121334916553138,1.27710132942591,0.0621074137529075,2.17611599747696e-05,1.63036047307171e-09,9.04021838141799e-10,1.80345253210131,0.0713171738398295,0.229606510898963
"1872","nmf8","Type 2 Diabetes",0.19536301581622,0.243551406598278,0.0327020631366298,1.24666076422259,0.167391269017842,0.145048966748046,3.03449967709528e-09,3.61307770322255e-09,0.839865601115851,0.400983746565191,0.635412419527074
"1873","nmf8","Parkinson Disease",0.19536301581622,0.269115464375461,0.0330682700963888,1.37751489580106,0.169265763830635,0.0258263887461286,1.56919816776023e-09,2.34752711299374e-09,0.668447303153434,0.50384810912088,0.722841885725517
"1876","nmf8","Schizophrenia",0.19536301581622,0.271795224580667,0.0121434530044623,1.39123172031879,0.0621584026727236,2.26332989895762e-09,1.58451791506473e-08,5.12612063930618e-09,3.09106637661807,0.0019943904523076,0.0197939503537295
"1879","nmf8","Education Years",0.19536301581622,0.254927481944492,0.00824200625753703,1.3048912092159,0.0421881604514663,4.63684530437939e-11,3.90222166235569e-09,1.28315084682275e-09,3.04112464408851,0.00235696237263113,0.0213095228210485
"1880","nmf8","Neuroticism",0.19536301581622,0.252909466678477,0.0101833817357174,1.2945616427031,0.0521254327139229,7.88324520122094e-08,3.32942355294201e-09,1.27762888704071e-09,2.60593947641067,0.00916226499219585,0.0531229567215162
"1881","nmf36","ADHD",0.184342172386276,0.225307554678513,0.0113513686674473,1.2222246909752,0.061577709107503,0.000400049409283975,2.07778564145751e-09,2.26328152156603e-09,0.918041181204813,0.358597306507327,0.604531857713502
"1885","nmf36","Alzheimer Disease",0.184342172386276,0.228214718245398,0.024384017652118,1.2379951656813,0.132275850590624,0.0594339260290447,4.45851190341901e-10,7.17423644911953e-10,0.621461522078239,0.534296003850156,0.746541894097524
"1886","nmf36","Anorexia",0.184342172386276,0.217190539927337,0.0185354003691904,1.17819236431818,0.100548887589058,0.0801252618973323,3.65890023414205e-09,5.35310359986415e-09,0.683510073340428,0.494284587124601,0.718563496700962
"1888","nmf36","Autism",0.184342172386276,0.241163445715461,0.0202409868834804,1.30823805857143,0.10980117366235,0.0106848189976342,6.58341232868457e-09,4.59657262075864e-09,1.43224373285285,0.152074079863223,0.365642596392448
"1889","nmf36","BMI",0.184342172386276,0.236046595434011,0.00862779351860959,1.28048070812246,0.0468031455142596,3.31167364034371e-09,3.76825609280812e-09,2.10881309476711e-09,1.78690852316823,0.0739522747301683,0.235789861458508
"1890","nmf36","Bipolar",0.184342172386276,0.273876448860572,0.0120575668344492,1.48569611237239,0.0654086185400018,2.01545980168525e-12,1.1266461835691e-08,2.70001371650316e-09,4.1727424445393,3.00955081630272e-05,0.00107565847622685
"1895","nmf36","Epilepsy",0.184342172386276,0.257217642023424,0.0194505335989813,1.39532717171436,0.105513205943044,3.76570378249555e-05,2.50740032397653e-08,1.21003078743006e-08,2.07217894786123,0.038248755934552,0.148495170098849
"1896","nmf36","Age of smoking",0.184342172386276,0.24288461933562,0.0151229238660008,1.31757489993485,0.082037244490706,0.000135968805916899,1.48768234958837e-09,8.18498475194082e-10,1.81757497988694,0.0691291186242563,0.225309719960539
"1897","nmf36","Cigarettes per day",0.184342172386276,0.247738292278827,0.0132629846975166,1.34390459367979,0.0719476423969059,1.34138237488064e-06,3.22602363504144e-09,1.28508102875053e-09,2.51036593247204,0.01206061091492,0.065514429661294
"1898","nmf36","Drinks per week",0.184342172386276,0.235452545754631,0.0126319107765354,1.27725816999301,0.0685242590613836,5.11577039103735e-05,9.46001651474879e-10,6.30480567921709e-10,1.50044537390461,0.133499073554614,0.334640574845091
"1899","nmf36","Smoking cessation",0.184342172386276,0.244511671857923,0.0139727456765155,1.32640116308039,0.0757978789966553,7.65934369603908e-05,2.33007828660118e-09,1.26576726508038e-09,1.84084258685044,0.0656446299456415,0.219408067591221
"1900","nmf36","Smoking initiation",0.184342172386276,0.23897489951548,0.0105837424842673,1.29636586366534,0.0574135714430546,3.43677997491321e-07,1.6343085633421e-09,8.0020869251904e-10,2.04235292445691,0.0411165358000625,0.155607988470095
"1901","nmf36","Height",0.184342172386276,0.191507613971888,0.0116399892936199,1.03887033277767,0.0631433878799535,0.537554858917166,-1.69332051600964e-08,7.71321402879124e-09,-2.19535009619719,0.0281384939249647,0.120203275019267
"1903","nmf36","Intelligence",0.184342172386276,0.257789264766475,0.0094564322052811,1.39842805056184,0.0512982573812021,1.18059040378671e-12,8.69661141282169e-09,2.00340759783813e-09,4.34090966920868,1.418940514337e-05,0.000693704251453644
"1904","nmf36","Depression",0.184342172386276,0.26000820000488,0.0112009170917862,1.41046509672269,0.0607615552469215,1.08614465864917e-10,3.40924478369437e-09,8.74001525627632e-10,3.9007309297843,9.59026951863094e-05,0.00242717204157164
"1912","nmf36","Type 2 Diabetes",0.184342172386276,0.248535809904054,0.0323397797710037,1.34823088329059,0.175433430952728,0.0475573623106983,5.02192091819276e-09,3.69852352465687e-09,1.35781775746814,0.17452151884729,0.399618957790105
"1913","nmf36","Parkinson Disease",0.184342172386276,0.210640881762625,0.0521476991448246,1.14266246858176,0.282885345603679,0.611123245246188,-1.61078873866064e-09,3.91255388707037e-09,-0.4116975216581,0.680561141743655,0.838380317757079
"1916","nmf36","Schizophrenia",0.184342172386276,0.267697847921222,0.010587361581182,1.45217908878865,0.0574332039387978,1.89958335923633e-13,1.96509213297789e-08,4.51683905361591e-09,4.35059144160727,1.35770820349237e-05,0.000693704251453644
"1919","nmf36","Education Years",0.184342172386276,0.25583170320655,0.00799427723995987,1.38780887680152,0.0433665131341104,1.13393697517655e-14,5.99940020763976e-09,1.30277751497515e-09,4.6050842439925,4.1229891905442e-06,0.000361306728158434
"1920","nmf36","Neuroticism",0.184342172386276,0.236532957511223,0.0100549338476363,1.2831190738904,0.0545449460504723,3.36634900482216e-07,2.52692691370066e-09,1.38242668525059e-09,1.82789217009552,0.067565736409052,0.222966930149872
"1921","nmf41","ADHD",0.15451441573694,0.168304007893391,0.0104479321921093,1.08924469662383,0.0676178474498899,0.189112010328768,-1.40059298284115e-09,2.4593377981933e-09,-0.569500043414151,0.569016841267548,0.768784268652163
"1925","nmf41","Alzheimer Disease",0.15451441573694,0.326056370000313,0.0480306591877318,2.11020032302632,0.310849048994262,0.000225741254827503,1.80383183196655e-09,1.17515338240923e-09,1.53497565421498,0.124789808355191,0.324383310177403
"1926","nmf41","Anorexia",0.15451441573694,0.156638531100046,0.0169519513169887,1.01374703682485,0.109711131069151,0.900456704590959,-5.0121622831791e-09,5.46723620655286e-09,-0.91676344204256,0.359266613375386,0.604887665376925
"1928","nmf41","Autism",0.15451441573694,0.194335170304939,0.0217031596877394,1.25771546543459,0.140460419723484,0.0783547223443849,6.82710486423786e-09,5.72258446086293e-09,1.19301076479147,0.23286515716856,0.472551881932369
"1929","nmf41","BMI",0.15451441573694,0.189290126624587,0.00780947602198569,1.22506450755283,0.0505420545050068,9.09820487403747e-06,-1.04947234194224e-09,2.07814858292755e-09,-0.505003516381786,0.613556366200825,0.805865077995114
"1930","nmf41","Bipolar",0.15451441573694,0.191256809207035,0.00990008705215515,1.23779265704663,0.0640722550380672,0.00028803751549175,-2.55937096687333e-09,2.59298640006578e-09,-0.987036016389597,0.323624982513212,0.56655832482419
"1935","nmf41","Epilepsy",0.15451441573694,0.234543096769811,0.0201374681754967,1.51793666403994,0.130327439543121,0.000228362531270549,2.20788595923033e-08,1.74788675010568e-08,1.26317449291084,0.206526477420095,0.439427235637234
"1936","nmf41","Age of smoking",0.15451441573694,0.177215646204766,0.013690888798374,1.14691982207327,0.0886058995406789,0.100553578611253,-4.66922306930564e-10,9.17534433271615e-10,-0.508888048229076,0.610830697913686,0.803884866646127
"1937","nmf41","Cigarettes per day",0.15451441573694,0.190692507537488,0.0153151068380699,1.23414055981768,0.0991176568543859,0.0182767967953119,-7.4317401566621e-10,1.72360742038317e-09,-0.431173599554938,0.666342148522533,0.833717190568478
"1938","nmf41","Drinks per week",0.15451441573694,0.181585985558419,0.0117649392068519,1.1752041690891,0.0761413694038856,0.0204795432410668,-6.66250969644722e-10,7.28091542232926e-10,-0.915064838689721,0.360157592418852,0.605615314640618
"1939","nmf41","Smoking cessation",0.15451441573694,0.190256013189791,0.011436475164956,1.23131561726707,0.0740155868979018,0.00170638412593846,4.9886218685877e-10,1.16521725989084e-09,0.428128044469153,0.668557899962527,0.834293193974443
"1940","nmf41","Smoking initiation",0.15451441573694,0.174844035247495,0.0109521973166725,1.13157102147133,0.0708813948811001,0.0669749721424476,3.0565616313172e-10,9.34579259245902e-10,0.327052157543438,0.743628436381564,0.874856983978311
"1941","nmf41","Height",0.15451441573694,0.264054849587656,0.0139214930547182,1.70893342429103,0.0900983444704569,1.61815625470029e-11,1.93311980644223e-08,9.51570558498001e-09,2.03150443146701,0.0422038504638102,0.157044010044244
"1943","nmf41","Intelligence",0.15451441573694,0.173387404344173,0.0082968398746,1.12214386934203,0.0536962187963442,0.0229940775381049,-3.23072634273364e-09,2.07240608721974e-09,-1.55892532967217,0.119014054418078,0.316093665657672
"1944","nmf41","Depression",0.15451441573694,0.17329425276214,0.0105875672632326,1.12154100273189,0.0685215499973666,0.0791967805538414,6.60629683657845e-10,9.9928667383201e-10,0.661101264489496,0.508547374428404,0.726496249183434
"1952","nmf41","Type 2 Diabetes",0.15451441573694,0.200978176881792,0.0321616923951806,1.3007082602827,0.208146872521822,0.13029857242347,-2.3249530245081e-09,4.10985377107252e-09,-0.565702128107924,0.571596288322729,0.769469761051598
"1953","nmf41","Parkinson Disease",0.15451441573694,0.287331072765577,0.0397628930847765,1.85957453481076,0.257340992393051,7.96254643024337e-05,5.80809698246673e-09,2.69150966493881e-09,2.15793279813423,0.0309330570352946,0.127998856697771
"1956","nmf41","Schizophrenia",0.15451441573694,0.183718597827361,0.00917456162647328,1.18900619693726,0.0593767357091971,0.00175874204724338,-4.13352318515246e-09,4.61919490162152e-09,-0.894857929398352,0.370863038631554,0.614227366365936
"1959","nmf41","Education Years",0.15451441573694,0.185783175949981,0.00798047469585939,1.20236791540717,0.0516487387781741,9.48828140767742e-05,1.01474529672025e-09,1.44181569234534e-09,0.703796818211628,0.481559315479807,0.708095145637832
"1960","nmf41","Neuroticism",0.15451441573694,0.186308600462154,0.00990839876601927,1.2057684040261,0.0641260475196585,0.00159563879341212,1.97686595021075e-09,1.53626861697989e-09,1.28679706684175,0.198165029568369,0.429520261133411
"1961","nmf38","ADHD",0.182102171742106,0.202101660574974,0.012474483259472,1.10982564700651,0.0685026605675984,0.111690180339084,-5.38744358942349e-11,2.49052509649034e-09,-0.0216317578851765,0.982741700325399,0.993390623492243
"1965","nmf38","Alzheimer Disease",0.182102171742106,0.215366732005853,0.0220234586775724,1.18266976140656,0.120940120960019,0.124394038452958,1.26479217530816e-10,6.64610487532537e-10,0.190305780458549,0.849069524275507,0.922553353701916
"1966","nmf38","Anorexia",0.182102171742106,0.214205171529481,0.0181174364055307,1.17629114183679,0.099490501580556,0.0773064046037112,5.97227534214239e-09,5.57894645608079e-09,1.07050235903105,0.284393247701424,0.528731108402647
"1968","nmf38","Autism",0.182102171742106,0.234185477069683,0.0226187212615783,1.28601144527446,0.124208959427519,0.0206320144201043,8.26687737475157e-09,5.15026114686511e-09,1.60513751419838,0.108463545087728,0.296138702902126
"1969","nmf38","BMI",0.182102171742106,0.215562175969048,0.00926244095953916,1.18374302682303,0.0508639785617531,0.000307582972742922,1.60553513770378e-09,2.30139106337824e-09,0.697636817684952,0.48540435036645,0.71192638053746
"1970","nmf38","Bipolar",0.182102171742106,0.257808619178987,0.0118093144842231,1.41573610414761,0.0648499376544916,6.55209871256122e-10,1.08874341643388e-08,2.6903692901835e-09,4.04681773764829,5.19186350528601e-05,0.00157048068141292
"1975","nmf38","Epilepsy",0.182102171742106,0.248186025840112,0.0197302423214482,1.36289437663377,0.108347100601251,0.000145575847709511,2.61789860920273e-08,1.2347147156416e-08,2.12024573453179,0.0339853273554196,0.137609300948325
"1976","nmf38","Age of smoking",0.182102171742106,0.214325331785454,0.0153772729382797,1.17695099259433,0.084443105709124,0.0349772470561039,5.93418262811856e-10,8.77902993862189e-10,0.675949697131355,0.499072583160299,0.72266540892701
"1977","nmf38","Cigarettes per day",0.182102171742106,0.208463900118871,0.013627314731058,1.14476339367385,0.0748333454823213,0.0442295041916689,5.34055118446303e-10,1.35365501308786e-09,0.394528231552922,0.693191088162571,0.844305103792104
"1978","nmf38","Drinks per week",0.182102171742106,0.243794608954298,0.0127210898303629,1.33877925025277,0.069856881489467,1.83893247610788e-06,2.02596329243704e-09,6.71800245628211e-10,3.01572276226623,0.0025636754634238,0.0222650232835172
"1979","nmf38","Smoking cessation",0.182102171742106,0.224674020674572,0.0106249924592026,1.23378001769664,0.0583463247997382,7.96300987776181e-05,1.60433414541041e-09,9.42764738908512e-10,1.70173329484918,0.0888053759853149,0.264816308155019
"1980","nmf38","Smoking initiation",0.182102171742106,0.217280347267024,0.0100625170493153,1.19317823169477,0.0552575345645294,0.000467781963384687,9.62430129306732e-10,7.69227090219064e-10,1.25116515206536,0.210874229312114,0.44323882594266
"1981","nmf38","Height",0.182102171742106,0.178461082476913,0.00979739880069995,0.980005239748872,0.0538016581953514,0.710679705993356,-1.84105886187305e-08,6.78021983574717e-09,-2.71533800742933,0.00662081581350951,0.0434799844469281
"1983","nmf38","Intelligence",0.182102171742106,0.233024294114504,0.0086002226098475,1.27963489883314,0.0472274576825321,2.43871066047404e-08,5.34560613819405e-09,1.84917259642048e-09,2.89080973216981,0.00384250679864353,0.0301911248464849
"1984","nmf38","Depression",0.182102171742106,0.234417991961293,0.012260253004775,1.28728828282881,0.0673262316834863,4.41726586953852e-05,2.22849905501179e-09,9.40712134537963e-10,2.36894898364028,0.0178387138849071,0.0871911894907691
"1992","nmf38","Type 2 Diabetes",0.182102171742106,0.218768781636272,0.0318776214957298,1.2013518539806,0.175053494369496,0.251320959745335,2.47060887171865e-09,3.69925943516239e-09,0.667865802607649,0.50421925825497,0.722841885725517
"1993","nmf38","Parkinson Disease",0.182102171742106,0.286756220182184,0.0486387602794725,1.57469961746689,0.267095992399009,0.0337934632199545,4.94458341923547e-09,3.6926517239059e-09,1.33903324465307,0.180559850487019,0.407281728381618
"1996","nmf38","Schizophrenia",0.182102171742106,0.24401233865258,0.0106585881507276,1.33997489606083,0.0585308129428703,9.52497002110517e-09,1.45475163875182e-08,4.74547218799598e-09,3.06555719035024,0.00217264821984367,0.0203332244785217
"1999","nmf38","Education Years",0.182102171742106,0.23364487736213,0.00818286086027461,1.28304278376767,0.0449355478959538,5.90777921764053e-09,4.23356735580558e-09,1.35000505882289e-09,3.13596406779167,0.00171290188959191,0.0179431758082104
"2000","nmf38","Neuroticism",0.182102171742106,0.236336718913626,0.0099262424279725,1.29782482357392,0.0545091930151723,7.55083691035086e-08,4.14867481554988e-09,1.30851376551359e-09,3.17052439560812,0.00152164055009325,0.0167380460510258
"2001","nmf32","ADHD",0.166584551762501,0.193448058121271,0.0111892524555171,1.16126048949046,0.0671686079959538,0.01797947845491,8.28778528837303e-10,2.45099282105338e-09,0.338139925061515,0.735257744832267,0.871919394836424
"2005","nmf32","Alzheimer Disease",0.166584551762501,0.2230400313613,0.0209737997709907,1.338899849965,0.125904830604538,0.00679003818455873,-8.36608804724989e-12,6.77969659127668e-10,-0.0123399151195267,0.990154422115255,0.997276683103606
"2006","nmf32","Anorexia",0.166584551762501,0.19099752263877,0.015786076947951,1.14655002890709,0.0947631504898312,0.123535273517876,3.07599632885854e-09,4.93887191134722e-09,0.622813546103784,0.533407055556171,0.746541894097524
"2008","nmf32","Autism",0.166584551762501,0.217282417829852,0.0228081051946257,1.30433714009466,0.13691608827656,0.0210539351181205,7.30751672765543e-09,5.43344892540569e-09,1.34491311650819,0.17865329393867,0.406692750794154
"2009","nmf32","BMI",0.166584551762501,0.206316238286788,0.00902053283539321,1.23850762933247,0.0541498760836704,1.34555756369723e-05,1.96100825647233e-09,2.40463623803392e-09,0.815511396466224,0.41477964383614,0.647506065727167
"2010","nmf32","Bipolar",0.166584551762501,0.23266248826759,0.0114336856243622,1.39666305072091,0.0686359299430305,1.05397065931339e-08,6.74116100567235e-09,2.74998979461477e-09,2.45134037183461,0.0142325298460502,0.0739643283338044
"2015","nmf32","Epilepsy",0.166584551762501,0.224573822667283,0.0193221368469697,1.34810713413244,0.115989968112512,0.00207944714985612,1.34087798802538e-08,1.3533996452326e-08,0.990747997273882,0.321808647758863,0.565788818758231
"2016","nmf32","Age of smoking",0.166584551762501,0.203745535980608,0.0137592031662281,1.22307581240238,0.0825959131303158,0.00722198466066372,5.32642179439866e-10,8.43641200263414e-10,0.631361032715753,0.527804488798946,0.743334556738272
"2017","nmf32","Cigarettes per day",0.166584551762501,0.223449051460101,0.0247021146414512,1.34135518027308,0.148285746667968,0.0286850504404135,2.79964689994124e-09,2.67990819762405e-09,1.0446801507691,0.296170821702236,0.542524986724421
"2018","nmf32","Drinks per week",0.166584551762501,0.219405950328103,0.0132522886681172,1.31708461563056,0.0795529268945115,8.44008518301917e-05,1.20872146364624e-09,6.97365580877199e-10,1.7332680258263,0.083048041058735,0.255532434026877
"2019","nmf32","Smoking cessation",0.166584551762501,0.208344967087759,0.0122525153635576,1.25068600229387,0.0735513301439018,0.000876362963483508,1.00435659221817e-09,1.14542135234162e-09,0.876844656479415,0.380571019826932,0.62404192071
"2020","nmf32","Smoking initiation",0.166584551762501,0.201259590613842,0.00809005269164414,1.20815278778537,0.0485642432389414,3.15402419832893e-05,1.00276891304383e-09,6.47499070642172e-10,1.54868008080585,0.121458644571114,0.32065082166774
"2021","nmf32","Height",0.166584551762501,0.202619954544626,0.010852350883433,1.2163189947739,0.0651462021454735,0.000936556946550499,-6.45096392961102e-09,7.14790730300009e-09,-0.902496864628258,0.36679298623464,0.612844120627702
"2023","nmf32","Intelligence",0.166584551762501,0.214119484240069,0.0086701944982226,1.28535018388342,0.052046809902179,1.66671568575544e-07,4.25125229299414e-09,2.05147974689231e-09,2.07228577295689,0.0382387984145166,0.148495170098849
"2024","nmf32","Depression",0.166584551762501,0.225445645817507,0.0112008295944163,1.35334065153246,0.0672381050698224,7.72828987628466e-07,3.08352954461396e-09,9.82917501501191e-10,3.13711938174317,0.00170616640641305,0.0179431758082104
"2032","nmf32","Type 2 Diabetes",0.166584551762501,0.206068114799655,0.0326031125926709,1.23701815456121,0.195715102317248,0.222828778718244,8.73693384116158e-10,3.98254427930186e-09,0.21938070812092,0.826353496701206,0.913114005227458
"2033","nmf32","Parkinson Disease",0.166584551762501,0.278451382924587,0.0290757508548491,1.67153184361041,0.174540499387376,0.000165697468214296,4.59202650733315e-09,2.21377559656404e-09,2.07429629022036,0.0380518021454704,0.148495170098849
"2036","nmf32","Schizophrenia",0.166584551762501,0.223465909641681,0.00962378789349507,1.34145637922222,0.057771190615656,1.02928366414783e-08,1.06310634563097e-08,4.85725850925436e-09,2.18869624419922,0.0286189251523233,0.121080067952137
"2039","nmf32","Education Years",0.166584551762501,0.223692987913974,0.00798312100174158,1.34281952046125,0.047922336839031,2.83200688897681e-11,5.22984900256865e-09,1.38776907572852e-09,3.76852971725372,0.000164211937942816,0.00344063108070663
"2040","nmf32","Neuroticism",0.166584551762501,0.216508093812582,0.00919471952710406,1.29968890585518,0.0551955114074019,1.72511913815699e-07,3.74065919798217e-09,1.29328377237007e-09,2.89237310317986,0.00382343599412529,0.0301911248464849
"2041","nmf45","ADHD",0.125787787240703,0.122199143688982,0.00924757313735999,0.971470652036721,0.0735172574398195,0.697953216654567,-3.15460490964513e-09,2.61689995812602e-09,-1.20547401892435,0.228020361979944,0.470291996583634
"2045","nmf45","Alzheimer Disease",0.125787787240703,0.267172583717141,0.0471156059574974,2.12399462283162,0.374564232275895,0.000969617009818014,5.07285595233232e-10,1.19213416694411e-09,0.425527268070504,0.670452347971769,0.834902923889373
"2046","nmf45","Anorexia",0.125787787240703,0.112154514511617,0.0136461396160207,0.891616880874153,0.108485409556557,0.315188889116968,-9.69547112687508e-09,5.89999467480893e-09,-1.64330167419839,0.100320532096164,0.285394617170121
"2048","nmf45","Autism",0.125787787240703,0.150778908835109,0.0201405522624375,1.19867685204275,0.160115323627542,0.212873597868981,5.18214928743966e-09,6.48345780909989e-09,0.799287886190334,0.424123501388236,0.657864890519943
"2049","nmf45","BMI",0.125787787240703,0.147411661029163,0.00697894624412236,1.17190757753837,0.0554819064490555,0.00200169336599669,-3.74804953921715e-09,2.36872954724005e-09,-1.58230370520106,0.113580255309258,0.305971300016776
"2050","nmf45","Bipolar",0.125787787240703,0.16791694045228,0.0117460643250602,1.33492244466437,0.0933800059824839,0.000556790288312866,1.57522538753266e-10,3.46960481326029e-09,0.04540071484546,0.963787911212431,0.990038943813547
"2055","nmf45","Epilepsy",0.125787787240703,0.198338782643178,0.0196815602624189,1.57677296813914,0.156466384329959,0.00129517758932726,1.77822714446594e-08,2.35083651452654e-08,0.756423142773957,0.449395536837422,0.682014801744655
"2056","nmf45","Age of smoking",0.125787787240703,0.152503125033229,0.013009442807534,1.21238419387572,0.103423735268032,0.0423783669602246,1.07930412405999e-09,1.04291230318307e-09,1.03489442090755,0.300718220420363,0.547259786675931
"2057","nmf45","Cigarettes per day",0.125787787240703,0.13353356717258,0.0115164233510503,1.06157815557289,0.0915543838052645,0.493165488934935,-4.31405996114018e-09,2.11821566115919e-09,-2.03664812806611,0.0416853161353125,0.156765291449039
"2058","nmf45","Drinks per week",0.125787787240703,0.147908991922125,0.0129472200650423,1.17586130710044,0.102929070850631,0.0875172991187968,-7.04245848536658e-10,9.53348172387433e-10,-0.738707923227085,0.460084373531929,0.690126560297893
"2059","nmf45","Smoking cessation",0.125787787240703,0.12277537852222,0.00738971252594011,0.976051659826738,0.0587474562359495,0.684287036018116,-3.23078184833619e-09,1.12100471701429e-09,-2.88204126111185,0.00395107991100354,0.0308605058137555
"2060","nmf45","Smoking initiation",0.125787787240703,0.129147805964902,0.00987096483550839,1.02671180404637,0.0784731574665487,0.733364067440776,2.33273741762727e-11,1.07735709459309e-09,0.0216524068884358,0.98272522866245,0.993390623492243
"2061","nmf45","Height",0.125787787240703,0.192690062108843,0.0120288910716489,1.5318662195728,0.0956284495936866,3.0712057254684e-08,-2.07624103457091e-08,1.15042975725348e-08,-1.80475254702009,0.0711134130231171,0.229606510898963
"2063","nmf45","Intelligence",0.125787787240703,0.141704834062214,0.00785714755840966,1.12653888879572,0.0624635167750787,0.0435247529388424,-1.62590689187268e-09,2.38314319230849e-09,-0.682253125670433,0.49507890724127,0.71892646596092
"2064","nmf45","Depression",0.125787787240703,0.118736487490705,0.00955328114512643,0.943942890604275,0.0759476047292702,0.459910444530184,-6.64978857262352e-10,1.05718789472525e-09,-0.629007256496415,0.529344305556042,0.743334556738272
"2072","nmf45","Type 2 Diabetes",0.125787787240703,0.181878945425699,0.0295568251416324,1.44591895139758,0.234973726702686,0.0385328764854384,-1.79982009110914e-10,4.66801525440883e-09,-0.0385564312243679,0.969244039288757,0.991564511785949
"2073","nmf45","Parkinson Disease",0.125787787240703,0.188507978350191,0.0310756291283202,1.49861908286429,0.247048062534521,0.0287376941444501,-1.59197285905057e-09,2.92757317172906e-09,-0.543785847754004,0.58658884869112,0.782038432691867
"2076","nmf45","Schizophrenia",0.125787787240703,0.154131547901361,0.00848040070836491,1.22532998856575,0.0674183153578903,0.000806112486830092,-6.9137050029233e-10,5.21875438935999e-09,-0.132478068272747,0.894606169100569,0.948498106998194
"2079","nmf45","Education Years",0.125787787240703,0.146489104465484,0.00677746708990329,1.16457334753149,0.0538801678491585,0.00266348130007865,1.45648320890089e-09,1.49548616955679e-09,0.973919544393072,0.330096488693514,0.574080849901764
"2080","nmf45","Neuroticism",0.125787787240703,0.127422084894583,0.00797539183524088,1.01299249863385,0.0634035466414515,0.837583428351496,-9.0457682634337e-10,1.41777586609484e-09,-0.638025267586874,0.523457232136317,0.738998445368918
"2081","nmf21","ADHD",0.154219338890306,0.17889230865811,0.0106262125524114,1.15998622446017,0.0689032428025753,0.0193048121039771,1.3083554024737e-09,2.73644542031113e-09,0.478122235788992,0.632563206675264,0.815413508604832
"2085","nmf21","Alzheimer Disease",0.154219338890306,0.241792214420833,0.0387630769803652,1.5678462646816,0.251350299250969,0.0185274279657469,-5.91857002732701e-10,9.54363865175111e-10,-0.620158646329411,0.535153344420855,0.746541894097524
"2086","nmf21","Anorexia",0.154219338890306,0.184977838562358,0.0157049135918682,1.19944645005857,0.101834917104909,0.0536999137524191,3.47006727580448e-09,5.42031881963592e-09,0.640196156586517,0.522045081182783,0.737793904883591
"2088","nmf21","Autism",0.154219338890306,0.164308834452493,0.0211417283428505,1.06542302434173,0.137088697792228,0.635287699045402,-2.95326229850523e-09,5.53157034550573e-09,-0.533892206741018,0.593416114231086,0.786597030933712
"2089","nmf21","BMI",0.154219338890306,0.204004617459264,0.00882149474870409,1.32282124231105,0.0572009633304074,3.98605102274239e-08,3.8945054367344e-09,2.26926347672956e-09,1.7161979984568,0.0861258094325785,0.259557233906401
"2090","nmf21","Bipolar",0.154219338890306,0.19560009619589,0.0106668032065506,1.26832404809501,0.0691664436075539,0.000167584254653021,-1.0129216398244e-09,2.73262772383253e-09,-0.370676777883148,0.710878288642187,0.856949169870033
"2095","nmf21","Epilepsy",0.154219338890306,0.239610169701973,0.0189438881541781,1.55369729520371,0.122837306206147,2.3809626804102e-05,2.14871029928231e-08,1.62572898730263e-08,1.3216903408036,0.186271286415842,0.413572365180728
"2096","nmf21","Age of smoking",0.154219338890306,0.183448949093492,0.0133150074232836,1.18953271628259,0.0863381176387636,0.0285841196895433,3.56988086140735e-10,9.05691383651264e-10,0.394160850577545,0.693462287530046,0.844305103792104
"2097","nmf21","Cigarettes per day",0.154219338890306,0.19210680821045,0.0151796316173435,1.2456726218175,0.0984288463857348,0.00777371147280598,-2.99134660967964e-10,1.9062178686975e-09,-0.156925745939188,0.87530336891313,0.935781270413969
"2098","nmf21","Drinks per week",0.154219338890306,0.204676565924845,0.0117652589709354,1.3271783383174,0.0762891285593166,2.40594178700489e-05,5.71352025620488e-10,7.02939374690954e-10,0.812804128196236,0.416330368305711,0.648061422362664
"2099","nmf21","Smoking cessation",0.154219338890306,0.176479043125065,0.0104804820962063,1.14433795654248,0.0679582870191194,0.0283854235008937,-3.29349780871783e-10,1.18313564179985e-09,-0.278370263929128,0.780728143685377,0.889181319814234
"2100","nmf21","Smoking initiation",0.154219338890306,0.178113668503123,0.0117568700510432,1.15493731061714,0.0762347325286207,0.0450580963119401,2.0251357789987e-10,1.00265799851829e-09,0.201976724066572,0.839934920674564,0.917809681531809
"2101","nmf21","Height",0.154219338890306,0.262210811262199,0.0139120692958527,1.7002459817877,0.0902096286753512,1.33530393217214e-11,1.90932306383129e-08,1.0079526610147e-08,1.89425866678022,0.0581906844438255,0.20003047777565
"2103","nmf21","Intelligence",0.154219338890306,0.183084786295586,0.00867875905735956,1.1871713859817,0.0562754264141452,0.00117176450477609,-1.07835255871848e-09,2.18556571676705e-09,-0.493397453320969,0.62173178145134,0.811756628601156
"2104","nmf21","Depression",0.154219338890306,0.184738483119935,0.0102118759472228,1.1978944044841,0.0662165719338631,0.00354400600050242,1.70735862259467e-09,9.46340266322373e-10,1.80416989887763,0.0712046766212151,0.229606510898963
"2112","nmf21","Type 2 Diabetes",0.154219338890306,0.160182052728915,0.0315584457864609,1.03866385293513,0.20463351751824,0.848700219580873,-8.74447706596506e-09,4.36137950578893e-09,-2.00497962957783,0.0449652248043728,0.165331745798808
"2113","nmf21","Parkinson Disease",0.154219338890306,0.229375413051758,0.0337266402654713,1.48733235858902,0.21869267828635,0.0101620998901666,-4.57078200330806e-10,2.59773561785395e-09,-0.175952547745567,0.860331222143557,0.926771889705493
"2116","nmf21","Schizophrenia",0.154219338890306,0.191719473387033,0.00904300160252897,1.24316103782159,0.0586372738179166,5.54196780050966e-05,-2.12874350441559e-09,4.7784160237306e-09,-0.445491454457671,0.65596463402738,0.827082001455092
"2119","nmf21","Education Years",0.154219338890306,0.18073379273592,0.00775172998692094,1.17192690642042,0.0502643186172301,0.000682318514473683,-2.70719627923725e-10,1.44156465735601e-09,-0.187795688901152,0.85103681540163,0.922553353701916
"2120","nmf21","Neuroticism",0.154219338890306,0.181659939400288,0.00960250619281137,1.17793229245717,0.0622652532549207,0.00482155431637456,1.28895978637566e-09,1.51302237792251e-09,0.851910589812622,0.394263718772733,0.630617580066756
"2121","nmf56","ADHD",0.117627293618573,0.131143461693824,0.00884604718500393,1.11490673345831,0.075204035669551,0.127731687283376,-1.78987053047817e-10,2.57562995207027e-09,-0.0694925344007389,0.944597574974171,0.98024276648263
"2125","nmf56","Alzheimer Disease",0.117627293618573,0.223858763729088,0.0322535747329022,1.90311922380012,0.274201452236842,0.000238753938219769,6.16463550498152e-10,7.86959472311969e-10,0.783348535963452,0.433422468617709,0.667107775261377
"2126","nmf56","Anorexia",0.117627293618573,0.131779029801082,0.0137275734984474,1.12030997013668,0.116703981500768,0.300546035432275,9.32835319097906e-10,5.23987067853422e-09,0.178026401094092,0.858702241846291,0.926771889705493
"2128","nmf56","Autism",0.117627293618573,0.147565862831499,0.0198894757524344,1.25452059885018,0.169088951556851,0.128366930720205,3.13698308214472e-09,6.55632046227586e-09,0.478467015179395,0.632317845690452,0.815413508604832
"2129","nmf56","BMI",0.117627293618573,0.155984710229202,0.00751346152983824,1.32609282616847,0.0638751543005141,3.74878678471345e-07,3.26594483092681e-09,2.37603529828852e-09,1.37453548492284,0.16927550176671,0.391319899005355
"2130","nmf56","Bipolar",0.117627293618573,0.196829290810301,0.0108527981775353,1.67333009844258,0.0922642853003773,1.57026208403982e-11,1.50488588458652e-08,3.548883402231e-09,4.2404489356863,2.23073180526849e-05,0.00094985999450142
"2135","nmf56","Epilepsy",0.117627293618573,0.186495659561528,0.0181622597767341,1.58547947355035,0.154405148822248,1.96346245307708e-05,2.03492310875771e-08,1.52237075434875e-08,1.33668037365065,0.18132699099274,0.407281728381618
"2136","nmf56","Age of smoking",0.117627293618573,0.144657126860336,0.0125238608832126,1.22979218861748,0.106470705037416,0.0289712462277679,3.30276511062194e-10,9.861960069424e-10,0.334899460895388,0.737700928787111,0.871919394836424
"2137","nmf56","Cigarettes per day",0.117627293618573,0.184194703362078,0.018067017912083,1.56591805945448,0.153595456941043,0.00101922671671638,4.96944099671639e-09,2.44656150365475e-09,2.0311939795067,0.042235320883111,0.157044010044244
"2138","nmf56","Drinks per week",0.117627293618573,0.168855079798128,0.0110380562710202,1.43550934994449,0.0938392436946907,4.08435197901599e-06,1.39966799356725e-09,7.60373551844649e-10,1.84076364856679,0.0656562020443426,0.219408067591221
"2139","nmf56","Smoking cessation",0.117627293618573,0.156367512797255,0.0104210609847086,1.32934719474465,0.0885939025214733,0.000379664414969981,1.75308938082557e-09,1.25790700368744e-09,1.39365579147468,0.163421572129597,0.384527774895622
"2140","nmf56","Smoking initiation",0.117627293618573,0.1413973354496,0.00893434540804502,1.20207930574434,0.0759546966796344,0.00882529640425573,1.02225478236972e-09,9.78863835791209e-10,1.04432786766858,0.296333723809324,0.542524986724421
"2141","nmf56","Height",0.117627293618573,0.139649787687192,0.00875969215447767,1.18722265378332,0.074469894571259,0.0122781523273423,-3.36250845781004e-08,7.24875111266688e-09,-4.638741771578,3.50536702522668e-06,0.000361306728158434
"2143","nmf56","Intelligence",0.117627293618573,0.163489690925294,0.00871939007823317,1.38989588126917,0.0741272693606919,3.0971330573336e-07,7.25365011806761e-09,2.59405306703337e-09,2.79626126784025,0.00516975891327385,0.0374949547556126
"2144","nmf56","Depression",0.117627293618573,0.157458107654974,0.0104329222886052,1.33861880870573,0.08869474054581,0.000211872960787509,3.45460036909448e-09,1.23997404908814e-09,2.78602634598276,0.00533585347472651,0.0384881234242568
"2152","nmf56","Type 2 Diabetes",0.117627293618573,0.140764637638534,0.0259658704568554,1.19670047068317,0.22074698531324,0.372888779336475,-1.25342977579711e-09,4.23662981559576e-09,-0.295855392223087,0.767340518607552,0.885893114711108
"2153","nmf56","Parkinson Disease",0.117627293618573,0.183331148740233,0.0244848847092646,1.55857661177444,0.208156491202298,0.00824223898529493,5.81976063145816e-10,2.41666453139614e-09,0.240817894078828,0.809696260233426,0.902701911746725
"2156","nmf56","Schizophrenia",0.117627293618573,0.175738485615998,0.00879136207740643,1.49402813079982,0.0747391341495448,4.57220040720437e-11,2.02745472273597e-08,5.21130204212682e-09,3.89049551598919,0.000100039725692114,0.00244121443140216
"2159","nmf56","Education Years",0.117627293618573,0.161645568695479,0.00680581673384894,1.37421820840019,0.0578591628225162,1.03322752844569e-09,6.26664029147489e-09,1.56648232723554e-09,4.00045387204207,6.32211102839996e-05,0.0018025867751474
"2160","nmf56","Neuroticism",0.117627293618573,0.161030011356045,0.00949448024738749,1.36898509182922,0.0807166428412013,8.62636381032659e-06,5.85700944678467e-09,1.83936760420771e-09,3.18425171422301,0.00145128752223586,0.0164290801712615
"2161","nmf6","ADHD",0.193519079091834,0.206496931897347,0.0117209221738397,1.06706239439758,0.0605672692782789,0.268252942384062,-2.2149803635918e-09,2.31381049205389e-09,-0.957286852660798,0.338422489449554,0.584709013185094
"2165","nmf6","Alzheimer Disease",0.193519079091834,0.206590923316136,0.0225982265335489,1.06754809027434,0.116775186403326,0.567697687762411,-3.87072679098605e-10,6.29170110737899e-10,-0.615211486516169,0.53841506301579,0.746541894097524
"2166","nmf6","Anorexia",0.193519079091834,0.213045046679556,0.01808821842213,1.10089944453722,0.0934699488392368,0.286085370473133,1.8906564965754e-09,5.36883195668975e-09,0.352154157892683,0.724722654277671,0.8626094712773
"2168","nmf6","Autism",0.193519079091834,0.22020417667099,0.0221187740642027,1.13789388469802,0.114297640150025,0.232911418031688,1.53549798418529e-09,4.83797003967905e-09,0.317384765013376,0.750951665865307,0.877163705403009
"2169","nmf6","BMI",0.193519079091834,0.236647402548926,0.00900076490114927,1.22286341821948,0.0465109949023578,1.86976346087359e-06,3.29515279055128e-09,2.17030013632448e-09,1.51829359239308,0.128940402283574,0.329280663154207
"2170","nmf6","Bipolar",0.193519079091834,0.273192757357452,0.0120496582279961,1.41170968071736,0.0622659961206095,3.29330859864341e-10,1.05876466240327e-08,2.61754115828301e-09,4.04488257635565,5.23493560470974e-05,0.00157048068141292
"2175","nmf6","Epilepsy",0.193519079091834,0.251309249288238,0.0194084663664323,1.29862776563224,0.100292262951613,0.000930951309491099,1.8251515058334e-08,1.18821986508998e-08,1.53603853921025,0.124528928527003,0.324383310177403
"2176","nmf6","Age of smoking",0.193519079091834,0.223291361550564,0.0150389043476221,1.15384675556771,0.0777127734288429,0.0468377535589578,1.70839162049548e-10,8.647314096784e-10,0.19756326662528,0.843386777253776,0.918721060930605
"2177","nmf6","Cigarettes per day",0.193519079091834,0.228823045249733,0.0144992747000451,1.18243144977527,0.074924264667281,0.013147043088687,1.13104472422533e-09,1.44535359710554e-09,0.782538422770978,0.43389821379665,0.667107775261377
"2178","nmf6","Drinks per week",0.193519079091834,0.248847967676612,0.0131574160155023,1.28590921807003,0.0679902781537034,3.48693152742761e-05,1.53428651248176e-09,6.79992947681599e-10,2.25632709532185,0.0240501537015741,0.108348815310846
"2179","nmf6","Smoking cessation",0.193519079091834,0.237153628844559,0.0104522135273805,1.22547931685856,0.0540112818665308,4.27250702933443e-05,1.49139574157461e-09,9.04807716539356e-10,1.64830130680007,0.0992908567198335,0.283164369868099
"2180","nmf6","Smoking initiation",0.193519079091834,0.235185861495225,0.0101428519482145,1.21531097914959,0.0524126716384448,3.60891811076997e-05,1.16470581571575e-09,7.54198624624232e-10,1.54429586277228,0.122516674393755,0.321514930814626
"2181","nmf6","Height",0.193519079091834,0.19355342042669,0.0104881385403206,1.00017745710148,0.0541969225439704,0.997386198013286,-1.50478708982828e-08,6.88967567163916e-09,-2.18411890710999,0.0289535117023695,0.122104266604242
"2183","nmf6","Intelligence",0.193519079091834,0.245980174385373,0.00902825402098376,1.27109004207613,0.0466530435311725,2.04081376550904e-08,4.94156695078526e-09,1.81640433620404e-09,2.72052144574387,0.00651790438707311,0.0434081879047283
"2184","nmf6","Depression",0.193519079091834,0.23113905017903,0.011418165565785,1.19439928746944,0.059002789902522,0.00134441663518113,7.24399991244815e-10,8.45272020309358e-10,0.857002212115923,0.391443662079737,0.627974482048576
"2192","nmf6","Type 2 Diabetes",0.193519079091834,0.248341373079402,0.0318076773056415,1.28329141625127,0.164364554931285,0.0823854906922474,4.9538356435447e-09,3.56021224164511e-09,1.39144391044946,0.164090857057216,0.384527774895622
"2193","nmf6","Parkinson Disease",0.193519079091834,0.289163107242827,0.0451619174153192,1.49423565159488,0.23337191158236,0.0360827010698461,4.00754704898415e-09,3.33046670388338e-09,1.20329893834737,0.22886065976155,0.470554627547113
"2196","nmf6","Schizophrenia",0.193519079091834,0.258995973297392,0.0107206943329052,1.33834852104937,0.0553986427757737,1.08856033002436e-08,1.40355451600194e-08,4.58873990085778e-09,3.05869268323439,0.00222305068312618,0.0203779645953233
"2199","nmf6","Education Years",0.193519079091834,0.245578483387951,0.00849163943634947,1.26901432427452,0.0438801149540391,9.6545795527495e-09,3.65536939018852e-09,1.35261328139364e-09,2.70244972489275,0.00688305928995171,0.0441379020883582
"2200","nmf6","Neuroticism",0.193519079091834,0.247205348468079,0.0103167463147018,1.27742106684358,0.0533112619340548,6.4663054506757e-07,3.63779510319038e-09,1.31819476419012e-09,2.75967952689099,0.00578580876220287,0.0412825273843664
"2201","nmf64","ADHD",0.134371017448117,0.127591524851453,0.0124231000387363,0.949546466749932,0.0924537171383189,0.58389078282459,8.27056474837187e-10,3.57028373419854e-09,0.231650069409076,0.816809815307885,0.907566461453206
"2205","nmf64","Alzheimer Disease",0.134371017448117,0.468086292207368,0.0649966901424131,3.48353611587487,0.483710634754324,3.51818293526436e-08,7.23362823052285e-09,1.75314101131775e-09,4.12609606633165,3.6897318906316e-05,0.00115963002276993
"2206","nmf64","Anorexia",0.134371017448117,0.119904839425069,0.0159025000250913,0.892341530950799,0.118347693774303,0.359439411484656,-1.03420684658521e-09,6.11812764146852e-09,-0.169039763011054,0.865765365059253,0.93034884345691
"2208","nmf64","Autism",0.134371017448117,0.13710917504984,0.020787003082145,1.02037759074631,0.154698561318636,0.895474007354263,3.47879788334418e-09,6.0841970906095e-09,0.57177600125963,0.567473737810669,0.768272137343675
"2209","nmf64","BMI",0.134371017448117,0.133976512993945,0.00775927543331036,0.997064065885155,0.0577451565126858,0.95943405906988,-4.1652249731892e-09,2.2887261474457e-09,-1.81988787860782,0.0687760812136942,0.224713928718011
"2210","nmf64","Bipolar",0.134371017448117,0.145008389787518,0.0104168323643441,1.07916418690145,0.0775229105366136,0.311413867824263,-4.22635773567485e-09,3.08050066051387e-09,-1.37197105322803,0.170072449255991,0.39247488289844
"2215","nmf64","Epilepsy",0.134371017448117,0.161515476856042,0.015264206991645,1.20201126644297,0.11359746529819,0.0677682658011268,-1.65749885248431e-08,1.38538586068845e-08,-1.19641675255776,0.231533967058446,0.472551881932369
"2216","nmf64","Age of smoking",0.134371017448117,0.140332248600191,0.0143806579040026,1.04436396527529,0.107022021393529,0.678578597212597,7.52431845607552e-10,1.19506509045009e-09,0.629615785466686,0.528945993139546,0.743334556738272
"2217","nmf64","Cigarettes per day",0.134371017448117,0.145401128009868,0.0111833454367072,1.08208697657596,0.0832273629320792,0.322603281202668,-3.85252953889029e-10,1.86581086002286e-09,-0.206480175533071,0.836415848728906,0.916922418930668
"2218","nmf64","Drinks per week",0.134371017448117,0.129310918753646,0.0111072124180053,0.962342335493401,0.0826607748378029,0.647157652468439,-1.15521327794642e-09,7.2473429507341e-10,-1.59398180243341,0.110940110811371,0.30070009501234
"2219","nmf64","Smoking cessation",0.134371017448117,0.13546484507327,0.0113468561616353,1.00814035381979,0.0844442229963509,0.92259555607006,-1.28695022373252e-09,1.28512058039622e-09,-1.00142371335749,0.316622004422423,0.562504772325165
"2220","nmf64","Smoking initiation",0.134371017448117,0.106584878768104,0.00744233326720048,0.793213304418551,0.055386447230513,0.00022864448548631,-7.21274811171838e-10,7.83974508781986e-10,-0.920023295518166,0.357560585759641,0.604327750579674
"2221","nmf64","Height",0.134371017448117,0.221437667717135,0.0128537121205715,1.64795706635648,0.0956583671440498,4.39755221635262e-11,1.57798129496513e-10,1.00665947863501e-08,0.0156754228063774,0.987493334348145,0.996552906222898
"2223","nmf64","Intelligence",0.134371017448117,0.137827324940443,0.00842057791818927,1.02572212042422,0.0626666231908276,0.681694588959976,1.36027997631923e-09,2.50506254312758e-09,0.543012381088466,0.587121277877,0.782038432691867
"2224","nmf64","Depression",0.134371017448117,0.109100457074824,0.0088098922487068,0.811934442015735,0.065563931984875,0.00435549521722855,-9.26380604024693e-10,9.13849206751195e-10,-1.01371276265375,0.310719832352969,0.55789959709339
"2232","nmf64","Type 2 Diabetes",0.134371017448117,0.183858997993749,0.0354576437602416,1.36829356125654,0.263878658014422,0.159874179553885,1.46832066072577e-09,5.24628215859264e-09,0.279878324561876,0.779570857405715,0.889181319814234
"2233","nmf64","Parkinson Disease",0.134371017448117,0.243958417436354,0.0403564801670823,1.81555831063459,0.300336195509308,0.0083536469680639,3.4741655181816e-09,4.18627694380687e-09,0.829893856717063,0.406598798540396,0.640103654580367
"2236","nmf64","Schizophrenia",0.134371017448117,0.13850901825728,0.00905589784940075,1.03079533732608,0.067394725599197,0.648144006093719,-3.76407010379447e-09,5.24992891930483e-09,-0.716975441315669,0.473389250264825,0.701317407799741
"2239","nmf64","Education Years",0.134371017448117,0.125828882023213,0.00737449794330073,0.936428735994338,0.0548816112533207,0.246417070872885,-1.35481419902913e-09,1.4598769315434e-09,-0.928033157970929,0.353390370048839,0.598812950532051
"2240","nmf64","Neuroticism",0.134371017448117,0.125219131904735,0.0080096935753232,0.931890926204262,0.0596087886170533,0.255304220006383,5.21846435572052e-10,1.39457702268355e-09,0.374196926440017,0.708257810519724,0.856250833233096
"2241","nmf13","ADHD",0.14814266822945,0.154740995774723,0.0104211499944486,1.04454035845401,0.0703453644989559,0.526629739051624,-1.71881584547905e-09,2.446089066749e-09,-0.702679174214803,0.482255709036675,0.708095145637832
"2245","nmf13","Alzheimer Disease",0.14814266822945,0.307887241631726,0.0329147269259161,2.07831575677344,0.222182625163307,1.28270425578459e-06,1.98479030664023e-09,9.28694588738311e-10,2.137183020886,0.0325831084824589,0.133156975841628
"2246","nmf13","Anorexia",0.14814266822945,0.156057526852707,0.0151888295571074,1.05342727195245,0.102528391979428,0.603648278328905,-1.68569558615772e-09,5.03229902453764e-09,-0.334975242516039,0.737643762009196,0.871919394836424
"2248","nmf13","Autism",0.14814266822945,0.183105733004849,0.021021685055354,1.23600941709276,0.1419016229868,0.0877992324693181,7.16636553757457e-09,5.70710682803411e-09,1.25569150070442,0.209227841925793,0.441889202147274
"2249","nmf13","BMI",0.14814266822945,0.18320130340401,0.00748850319598598,1.23665454114988,0.0505492663625273,2.25287617499729e-06,1.35708930773987e-09,1.96622170119772e-09,0.690201571324943,0.49006743535286,0.714794491343399
"2250","nmf13","Bipolar",0.14814266822945,0.174283555000366,0.00911533783715788,1.17645751277024,0.0615308063915768,0.00474213217014721,-3.39191623724518e-09,2.40432642293431e-09,-1.41075529715536,0.158316779757242,0.377216875955884
"2255","nmf13","Epilepsy",0.14814266822945,0.2261865867272,0.0194714845856392,1.5268159364922,0.131437382749721,0.000311043530444514,2.79965400338793e-08,1.80937827592777e-08,1.54730165639487,0.121790522523477,0.320885209043891
"2256","nmf13","Age of smoking",0.14814266822945,0.166799603889006,0.0126381997425064,1.12593897411554,0.0853110038691335,0.140617283377305,-1.00658932111103e-10,8.76987431740049e-10,-0.11477807830311,0.908621025184376,0.956949189406662
"2257","nmf13","Cigarettes per day",0.14814266822945,0.183796262332022,0.0146984480565719,1.24067066246809,0.099218194408422,0.0126150576277503,4.75417050245861e-10,1.69506109613127e-09,0.280471925956493,0.779115461289777,0.889181319814234
"2258","nmf13","Drinks per week",0.14814266822945,0.187473232812618,0.0114410160425309,1.26549113130763,0.0772297149718574,0.000605497484196765,4.33509876545836e-10,7.34550924844004e-10,0.590169941774834,0.555076721766956,0.758489930364784
"2259","nmf13","Smoking cessation",0.14814266822945,0.158874201132138,0.00885537537196296,1.07244052662847,0.0597759948419949,0.217072593095848,-1.2035839240009e-09,9.75140462068455e-10,-1.23426723720178,0.21710334006768,0.452013263232394
"2260","nmf13","Smoking initiation",0.14814266822945,0.164885221999825,0.0109803456276414,1.11301641836532,0.0741200746474644,0.131272382391479,2.47494976357853e-10,9.80850248435128e-10,0.252326975246947,0.800788339316776,0.899916090930038
"2261","nmf13","Height",0.14814266822945,0.219326236175325,0.0113818515720557,1.48050685731961,0.0768303400234901,1.34887218119738e-09,-4.09740503838603e-09,8.21231850702363e-09,-0.498934014174158,0.617825870671963,0.809057687784713
"2263","nmf13","Intelligence",0.14814266822945,0.166541945167602,0.00791734636411928,1.12419971341176,0.0534440648244335,0.0205357374975207,-2.07670456087828e-09,2.04961669617807e-09,-1.01321606364289,0.310956969302406,0.55789959709339
"2264","nmf13","Depression",0.14814266822945,0.169641878708744,0.0102663232122933,1.14512503883078,0.0693002450610134,0.0380980438032203,1.31094026145184e-09,9.80437522686873e-10,1.33709719499436,0.181190912681239,0.407281728381618
"2272","nmf13","Type 2 Diabetes",0.14814266822945,0.176019005566292,0.0336125073576731,1.18817223741148,0.22689281730509,0.392748724416684,-4.03515237918185e-09,4.4913657268863e-09,-0.898424360106447,0.368959354231735,0.612844120627702
"2273","nmf13","Parkinson Disease",0.14814266822945,0.286122193196071,0.0406601774573124,1.93139624536067,0.274466350196529,2.21885404437806e-05,6.7464671835907e-09,2.67851795412304e-09,2.51873136530814,0.0117778476380325,0.0642428052983591
"2276","nmf13","Schizophrenia",0.14814266822945,0.197259956003714,0.00948193979869173,1.33155395647518,0.0640054611680524,6.26631221308054e-07,9.68520469084406e-09,5.12860007316525e-09,1.88846947562175,0.0589629520159196,0.20215869262601
"2279","nmf13","Education Years",0.14814266822945,0.178750089744834,0.00740951101976779,1.20660773753567,0.0500160494496536,3.71201867641889e-05,1.96469212498048e-09,1.36886054089068e-09,1.43527559330632,0.151208579852446,0.364225046359906
"2280","nmf13","Neuroticism",0.14814266822945,0.166003603385618,0.00972493797154241,1.12056577196587,0.0656457595085299,0.0690222179361061,6.20390732370685e-10,1.58380089039265e-09,0.391710054044029,0.695272460471225,0.844305103792104
"2281","nmf19","ADHD",0.146616958212321,0.157066969731917,0.0104412528003971,1.0712742348976,0.0712144961108577,0.316727205215692,-1.14839722009973e-09,2.50415761396603e-09,-0.458596221617585,0.646524150428467,0.820588344774593
"2285","nmf19","Alzheimer Disease",0.146616958212321,0.305388662326268,0.0333825944093051,2.08290136454764,0.22768576579636,1.65768319128512e-06,1.83899049543865e-09,9.43777067589562e-10,1.9485433145091,0.0513499872918252,0.182209632325831
"2286","nmf19","Anorexia",0.146616958212321,0.155757475155795,0.0159011234409651,1.06234283574644,0.108453507935543,0.56690666993812,-1.57772126940121e-09,5.38827626412885e-09,-0.292806306147387,0.769670207806231,0.885893114711108
"2288","nmf19","Autism",0.146616958212321,0.186420086030513,0.0216396549358095,1.27147697171941,0.147593124285612,0.0568414661084228,8.26825329587135e-09,5.8489312796032e-09,1.4136348848387,0.157469133074941,0.37587568835248
"2289","nmf19","BMI",0.146616958212321,0.182289223507571,0.00756879409887349,1.24330245102747,0.0516229104133567,2.15965092824772e-06,9.52295168515625e-10,2.0526411845664e-09,0.463936500775602,0.642693240660518,0.81850402638403
"2290","nmf19","Bipolar",0.146616958212321,0.183130102490765,0.00911451000629811,1.24903766060655,0.0621654556023396,9.4129327550932e-05,-9.92401812987152e-10,2.39432674996534e-09,-0.414480526937903,0.678522225347415,0.838380317757079
"2295","nmf19","Epilepsy",0.146616958212321,0.225014864679283,0.0201518035256165,1.53471240586939,0.137445243519743,0.000445359797894272,2.6179389835284e-08,1.89599887714523e-08,1.38077032380429,0.167349590815719,0.388227521751756
"2296","nmf19","Age of smoking",0.146616958212321,0.16770805197171,0.0129858458502654,1.14385166638668,0.0885698762857987,0.104508356342722,-8.41199126343577e-11,9.05727415027635e-10,-0.0928755288165712,0.926002446876724,0.967027871738351
"2297","nmf19","Cigarettes per day",0.146616958212321,0.184059858410234,0.0147978134733145,1.25537905474543,0.100928389551537,0.00957276653939245,3.62816498141445e-10,1.7173726373292e-09,0.211262535721825,0.83268241529341,0.915188000155954
"2298","nmf19","Drinks per week",0.146616958212321,0.18465176067462,0.011682759272375,1.25941612025002,0.0796821828444756,0.00102957441204763,2.50634478406563e-10,7.60844250082955e-10,0.329416274591333,0.74184106828589,0.874286622761581
"2299","nmf19","Smoking cessation",0.146616958212321,0.15938759851427,0.00911318998289147,1.08710206825772,0.0621564523913691,0.153604422507416,-1.18259384865153e-09,1.00143080907381e-09,-1.18090420020656,0.23764078259551,0.476813575204225
"2300","nmf19","Smoking initiation",0.146616958212321,0.167185560950392,0.0109624508817322,1.14028801980932,0.0747693241995726,0.0641162208293524,4.57656487878454e-10,9.88057575717757e-10,0.463188076409411,0.643229562154201,0.81850402638403
"2301","nmf19","Height",0.146616958212321,0.216551566733968,0.0113503148715276,1.47698853784958,0.0774147479931405,2.54777111195772e-09,-6.82972692894622e-09,8.28800387802207e-09,-0.824049678241238,0.409911331292916,0.642616338844002
"2303","nmf19","Intelligence",0.146616958212321,0.166347632790155,0.00784115114718304,1.13457293629883,0.0534805198715691,0.0120355052410251,-2.14894525801828e-09,2.05437655716011e-09,-1.04603279789606,0.295545890003647,0.542524986724421
"2304","nmf19","Depression",0.146616958212321,0.167120372824034,0.0100527938366967,1.13984340462187,0.0685650143016805,0.04313952493448,1.10386516314929e-09,9.76674883296997e-10,1.13022785988202,0.258380223270749,0.499506366554175
"2312","nmf19","Type 2 Diabetes",0.146616958212321,0.186594602002314,0.0331919009756864,1.27266725675826,0.226385142485497,0.208905909530775,-2.58093226023357e-09,4.42893239972067e-09,-0.582743656325923,0.560065879703509,0.762720009276657
"2313","nmf19","Parkinson Disease",0.146616958212321,0.277731389391184,0.0394554480475135,1.8942651162425,0.26910562412826,4.25120564370128e-05,6.05257066700367e-09,2.72294740660543e-09,2.22280116476768,0.0262292105221423,0.114644231421284
"2316","nmf19","Schizophrenia",0.146616958212321,0.200235164736438,0.00955906312722894,1.36570262524797,0.0651975272422863,9.0413966445357e-08,1.14218417716869e-08,5.25213539788131e-09,2.17470436430379,0.0296522776424414,0.12386394458235
"2319","nmf19","Education Years",0.146616958212321,0.175575957358179,0.00744212490926841,1.19751466337149,0.0507589640380564,9.91636440442575e-05,1.36953740545288e-09,1.37876684698967e-09,0.993306017216081,0.320560846074435,0.564940342881515
"2320","nmf19","Neuroticism",0.146616958212321,0.16591898707526,0.00956574110711161,1.13164936101721,0.065243074360192,0.0457100762653876,6.42398062655151e-10,1.57520608379256e-09,0.407818424055649,0.683406986292892,0.838380317757079
"2321","nmf14","ADHD",0.183504583588527,0.205746022269218,0.0123196792679184,1.121203722794,0.0671355397614639,0.0727834989969798,-2.85610765698174e-09,2.47893591630112e-09,-1.15215066198379,0.249259167850632,0.488007687436294
"2325","nmf14","Alzheimer Disease",0.183504583588527,0.283989975114885,0.0386917600440369,1.54759063540166,0.210849011438295,0.00608981604743776,9.25753584918797e-10,9.08441125077186e-10,1.01905732728705,0.308175751326652,0.557249303768741
"2326","nmf14","Anorexia",0.183504583588527,0.200483191976887,0.0166605335738752,1.09252416509896,0.090790830659757,0.314738287133966,-2.3609026743189e-09,5.03723418464564e-09,-0.468690274816949,0.639291039370796,0.818490952443697
"2328","nmf14","Autism",0.183504583588527,0.234235945276063,0.0211716822209608,1.27645828074405,0.115374132934108,0.0214346796693127,4.74300665941385e-09,5.00343248250365e-09,0.947950567135567,0.343154620242702,0.590565969648457
"2329","nmf14","BMI",0.183504583588527,0.257766073750178,0.0102211380079757,1.40468466078301,0.0556996332630829,1.80021415836084e-12,7.823458395098e-09,2.41122280861735e-09,3.24460201982917,0.00117614877700612,0.0145617764195238
"2330","nmf14","Bipolar",0.183504583588527,0.28026772807749,0.0124546105095368,1.52730641707531,0.0678708415124052,6.82454239968936e-13,1.0476958196619e-08,3.04088699979397e-09,3.44536255287644,0.000570293916105731,0.00885632905011253
"2335","nmf14","Epilepsy",0.183504583588527,0.270110923074622,0.0216542869615268,1.4719573636389,0.118004065828035,8.13082795656428e-06,2.04596074962638e-08,1.35640426211803e-08,1.50837092360032,0.131459620433243,0.331157822465421
"2336","nmf14","Age of smoking",0.183504583588527,0.243869639826392,0.0161282816662442,1.32895666722539,0.087890347755066,0.000186452616328462,1.50230894629643e-09,9.11512683571682e-10,1.64814925055103,0.099322047915856,0.283164369868099
"2337","nmf14","Cigarettes per day",0.183504583588527,0.251426916492161,0.0159191433762139,1.3701397075505,0.0867506580212159,6.9025547092257e-06,2.43518101759258e-09,1.62926480509069e-09,1.49465023118635,0.135005749374159,0.336240734290357
"2338","nmf14","Drinks per week",0.183504583588527,0.252904548196385,0.0128707702811035,1.37819199526631,0.0701386855271347,3.24749506079642e-08,1.27018820311292e-09,6.58742693957713e-10,1.92820082069017,0.0538301521708008,0.18816876730109
"2339","nmf14","Smoking cessation",0.183504583588527,0.248302131127333,0.0108157549860855,1.35311132981889,0.0589399718229258,1.55582307735684e-08,2.65445328354352e-09,9.98078233365854e-10,2.65956434556419,0.00782417830866111,0.0480478668916182
"2340","nmf14","Smoking initiation",0.183504583588527,0.253588987494788,0.0102457515891704,1.38192181653299,0.0558337638701411,9.89325419585115e-11,2.93941862042599e-09,7.37719223139181e-10,3.98446797674327,6.76314762382384e-05,0.00185986559655156
"2341","nmf14","Height",0.183504583588527,0.199434150275937,0.00984438102958601,1.0868074593882,0.0536465130029673,0.10561677451133,-2.92933937872123e-08,6.3647144027122e-09,-4.6024679088082,4.17513909964043e-06,0.000361306728158434
"2343","nmf14","Intelligence",0.183504583588527,0.276383600981315,0.0102890979696574,1.50614004062727,0.0560699780269725,4.32100715505321e-16,1.2355052132925e-08,2.17447128787844e-09,5.68186492127908,1.33233873911349e-08,1.7586871356298e-05
"2344","nmf14","Depression",0.183504583588527,0.241236517222062,0.0115288865140512,1.31460758366117,0.0628261501080676,2.14067431878423e-06,2.18965426419329e-09,9.36973670291844e-10,2.33694321795752,0.019442136753822,0.092315181708795
"2352","nmf14","Type 2 Diabetes",0.183504583588527,0.248371010001094,0.0347598253303725,1.35348668215295,0.189422109522422,0.0599365510333278,3.23313224880662e-09,4.02921991725253e-09,0.802421390543322,0.422309243685969,0.656593877108928
"2353","nmf14","Parkinson Disease",0.183504583588527,0.279779319750136,0.0328582609269516,1.52464485779541,0.179059619571301,0.00116252443139557,1.97146977205806e-09,2.27133306886717e-09,0.867979161260278,0.385405740695774,0.626357552717385
"2356","nmf14","Schizophrenia",0.183504583588527,0.281203234677947,0.0124484882046343,1.53240441834679,0.0678374782863601,3.09310243994735e-13,2.41410363767298e-08,5.47095457960758e-09,4.41258212354989,1.0214502974173e-05,0.000561797663579517
"2359","nmf14","Education Years",0.183504583588527,0.259811450380569,0.00891088493798396,1.41583084901653,0.0485594679093404,1.02641967743368e-14,6.72228330908477e-09,1.47629046309318e-09,4.55349640002415,5.27615749077686e-06,0.000386918215990303
"2360","nmf14","Neuroticism",0.183504583588527,0.244465549074053,0.00972205620367593,1.33220404795021,0.0529799093491623,2.10534994961518e-09,3.82782897420833e-09,1.32358854077416e-09,2.89200824598364,0.003827879000563,0.0301911248464849
"2361","nmf63","ADHD",0.139379607220676,0.12409884192877,0.00990427317766082,0.890365846219433,0.0710597007349836,0.119655781769782,-3.91809781636353e-09,2.34362229739843e-09,-1.67181282611659,0.0945612368218561,0.274860120683983
"2365","nmf63","Alzheimer Disease",0.139379607220676,0.245800064864581,0.0358972728326135,1.76352961359269,0.257550394555053,0.00146107364145109,-1.41258300639675e-09,9.2098244148129e-10,-1.53377843352234,0.125084170363862,0.324383310177403
"2366","nmf63","Anorexia",0.139379607220676,0.155647528071801,0.0172272343948123,1.11671665012922,0.123599389740974,0.349836303691912,7.95484455070471e-09,6.38891722391628e-09,1.24510058150801,0.21309478041323,0.445776719723398
"2368","nmf63","Autism",0.139379607220676,0.111463257398737,0.0229330671031704,0.799709940509878,0.164536746518887,0.21620548066139,-7.31581818742256e-09,6.53180685725734e-09,-1.12002977848222,0.262701072545478,0.504019499651209
"2369","nmf63","BMI",0.139379607220676,0.144943058991623,0.00703537915390457,1.03991582328208,0.0504763881474111,0.429023771519889,-5.62380944806434e-09,2.08119497417303e-09,-2.70220210881442,0.00688818775015288,0.0441379020883582
"2370","nmf63","Bipolar",0.139379607220676,0.14229275916181,0.0101771477997448,1.02090084768657,0.0730174808401605,0.775230716862937,-8.31971670194425e-09,2.91140530136472e-09,-2.85762916555946,0.00426818881006555,0.0319094217940725
"2375","nmf63","Epilepsy",0.139379607220676,0.163883919268234,0.0182399847920353,1.17580988019833,0.130865520112683,0.175086948608776,-1.7698062091759e-08,1.50536300666027e-08,-1.17566739805989,0.239727811366025,0.477866062077161
"2376","nmf63","Age of smoking",0.139379607220676,0.123677372563969,0.0139605489962458,0.887341950735686,0.100162062977709,0.257212453143521,-2.0417200521923e-09,1.06154809746432e-09,-1.92334201066281,0.0544371118579363,0.189596273489382
"2377","nmf63","Cigarettes per day",0.139379607220676,0.135097005821418,0.0118317998663683,0.969273830765804,0.0848890314896299,0.716744349812711,-3.3792527993201e-09,1.84055100642137e-09,-1.83600062564442,0.0663575641216606,0.220080363418573
"2378","nmf63","Drinks per week",0.139379607220676,0.174427500792233,0.0160340100624922,1.25145639502389,0.115038421919973,0.0339779637709144,1.12722222044671e-09,1.0183472977455e-09,1.10691335160631,0.268331392709224,0.508904365483011
"2379","nmf63","Smoking cessation",0.139379607220676,0.149000639965658,0.00852108448953864,1.0690275495593,0.0611358050108967,0.256562459965593,-1.31199289554773e-09,9.83211144874776e-10,-1.33439587456551,0.18207415135552,0.40804393852171
"2380","nmf63","Smoking initiation",0.139379607220676,0.115507379648761,0.00828453236309495,0.828725105143116,0.0594386261254005,0.0039327237859094,-1.49965433482259e-09,8.03804689576859e-10,-1.86569493095648,0.0620840592825007,0.211213809930157
"2381","nmf63","Height",0.139379607220676,0.276057152909122,0.0153664551011956,1.98061365226871,0.110248948232909,7.13583506238379e-15,3.96519917062224e-08,1.23735110541881e-08,3.20458692222214,0.00135256442969291,0.0160866399448462
"2383","nmf63","Intelligence",0.139379607220676,0.127567350289173,0.00820705926037024,0.915251182242165,0.0588827836727664,0.149177623040235,-6.73217716401623e-09,2.1842875268718e-09,-3.08209293931996,0.00205550649183697,0.0199505041854765
"2384","nmf63","Depression",0.139379607220676,0.12652124068544,0.0104565323104313,0.907745711215284,0.0750219671223186,0.215086752440821,-4.55060501322668e-10,1.02278731780444e-09,-0.444921924041374,0.656376178187222,0.827082001455092
"2392","nmf63","Type 2 Diabetes",0.139379607220676,0.206760860367836,0.0327785113335228,1.48343695674559,0.235174370104411,0.0378417882283409,8.93060354508442e-10,4.34193912588450e-09,0.205682375688885,0.837039026372314,0.916922418930668
"2393","nmf63","Parkinson Disease",0.139379607220676,0.225579151318955,0.0348498181159674,1.61845162156184,0.250035272812834,0.00904951870071207,1.75158979610179e-09,3.170167954276e-09,0.552522712160787,0.580590277974579,0.776473320087583
"2396","nmf63","Schizophrenia",0.139379607220676,0.143307172181615,0.00944477598270221,1.02817890679459,0.0677629688520253,0.678410018083819,-8.66555547474201e-09,5.33577715047072e-09,-1.6240474874363,0.1043656740312,0.291870105341492
"2399","nmf63","Education Years",0.139379607220676,0.135766867021632,0.00781982964776095,0.974079850911589,0.0561045464519067,0.643936948176294,-2.35932780281143e-09,1.56341304697186e-09,-1.50908795815742,0.131276306448167,0.331157822465421
"2400","nmf63","Neuroticism",0.139379607220676,0.133025364349598,0.0079781493355532,0.954410526778014,0.0572404349147116,0.426234643357505,-1.01949351117349e-09,1.42393539974197e-09,-0.715968934656889,0.474010531149272,0.701450561790402
"2401","nmf51","ADHD",0.193964797785129,0.216380138097839,0.0121839822939019,1.11556396092832,0.0628154305989027,0.0669401256716499,-1.01879866166202e-09,2.38557216176181e-09,-0.427066796801322,0.669330676074951,0.834293193974443
"2405","nmf51","Alzheimer Disease",0.193964797785129,0.232076571126142,0.0251393282355734,1.19648809359332,0.129607684088235,0.11856651860944,3.52520101012355e-10,7.28275856472656e-10,0.484047490905105,0.628352165429668,0.815413508604832
"2406","nmf51","Anorexia",0.193964797785129,0.221552012618136,0.0176717210453872,1.14222794624604,0.0911078775488099,0.123063495591194,3.39762680658928e-09,5.19173213750677e-09,0.65443029736525,0.512834620260701,0.729463037439791
"2408","nmf51","Autism",0.193964797785129,0.230505086594139,0.0226769285199356,1.18838618773232,0.116912598465711,0.121014741698952,2.90255975202172e-09,5.06483029111406e-09,0.573081344327389,0.566589618094248,0.767862726780706
"2409","nmf51","BMI",0.193964797785129,0.242309287817507,0.00932486631536037,1.24924362866057,0.0480750446567646,2.90467282621646e-07,3.90892911976573e-09,2.23727260984206e-09,1.74718498879834,0.0806052547397988,0.250648470695637
"2410","nmf51","Bipolar",0.193964797785129,0.283628351210308,0.0118820774324558,1.46226714563179,0.0612589375398859,2.15014500117897e-12,1.23969111705131e-08,2.63395899071998e-09,4.70656954576369,2.51920068319387e-06,0.000361306728158434
"2415","nmf51","Epilepsy",0.193964797785129,0.24378617395372,0.0195590585839558,1.25685782542759,0.100838187172618,0.00524976020109086,1.16290180939797e-08,1.24565811323089e-08,0.933564191527424,0.350528743780379,0.598169670273952
"2416","nmf51","Age of smoking",0.193964797785129,0.224998848121805,0.015451828317592,1.15999836409004,0.0796630548121895,0.0437257139846955,3.5615596805705e-11,8.53758121974983e-10,0.0417162611856811,0.96672489069378,0.991488662327039
"2417","nmf51","Cigarettes per day",0.193964797785129,0.228114186850983,0.0146616270031453,1.17605972555744,0.0755891129244351,0.017586722388186,6.92201912284939e-10,1.44732925987901e-09,0.478261534174195,0.63246407062064,0.815413508604832
"2418","nmf51","Drinks per week",0.193964797785129,0.253027080733595,0.0133247544104973,1.30450001042919,0.06869676643727,1.1901272135503e-05,1.62710971350124e-09,6.73237689295182e-10,2.41684287640622,0.0156557735016914,0.0794831577778181
"2419","nmf51","Smoking cessation",0.193964797785129,0.247424215342727,0.0106458622689174,1.27561401949244,0.0548855379454509,1.23848731964448e-06,2.04993836903021e-09,9.3469649562424e-10,2.19315936095508,0.0282958993806587,0.12048576510474
"2420","nmf51","Smoking initiation",0.193964797785129,0.233519791414285,0.00960386335735828,1.2039287235665,0.0495134347418922,3.77017171392711e-05,7.94948294101496e-10,7.17248016524974e-10,1.10833111529952,0.267718842320958,0.508473196926137
"2421","nmf51","Height",0.193964797785129,0.188519933228491,0.00954730766695259,0.971928594163414,0.0492218576565061,0.568856778720493,-1.97502688082512e-08,6.19575737393263e-09,-3.18770855865763,0.00143404997596661,0.0164290801712615
"2423","nmf51","Intelligence",0.193964797785129,0.250512452272581,0.00869127295575477,1.2915356556095,0.0448085067754554,7.79098347625105e-10,5.24684381892339e-09,1.75205808655007e-09,2.994674582539,0.00274737780196296,0.0228185016679502
"2424","nmf51","Depression",0.193964797785129,0.25040681267083,0.0120628388193366,1.29099102275366,0.0621908663689566,9.27978242371229e-06,1.97942273100283e-09,8.99089483775058e-10,2.20158590076231,0.0276945727655442,0.119466784478818
"2432","nmf51","Type 2 Diabetes",0.193964797785129,0.242305791762365,0.0331861673085302,1.2492256044872,0.171093763855508,0.148567185022762,3.92907632134905e-09,3.75849188886091e-09,1.0453864043165,0.295844417767163,0.542524986724421
"2433","nmf51","Parkinson Disease",0.193964797785129,0.296760724889642,0.0454372143982556,1.52997207884283,0.234254952017584,0.0274789673263,4.44086480586355e-09,3.36842685799079e-09,1.31837946705854,0.187376650798375,0.414995266868884
"2436","nmf51","Schizophrenia",0.193964797785129,0.269561647714514,0.011296518941959,1.38974520527756,0.0582400470134436,2.39167390492112e-10,1.77140789855895e-08,4.78243725007993e-09,3.70398565821086,0.000212238262585915,0.00412858462802579
"2439","nmf51","Education Years",0.193964797785129,0.248585894027403,0.00786168684788313,1.28160314070382,0.0405315136439973,1.89583805683334e-10,3.61503062800405e-09,1.23323196952318e-09,2.93134683282803,0.00337495748383486,0.0274996535719877
"2440","nmf51","Neuroticism",0.193964797785129,0.249955712222787,0.010241276043228,1.28866534070623,0.0527996634449782,2.01366694677053e-07,3.46849699822739e-09,1.30664430260944e-09,2.65450742126271,0.00794242925063088,0.0485370676427442
"2441","nmf26","ADHD",0.190099442071584,0.21173043562661,0.0123101965331239,1.11378778032858,0.0647566157952655,0.0802211898473235,-4.80817481460303e-10,2.41225216304521e-09,-0.199323059515189,0.842010042183595,0.918721060930605
"2445","nmf26","Alzheimer Disease",0.190099442071584,0.249611898398121,0.0253130185234606,1.3130596054255,0.13315672180631,0.0139122437986913,6.41207521715658e-10,6.83512626251435e-10,0.938106330576819,0.348189768825296,0.596039915919392
"2446","nmf26","Anorexia",0.190099442071584,0.206804744967907,0.016901475380623,1.08787665399898,0.0889086006589044,0.327533637897691,8.91849715854279e-10,5.03000831614943e-09,0.177305813390187,0.859268184717048,0.926771889705493
"2448","nmf26","Autism",0.190099442071584,0.216809651634819,0.0224621210729575,1.14050651212946,0.118159847436581,0.253277625587247,1.42568088867242e-09,5.11677314071341e-09,0.278628903307924,0.7805296291413,0.889181319814234
"2449","nmf26","BMI",0.190099442071584,0.236075389154169,0.00940513381598295,1.24185208847311,0.0494748102019224,1.36655656575122e-06,3.68085449097641e-09,2.28074281122842e-09,1.61388407007359,0.106552574582574,0.29445699186527
"2450","nmf26","Bipolar",0.190099442071584,0.274670324404604,0.0119575289873282,1.44487706755696,0.0629014417771172,3.84546826489712e-11,1.11978273834706e-08,2.69154262540769e-09,4.16037527244231,3.17725096564689e-05,0.00107844676524169
"2455","nmf26","Epilepsy",0.190099442071584,0.237390452471808,0.0191177940929477,1.24876985374011,0.100567334046929,0.0071440443237791,7.42084821631166e-09,1.24789360965998e-08,0.594669942923554,0.552064117053911,0.757644082686673
"2456","nmf26","Age of smoking",0.190099442071584,0.212237459728688,0.0150955016537427,1.11645493230205,0.0794084479640835,0.140448047048623,-3.14823883522186e-10,8.64596359240073e-10,-0.364128162416618,0.715762307719459,0.860860694144459
"2457","nmf26","Cigarettes per day",0.190099442071584,0.228730655660938,0.0145479335667237,1.20321581782869,0.0765280182213559,0.00585643323009697,9.55670640676744e-10,1.43914649914001e-09,0.6640537577292,0.506655905110574,0.724578325835273
"2458","nmf26","Drinks per week",0.190099442071584,0.246761600930972,0.0135981026200468,1.29806588721103,0.0715315230379601,3.73988336510216e-05,1.59724452074586e-09,6.99781514389232e-10,2.28249030290538,0.0224604093450155,0.103085336270225
"2459","nmf26","Smoking cessation",0.190099442071584,0.240648426727337,0.010311077298697,1.26590811685138,0.0542404395632801,1.79018633363159e-06,1.99094697978144e-09,9.0861605913658e-10,2.19118621089897,0.0284383200389824,0.120702837464491
"2460","nmf26","Smoking initiation",0.190099442071584,0.229337296541987,0.0096618261302305,1.20640699437523,0.0508251156602146,4.74970853456948e-05,1.14649285464011e-09,7.20357461478944e-10,1.59156101789559,0.111483374923437,0.301553391186347
"2461","nmf26","Height",0.190099442071584,0.191950727452611,0.0098777770124111,1.00973851033361,0.0519611046974643,0.85108868244929,-1.86061271562528e-08,6.47209563371895e-09,-2.87482265548068,0.00404254490165046,0.0310425380139329
"2463","nmf26","Intelligence",0.190099442071584,0.244397763566564,0.00871454503043182,1.28563114601112,0.0458420337033408,4.20990488986049e-09,5.42740910954833e-09,1.800761505148e-09,3.01395220523789,0.002578684262866,0.0222650232835172
"2464","nmf26","Depression",0.190099442071584,0.242939458384178,0.0114056384621573,1.27795987056446,0.0599982742603864,1.19458989610265e-05,2.08211830813539e-09,8.68973893589464e-10,2.39606543245482,0.0165721316463935,0.0831757177689712
"2472","nmf26","Type 2 Diabetes",0.190099442071584,0.234853796891486,0.0311316721284561,1.23542601878363,0.163765194622366,0.155612205403876,3.24138028261765e-09,3.57929788761018e-09,0.905591091995378,0.365152325491224,0.611402745029433
"2473","nmf26","Parkinson Disease",0.190099442071584,0.296919119459947,0.0473642228755231,1.56191473380621,0.249154980989832,0.0247422128695965,4.40440015336731e-09,3.52494907504490e-09,1.24949327198754,0.211484712778453,0.443815295496912
"2476","nmf26","Schizophrenia",0.190099442071584,0.258450699801358,0.0110721470287632,1.3595552779373,0.05824397435419,3.37389174690011e-09,1.51507791173959e-08,4.75450495368935e-09,3.1866154867794,0.00143948006468344,0.0164290801712615
"2479","nmf26","Education Years",0.190099442071584,0.238487912537524,0.00829694524163646,1.25454293783629,0.0436452898084371,5.59746371031012e-08,3.13453543804385e-09,1.33988152524045e-09,2.33941238758503,0.0193141010381916,0.0920383154166533
"2480","nmf26","Neuroticism",0.190099442071584,0.242972038236297,0.00988334214530388,1.27813125377193,0.0519903795487323,2.90829393729863e-07,3.61509805640942e-09,1.28427459417243e-09,2.81489493976866,0.00487931823631416,0.0359815646476798
"2481","nmf1","ADHD",0.177773818816106,0.19971606899823,0.0104918569663908,1.12342790591016,0.0590180097174146,0.0365191533834277,1.12004439701091e-10,2.26112589741587e-09,0.0495348091095219,0.960493097579539,0.98819243086905
"2485","nmf1","Alzheimer Disease",0.177773818816106,0.257873735764805,0.0329069714440335,1.4505720666976,0.185105836524069,0.0105422851581119,9.63868929600386e-10,1.01221182176974e-09,0.952240340282892,0.340975106628217,0.587581123693533
"2486","nmf1","Anorexia",0.177773818816106,0.214055856147903,0.016534738809579,1.20409100492648,0.0930099770578871,0.030726333033858,4.69955429977671e-09,4.85631221516479e-09,0.967720791324211,0.333183831568665,0.578213580938133
"2488","nmf1","Autism",0.177773818816106,0.22024328445429,0.0229524150605038,1.23889606422932,0.129110209891179,0.0445542161812568,4.98904939917933e-09,5.0667605192793e-09,0.984662563031294,0.324789847556392,0.567844501687997
"2489","nmf1","BMI",0.177773818816106,0.220868497440407,0.00898450599776962,1.24241296559467,0.050538971697871,1.74777669296249e-06,2.98348783956793e-09,2.22156269541592e-09,1.34296810336445,0.179282302335845,0.406692750794154
"2490","nmf1","Bipolar",0.177773818816106,0.197633421930564,0.0110111286114507,1.11171275526798,0.0619389777683796,0.0731050517073547,-4.36561933268904e-09,2.6108976646423e-09,-1.67207600351779,0.0945093358288279,0.274860120683983
"2495","nmf1","Epilepsy",0.177773818816106,0.261194912919808,0.0209497933584359,1.46925410422777,0.117845211955012,0.000159384372960175,3.502977078367e-08,1.53784600827689e-08,2.27784645505045,0.0227357274247737,0.103131134710314
"2496","nmf1","Age of smoking",0.177773818816106,0.207269066056546,0.0147071976858606,1.16591446050304,0.0827298293067221,0.0463333106444232,9.84266252126436e-11,8.66753938860667e-10,0.113557747821745,0.909588382965008,0.956949189406662
"2497","nmf1","Cigarettes per day",0.177773818816106,0.216412294978713,0.0139947794939659,1.21734626853336,0.0787223877349592,0.00327447146167463,1.31613541691657e-09,1.29869492427855e-09,1.01342924524611,0.310855176271187,0.55789959709339
"2498","nmf1","Drinks per week",0.177773818816106,0.201516576400547,0.0112678426058908,1.13355598559201,0.0633830261448485,0.033516166965529,-6.10660177138434e-10,6.1863078486228e-10,-0.987115727314443,0.323585908566907,0.56655832482419
"2499","nmf1","Smoking cessation",0.177773818816106,0.206096762617668,0.0101700972710944,1.15932010680864,0.0572080711255609,0.00453352576322676,4.23421603897534e-10,9.22064929104026e-10,0.459210181986831,0.646083239472344,0.820588344774593
"2500","nmf1","Smoking initiation",0.177773818816106,0.213356411240848,0.011022929739542,1.20015653970706,0.0620053605921827,0.00152211223079521,7.05491702552971e-10,8.29011964357969e-10,0.851003040829865,0.394767663615895,0.630617580066756
"2501","nmf1","Height",0.177773818816106,0.259627538253064,0.0136737633866588,1.46043742538731,0.0769166319186925,4.86739694665276e-08,1.42191836642215e-08,9.05105039538301e-09,1.57099817624204,0.116183072413939,0.311710682086178
"2503","nmf1","Intelligence",0.177773818816106,0.213953496704453,0.00922583808973605,1.20351522023483,0.0518964949460837,0.000107330153921344,9.53878450560409e-10,2.1355889297924e-09,0.446658267072558,0.655121818369071,0.827082001455092
"2504","nmf1","Depression",0.177773818816106,0.216675337881431,0.0110786237495289,1.2188259178117,0.0623186463749699,0.000528342551636765,1.45408841844998e-09,9.00526393980633e-10,1.61470938350003,0.106373644530864,0.29445699186527
"2512","nmf1","Type 2 Diabetes",0.177773818816106,0.234683181535433,0.0356379347284514,1.32012229415061,0.200467847097981,0.101458464832185,5.42999067436843e-10,3.97231881405837e-09,0.136695741921601,0.891271295392284,0.947036270354884
"2513","nmf1","Parkinson Disease",0.177773818816106,0.281479994489679,0.0379722878486951,1.58336022910578,0.213598875816324,0.00206096776334491,3.96776767301382e-09,2.54187589246259e-09,1.56096042484978,0.118533088759501,0.316088236692003
"2516","nmf1","Schizophrenia",0.177773818816106,0.229513396855535,0.00970604096321228,1.29104160772374,0.0545976962628702,2.22987811511914e-07,6.19625784200437e-09,4.39845723553375e-09,1.40873436075421,0.158913730631247,0.377277202218068
"2519","nmf1","Education Years",0.177773818816106,0.218047551587055,0.00833207644311642,1.22654479179867,0.0468689737251768,2.07839237435988e-06,1.78593466551678e-09,1.41731771849977e-09,1.26008067365953,0.207640261318073,0.439944052872963
"2520","nmf1","Neuroticism",0.177773818816106,0.221841943597097,0.00981929730245952,1.24788872216654,0.0552347773583964,1.23129994149156e-05,2.7679407216963e-09,1.35428806512374e-09,2.04383453784878,0.0409698959115591,0.155607988470095
"2521","nmf48","ADHD",0.159260808175055,0.172367695222227,0.0106184770257,1.08229825779087,0.0666735096184399,0.217330165935573,-6.09404202814549e-10,2.34400327489914e-09,-0.259984364928318,0.79487583399524,0.89908834693549
"2525","nmf48","Alzheimer Disease",0.159260808175055,0.32133708425044,0.0327609803978058,2.01767834743898,0.205706480917741,8.59405280586737e-07,2.3773839152377e-09,8.8959719248607e-10,2.67242740345646,0.00753046665863434,0.0466676807013959
"2526","nmf48","Anorexia",0.159260808175055,0.170713552393936,0.0158916676101089,1.07191188058203,0.099783919171384,0.472163826123598,-7.50722260391208e-10,5.05058955205493e-09,-0.148640520607295,0.881837297339519,0.941767987449972
"2528","nmf48","Autism",0.159260808175055,0.207021310365018,0.0223411688988228,1.2998886087371,0.140280393869822,0.0226120433706133,9.13289518420223e-09,5.31370636660517e-09,1.71874291767407,0.0856611935649453,0.259557233906401
"2529","nmf48","BMI",0.159260808175055,0.192094301142904,0.0078476590082632,1.20616178797586,0.0492755191825807,2.33021552564106e-05,5.54430557621821e-10,2.06539292295534e-09,0.268438296393741,0.788361964585086,0.895557481284263
"2530","nmf48","Bipolar",0.159260808175055,0.182002522667317,0.0098991393486927,1.14279542313552,0.0621567820867258,0.0230828523512562,-4.01524892633043e-09,2.50135224783012e-09,-1.60523130231401,0.10844291112685,0.296138702902126
"2535","nmf48","Epilepsy",0.159260808175055,0.232546824953533,0.0206376304102442,1.46016353689431,0.129583860880324,0.0010519873627674,2.46675803589086e-08,1.72473300222254e-08,1.43022603076078,0.15265215667167,0.366365176012008
"2536","nmf48","Age of smoking",0.159260808175055,0.180276707174926,0.0127921655110278,1.13195901264529,0.0803221185275354,0.0994085895502535,-1.68222765461818e-10,8.27968477513788e-10,-0.20317532615125,0.838997997494151,0.917545448792278
"2537","nmf48","Cigarettes per day",0.159260808175055,0.200891607959231,0.0155019027420701,1.26140015400661,0.0973365821742593,0.00612667147877537,1.22600875628583e-09,1.62236991251091e-09,0.755690022868064,0.449835067345637,0.682014801744655
"2538","nmf48","Drinks per week",0.159260808175055,0.181708944131843,0.0114668758746116,1.14095204095733,0.0720006133712923,0.0487822193005703,-6.37312839155666e-10,6.97716332659716e-10,-0.91342686034912,0.361018084087463,0.606289912207953
"2539","nmf48","Smoking cessation",0.159260808175055,0.179497492564008,0.0101305344080549,1.12706631732466,0.0636097136774525,0.0429447405704211,-2.0904981462666e-10,1.01176008028845e-09,-0.206619947455389,0.836306680601137,0.916922418930668
"2540","nmf48","Smoking initiation",0.159260808175055,0.17787531215534,0.0108421618722698,1.11688063242668,0.0680780287159688,0.0868436155690516,1.07978092006926e-10,8.77861709570273e-10,0.123001255015192,0.902106104156147,0.952932991762813
"2541","nmf48","Height",0.159260808175055,0.233267134951002,0.0120886629148446,1.46468636963466,0.0759048196060708,8.55083895174317e-09,3.78345468517595e-09,8.3154180246209e-09,0.454992722431226,0.649114474504994,0.823084636259935
"2543","nmf48","Intelligence",0.159260808175055,0.177377155603186,0.00873487843027035,1.11375270310206,0.0548463776516143,0.0370630224497507,-2.26113366986832e-09,2.13473754911669e-09,-1.05920920855303,0.289504512195316,0.535969082886139
"2544","nmf48","Depression",0.159260808175055,0.182518063469734,0.0101472410421154,1.14603250831878,0.0637146147780556,0.0223354588643957,9.97802467272014e-10,8.97744016571117e-10,1.11145543590818,0.266372361951308,0.508109129733708
"2552","nmf48","Type 2 Diabetes",0.159260808175055,0.178574591080352,0.0309220365999091,1.12127141088012,0.194159736813093,0.525054622484023,-4.25632890277002e-09,3.88653919817342e-09,-1.09514626914618,0.273452560829387,0.51630358056476
"2553","nmf48","Parkinson Disease",0.159260808175055,0.273609352722125,0.041232640802726,1.71799550597145,0.25890011029835,0.00132830752209731,4.83386267274554e-09,2.82347993081654e-09,1.71202303228258,0.0868924240041372,0.261271069898545
"2556","nmf48","Schizophrenia",0.159260808175055,0.203577776507202,0.00974751619737061,1.27826662968729,0.0612047390005483,1.1793137365125e-05,5.81619765929536e-09,4.88239925935108e-09,1.19125809880374,0.233552277738398,0.472835899715775
"2559","nmf48","Education Years",0.159260808175055,0.186160777261354,0.00734054407505381,1.16890513990568,0.046091340105378,0.000234919493482219,7.55160417585375e-10,1.30948950703783e-09,0.576683061243924,0.564153577132275,0.766493237105598
"2560","nmf48","Neuroticism",0.159260808175055,0.177174640494696,0.00991492804436124,1.1124811089741,0.0622559194441802,0.0726369673717874,1.38047840708297e-10,1.47358718874276e-09,0.09368148811478,0.925362175941419,0.967027871738351
"2561","nmf42","ADHD",0.166276054706811,0.18576388323777,0.0116779583361229,1.11720165339093,0.0702323515957496,0.0952206133580182,-7.20442020972405e-11,2.57423804252189e-09,-0.027986612312924,0.977672828792269,0.993390623492243
"2565","nmf42","Alzheimer Disease",0.166276054706811,0.202727548154516,0.020409332757342,1.21922274684697,0.122743667410975,0.0726006904006334,-4.11607332430601e-10,6.58193374233605e-10,-0.625359276686541,0.531735283403958,0.745898590959856
"2566","nmf42","Anorexia",0.166276054706811,0.187429942216167,0.0164049272376308,1.12722149047051,0.0986607919375827,0.194357546515672,1.6990515766319e-09,5.07613677108447e-09,0.334713514086208,0.737841206148391,0.871919394836424
"2568","nmf42","Autism",0.166276054706811,0.217136916026058,0.0213555067531995,1.30588205504953,0.128434047769866,0.0117074424983898,6.77288035447567e-09,4.84738729153558e-09,1.39722286401632,0.162346563236822,0.38404563346345
"2569","nmf42","BMI",0.166276054706811,0.213125790689564,0.00905402307092099,1.28175876595918,0.0544517554670493,3.59531462478086e-07,4.31710836290818e-09,2.39769612524374e-09,1.80052355986909,0.0717780069028538,0.230527905381428
"2570","nmf42","Bipolar",0.166276054706811,0.220153725650717,0.0109257721761708,1.32402543492451,0.0657086325234009,1.00527585447286e-06,4.22878279044482e-09,2.67115907003558e-09,1.58312653030749,0.113392627776566,0.305971300016776
"2575","nmf42","Epilepsy",0.166276054706811,0.260269511155183,0.0212019858285957,1.56528558254589,0.127510758334869,1.12621630763995e-06,4.12350467075511e-08,1.3770144754104e-08,2.9945252895952,0.00274872268185264,0.0228185016679502
"2576","nmf42","Age of smoking",0.166276054706811,0.207398184617371,0.0144308030604767,1.24731239854752,0.0867882214665365,0.0044976729833372,1.02602939953852e-09,8.7229791181221e-10,1.17623736758344,0.239500036083232,0.477866062077161
"2577","nmf42","Cigarettes per day",0.166276054706811,0.228259977056671,0.0288532194688477,1.37277720149876,0.173526004810034,0.0382282418172929,3.5620410737429e-09,3.0336133586494e-09,1.17419085843186,0.240318586814689,0.477866062077161
"2578","nmf42","Drinks per week",0.166276054706811,0.219801856068944,0.0124655121919655,1.32190925780933,0.0749687753534054,1.34735897879748e-05,1.21704989381204e-09,6.74299191851138e-10,1.80491080001283,0.0710886414949173,0.229606510898963
"2579","nmf42","Smoking cessation",0.166276054706811,0.206669284213853,0.0136381356035527,1.24292872222802,0.0820210440258539,0.00369575221538621,1.31297895907886e-09,1.2591228078967e-09,1.04277275484519,0.297053552610416,0.542973606108074
"2580","nmf42","Smoking initiation",0.166276054706811,0.20767929052341,0.00959366776864714,1.2490029961897,0.057697229980368,3.85218981186293e-05,1.47074572528629e-09,7.9696410545108e-10,1.84543534047102,0.0649742362300358,0.218234075887143
"2581","nmf42","Height",0.166276054706811,0.194247351452907,0.0121631340784404,1.16822203771563,0.073150244633163,0.0204581421320164,-1.24651257164944e-08,8.17631459062456e-09,-1.52454086475436,0.127373656780485,0.326472285340273
"2583","nmf42","Intelligence",0.166276054706811,0.20744469995195,0.00917114963181145,1.24759214619164,0.0551561657388529,1.22535535922122e-05,2.83486550070572e-09,2.15934485600077e-09,1.3128359246684,0.189238241792802,0.417257660846193
"2584","nmf42","Depression",0.166276054706811,0.213058487970865,0.0110381976576988,1.28135400101081,0.0663847700570118,5.03992072163894e-05,2.1729391926231e-09,9.67726437680932e-10,2.24540645787289,0.0247420512220581,0.110375101671942
"2592","nmf42","Type 2 Diabetes",0.166276054706811,0.209048913760219,0.0320112267482831,1.25724004053877,0.192518560803763,0.169316918858628,1.55579902281726e-09,3.72838924538802e-09,0.417284494836951,0.676470328276193,0.837925707085961
"2593","nmf42","Parkinson Disease",0.166276054706811,0.228828360318281,0.0318905645364882,1.3761955124673,0.191792886791305,0.042742818763978,6.21996933313113e-10,2.41835609331926e-09,0.257198240999904,0.797025741825321,0.899916090930038
"2596","nmf42","Schizophrenia",0.166276054706811,0.223331095877323,0.00952149755299109,1.34313444152325,0.0572631914425683,1.3952883664523e-08,1.13598892293356e-08,4.6788979814622e-09,2.4278984654813,0.015186594209288,0.0776988540940316
"2599","nmf42","Education Years",0.166276054706811,0.210727505393948,0.00822705781802365,1.26733525019893,0.0494783078208713,1.61723021986003e-07,3.07409806878446e-09,1.42144436834309e-09,2.16265802394207,0.0305674918692908,0.126883928514037
"2600","nmf42","Neuroticism",0.166276054706811,0.21295960881784,0.00981456937450088,1.28075933238459,0.0590257532379306,5.93597348636792e-06,3.3751992899712e-09,1.34887491914579e-09,2.50223296620314,0.0123412686014352,0.0667642399749773
"2601","nmf35","ADHD",0.192613550485736,0.237560486913086,0.0128737604376854,1.23335293033123,0.06683725213112,0.00055299246693623,3.25226204677875e-09,2.50042201694331e-09,1.30068525422542,0.193366211666083,0.422588409601374
"2605","nmf35","Alzheimer Disease",0.192613550485736,0.230144051072401,0.0232077411846078,1.19484870348955,0.12048862152264,0.0968198020257016,2.19750876690907e-10,6.85647678643382e-10,0.320501160487708,0.748588450784308,0.876727337151321
"2606","nmf35","Anorexia",0.192613550485736,0.218856788312182,0.0174947664590608,1.136248139138,0.0908283265374747,0.140067300267797,2.02671307746477e-09,4.96297100095898e-09,0.40836689899521,0.683004331171916,0.838380317757079
"2608","nmf35","Autism",0.192613550485736,0.248609047176551,0.0207238462698489,1.29071421273117,0.107592878162451,0.0127956196918253,6.89151664683591e-09,4.62432071273021e-09,1.49027653464094,0.136151539762049,0.3384558050582
"2609","nmf35","BMI",0.192613550485736,0.238617499479183,0.00847055823117779,1.23884066763441,0.0439769590966814,6.17326783135169e-08,2.24773714703162e-09,2.02404362140465e-09,1.11051813471872,0.266775817980448,0.508144415200853
"2610","nmf35","Bipolar",0.192613550485736,0.280117662183386,0.0119487159366124,1.4542988355543,0.0620346590698314,4.39255672389213e-12,1.03826380536459e-08,2.67328809860834e-09,3.88384553802894,0.000102817239218983,0.00244121443140216
"2615","nmf35","Epilepsy",0.192613550485736,0.274702108979765,0.020567690793842,1.42618267659267,0.106782159105494,1.08941418629958e-05,3.17301712925633e-08,1.23235077705888e-08,2.57476782448989,0.010030739427625,0.0573185110150002
"2616","nmf35","Age of smoking",0.192613550485736,0.239398090452559,0.0156770246025047,1.24289329514378,0.0813910784727767,0.00323540317176928,9.32151502753564e-10,8.46439429210898e-10,1.10126191028527,0.270782683659098,0.512816560157833
"2617","nmf35","Cigarettes per day",0.192613550485736,0.24131174823002,0.013320035463017,1.25282851399331,0.0691541972484608,0.000134222946755658,1.69670664614123e-09,1.26276916223509e-09,1.34363959533037,0.179064959043006,0.406692750794154
"2618","nmf35","Drinks per week",0.192613550485736,0.248806967379644,0.0123147131418273,1.29174176350625,0.0639348223983818,7.93779260556456e-06,1.3030541262542e-09,6.41036780296614e-10,2.03272911368872,0.0420798982358854,0.157044010044244
"2619","nmf35","Smoking cessation",0.192613550485736,0.252451012954419,0.0103390922828183,1.31066071061866,0.0536779071708351,3.28846508203362e-08,2.18635311207607e-09,8.77536441384691e-10,2.49146703084622,0.0127216773248085,0.0685412819132537
"2620","nmf35","Smoking initiation",0.192613550485736,0.247218731626399,0.0107042337491745,1.28349605208439,0.0555736277233893,4.65108530490434e-07,1.74917594048562e-09,7.87582940462692e-10,2.22094188512769,0.0263548978224923,0.114813416256402
"2621","nmf35","Height",0.192613550485736,0.19203739802118,0.0108484599363165,0.997008764632065,0.0563224129816343,0.957616265645802,-2.17970434935504e-08,7.19433712561952e-09,-3.0297500816204,0.00244756178376284,0.0217116439345254
"2623","nmf35","Intelligence",0.192613550485736,0.263143532620724,0.0093574901766426,1.36617352183751,0.0485816815745555,3.5531814970725e-12,7.98829327554373e-09,1.91092849457412e-09,4.1803203511935,2.91098710130704e-05,0.00107565847622685
"2624","nmf35","Depression",0.192613550485736,0.258069227412885,0.0122128238136607,1.33982903467633,0.0634058392198377,2.77895485200629e-07,2.6385187873748e-09,9.22970339161523e-10,2.85872543831882,0.0042534675668653,0.0319094217940725
"2632","nmf35","Type 2 Diabetes",0.192613550485736,0.237673887999067,0.0322879107824756,1.2339416795947,0.167630525999087,0.155874144789978,2.61056638011188e-09,3.57367854745518e-09,0.7304983773571,0.465085604461512,0.696046482867569
"2633","nmf35","Parkinson Disease",0.192613550485736,0.25848903445634,0.0487179380361208,1.34200856484125,0.252931000509897,0.18650612145571,1.33278993460785e-09,3.69831099417181e-09,0.360378004096519,0.718564473322471,0.860860694144459
"2636","nmf35","Schizophrenia",0.192613550485736,0.279938017587902,0.0104812407097793,1.45336616703212,0.0544159052327705,1.6875513079048e-14,2.13601001567621e-08,4.21403669014778e-09,5.06879785994769,4.00336111440264e-07,0.000264221833550574
"2639","nmf35","Education Years",0.192613550485736,0.259048477454366,0.00812363220775553,1.34491304895784,0.0421758084375124,2.74753152584943e-13,5.14008154704011e-09,1.31058943093525e-09,3.92196169579368,8.78309572535807e-05,0.00231873727149453
"2640","nmf35","Neuroticism",0.192613550485736,0.245560544826147,0.0102599849572683,1.27488717282293,0.0532672022886995,3.78057633808558e-07,2.72579142994526e-09,1.33772818121023e-09,2.03762727602797,0.041587222103056,0.156765291449039
