{"tissue_hires_scalef": 0.066341594, "tissue_lowres_scalef": 0.019902477, "fiducial_diameter_fullres": 291.15607, "spot_diameter_fullres": 180.23947000000004}