{"tissue_hires_scalef":0.077363454,"tissue_lowres_scalef":0.0268235032649523,"spot_diameter_fullres":180.16238}
