{"tissue_hires_scalef":0.07235366,"tissue_lowres_scalef":0.0237809893179951,"spot_diameter_fullres":180.24078}
