{"tissue_hires_scalef":0.076716535,"tissue_lowres_scalef":0.0174554118316268,"spot_diameter_fullres":180.25316}
