{"tissue_lowres_scalef": 0.028165708250205375, "fiducial_diameter_fullres": 291.20537999999993, "spot_diameter_fullres": 180.27}