{"tissue_hires_scalef": 0.046942847083675625, "fiducial_diameter_fullres": 291.20537999999993, "spot_diameter_fullres": 180.27}