{"tissue_hires_scalef": 0.046410173, "tissue_lowres_scalef": 0.013923052, "fiducial_diameter_fullres": 291.52017, "spot_diameter_fullres": 180.46486000000002}