{"tissue_hires_scalef":0.046410173,"tissue_lowres_scalef":0.0215443743133462,"spot_diameter_fullres":180.46486}
