{"tissue_lowres_scalef": 0.018869111264859423, "fiducial_diameter_fullres": 291.15607, "spot_diameter_fullres": 180.23947000000004}