{"tissue_hires_scalef": 0.06708933, "tissue_lowres_scalef": 0.0201268, "fiducial_diameter_fullres": 291.51105, "spot_diameter_fullres": 180.45922999999996}