{"tissue_lowres_scalef": 0.020004000800160033, "fiducial_diameter_fullres": 291.0299, "spot_diameter_fullres": 180.16136}