Astrocyte_A,Astrocyte_B,DRD1_MSN_A,DRD1_MSN_B,DRD1_MSN_C,DRD1_MSN_D,DRD2_MSN_A,DRD2_MSN_B,Endothelial,Ependymal,Excitatory,Inh_A,Inh_B,Inh_C,Inh_D,Inh_E,Inh_F,Microglia,Oligo,OPC
HES4,SAMD11,TNFRSF4,TMEM240,KLHL17,FNDC10,TNFRSF4,SAMD11,HES4,TTLL10,PERM1,CPTP,B3GALT6,FNDC10,SAMD11,PERM1,PERM1,TNFRSF4,ANKRD65,AGRN
MXRA8,PERM1,ACAP3,GABRD,ACAP3,CFAP74,ACAP3,KLHL17,ISG15,ANKRD65,C1orf159,AURKAIP1,C1QTNF12,MMP23B,KLHL17,B3GALT6,C1QTNF12,CFAP74,TMEM88B,SCNN1D
HES5,MXRA8,CALML6,PRKCZ,ATAD3A,GABRD,GABRD,C1orf159,AGRN,TMEM52,TNFRSF18,FNDC10,CPTP,AJAP1,AGRN,CPTP,FNDC10,SKI,VWA1,ACAP3
PRDM16,CALML6,GABRD,KCNAB2,TMEM240,PRKCZ,PLCH2,TMEM240,TNFRSF4,CFAP74,TPRG1L,MMP23B,FNDC10,CHD5,FNDC10,FNDC10,PLCH2,TNFRSF14,ATAD3C,VWA1
ARHGEF16,HES5,PLCH2,GPR153,GABRD,TPRG1L,NPHP4,GABRD,MXRA8,FAAP20,CCDC27,GABRD,MMP23B,RNF207,CALML6,MMP23B,PRXL2B,SMIM1,ARHGEF16,HES5
KLHL21,TTC34,MMEL1,CAMTA1,PLCH2,UTS2,KCNAB2,PRKCZ,VWA1,MORN1,KCNAB2,AJAP1,TMEM52,GPR153,PLCH2,PRXL2B,MMEL1,SLC2A5,SPSB1,SPSB1
PER3,PRDM16,NPHP4,UTS2,PANK4,DISP3,TNFRSF25,PLCH2,TNFRSF14,MMEL1,CHD5,CHD5,GABRD,ACOT7,MMEL1,ARHGEF16,PRDM16,PIK3CD,RBP7,EXOSC10
ENO1,MEGF6,KCNAB2,SLC45A1,MMEL1,MAD2L2,PLEKHG5,PANK4,MEGF6,TTC34,RNF207,SLC45A1,PLCH2,ESPN,AJAP1,TPRG1L,ARHGEF16,MTHFR,UBE4B,PDPN
SLC25A33,SMIM1,TNFRSF25,CENPS,MEGF6,DRAXIN,NPPB,CCDC27,GPR157,TP73,PLEKHG5,CLSTN1,LRRC47,TNFRSF25,CHD5,SMIM1,CHD5,TNFRSF1B,ZBTB17,KAZN
KIF1B,KLHL21,PLEKHG5,PEX14,AJAP1,PLA2G2C,TNFRSF8,NPHP4,PIK3CD,CCDC27,EFHD2,C1orf127,CHD5,PLEKHG5,RNF207,CHD5,RNF207,DHRS3,PADI2,TMEM51
AGTRAP,SPSB1,TNFRSF8,CASZ1,NPHP4,CAMK2N1,CELA2A,KCNAB2,AGTRAP,TAS1R1,IGSF21,MASP2,TNFRSF25,ANGPTL7,ACOT7,RNF207,GPR153,PDPN,TEX46,ARHGEF19
DHRS3,SLC25A33,CELA2B,C1orf127,KCNAB2,SH2D5,CELA2B,ICMT,C1orf167,KLHL21,CAMK2N1,SRM,PLEKHG5,LRRC38,ESPN,ACOT7,ACOT7,TMEM51,NIPAL3,NBPF1
TMEM51,DISP3,HTR6,SRM,CHD5,WNT4,HTR6,GPR153,PLOD1,AGTRAP,WNT4,ANGPTL7,CLSTN1,PDPN,TNFRSF9,ESPN,EFHD2,EFHD2,RCAN3,RCC2
CASP9,AGTRAP,KIF17,DISP3,RNF207,TEX46,KIF17,TNFRSF9,TNFRSF1B,C1orf158,EPHA8,FBXO2,SRM,AGMAT,CA6,TNFRSF9,CTRC,AGMAT,SRRM1,IGSF21
UQCRHL,MIIP,SH2D5,FBXO44,PLEKHG5,HTR1D,SH2D5,ERRFI1,TMEM51,PDPN,EPHB2,NPPA,DISP3,HSPB7,C1orf127,SLC45A1,FBLIM1,PADI2,CLIC4,ALDH4A1
FAM131C,DHRS3,RAP1GAP,DRAXIN,NPPB,ZNF436,RAP1GAP,SLC45A1,SRARP,FHAD1,AUNIP,KAZN,DRAXIN,FAM131C,CTRC,PIK3CD,CLCNKA,PADI1,LDLRAP1,IFFO2
ARHGEF19,C1orf158,HTR1D,NPPB,PRDM2,AUNIP,HTR1D,PEX14,HSPB7,CLCNKA,STMN1,AGMAT,KAZN,NBPF1,CPLANE2,CLSTN1,FAM131C,RCC2,PAFAH2,ALPL
ARHGEF10L,PDPN,IL22RA1,TNFRSF8,HTR6,STMN1,IL22RA1,CASZ1,EPHA2,CROCC,EXTL1,FBLIM1,EFHD2,MFAP2,ATP13A2,CTNNBIP1,ATP13A2,IGSF21,TRIM63,HNRNPR
ALDH4A1,CASP9,RHD,KLHDC7A,PLA2G2C,SMPDL3B,RHD,C1orf127,ARHGEF19,MFAP2,SLC30A2,HSPB7,CTRC,ATP13A2,PADI1,PGD,PADI1,CAPZB,CNKSR1,TCEA3
AKR7A3,UQCRHL,RHCE,HTR6,CAMK2N1,XKR8,RHCE,MASP2,MFAP2,KLHDC7A,SMPDL3B,FAM131C,CELA2A,KLHDC7A,PADI3,CENPS,PADI3,MICOS10,CEP85,ASAP3
PLA2G5,PADI2,SFN,CAMK2N1,KIF17,EPB41,SFN,SRM,NBL1,AKR7A2,PTPRU,ATP13A2,FBLIM1,PAX7,UBR4,CORT,PLA2G2C,TMCO4,ZNF683,CLIC4
TCEA3,ARHGEF10L,ADGRB2,SH2D5,SH2D5,NKAIN1,OPRD1,DISP3,CDA,TMCO4,MATN1,PAX7,FAM131C,NBL1,CELA3B,FBXO2,FAM43B,C1QA,THEMIS2,EXTL1
ASAP3,ALDH4A1,HPCA,RAP1GAP,RAP1GAP,DLGAP3,EPB41,FBXO44,ECE1,UBXN10,FABP3,NBL1,ATP13A2,FAM43B,NIPAL3,VPS13D,WNT4,C1QC,PHACTR4,TRIM63
PAFAH2,IFFO2,SMIM12,HTR1D,HTR1D,TFAP2E,ADGRB2,NPPB,ALPL,VWA5B1,HCRTR1,PLA2G2C,NBL1,EPHA8,RCAN3,DHRS3,EPHA8,C1QB,NKAIN1,TENT5B
SDC3,AKR7A3,DLGAP3,ZNF436,SLC30A2,SH3D21,HPCA,CELA2A,HSPG2,KIF17,ADGRB2,CAMK2N1,CAMK2N1,EPHB2,AUNIP,LRRC38,PITHD1,EPHB2,COL16A1,MATN1
COL16A1,PLA2G5,NCDN,MAN1C1,CD52,GRIK3,SMIM12,PADI4,WNT4,LDLRAD2,CSMD2,FAM43B,FAM43B,PITHD1,EXTL1,CTRC,STMN1,GRHL3,SPOCD1,SDC3
ZC3H12A,PLA2G2C,TFAP2E,EXTL1,SLC9A1,MEAF6,DLGAP3,HTR6,TCEA3,HSPG2,C1orf216,EPHA8,CELA3B,IL22RA1,DHDDS,FBLIM1,TRNP1,NCMAP,PTP4A2,COL16A1
MACF1,UBXN10,CLSPN,SLC30A2,STX12,EPHA10,NCDN,TMCO4,ID3,LYPLA2,SH3D21,LUZP1,WNT4,IFNLR1,ZDHHC18,FAM131C,GPR3,RUNX3,MARCKSL1,MARCKSL1
HEYL,ECE1,SH3D21,KDF1,SMPDL3B,MANEAL,TFAP2E,OTUD3,PNRC2,MYOM3,GRIK3,PITHD1,EPHB2,TRIM63,GPR3,ATP13A2,PTPRU,WASF2,AZIN2,ZBTB8B
COL9A2,TCEA3,EPHA10,SLC9A1,XKR8,BMP8A,CLSPN,KIF17,CLIC4,IL22RA1,HPCAL4,GALE,TCEA3,PDIK1L,OPRD1,PADI1,FABP3,THEMIS2,TRIM62,ZBTB8A
ZNF684,ASAP3,POU3F1,SMPDL3B,ATP5IF1,HPCAL4,CDCA8,SH2D5,RUNX3,IFNLR1,RIMS3,FAM110D,FUCA1,ZNF593,EPB41,PADI3,HCRTR1,PTAFR,C1orf94,TRIM62
SLC6A9,ID3,BMP8A,EPB41,MECR,BMP8B,EPHA10,RAP1GAP,LDLRAP1,STPG1,HIVEP3,ZNF593,STMN1,NR0B2,MATN1,IGSF21,SPOCD1,RAB42,MAP7D1,CSMD2
ARMH1,GRHL3,HPCAL4,TMEM200B,NKAIN1,OXCT2,POU3F1,MAN1C1,FAM110D,PAQR7,TSPAN1,DHDDS,ZNF683,KDF1,NKAIN1,NBL1,ZBTB8B,LAPTM5,C1orf122,SFPQ
HPDL,CLIC4,ZFP69B,ADGRB2,ADGRB2,MYCL,BMP8A,EXTL1,CD52,UBXN11,TMEM275,TRNP1,TRNP1,TRNP1,ZCCHC17,CAMK2N1,FNDC5,RNF19B,GJA9,ZMYM4
MUTYH,MAN1C1,KCNQ4,HPCA,HPCA,ZFP69B,ZFP69B,SLC9A1,ZNF683,KDF1,CYP4X1,MAP3K6,IFI6,SYTL1,FABP3,FAM43B,C1orf216,AZIN2,RHBDL2,FHL3
TESK2,SFN,SLFNL1,PHC2,PHC2,FOXO6,KCNQ4,SMPDL3B,MAP3K6,FCN3,CYP4Z1,GPR3,SESN2,MAP3K6,SERINC2,PITHD1,MAP7D1,COL8A2,BMP8B,BMP8A
CCDC163,COL16A1,TMEM269,SMIM12,CSMD2,EDN2,SLFNL1,EPB41,FCN3,CD164L2,CYP4A22,ATP5IF1,FABP3,GPR3,ZSCAN20,FUCA1,GRIK3,CSF3R,OXCT2,BMP8B
NASP,SPOCD1,LURAP1,DLGAP3,C1orf94,HIVEP3,TMEM269,TMEM200B,FGR,FAM76A,AGBL4,SESN2,HCRTR1,AHDC1,CSMD2,MYOM3,CDCA8,ZC3H12A,COL9A2,OXCT2
SLC5A9,FAM167B,RAD54L,NCDN,DLGAP3,PTPRF,LURAP1,HCRTR1,IFI6,COL16A1,BEND5,RAB42,FAM167B,SESN2,C1orf94,IL22RA1,EPHA10,FHL3,TMEM125,COL9A2
SPATA6,HDAC1,FAAH,TFAP2E,NDUFS5,ARTN,RAD54L,ADGRB2,TMEM200B,IQCC,ELAVL4,FABP3,MARCKSL1,OPRD1,CLSPN,IFNLR1,MANEAL,PABPC4,CDC20,ZFP69
C1orf185,C1orf94,CYP4A11,CDCA8,BMP8A,PTCH2,FAAH,SPOCD1,TINAGL1,DCDC2B,RNF11,HCRTR1,ZBTB8B,PTPRU,SH3D21,RCAN3,NT5C1A,MYCL,ELOVL1,HYI
EPS15,ZC3H12A,TTC39A,EPHA10,NT5C1A,LURAP1,CYP4A11,YARS,LCK,TMEM234,RAB3B,ZBTB8B,ZBTB8A,SERINC2,STK40,STMN1,HPCAL4,CAP1,IPO13,KLF17
ECHDC2,MACF1,GLIS1,POU3F1,HPCAL4,FAAH,CYP4A22,S100PBP,GJA4,FAM167B,GLIS1,FNDC5,TMEM54,HCRTR1,C1orf109,SH3BGRL3,RIMS3,SMAP2,SLC6A9,HPDL
CPT2,PPIE,CDCP2,BMP8A,BMP8B,CYP4A11,TTC39A,HPCA,TMEM35B,KIAA1522,LRRC42,C1orf216,C1orf216,FAM229A,MTF1,TRNP1,RIMKLA,ERMAP,RNF220,NASP
ACOT11,COL9A2,TTC22,MYCL,MYCL,CYP4X1,GLIS1,SMIM12,EVA1B,TMEM54,CDCP2,LSM10,NT5C1A,ZBTB8B,INPP5B,TENT5B,MPL,ZNF691,TESK2,SLC5A9
FAM151A,HYI,LEXM,ZFP69B,CTPS1,CYP4Z1,CDCP2,DLGAP3,ZC3H12A,TEKT2,SSBP3,MANEAL,HPCAL4,ZBTB8A,FOXO6,SYTL1,ARTN,PLK3,MMACHC,SPATA6
MROH7,ARTN,DHCR24,CTPS1,SLFNL1,AGBL4,TTC22,NCDN,FHL3,ADPRHL2,DHCR24,YRDC,RIMS3,FNDC5,RIMKLA,GPR3,MAST2,BTBD19,NASP,ELAVL4
PLPP3,SLC6A9,TMEM61,FOXO6,FOXO6,ELAVL4,LEXM,GRIK3,HEYL,COL8A2,BSND,C1orf122,KCNQ4,A3GALT2,PTPRF,IFI6,CYP4X1,AKR1A1,LURAP1,CDKN2C
JUN,ARMH1,BSND,EDN2,HIVEP3,GLIS1,DHCR24,CDCA8,MFSD2A,EVA1B,PRKAA2,INPP5B,HIVEP3,TFAP2E,ST3GAL3,PTPRU,CYP4Z1,MKNK1,SPATA6,C1orf185
FGGY,HPDL,HOOK1,TSPAN1,PTCH2,SSBP3,TMEM61,EPHA10,SLC2A1,OSCP1,DAB1,NT5C1A,RIMKLA,RIMS3,PTCH2,ZBTB8B,CYP4A22,MOB3C,DMRTA2,PODN
CYP2J2,MUTYH,PATJ,FAAH,ZSWIM5,PARS2,BSND,POU3F1,TIE1,ZC3H12A,HOOK1,OXCT2,ARTN,CITED4,MAST2,FNDC5,AGBL4,TAL1,CDKN2C,USP24
NFIA,TESK2,ANGPTL3,TMEM275,TSPAN1,TTC22,HOOK1,MYCL,RNF220,DNALI1,IL12RB2,RIMKLA,MAST2,SCMH1,PIK3R3,CSMD2,ELAVL4,SHISAL2A,EPS15,PLPP3
DOCK7,CCDC163,SGIP1,KNCN,RAD54L,DHCR24,PATJ,ZFP69B,BTBD19,KCNQ4,DEPDC1,ATP6V0B,TSPAN1,RIMKLA,CYP4A11,C1orf94,DMRTA2,ST6GALNAC3,OSBPL9,DAB1
ANGPTL3,SLC5A9,LRRC7,ATPAF1,UQCRH,PCSK9,ANGPTL3,ZFP69,PIK3R3,CITED4,PTGER3,MMACHC,BEND5,ARTN,CYP4X1,PSMB2,RNF11,IFI44L,CZIB,TACSTD2
PGM1,SPATA6,ERICH3,AGBL4,FAAH,HOOK1,CACHD1,FOXO6,MOB3C,EDN2,NEGR1,PIK3R3,ELAVL4,KIF2C,CYP4Z1,C1orf216,TTC39A,IFI44,TMEM59,CYP2J2
ROR1,ECHDC2,ASB17,DMRTA2,TMEM275,RAVER2,SGIP1,RIMKLA,CYP4B1,ZMYND12,LRRC53,UQCRH,RNF11,HPDL,CYP4A22,CLSPN,RAB3B,CTBS,DHCR24,NFIA
UBE2U,ACOT11,ST6GALNAC5,GLIS1,KNCN,IL23R,DIRAS3,RAD54L,FOXD2,CCDC30,ERICH3,CYP4X1,ORC1,MAST2,STIL,LSM10,KTI12,PKN2,OMA1,PDE4B
CACHD1,FAM151A,AK5,SSBP3,CYP4A11,DIRAS3,LRRC7,FAAH,TRABD2B,FAM183A,AK5,CYP4Z1,COA7,PIK3R3,FOXE3,GRIK3,COA7,GBP3,TACSTD2,GNG12
RAVER2,MROH7,DNAJB4,TTC22,CYP4A22,LRRC7,ERICH3,TMEM275,PODN,EBNA1BP2,ADGRL2,CYP4A22,ZYG11B,CYP4X1,ELAVL4,MANEAL,ZYG11B,GBP2,CYP2J2,SLC44A5
AK4,TTC4,GIPC2,LEXM,TTC22,TNNI3K,MSH4,MKNK1,SLC1A7,CFAP57,COL24A1,RNF11,ZYG11A,CYP4Z1,TTC39A,C1orf122,LRP8,GBP5,KANK4,IFI44
GNG12,PLPP3,ADGRL2,BSND,LEXM,ERICH3,ASB17,ATPAF1,JUN,MPL,LMO4,RAB3B,PODN,CYP4A22,EPS15,FHL3,GLIS1,LRRC8C,ATG4C,SAMD13
WLS,FYB2,SAMD13,PCSK9,HOOK1,AK5,ST6GALNAC5,CYP4A11,LEPROT,CCDC24,LRRC8B,KTI12,GLIS1,RNF11,ORC1,NT5C1A,TMEM61,BCAR3,ROR1,DDAH1
CTH,JUN,DNASE2B,HOOK1,PATJ,PRKACB,AK5,FOXE3,LEPR,SLC6A9,DPYD,COA7,PRKAA2,RAB3B,KANK4,HPCAL4,DAB1,FRRS1,DNAJC6,LRRC8D
SPATA1,FGGY,RPF1,L1TD1,LRRC7,RPF1,DNAJB4,AGBL4,CRYZ,ARMH1,PLPPR4,ZYG11B,DAB1,ZFYVE9,NEGR1,RIMS3,L1TD1,FAM102B,PDE4B,HFM1
MCOLN2,CYP2J2,SPATA1,ALG6,ERICH3,SPATA1,GIPC2,DMRTA2,ST6GALNAC3,BEST4,PALMD,LRP8,HOOK1,ORC1,CRYZ,CITED4,KANK4,PRPF38B,ST6GALNAC3,CDC7
DDAH1,C1orf87,SSX2IP,UBE2U,ASB17,SSX2IP,PTGFR,SSBP3,PTGFR,PLK3,OLFM3,MRPL37,USP1,SHISAL2A,LHX8,HIVEP3,IL12RB2,GSTM2,AK5,ABCD3
CCN1,NFIA,MCOLN3,SGIP1,ST6GALNAC5,MCOLN2,ADGRL2,TTC22,IFI44L,TCTEX1D4,AMY2A,PRKAA2,UBE2U,ZYG11B,SLC44A5,RIMKLA,WLS,CD53,AC118549.1,CNN3
GBP7,DOCK7,COL24A1,DIRAS3,NEXN,MCOLN3,SAMD13,DHCR24,IFI44,BTBD19,FAM102B,HOOK1,IL12RB2,ZYG11A,ST6GALNAC5,ATP6V0B,DEPDC1,DRAM2,TTLL7,SNX7
HFM1,CACHD1,HS2ST1,LRRC7,ADGRL2,SYDE2,DNASE2B,BSND,ADGRL4,CCDC17,PSRC1,KANK4,DIRAS3,PODN,COL24A1,ZSWIM5,PTGER3,DENND2D,SAMD13,PLPPR5
TGFBR3,RAVER2,GBP6,PTGER3,PRKACB,RBMXL1,RPF1,PCSK9,GNG5,KNCN,MYBPHL,PGM1,DEPDC1,SLC1A7,CLCA1,MAST2,NEGR1,C1orf162,CLCA2,CDC14A
BCAR3,GADD45A,BRDT,ERICH3,SAMD13,GBP6,SSX2IP,HOOK1,CCN1,CYP4B1,GPR61,SLC44A5,SLC44A5,GLIS1,FAM102B,TSPAN1,SLC44A5,TMIGD3,CLCA4,COL11A1
F3,GNG12,EPHX4,ST6GALNAC5,RPF1,ALG14,COL24A1,PATJ,GBP3,SPATA6,SLC6A17,GIPC2,ASB17,PRKAA2,GPR61,TMEM275,ADGRL2,ADORA3,LRRC8D,NTNG1
SLC44A3,WLS,C1orf146,PRKACB,SSX2IP,TLCD4,HS2ST1,ROR1,GBP1,AGBL4,KCNC4,LMO4,PTGFR,NFIA,MAGI3,CYP4X1,LRRC8B,RAP1A,ZNF644,FNDC7
CNN3,RPE65,CCDC18,SAMD13,LPAR3,DPYD,GBP6,UBE2U,GBP2,ZYG11A,INKA2,LRRC8B,ADGRL2,KANK4,TTF2,CYP4Z1,AMIGO1,CTTNBP2NL,PTBP2,GPSM2
TLCD4,CTH,FNBP1L,DNASE2B,SYDE2,SNX7,BRDT,CACHD1,GBP7,SSBP3,MAGI3,HFM1,LRRC8B,USP1,VTCN1,ELAVL4,GPR61,WNT2B,DPYD,PSRC1
RWDD3,IFI44L,AMY2B,RPF1,GBP6,PLPPR5,EPHX4,PDE4B,GBP4,ACOT11,NHLH2,PLPPR5,CDC7,DEPDC1,HAO2,RNF11,SLC6A17,OLFML3,SASS6,GSTM5
AGL,MCOLN2,AMY2A,GNG5,BRDT,PLPPR4,C1orf146,INSL5,LRRC8C,FAM151A,HAO2,LRRC39,BTBD8,PTGER3,HIST2H3PS2,TTC39A,KCNC4,SYT6,TRMT13,INKA2
CDC14A,DDAH1,VAV3,SPATA1,EPHX4,GPR88,CCDC18,LRRC7,TGFBR3,MROH7,HSD3B1,SARS,PLPPR5,ASB17,NBPF20,RAB3B,PROK1,CD58,STXBP3,MOV10
VCAM1,CCN1,KIAA1324,SSX2IP,DPYD,OLFM3,FNBP1L,ST6GALNAC5,ABCA4,JUN,ZNF697,AMIGO1,LRRC39,GIPC2,MTMR11,MAGOH,KCNA3,CD2,GPSM2,RHOC
S1PR1,GBP3,ATXN7L2,MCOLN3,PLPPR5,COL11A1,GPR88,DNASE2B,ARHGAP29,C1orf87,NBPF20,SLC6A17,NTNG1,HFM1,HORMAD1,LRP8,KCND3,FCGR1B,PSRC1,TAFA3
FNDC7,GBP1,AMPD2,SYDE2,PLPPR4,AMY2B,COL11A1,RPF1,F3,ANGPTL3,ANKRD34A,LAMTOR5,CELSR2,CDC7,CTSK,DAB1,MAGI3,FAM72B,MYBPHL,NGF
SYPL2,GBP7,OVGP1,C1orf52,GPR88,NTNG1,RNPC3,GNG5,PALMD,ROR1,MLLT11,KCNA2,AMIGO1,TGFBR3,MLLT11,PATJ,TSPAN2,SRGAP2C,SORT1,PTGFRN
GSTM2,TGFBR3,PTPN22,LMO4,HENMT1,VAV3,AMY2B,SPATA1,CDC14A,TCTEX1D1,SPRR2G,DENND2D,SLC6A17,SNX7,CGN,ROR1,IGSF3,HIST2H3PS2,CSF1,CD101
GSTM5,BCAR3,BCL2L15,GBP6,KIAA1324,FAM102B,AMY2A,SSX2IP,VCAM1,INSL5,LOR,ATP5PB,KCNC4,PRMT6,TCHH,DEPDC1,VTCN1,SRGAP2B,RAP1A,ZNF697
CSF1,F3,DENND2C,LRRC8B,ATXN7L2,HENMT1,VAV3,EPHX4,S1PR1,WDR78,TRIM46,SYT6,KCNA3,AMIGO1,SPRR2G,PTGER3,HAO2,FAM72D,SLC16A1,PHGDH
AHCYL1,SLC44A3,CD101,C1orf146,GSTM3,KIAA1324,KIAA1324,DIPK1A,CSF1,C1orf141,GBA,TSPAN2,KCND3,GSTM3,LOR,NEGR1,ANKRD35,NOTCH2NLA,NHLH2,NOTCH2
KCNC4,CNN3,HSD3B1,DIPK1A,OVGP1,CELSR2,ATXN7L2,MTF2,ALX3,IL23R,SEMA4A,NGF,MAGI3,STRIP1,FAM189B,LRRC53,ANKRD34A,FCGR1A,SLC22A15,NBPF10
MOV10,CDC14A,NBPF15,MTF2,DENND2C,KCNA3,AMPD2,FNBP1L,UBL4B,GNG12,IQGAP3,MAB21L3,PHTF1,SLC6A17,HCN3,SLC44A5,SV2A,HIST2H2BF,TTF2,NOTCH2NLA
RHOC,VCAM1,CD160,FNBP1L,SYCP1,INKA2,OVGP1,AGL,SLC16A4,WLS,KCNJ9,IGSF3,HIPK1,KCNC4,FDPS,ASB17,ECM1,HIST2H2AA4,PHGDH,PRKAB2
BCAS2,S1PR1,NBPF12,DPYD,TSPAN2,TAFA3,KCND3,LRRC39,RHOC,RPE65,CASQ1,ZNF697,SYCP1,PROK1,RUSC1,COL24A1,HORMAD1,HIST2H4B,CHD1L,CHD1L
PHGDH,SYPL2,CIART,PLPPR5,MAB21L3,TRIM45,PTPN22,GPR88,SLC16A1,LRRIQ3,PEA15,FAM72B,TSPAN2,KCND3,DAP3,CLCA2,CTSK,HIST2H2BE,HIST2H2BE,BCL9
NOTCH2,GSTM2,CELF3,PLPPR4,CD58,VTCN1,BCL2L15,EXTL2,OLFML3,ERICH3,CD244,FAM72D,NGF,SYT6,CRABP2,SNX7,ANXA9,HIST2H2AC,OTUD7B,NBPF11
NBPF26,GSTM5,RIIAD1,GPR88,IGSF3,HSD3B1,BCAS2,OLFM3,DENND2C,LPAR3,OLFML2B,SV2A,ATP1A1,SYCP1,NTRK1,PALMD,MLLT11,HIST2H2AB,CA14,PPIAL4G
NBPF10,CSF1,AQP10,OLFM3,PTGFRN,NBPF15,DENND2C,AMY2B,VANGL1,MCOLN2,NOS1AP,MRPS21,IGSF3,TSPAN2,INSRR,TMEM167B,CGN,PLEKHO1,CERS2,NBPF14
NOTCH2NLA,AHCYL1,KCNN3,COL11A1,CD101,PDZK1,MAN1A2,NTNG1,CASQ2,WDR63,C1orf226,SEMA6C,TENT5C,NGF,ARHGEF11,AMIGO1,TUFT1,ADAMTSL4,ANXA9,NOTCH2NLC
FMO5,CHI3L2,DCST1,AMY2B,ANKRD35,ANKRD35,HSD3B1,VAV3,CD58,SYDE2,SH2D1B,RFX5,ANKRD34A,MAB21L3,SPTA1,SLC6A17,TCHH,MCL1,MINDY1,NBPF19
ACP6,MOV10,TRIM46,AMY2A,NBPF12,BCL9,NBPF15,KIAA1324,CD2,CCN1,UHMK1,CGN,BCL9,IGSF3,PIGM,KCNC4,SPRR2G,HORMAD1,POGZ,CTSK
NBPF14,VANGL1,MUC1,NTNG1,HIST2H4B,PPIAL4G,CD160,GPR61,TENT5C,ODF2L,RGS4,TUFT1,SV2A,HIST2H3PS2,HSD17B7,LAMTOR5,LOR,CTSS,CGN,MINDY1
NOTCH2NLC,SLC22A15,THBS3,VAV3,CGN,PDE4DIP,CIART,AMPD2,TBX15,CLCA1,ILDR2,LINGO4,HORMAD1,NBPF20,UCK2,PROK1,CHRNB2,ANXA9,C2CD4D,C1orf56
NBPF19,MAB21L3,TTC24,HENMT1,CELF3,SV2A,CELF3,GSTM5,HAO2,GBP3,MAEL,THEM4,MLLT11,ANKRD35,FAM78B,KCNA3,HCN3,TNFAIP8L2,CRTC2,THEM4
HIST2H2BF,PHGDH,ETV3L,KIAA1324,RIIAD1,CTXND2,RIIAD1,GSTM3,ITGA10,GBP1,ADCY10,TCHH,SEMA6C,PPIAL4G,KLHL20,PPM1J,PKLR,SCNM1,NUP210L,LOR
HIST2H2AC,NOTCH2,ACKR1,CELSR2,FLG,CELF3,AQP10,SLC6A17,TXNIP,GBP5,DCAF6,CHRNB2,RFX5,SV2A,SHCBP1L,TSPAN2,RUSC1,S100A11,ZBTB7B,S100A2
HIST2H2AB,NBPF26,IGSF9,ATXN7L2,FLG2,TDRKH,KCNN3,KCNA2,GJA5,TGFBR3,DPT,EFNA3,TUFT1,CTXND2,PRG4,MAB21L3,CD5L,DENND4B,ADAM15,S100A16
OTUD7B,TXNIP,NHLH1,GPR61,SPRR2G,FLG2,TRIM46,KCNA3,HIST2H2AC,PALMD,KIFAP3,HCN3,CHRNB2,MLLT11,B3GALT2,CD101,TOMM40L,IL6R,EFNA1,MEX3A
PLEKHO1,HJV,TSTD1,AMPD2,AQP10,EFNA3,THBS3,OVGP1,HIST2H2AB,CDC14A,TNFSF18,PKLR,EFNA3,SEMA6C,CFHR3,ANKRD35,FCRLB,TDRD10,ARHGEF2,C1orf61
C1orf54,NBPF10,NR1I3,GSTM3,TRIM46,HCN3,TTC24,KCND3,C1orf54,FNDC7,TNN,RUSC1,RUSC1,RFX5,CFHR4,HIST2H4B,RGS4,ZBTB7B,PMF1,BCAN
MINDY1,NOTCH2NLA,PCP4L1,SLC6A17,THBS3,SEMA4A,ACKR1,SYT6,ECM1,C1orf194,BRINP2,LAMTOR2,MEX3A,CGN,NAV1,SV2A,PBX1,EFNA4,PAQR6,CD1D
SELENBP1,ACP6,HSPA6,KCNA3,SEMA4A,MEF2D,IGSF9,ATP1A1,MCL1,UBL4B,SEC16B,SLC25A44,BGLAP,TUFT1,NFASC,SF3B4,ILDR2,IQGAP3,HAPLN2,SLAMF8
HRNR,NBPF14,UAP1,ATP1A1,TTC24,TTC24,NHLH1,VTCN1,MINDY1,PIFO,TEX35,RHBG,GLMP,TDRKH,KLHDC8A,MTMR11,MAEL,FCRL1,RRNAD1,KCNJ10
FLG,NOTCH2NLC,LMX1A,IGSF3,GPATCH4,KIRREL1,CD48,HAO2,SELENBP1,PPM1J,IER5,TTC24,RHBG,LINGO4,LEMD1,HORMAD1,MPC2,CD5L,KCNJ10,VANGL2
S100A3,NBPF19,GPA33,CD101,ETV3L,CADM3,TSTD1,ANKRD34A,S100A10,TAFA3,CACNA1E,TOMM40L,NES,RORC,BLACAT1,MLLT11,ATP1B1,CD1D,PIGM,FCRLA
S100A2,HIST2H2BF,CD247,VTCN1,KIRREL1,ACKR1,NR1I3,CIART,S100A11,SLC16A1,SHCBP1L,FCRLB,FCRL4,THEM4,PM20D1,SEMA6C,TNFSF4,MNDA,IGSF8,C1orf226
S100A16,HIST2H2AA4,ADCY10,GPR89A,CD1D,VSIG8,PCP4L1,CELF3,S100A6,HIPK1,PTGS2,NOS1AP,FCRL1,TCHH,SLC26A9,CGN,PTGS2,IFI16,ADAMTS4,POGK
S100A14,HIST2H4B,SFT2D2,PDZK1,AIM2,KCNJ9,HSPA6,RIIAD1,S100A4,VANGL1,GLRX2,MGST3,KIRREL1,FLG,AVPR1B,TUFT1,BRINP3,FCER1A,MPZ,ILDR2
S100A13,HIST2H2BE,DPT,ANKRD34A,VSIG8,VANGL2,UAP1,OAZ3,S100A16,NHLH2,B3GALT2,MPC2,SPTA1,SPRR2G,RASSF5,TCHH,RGS13,SLAMF8,FCRLA,MAEL
S100A1,HIST2H2AC,F5,BCL9,IGSF9,RGS4,LMX1A,CHRNB2,S100A13,MAB21L3,CFHR4,DPT,CADM3,LOR,C1orf116,SPRR2G,CFHR1,SLAMF6,OLFML2B,MPZL1
RAB13,HIST2H2AB,SELP,GPR89B,KCNJ9,NUF2,GPA33,HCN3,NPR1,TENT5C,C1orf53,ATP1B1,IGSF8,S100A6,PLXNA2,LOR,CFHR4,CD84,BLZF1,PRRX1
SHE,C1orf54,C1orf112,PPIAL4G,CASQ1,PBX1,CD247,ARHGEF2,SLC39A1,SPAG17,KIF21B,KIFAP3,PFDN2,SLC27A3,VASH2,SLC27A3,ASPM,CD48,SELL,MROH9
TDRD10,SELENBP1,SELE,CGN,TSTD1,RXRG,ADCY10,KIRREL1,RAB13,NOTCH2,TNNT2,METTL11B,FCRLB,EFNA3,DNAH14,CHRNB2,C1orf53,CD244,FMO4,FMO3
KCNN3,S100A10,MYOCOS,CELF3,KLHDC9,FAM78B,SFT2D2,ACKR1,SHE,TXNIP,LGR6,BRINP2,DDR2,HCN3,ENAH,HCN3,CACNA1S,ARHGAP30,DNM3,DNM3
PMVK,FLG2,CENPL,RIIAD1,UFC1,ILDR2,DPT,KCNJ9,TDRD10,HJV,PPFIA4,SEC16B,GPR161,PKLR,EPHX1,PKLR,TMEM9,FCER1G,PIGC,PIGC
PBXIP1,S100A6,RALGPS2,AQP10,PCP4L1,DPT,F5,CASQ1,SHC1,HIST2H2BF,ADORA1,CLEC20A,ATP1B1,BGLAP,PSEN2,RUSC1,ELF3,FCGR2A,C1orf105,C1orf105
SHC1,S100A3,ANGPTL1,CHRNB2,SDHC,ATP1B1,SELP,NHLH1,ADAM15,HIST2H2AA4,CHIT1,QSOX1,MYOC,RHBG,COQ8A,CD5L,KLHDC8A,FCGR3A,ZBTB37,TNR
ZBTB7B,S100A2,ABL2,EFNA3,HSPA6,ABL2,C1orf112,NR1I3,EFNA1,MTMR11,ATP2B4,CFHR1,BRINP2,IQGAP3,PRSS38,CADM3,BLACAT1,FCGR2B,SERPINC1,ASTN1
EFNA4,S100A16,TDRD5,TRIM46,RXRG,XPR1,SELE,PCP4L1,NES,ADAMTSL4,LRRN2,CFHR4,CLEC20A,TTC24,WNT9A,PEA15,MFSD4A,ATF6,GLUL,KIAA1614
MUC1,S100A14,FAM163A,ARHGEF2,FAM78B,CACNA1E,CENPL,SDHC,SH2D2A,GOLPH3L,MFSD4A,ASPM,ZNF648,FCRL3,WNT3A,NHLH1,RHEX,OLFML2B,ARPC5,COLGALT2
SEMA4A,S100A13,LHX4,SEMA4A,GPA33,LAMC2,RABGAP1L,RXRG,PEAR1,SELENBP1,RASSF5,C1orf53,RGS16,CADM3,ACTA1,ITLN2,RASSF5,DUSP27,COLGALT2,C1orf21
PAQR6,S100A1,CACNA1E,MEF2D,TEX35,ARPC5,GPR52,FAM78B,FCRL3,RIIAD1,FCMR,NR5A2,SHCBP1L,NOS1AP,TRIM67,F11R,C1orf116,CREG1,TSEN15,BRINP3
C1orf61,SLC27A3,RGSL1,ETV3,RALGPS2,APOBEC4,RALGPS2,GPA33,KIRREL1,LINGO4,CR2,KLHDC8A,GLRX2,C1orf226,MAP3K21,TSTD1,C4BPA,RCSD1,NEK7,KCNT2
BCAN,CREB3L4,RGS8,KIRREL1,ANGPTL1,C1orf21,ANGPTL1,SELP,PYHIN1,RORC,KCNH1,LEMD1,B3GALT2,CD247,KCNK1,B4GALT3,CR2,SFT2D2,ZNF281,CFHR4
RRNAD1,RAB13,LAMC1,AIM2,NPHS2,RNF2,TDRD5,RABGAP1L,IFI16,C2CD4D,SMYD2,BLACAT1,KCNT2,ADCY10,SLC35F3,GPR161,LAMB3,TBX19,PHLDA3,ASPM
FCER1A,KCNN3,LAMC2,CADM3,TDRD5,PDC,CACNA1E,GPR52,DUSP23,S100A10,KCNK2,C4BPB,ASPM,KIFAP3,EDARADD,TNFSF18,SYT14,C1orf112,CSRP1,NEK7
IGSF9,PBXIP1,APOBEC4,ACKR1,LHX4,CFHR1,RGSL1,PAPPA2,TAGLN2,S100A11,MARK1,C4BPA,PKP1,METTL11B,RGS7,BRINP2,USH2A,SELL,SHISA4,DDX59
KCNJ10,ZBTB7B,PDC,KCNJ9,CACNA1E,ZNF281,RGS8,RASAL2,ATP1A2,SLC27A3,C1orf115,CAMK1G,UBE2T,MYOC,TRIM58,FAM163A,MARK1,FMO4,ARL8A,CAMSAP2
ATP1A2,MUC1,RGS2,CASQ1,RGSL1,ASCL5,LAMC1,CLEC20A,ATP1A4,CREB3L4,DNAH14,LAMB3,RABIF,SERPINC1,OR2L5,LAMC2,MARC1,TNFSF18,ADORA1,INAVA
ATP1A4,LMNA,DENND1B,NR1I3,RGS8,PKP1,LAMC2,RALGPS2,SLAMF6,C1orf189,STUM,G0S2,SOX13,SEC16B,OR2L2,NMNAT2,CAPN8,CLEC20A,ZC3H11A,ASCL5
VANGL2,PAQR6,KIF14,PCP4L1,APOBEC4,SYT2,APOBEC4,ANGPTL1,F11R,PBXIP1,WNT9A,SYT14,ETNK2,KIAA1614,OR2L3,APOBEC4,DNAH14,SOAT1,ZBED6,NAV1
UAP1,C1orf61,CACNA1S,SDHC,IVNS1ABP,PPFIA4,PDC,TDRD5,DDR2,DCST2,WNT3A,PROX1,IL19,ZNF648,OR2L13,CFHR1,ACTA1,MR1,PIK3C2B,SHISA4
DDR2,BCAN,ASCL5,RGS4,AL136454.1,OPTC,PTGS2,FAM163A,RGS4,EFNA4,ACTA1,BPNT1,G0S2,NMNAT2,OR2M2,CFHR4,TRIM67,NPL,MDM4,LMOD1
CCDC190,NES,ELF3,PBX1,RGS2,ATP2B4,RGS2,CACNA1E,RGS5,MUC1,PGBD5,MARK1,SYT14,PDC,OR2M3,TMEM9,EXOC8,NCF2,NFASC,GPR37L1
NUF2,FCRL3,PTPN7,LMX1A,KCNT2,KLHDC8A,DENND1B,RGSL1,RCSD1,MTX1,MAP3K21,C1orf115,TRAF5,BRINP3,OR2M4,PKP1,MAP3K21,NIBAN1,CNTN2,ADORA1
LRRC52,TAGLN2,SYT2,RXRG,CACNA1S,PIGR,KIF14,RGS8,SELL,LMNA,KCNK1,DUSP10,PROX1,B3GALT2,OR2T6,SHISA4,TARBP1,PLA2G4A,TMCC2,BTG2
GPR161,KCNJ10,PPFIA4,FAM78B,ASCL5,CAMK1G,CACNA1S,SHCBP1L,SELE,NAXE,CHRM3,WNT3A,SMYD2,CFHR4,SNTG2,ARL8A,TOMM20,RGS18,CDK18,OPTC
SLC19A2,ATP1A2,REN,ILDR2,ELF3,C1orf74,ASCL5,LAMC2,PRRX1,HDGF,FMN2,HIST3H2A,TGFB2,ASPM,TPO,ETNK2,GNG4,RGS1,SLC45A3,ATP2B4
PRRX1,ATP1A4,KISS1,DPT,UBE2T,SERTAD4,ELF3,NMNAT2,FMO3,LRRC71,GREM2,RNF187,MARC1,UBE2T,EIPR1,KISS1,CHRM3,RGS13,SLC26A9,ZC3H11A
FMO2,CASQ1,GOLT1A,ATP1B1,KISS1,KCNH1,PTPN7,RGL1,FMO2,FCRL1,CHML,PGBD5,MIXL1,ETNK2,COLEC11,GOLT1A,GREM2,PTPRC,RAB7B,SOX13
FMO4,VANGL2,PLEKHA6,NME7,GOLT1A,RD3,SYT2,APOBEC4,FMO1,SPTA1,ZBTB18,TRIM67,RNF187,NUAK2,MBOAT2,LEMD1,PLD5,MYBPH,CD55,C4BPA
PRDX6,DDR2,IKBKE,SUCO,PLEKHA6,VASH2,PPFIA4,IVNS1ABP,FMO4,AIM2,ZNF695,SIPA1L2,CCSAP,LEMD1,HPCAL1,BLACAT1,KIF26B,CHIT1,CR1,DTL
ZBTB37,CCDC190,CAMK1G,RABGAP1L,LRRN2,ANGEL2,REN,BRINP3,MYOC,SLAMF8,OR2AJ1,MAP3K21,PGBD5,BLACAT1,KLHL29,RASSF5,ZNF124,BTG2,CR1L,PACC1
SERPINC1,LRRC52,SERTAD4,RASAL2,KLHDC8A,C1orf115,KISS1,RGS13,TNN,AL590560.2,OR2L8,ERO1B,TRIM67,MFSD4A,CIB4,C1orf116,OR2C3,NUAK2,HSD11B1,CENPF
PAPPA2,GPR161,KCNH1,ABL2,CAMK1G,SUSD4,GOLT1A,RGS2,KIAA0040,VSIG8,OR2AK2,RGS7,EXOC8,AVPR1B,KCNK3,C4BPA,OR2L8,RAB29,LPGAT1,ESRRG
BRINP2,F5,TRAF5,NPHS2,LAMB3,CAPN8,PLEKHA6,KCNT2,LAMC1,CFAP45,OR2L5,FH,MAP3K21,C4BPB,CENPA,CR2,OR2L3,RAB7B,PPP2R5A,DUSP10
KIAA1614,SELL,ATF3,TDRD5,SERTAD4,DNAH14,IKBKE,DENND1B,NIBAN1,TAGLN2,OR2L2,KMO,GNG4,C4BPA,PCARE,NENF,OR2M2,RHEX,PACC1,DISP1
GLUL,PRRX1,BATF3,FAM163A,RD3,LBR,CAMK1G,UBE2T,HMCN1,ITLN2,OR2L3,OPN3,ERO1B,CR2,RASGRP3,MARK1,OR2M3,FAM72A,NENF,LBR
RGS16,FMO1,VASH2,CACNA1E,INTS7,LEFTY1,UTP25,SYT2,PTGS2,F11R,OR2M2,CHML,CHRM3,PLXNA2,SULT6B1,C1orf115,OR2M4,SRGAP2,SPATA45,ZNF678
NPL,FMO4,SUSD4,RGS8,KCNK2,PRSS38,SERTAD4,KDM5B,CFH,TSTD1,OR2M3,WDR64,KMO,LAMB3,COX7A2L,DEGS1,OR2T6,IKBKE,PROX1,RHOU
C1orf21,C1orf105,LEFTY1,LAMC2,CNIH3,ARF1,KCNH1,PPFIA4,CFHR3,UFC1,OR2M4,EXO1,CHML,G0S2,KCNG3,DNAH14,SOX11,RASSF5,DUSP10,COG2
CRB1,TNFSF4,SNAP47,NMNAT2,DNAH14,TRIM11,TRAF5,OPTC,NEK7,PPOX,OR2T6,PLD5,EXO1,HSD11B1,STPG4,ENAH,GREB1,MAPKAPK2,TMEM63A,FAM89A
IGFN1,PRDX6,PRSS38,APOBEC4,SNAP47,TRIM17,ATF3,ATP2B4,LMOD1,CFAP126,OR2G6,TRIM58,PLD5,C1orf74,STON1-GTF2A1L,MIXL1,LRATD1,IL10,PYCR2,TRIM67
CSRP1,SLC9C2,WNT3A,IVNS1ABP,OBSCN,CCSAP,BATF3,ETNK2,BTG2,CCDC190,OR2T10,OR2AJ1,ZBTB18,PROX1,LHCGR,PSEN2,RAD51AP2,IL19,ITPKB,DISC1
SHISA4,SERPINC1,OBSCN,RGS13,TRIM11,ACTA1,VASH2,KISS1,FMOD,LMX1A,OR2T11,OR2L8,OR2L8,MARC1,FSHR,PRSS38,VSNL1,FCMR,CDC42BPA,SIPA1L2
LMOD1,PAPPA2,TRIM11,RGS2,TRIM17,GALNT2,SUSD4,GOLT1A,PRELP,LRRC52,OR14I1,OR2AK2,ID2,DNAH14,CHAC2,ARF1,KCNS3,PIGR,GJC2,PLD5
GPR37L1,AXDND1,TRIM17,KCNT2,HIST3H2A,MAP10,LEFTY1,PLEKHA6,SOX13,ALDH9A1,LYPD8,OR2L5,KIDINS220,SRP9,UGP2,RNF187,GDF7,CR1,RHOU,KIF26B
ADORA1,KIAA1614,HIST3H2BB,DENND1B,MAP3K21,PCNX2,SNAP47,LRRN2,RAB7B,CCDC181,FAM110C,OR2L2,MBOAT2,MIXL1,GFPT1,FAM89A,TDRD15,TRAF3IP3,CAPN9,ZNF695
MYBPH,RGS16,TTC13,PKP1,SLC35F3,TOMM20,PRSS38,RASSF5,AVPR1B,SLC9C2,COLEC11,OR2L3,RRM2,COQ8A,AAK1,TRIM67,KLHL29,BATF3,C1orf198,PGBD2
CHI3L1,NPL,FAM89A,UBE2T,COA6,B3GALNT2,WNT3A,CAMK1G,FAM72A,ANKRD45,MBOAT2,OR2L13,HPCAL1,RNF187,DYSF,SIPA1L2,POMC,PTPN14,IRF2BP2,PXDN
BTG2,AL136454.1,KCNK1,PPP1R12B,TARBP1,GNG4,OBSCN,LAMB3,CR1L,KIAA0040,GRHL1,OR2M2,MYCN,ACTA1,CYP26B1,MAP3K21,KIF3C,HLX,ADSS,SOX11
PRELP,CRB1,SLC35F3,SYT2,TOMM20,RYR2,TRIM11,SYT14,CD34,PAPPA2,RRM2,OR2M3,FAM49A,TRIM67,DQX1,TOMM20,CIB4,FAM177B,OR2AK2,CYS1
LAX1,IGFN1,COA6,PPFIA4,EDARADD,OR2L8,TRIM17,SERTAD4,HSD11B1,AXDND1,ATP6V1C2,OR2M4,KCNS3,MAP3K21,M1AP,GNG4,KCNK3,DISP1,PGBD2,RRM2
ZBED6,CSRP1,ACTN2,ADORA1,ACTN2,FAM110C,HIST3H2BB,KCNH1,IRF6,NPHS2,KCNF1,OR2T6,CIB4,SLC35F3,TACR1,ERO1B,MAPRE3,TLR5,RNF144A,TRIB2
SOX13,LMOD1,RYR2,ATP2B4,RYR2,RNASEH1,TTC13,INTS7,SLC30A1,NIBAN1,FAM49A,KCNF1,KCNK3,RGS7,LRRTM4,EDARADD,SLC30A3,GALNT2,KIDINS220,MYCN
RAB29,GPR37L1,GREM2,KISS1,GREM2,SOX11,FAM89A,DTL,PTPN14,RGS21,RAD51AP2,GREB1,KHK,OR2L8,SH2D6,CHRM3,FNDC4,DISC1,MBOAT2,KCNS3
SLC41A1,CHI3L1,RGS7,GOLT1A,PLD5,CMPK2,SLC35F3,SMYD2,SLC30A10,AL136454.1,VSNL1,LRATD1,SNX17,OR2L5,REEP1,GREM2,GCKR,SIPA1L2,YWHAQ,SDC1
PPP2R5A,BTG2,DESI2,PLEKHA6,OR2G6,RSAD2,COA6,KCNK2,HLX,CRB1,MSGN1,KCNS3,ALK,OR2L3,RGPD1,PLD5,C2orf16,CEP170,DPYSL5,TP53I3
ATF3,LAX1,SMYD3,IKBKE,OR2T10,RNF144A,ACTN2,KCTD3,HHIPL2,LHX9,OSR1,APOB,GALNT14,OR2M4,ASTL,KIF26B,LBH,SDCCAG8,CAPN13,GAREM2
PTPN14,SLC41A1,GCSAML,RASSF5,OR2T11,YWHAQ,RYR2,USH2A,EPHX1,LGR6,GDF7,FAM228A,CAPN14,OR2T6,NCAPH,GCSAML,SRD5A2,ZNF124,TTC27,GCKR
ESRRG,RAB7B,OR2AJ1,PLXNA2,OR14I1,GRHL1,GREM2,ESRRG,MIXL1,LAX1,APOB,KIF3C,SULT6B1,PXDN,NEURL3,TRIM58,SULT6B1,NLRP3,LTBP1,ALK
TGFB2,DYRK3,OR2G6,CAMK1G,LYPD8,KCNF1,RGS7,MARC2,FAM89A,REN,FKBP1B,CIB4,CDC42EP3,COLEC11,KANSL3,OR2AJ1,QPCT,GCSAML,RASGRP3,EHD3
ZC3H11B,PFKFB2,OR2T10,KCNH1,ZNF692,GREB1,DESI2,LEFTY1,NID1,NUAK2,KIF3C,KCNK3,PKDCC,SOX11,TMEM182,OR2L5,CDC42EP3,OR2C3,FAM98A,PRKD3
SLC30A10,YOD1,OR2T11,RD3,MYT1L,RAD51AP2,AL451007.3,PRSS38,KLF11,SLC41A1,CIB4,FNDC4,ABCG8,GREB1,MRPS9,OR2L2,TMEM178A,TDRD15,STRN,RMDN2
MARC2,C4BPB,OR14I1,INTS7,EIPR1,VSNL1,SMYD3,WNT3A,TRIB2,DYRK3,SLC30A3,C2orf16,PRKCE,MSGN1,SLC5A7,OR2L3,SLC8A1,POMC,PPM1B,PKDCC
MARC1,HHAT,LYPD8,BATF3,DCDC2C,EFR3B,OR2AJ1,TRIM11,KCNS3,PFKFB2,DNAJC5G,PCARE,SOCS5,KCNS3,SULT1C2,OR2L13,KCNK12,RAB10,TTC7A,ZFP36L2
DISP1,PPP2R5A,ALKAL2,KCNK2,SOX11,OTOF,OR2G6,TRIM17,OSR1,IRF6,TRIM54,LBH,KCNK12,APOB,SH3RF3,OR2M2,TSPYL6,EMILIN1,MSH6,PLEKHH2
CAPN8,ATF3,COLEC11,USH2A,CMPK2,KCNK3,OR2T10,HIST3H2A,MATN3,HHAT,C2orf16,CAPN13,NRXN1,FAM228A,CNTNAP5,OR2M3,CCDC85A,PLB1,FOXN2,C1GALT1C1L
CAPN2,PTPN14,ALLC,ESRRG,RSAD2,GCKR,OR2T11,HIST3H2BB,LAPTM4A,NEK2,GALNT14,GALNT14,CCDC85A,CIB4,PROC,SNTG2,BCL11A,SRD5A2,PPP1R21,PPM1B
TP53BP2,TGFB2,RSAD2,C1orf115,RNF144A,C2orf16,OR14I1,GALNT2,RHOB,ATF3,CAPN14,LTBP1,LGALSL,KCNK3,CFC1,TPO,KIAA1841,NLRC4,STON1,FOXN2
EPHX1,CAPN8,RNF144A,SUSD4,PDIA6,ALK,LYPD8,TARBP1,TP53I3,CENPF,EHD3,QPCT,CNRIP1,QPCT,POTEJ,MYT1L,MDH1,FEZ2,PSME4,STON1
STUM,CAPN2,ASAP2,LEFTY1,MYCN,CAPN14,ALKAL2,ACTN2,POMC,SPATA17,FAM98A,CDC42EP3,PROKR1,ABCG5,ANKRD30BL,COLEC11,PROKR1,PRKD3,RTN4,STON1-GTF2A1L
ITPKB,TP53BP2,ITGB1BP1,STUM,GDF7,CRIM1,ALLC,RYR2,EMILIN1,TGFB2,FEZ2,TMEM178A,PCYOX1,ABCG8,ZRANB3,SOX11,PCYOX1,GALM,CCDC88A,LHCGR
AGT,STUM,GRHL1,OBSCN,LDAH,CDC42EP3,RSAD2,CHRM3,SLC5A6,HLX,SULT6B1,C1GALT1C1L,MTHFD2,MCFD2,LCT,RAD51AP2,ADD2,C2orf91,PNPT1,FSHR
CAPN9,ITPKB,ATP6V1C2,TRIM11,KLHL29,PKDCC,RNF144A,GREM2,FOSL2,CAPN8,HNRNPLL,ABCG5,SEMA4F,TSPYL6,THSD7B,VSNL1,CLEC4F,EML4,VRK2,NRXN1
C1orf198,AGT,PDIA6,TRIM17,MFSD2B,ABCG5,ITGB1BP1,AHCTF1,LBH,EPHX1,TMEM178A,ABCG8,POLE4,EML6,LRP1B,MATN3,CYP26B1,OXER1,FANCL,SPRED2
NID1,CAPN9,ROCK2,CCSAP,FKBP1B,ABCG8,GRHL1,ZNF695,CRIM1,ITPKB,C2orf91,PRKCE,LRRTM1,CLHC1,LYPD6B,SDC1,RAB11FIP5,HAAO,MEIS1,MEIS1
FMN2,C1orf198,FAM49A,KCNK1,NCOA1,SLC3A1,PDIA6,OR2C3,VIT,WNT9A,PKDCC,SOCS5,CREG2,CNRIP1,NEB,FKBP1B,EGR4,ZFP36L2,FBXO48,ANTXR1
WDR64,NID1,HS1BP3,TOMM20,PTRHD1,PREPL,ROCK2,MYT1L,PRKD3,RAB4A,ABCG5,KCNK12,MFSD9,PCYOX1,CACNB4,POMC,DQX1,RHOQ,APLF,ASPRV1
COX20,FMN2,GDF7,ACTN2,CENPO,SIX3,HS1BP3,EIPR1,CYP1B1,AGT,PRKCE,EML6,TMEM182,SLC4A5,GALNT13,KIF3C,M1AP,TTC7A,ANXA4,TGFA
ADI1,ADI1,KLHL29,RYR2,ADCY3,PRKCE,MFSD2B,COLEC11,EPAS1,CAPN9,KCNK12,MDH1,ST6GAL2,SEMA4F,DAPL1,CIB4,SEMA4F,REL,TGFA,CLEC4F
ID2,ID2,MFSD2B,DESI2,DNAJC27,SOCS5,FKBP1B,ALLC,STON1,C1orf198,FSHR,SPRED2,SH3RF3,POLE4,PLA2R1,KCNK3,LRRTM4,PELI1,PAIP2B,VAX2
ASAP2,CYS1,FKBP1B,TRIM58,DPYSL5,EPCAM,ADCY3,DCDC2C,LHCGR,C1orf100,NRXN1,CNRIP1,SOWAHC,TACR1,RBMS1,KHK,LRRTM1,RAB1A,ZNF638,MCEE
NTSR2,NTSR2,CENPO,OR2AJ1,CGREF1,KCNK12,DNAJC27,ASAP2,SPTBN1,AL451007.3,EML6,AAK1,FBLN7,LRRTM4,FIGN,FNDC4,CD8B,PLEK,DYSF,CYP26B1
LPIN1,LPIN1,ADCY3,OR2L8,DNAJC5G,PSME4,DNMT3A,ITGB1BP1,ACTG2,EFCAB2,BCL11A,PCYOX1,C1QL2,CD8B,GRB14,GCKR,RGPD1,ARHGAP25,EXOC6B,MTHFD2
NT5C1B,RHOB,DNAJC27,OR2AK2,TRIM54,FAM161A,OTOF,KCNF1,TRABD2A,CYS1,SPRED2,FAM136A,STEAP3,RGPD1,CERS6,C2orf16,TMEM127,ANXA4,STAMBP,RTKN
RHOB,APOB,DNMT3A,OR2L5,UCN,TMEM17,DPYSL5,ROCK2,TMSB10,ODC1,CNRIP1,TGFA,SCTR,NEURL3,KLHL41,ALK,CREG2,CLEC4F,SLC4A5,TTC31
TP53I3,TDRD15,OTOF,OR2L2,PLB1,EHBP1,CGREF1,LRATD1,TCF7L1,C2orf50,ADD2,VAX2,CNTNAP5,LYG2,PDE11A,LBH,SLC9A4,NAGK,RTKN,LOXL3
GAREM2,TP53I3,DPYSL5,OR2L3,SPDYA,LGALSL,UCN,NBAS,VAMP5,RAD51AP2,CYP26B1,PRADC1,PROC,AFF3,TTN,CAPN13,RGPD3,MOB1A,RETSAT,LRRTM4
HADHA,GAREM2,CGREF1,OR2L13,CAPN14,SERTAD2,FOSL2,DDX1,GNLY,NT5C1B,EMX1,BOLA3,CCDC115,SLC9A2,FRZB,GALNT14,ACOXL,MTHFD2,ELMOD3,TCF7L1
ADGRF3,ADGRF3,UCN,OR2M2,CDKL4,MEIS1,PLB1,GDF7,ATOH8,WDR35,FBXO41,RGPD1,AMER3,MFSD9,C2orf66,EHD3,FBLN7,LOXL3,SH2D6,C2orf68
OST4,DRC1,PLB1,OR2T6,SLC8A1,CNRIP1,SPDYA,LDAH,NEURL3,SDC1,DQX1,PLGLB1,RAB6D,TMEM182,MPP4,SULT6B1,CNTNAP5,DOK1,C2orf68,ATOH8
EMILIN1,EMILIN1,SPDYA,OR2G6,COX7A2L,PROKR1,STRN,KLHL29,ARID5A,DRC1,M1AP,PLGLB2,MCM6,FHL2,FAM237A,QPCT,CYP27C1,M1AP,KRCC1,KCNIP3
ABHD1,ABHD1,STRN,OR2T10,KCNG3,ADD2,RMDN2,EFR3B,ZAP70,FAM166C,SEMA4F,TMEM127,THSD7B,ECRG4,PLEKHM3,CDKL4,PROC,HK2,SMYD1,ITPRIPL1
CCDC121,FOSL2,SLC8A1,OR2T11,CAMKMT,FBXO41,SLC8A1,CGREF1,IL1R1,IFT172,TRABD2A,COX5B,NXPH2,RGPD3,PTH2R,PLEKHH2,CCDC115,CAPG,THNSL2,NCAPH
FOSL2,TOGARAM2,COX7A2L,OR14I1,SIX3,TET3,COX7A2L,SPDYA,IL1RL1,CCDC121,TMSB10,AFF3,ZEB2,ST6GAL2,MAP2,MCFD2,CFC1,VAMP8,MAL,NEURL3
TOGARAM2,PCARE,KCNG3,LYPD8,ATP6V1E2,SEMA4F,KCNG3,ALK,IL18R1,TOGARAM2,SMYD1,CREG2,KIF5C,EDAR,VWC2L,EPCAM,AMER3,GNLY,PROM2,ARID5A
SULT6B1,LTBP1,SLC3A1,FAM110C,CALM2,LRRTM4,CAMKMT,CAPN14,FHL2,PCARE,KCNIP3,IL1R1,LYPD6B,SOWAHC,TMEM169,KCNK12,RAB6D,KRCC1,GPAT2,POU3F3
ATL2,GALM,CAMKMT,MYT1L,STON1-GTF2A1L,SH2D6,SIX3,STRN,CD8B2,SRD5A2,KIAA1211L,IL18R1,LYPD6,BCL2L11,MARCH4,FSHR,ANKRD30BL,ITPRIPL1,ADRA2B,ST6GAL2
GALM,OXER1,SIX3,ALLC,CFAP36,ST3GAL5,ATP6V1E2,CDC42EP3,SULT1C4,MORN2,AFF3,MFSD9,RND3,FBLN7,CRYBA2,TSPYL6,ACMSD,NCAPH,NCAPH,SULT1C4
ZFP36L2,HAAO,ATP6V1E2,DCDC2C,BCL11A,REEP1,EPCAM,HNRNPLL,LIMS3,ARHGEF33,TBC1D8,TMEM182,RPRM,PSD4,IHH,CCDC85A,THSD7B,ARID5A,CNNM3,SEPTIN10
C1GALT1C1L,ZFP36L2,MSH2,SOX11,C2orf74,CD8A,MSH2,CDKL4,MALL,CDKL4,CREG2,FHL2,KCNJ3,EPB41L5,DES,BCL11A,NXPH2,MGAT4A,ANKRD23,FBLN7
STPG4,ASB3,CFAP36,ASAP2,B3GNT2,PLGLB1,CFAP36,TMEM178A,TMEM87B,OXER1,IL1RL2,ST6GAL2,KCNH7,INHBB,SPEGNB,FAM161A,LYPD6B,MAP4K4,SEMA4C,CKAP2L
NRXN1,GPR75,B3GNT2,PDIA6,PNO1,PLGLB2,B3GNT2,SLC8A1,TMEM37,HAAO,FHL2,EDAR,FIGN,TSN,ASIC4,TMEM17,LYPD6,IL1R2,FAM178B,C1QL2
ASB3,EFEMP1,PELI1,KCNF1,GMCL1,RGPD2,PELI1,COX7A2L,RALB,C1GALT1C1L,ST6GAL2,MTLN,SCN1A,PROC,NYAP2,LGALSL,RND3,NCK2,C2orf92,DBI
CHAC2,CCDC85A,PNO1,ROCK2,ADD2,KCNIP3,WDR92,KCNG3,GYPC,C2orf73,SH3RF3,ACOXL,SCN7A,SMPD4,IRS1,PROKR1,KCNJ3,SULT1C2,MAP4K4,EPB41L5
GPR75,OTX1,PPP3R1,GREB1,EXOC6B,FAHD2A,PNO1,MTA3,LIMS2,CLHC1,SLC20A1,BCL2L11,B3GALT1,CFC1,C2orf83,GFPT1,CCDC148,LIMS1,POU3F3,CNTNAP5
EFEMP1,ANTXR1,APLF,LRATD1,FBXO41,GPAT2,PPP3R1,DYNC2LI1,KYNU,EFEMP1,CKAP2L,FBLN7,MYO3B,AMER3,SCYGR4,AAK1,DAPL1,SH3RF3,SEPTIN10,GYPC
OTX1,CLEC4F,ADD2,NBAS,EGR4,ADRA2B,APLF,ABCG5,RND3,OTX1,DPP10,DPP10,GAD1,RAB6D,SPHKAP,PCYOX1,PLA2R1,BCL2L11,TTL,MYO7B
UGP2,SFXN5,CLEC4F,FAM49A,TMSB10,CNNM4,ADD2,ABCG8,RBM43,C1D,CNTNAP5,EPB41L5,SLC25A12,ANKRD30BL,DNER,CLEC4F,SLC4A10,MERTK,CKAP2L,GPR17
SLC1A4,SLC4A5,EGR4,KLHL29,REEP1,ANKRD36B,CLEC4F,SLC3A1,NMI,WDR92,MYO7B,CNTNAP5,METAP1D,GPR39,NPPC,RAB11FIP5,FAP,IL1A,DBI,ARHGEF4
MEIS1,DQX1,ACTG2,MFSD2B,CHMP3,ACTR1B,FBXO41,PREPL,NR4A2,ANTXR1,AMER3,CCDC115,DLX1,TMEM163,ECEL1,SEMA4F,KCNH7,IL1B,TMEM37,RAB6D
MXD1,HK2,EVA1A,CENPO,CD8A,KIAA1211L,EGR4,CAMKMT,ACVR1,ANKRD53,RAB6D,AMER3,DLX2,ACMSD,PRSS56,TACR1,GRB14,IL1RN,BIN1,LYPD1
SFXN5,CTNNA2,LRRTM1,EFR3B,CD8B,C2orf15,EVA1A,SIX3,TANC1,SPR,ANKRD30BL,RAB6D,CDCA7,LCT,CHRND,TGOLN2,SCN2A,PSD4,IWS1,NCKAP5
DQX1,TCF7L1,DNAH6,DTNB,RGPD1,LYG2,LRRTM1,PRKCE,CD302,C2orf81,TMEM163,MGAT5,SP9,MCM6,UGT1A1,CD8B,SCN1A,PAX8,SFT2D3,TMEM163
TCF7L1,MAT2A,TRABD2A,OTOF,PLGLB1,LONRF2,DNAH6,MSH2,LY75,WDR54,ACMSD,RND3,PDE11A,THSD7B,GBX2,RGPD1,SCN9A,ACTR3,RAB6C,HNMT
SH2D6,VAMP5,CHMP3,CGREF1,PLGLB2,CREG2,TRABD2A,BCL11A,PLA2R1,DOK1,R3HDM1,KCNJ3,OSBPL6,NXPH2,ASB18,TMEM127,SCN7A,MARCO,NCKAP5,LRP1B
MAT2A,TMEM150A,CD8A,SPDYA,AL845331.2,RFX8,CHMP3,B3GNT2,IFIH1,DNAH6,LCT,GALNT5,PPP1R1C,GTDC1,RAB17,AFF3,CERS6,STEAP3,CXCR4,GTDC1
VAMP8,ATOH8,AL845331.2,TRMT61B,FAHD2A,SLC9A4,CD8A,MDH1,COBLL1,TCF7L1,LRP1B,PLA2R1,ZNF804A,RND3,GPC1,CREG2,MYO3B,TMEM37,GTDC1,ZEB2
VAMP5,KDM3A,GPAT2,ALK,ASTL,UXS1,AL845331.2,SPRED2,SLC38A11,CAPG,GTDC1,SLC4A10,ASNSD1,KCNH7,KIF1A,RFX8,SP5,TFCP2L1,ZEB2,EPC2
KDM3A,FABP1,ADRA2B,GALNT14,DUSP2,LIMS3,ADRA2B,APLF,NOSTRIN,TEKT4,ACVR2A,DPP4,TMEFF2,SCN7A,SNED1,IL1RL2,GAD1,GYPC,TNFAIP6,LYPD6
FABP1,AL845331.2,ASTL,CAPN14,FAHD2B,RGPD6,ASTL,GMCL1,SPC25,VWA3B,RPRM,KCNH7,HECW2,B3GALT1,OXTR,MFSD9,SLC25A12,BIN1,RIF1,RBM43
THNSL2,VWA3B,DUSP2,XDH,TMEM131,BUB1,DUSP2,TGFA,G6PC2,CNGA3,KCNJ3,SCN1A,BOLL,MYO3B,SRGAP3,CD8B2,DLX1,CYP27C1,FMNL2,NMI
MAL,CNGA3,FER1L5,CDC42EP3,MGAT4A,PAX8,FER1L5,ADD2,SP5,TSGA10,TBR1,SCN7A,CRYGD,ERICH2,LHFPL4,RGPD4,DLX2,PTPN18,ERMN,TNFAIP6
CHST10,POU3F3,ANKRD36,ARHGEF33,KIAA1211L,HS6ST1,KIAA1211L,CLEC4F,CYBRD1,RFX8,SLC4A10,B3GALT1,PTH2R,GAD1,CPNE9,SEPTIN10,CDCA7,CXCR4,PKP4,GALNT13
IL1R2,SULT1C2,KIAA1211L,DYNC2LI1,NPAS2,CCDC115,LYG2,CYP26B1,ITGA6,ECRG4,DPP4,CERS6,ACADL,DLX1,CIDEC,SOWAHC,SP9,HNMT,TANC1,GPD2
POU3F3,SULT1C4,LYG2,SLC3A1,IL1RL2,PTPN18,LONRF2,FBXO41,MAP3K20,SULT1C2,FAP,G6PC2,ERBB4,DLX2,CAND2,SCTR,PDE11A,KYNU,BAZ2B,GALNT5
SULT1C4,EDAR,LONRF2,SIX3,SLC9A2,AMER3,IL1RL2,EGR4,CCDC141,SULT1C4,KCNH7,MYO3B,VWC2L,CDCA7,TMEM43,EPB41L5,OSBPL6,ARHGAP15,GCA,TANC1
EDAR,LIMS3,IL1RL2,PRKCE,UXS1,CCDC74A,BUB1,ACTG2,ITGA4,CCDC138,SCN2A,SP5,GPBAR1,SP9,SLC6A6,PROC,ZNF385B,ZEB2,FIGN,CD302
MERTK,PSD4,BUB1,SOCS5,RGPD3,ANKRD30BL,ACOXL,M1AP,FRZB,SOWAHC,XIRP2,ERICH2,SPEGNB,PDE11A,C3orf20,TUBA3E,ZNF804A,NMI,STK39,FIGN
PSD4,DPP10,PAX8,KCNK12,RGPD4,LYPD1,PAX8,LRRTM1,CALCRL,NPHP1,TLK1,GAD1,ASIC4,PDE1A,KCNH8,CFC1,COL5A2,ARL5A,LRP2,GALNT3
C1QL2,STEAP3,LIMS2,NRXN1,RGPD6,ACMSD,LIMS2,TRABD2A,TFPI,BCL2L11,CHRNA1,SLC25A12,CHPF,GULP1,LRRC3B,AMER3,STAT4,NR4A2,DCAF17,SCN1A
DBI,C2orf76,TUBA3D,PSME4,BUB1,ACVR2A,POTEJ,KCNIP3,COL3A1,FBLN7,CHN1,METAP1D,TMEM198,INPP1,GADL1,RAB6D,C2orf66,CYTIP,CYBRD1,SCN9A
INHBB,DBI,ANKRD30BL,B3GNT2,ZC3H8,RPRM,ANKRD30BL,DUSP2,COL5A2,RABL2A,ZNF385B,DLX2,OBSL1,BZW1,DYNC1LI1,NXPH2,NRP2,TANC1,WIPF1,SPC25
GLI2,INHBB,CACNB4,GMCL1,CYP27C1,KCNJ3,CACNB4,FER1L5,SLC40A1,CFAP221,NEUROD1,MAP3K20,SCG2,C2CD6,FBXL2,PLA2R1,CRYGD,CD302,HOXD3,G6PC2
TFCP2L1,GLI2,ACVR1C,TGFA,MYO7B,GALNT5,ACVR1C,KIAA1211L,STAT1,INHBB,PDE1A,CDCA7,MRPL44,TMEM237,STAC,KCNH7,MAP2,LY75,HOXD1,KLHL23
ARHGEF4,MYO7B,UPP2,ADD2,MZT2B,ACVR1C,UPP2,NPAS2,MYO1B,GLI2,MFSD6,SP9,DOCK10,CPO,TRANK1,SCN9A,VWC2L,DPP4,NFE2L2,METAP1D
GPR39,ARHGEF4,SCN3A,FBXO41,AMER3,UPP2,SCN3A,TBC1D8,CAVIN2,POTEF,GLS,ATP5MC3,NYAP2,PLCD4,SLC22A13,SCN7A,PECR,IFIH1,SESTD1,WIPF1
LYPD1,NCKAP5,METTL8,EGR4,MZT2A,SLC4A10,METTL8,NCK2,SLC39A10,CCDC74B,TMEFF2,PDE11A,IRS1,RESP18,SLC22A14,XIRP2,TMEM169,DHRS9,PDE1A,HOXD3
NCKAP5,CXCR4,RAPGEF4,SEMA4F,CCDC74A,KCNH7,RAPGEF4,RGPD6,CFLAR,TUBA3E,HECW2,PPP1R1C,COL4A4,OBSL1,XYLB,DLX1,MARCH4,CYBRD1,INPP1,FKBP7
CXCR4,LYPD6,GPR155,TACR1,ANKRD30BL,SCN3A,GPR155,CFC1,CASP10,POTEI,SATB2,FRZB,COL4A3,EPHA4,MYRIP,DLX2,PNKD,WIPF1,MFSD6,UBE2E3
LYPD6,NR4A2,CHRNA1,LRRTM1,LYPD1,SCN2A,CHRNA1,POTEJ,RAPH1,POTEJ,MPP4,GULP1,SPHKAP,SGPP2,ANO10,PDK1,CDK5R2,NFE2L2,NEMP2,ITGA4
FMNL2,FAP,CHN1,CD8A,MCM6,CSRNP3,CHN1,TUBA3D,NRP2,POTEE,CCNYL1,COL5A2,PID1,IRS1,TOPAZ1,CDCA7,FEV,SLC40A1,TMEFF2,FSIP2
NR4A2,GALNT3,ZNF385B,RPIA,THSD7B,B3GALT1,DUSP19,THSD7B,ACADL,CCDC74A,CRYGD,WDR75,DNER,TM4SF20,TMEM158,SP9,IHH,NABP1,HECW2,ITGAV
GPD2,CCDC173,DUSP19,KCNIP3,ACVR2A,CERS6,FSIP2,LRP1B,FN1,GPR39,TMEM169,HECW2,ITM2C,SPATA3,CDC25A,PDE11A,RETREG2,STK17B,CCDC150,CALCRL
BAZ2B,CYBRD1,FSIP2,FAHD2A,RPRM,ABCB11,ITGAV,KIF5C,IGFBP2,LYPD1,CDK5R2,MARS2,NMUR1,ARL4C,COL7A1,PDE1A,TUBA4A,ANKRD44,RFTN2,NEMP2
FAP,ITGA6,ITGAV,GPAT2,CSRNP3,DHRS9,ZSWIM2,CACNB4,TNS1,TMEM163,IHH,PLCL1,NPPC,RTP5,CELSR3,MSTN,PTPRN,CFLAR,PLCL1,STAT1
FIGN,TTN,GULP1,ADRA2B,RAPGEF4,MYO3B,GULP1,GALNT13,TMBIM1,MAP3K19,TUBA4A,SPATS2L,DGKD,FAM240C,SLC25A20,STAT4,IRS1,CASP10,FTCDNL1,STK17B
CYBRD1,CCDC141,STAT4,DUSP2,GPR155,DLX1,BOLL,UPP2,CTDSP1,RBM43,DES,NDUFB3,ARL4C,LRRN1,BSN,C2orf66,SPHKAP,CASP8,AOX1,RFTN2
NFE2L2,PPP1R1C,BOLL,CNNM4,CHN1,DLX2,FTCDNL1,DAPL1,NHEJ1,NEB,EPHA4,CRYGD,RAB17,SRGAP3,HYAL3,PGAP1,DNER,CD28,FZD5,AOX1
CCDC141,DNAH7,FTCDNL1,FAM178B,ZNF385B,ITGA6,FAM126B,RBMS1,SLC23A3,CCDC148,PAX3,LANCL1,KIF1A,LHFPL4,NAA80,BOLL,NPPC,CTLA4,LANCL1,C2orf80
FAM171B,STK17B,FAM126B,MGAT4A,DUSP19,SP9,GPR1,SCN3A,KCNE4,GALNT3,SPHKAP,ERBB4,RTP5,CIDEC,CACNA2D2,SPATS2L,ECEL1,ICOS,CPS1,IDH1
DNAH7,RFTN2,ABI2,KIAA1211L,NUP35,GPR155,ZDBF2,SCN2A,FAM124B,ABCB11,PID1,MARCH4,CNTN6,SLC6A1,DOCK3,CPO,PRSS56,METTL21A,IKZF2,KANSL1L
STK17B,SGO2,GPR1,LONRF2,ZNF804A,CHN1,ADAM23,FASTKD1,COL4A4,BBS5,GPR55,PNKD,CNTN4,TMEM40,GRM2,FZD5,CHRND,CXCR2,BARD1,ACADL
HSPD1,FZD7,ZDBF2,NPAS2,ZSWIM2,PDE1A,FAM237A,MYO3B,COL4A3,CCDC173,UGT1A1,RETREG2,LHFPL4,NUP210,IQCF3,CRYGD,TRPM8,GPBAR1,TMBIM1,IKZF2
HSPE1,ICOS,ADAM23,SLC9A4,GULP1,DUSP19,DYTN,RAPGEF4,AGFG1,TTC30B,MROH2A,ZFAND2B,SLC6A11,BTD,PCBP4,CRYGA,RAB17,SLC11A1,CTDSP1,BARD1
MOB4,PARD3B,FAM237A,SLC9A2,C2orf88,FAM171B,CPO,SP9,C2orf83,TTC30A,ERFE,PTPRN,SLC6A1,ZNF385D,ITIH4,C2orf80,LRRFIP1,CTDSP1,CYP27A1,TMEM169
RFTN2,KLF7,DYTN,BUB1,STAT4,GULP1,CRYGA,CHRNA1,SLC19A3,CERKL,TWIST2,RESP18,HRH1,SLC4A7,CACNA1D,UNC80,RBM44,CCL20,CNPPD1,TNS1
SGO2,BARD1,CPO,POTEJ,BOLL,MFSD6,UNC80,CHN1,SP110,ITPRID2,CNTN6,CHPF,SYN2,RBMS3,ERC2,ACADL,RTP5,SP110,DNAJB2,RUFY4
C2CD6,ABCA12,CRYGA,AMER3,FTCDNL1,NAB1,VIL1,HOXD3,SP140L,ZSWIM2,CNTN4,OBSL1,TMEM40,TRIM71,ARHGEF3,MREG,CNTN6,SP140,DOCK10,CTDSP1
FZD7,IGFBP5,UNC80,TUBA3D,WDR12,STAT4,USP37,TTN,SP100,COL5A2,ITPR1,EPHA4,CAND2,SUSD5,KCTD6,PECR,CNTN4,SP140L,RHBDD1,ASIC4
ICOS,TNS1,VIL1,ACMSD,NBEAL1,TMEFF2,PLCD4,DUSP19,NMUR1,DNAH7,CPNE9,SGPP2,WNT7A,SLC22A14,FAM3D,TMEM169,SRGAP3,SP100,PTMA,ACSL3
PARD3B,RUFY4,PLCD4,RPRM,ABI2,PGAP1,PRKAG3,NUP35,EFHD1,SATB2,CAMK1,MOGAT1,GRIP2,XYLB,CADPS,MARCH4,GRIP2,CAB39,EFHD1,SERPINE2
NRP2,TMBIM1,PRKAG3,ACVR1C,EEF1B2,TRAK2,WNT6,ZNF804A,INPP5D,CASP8,BRK1,IRS1,FGD5,SCN5A,TAFA4,CDK5R2,RFTN1,HTR2B,USP40,DOCK10
KLF7,TTLL4,WNT6,UPP2,GPR1,ICA1L,WNT10A,MSTN,SH3BP4,FLACC1,HRH1,NMUR1,DAZL,SCN10A,ROBO2,TUBA4A,DAZL,INPP5D,UGT1A1,IRS1
IKZF2,CYP27A1,WNT10A,TANK,ZDBF2,ABI2,FEV,NEMP2,COL6A3,FZD7,SYN2,NPPC,ZNF385D,XIRP1,CADM2,PTPRN,SATB1,UBE2F,SH3BP4,COL4A4
BARD1,FEV,FEV,GRB14,ADAM23,CD28,CRYBA2,NAB1,MLPH,KIAA2012,TMEM40,ARL4C,THRB,ZNF620,VGLL3,CHPF,ZNF385D,TWIST2,AGAP1,COL4A3
ABCA12,MOGAT1,CRYBA2,SCN3A,FAM237A,NRP2,PTPRN,STAT4,KLHL30,CTLA4,IQSEC1,RAB17,EOMES,KRBOX1,HTR1F,TMEM198,NGLY1,MTMR14,SCLY,MFF
TNS1,KCNE4,PTPRN,SCN2A,CRYGA,ZDBF2,RESP18,MYO1B,TWIST2,ICOS,SH3BP5,LRRFIP1,RBMS3,ZNF660,EPHA6,EPHA4,EOMES,FANCD2,ILKAP,SLC19A3
RUFY4,SERPINE2,RESP18,CSRNP3,C2orf80,CRYGA,INHA,BOLL,SNED1,PARD3B,RFTN1,KIF1A,OSBPL10,EXOSC7,ARL6,SCG2,GADL1,IRAK2,ANO7,PID1
TMBIM1,CCDC195,SPEG,CERS6,GPBAR1,PTH2R,SLC4A3,MAIP1,BHLHE40,DYTN,SATB1,ANO7,GPD1L,CCR9,CRYBG3,FAM124B,OSBPL10,GHRL,FARP2,DNER
CTDSP1,SPATA3,INHA,FASTKD1,PRKAG3,MAP2,PAX3,FLACC1,LMCD1,MDH1B,THRB,RTP5,CMTM8,ALS2CL,RIOX2,CCDC195,ZNF860,UBE2E2,BOK,SP110
TTLL4,C2orf72,SLC4A3,MYO3B,WNT6,ERBB4,SGPP2,TRAK2,SLC6A1,ACADL,GADL1,FAM240C,TMPPE,TMIE,GABRR3,DNER,CMTM8,UBE2E1,SETMAR,C2orf72
MOGAT1,CHRND,PAX3,SLC25A12,WNT10A,VWC2L,AP1S3,MPP4,FBLN2,SPAG16,OSBPL10,CNTN6,SUSD5,PRSS45P,IMPG2,SLC16A14,SUSD5,SLC4A7,IRAK2,B3GNT7
KCNE4,EFHD1,SGPP2,DLX2,CDK5R2,BARD1,TM4SF20,ALS2,SLC6A6,IGFBP2,ZNF860,CNTN4,LRRFIP2,CDC25A,ZPLD1,B3GNT7,STAC,TGFBR2,HDAC11,PDE6D
SERPINE2,SNORC,AP1S3,RAPGEF4,CRYBA2,ABCA12,DAW1,CDK15,FGD5,IGFBP5,FBXL2,SRGAP3,ACVR2B,PFKFB4,ALCAM,TRPM8,SLC22A13,CMTM7,KCNH8,HJURP
SP110,UGT1A1,TM4SF20,SP9,ABCB6,MREG,GPR55,FZD7,GALNT15,CATIP,ARPP21,SLC6A1,CCR8,COL7A1,CBLB,ARL4C,SLC22A14,CMTM6,KAT2B,SH3BP4
ITM2C,IQCA1,DAW1,CHN1,SPEG,PECR,ARMC9,ADAM23,RFTN1,STK36,SLC22A13,IQSEC1,MYRIP,CELSR3,DRD3,HDAC4,XYLB,ITGA9,SGO1,AGAP1
SPATA3,ACKR3,GPR55,ZNF385B,SPEGNB,TMEM169,NGEF,FAM237A,RBMS3,CFAP65,SLC22A14,NUP210,EIF1B,C3orf84,TIGIT,KIF1A,ACVR2B,MYD88,UBE2E2,RBM44
C2orf72,RAMP1,ARMC9,ZNF804A,ASIC4,MARCH4,SAG,DYTN,TGFBR2,GLB1L,CCK,WNT7A,ENTPD3,CACNA2D2,GAP43,GAL3ST2,SCN5A,XIRP1,CLASP2,RAMP1
IQCA1,HES6,NGEF,FAM171B,INHA,DES,ASB18,CCNYL1,CMTM8,STK16,LYZL4,GRIP2,CCK,C3orf18,TEX55,CNTN6,HIGD1A,CX3CR1,LRRFIP2,HES6
ACKR3,PER2,SAG,CALCRL,SLC4A3,SPEG,PASK,CRYGD,MYD88,TUBA4B,VIPR1,FGD5,SNRK,CISH,GPR156,SSUH2,TOPAZ1,CYP8B1,MOBP,FARP2
RAMP1,OTOS,ASB18,NAB1,SGPP2,TMEM198,PPP1R7,CRYGA,CSRNP1,FAM124B,HIGD1A,DPH3,SLC6A20,GRM2,ARGFX,OXTR,TMIE,CDCP1,ZNF619,D2HGDH
ESPNL,SNED1,PASK,GLS,AP1S3,INHA,GAL3ST2,C2orf80,CTNNB1,DAW1,CDCP1,ZNF385D,CCR9,IQCF1,FBXO40,LHFPL4,CDC25A,CCR3,ZNF620,NEU4
OTOS,ANO7,PPP1R7,STAT4,NYAP2,SCG2,LRRN1,MREG,SNRK,FBXO36,LRRC2,SLC4A7,LRRC2,PCBP4,MUC13,CPNE9,CCDC51,CCR1,ZNF621,RTP5
GPC1,FAM240C,GAL3ST2,TMEFF2,SLC16A14,DOCK10,ITPR1,MARCH4,CLEC3B,KCNJ13,TMIE,RBMS3,ALS2CL,ABHD14A,ALG1L,FANCD2OS,COL7A1,CCR2,HHATL,CHL1
FAM240C,BHLHE40,LRRN1,HECW2,GPR55,NYAP2,GRM7,VIL1,SLC6A20,SPP2,SPINK8,CMTM8,TMIE,NT5DC2,COL6A5,HRH1,CELSR3,CCR5,CCR9,CNTN6
BHLHE40,TTLL3,ITPR1,CCDC150,NGEF,ESPNL,SSUH2,PRKAG3,CCR9,IQCA1,FBXW12,TMPPE,CDC25A,CADPS,COL6A6,TMEM40,GNAT1,CCRL2,FYCO1,LRRN1
OXTR,CIDEC,GRM7,FLACC1,SAG,ASB1,CAV3,WNT6,FYCO1,ACKR3,BSN,SUSD5,ZNF589,C3orf49,ATP2C1,GRIP2,HYAL3,NBEAL2,PLXNB1,GRM7
TADA3,IL17RC,SSUH2,FZD7,DGKD,RTP5,RAD18,WNT10A,CCR2,MLPH,MON1A,SLC22A14,FBXW12,ROBO2,NUDT16,C3orf20,CACNA2D2,KLHL18,PFKFB4,LMCD1
CIDEC,SLC6A11,CAV3,ABI2,MROH2A,EDEM1,IL17RE,CDK5R2,CCRL2,ESPNL,HYAL3,MYRIP,CELSR3,ROBO1,CPNE4,FGD5,C3orf18,INKA1,ARIH2,SETD5
IL17RC,VGLL4,RAD18,ZDBF2,ASB18,GRM7,FANCD2,TUBA4A,LTF,HES6,GRM2,EIF1B,KLHDC8B,HTR1F,BFSP2,DAZL,GRM2,UBA7,SEMA3B,IL17RC
SLC6A11,WNT7A,IL17RE,ADAM23,RAMP1,SRGAP3,ATP2B2,PTPRN,TDGF1,PER2,IQCF3,ENTPD3,MST1R,ZNF654,SLC35G2,SATB1,ABHD14A,RASSF1,LSMEM2,TIMP4
HRH1,BTD,FANCD2,CRYGA,ERFE,LHFPL4,SYN2,RESP18,ALS2CL,TRAF3IP1,POC1A,LRRC2,SEMA3F,CSNKA2IP,CLSTN2,RARB,TLR9,CISH,CYB561D2,FBLN2
WNT7A,GALNT15,ATP2B2,PTH2R,COPS9,CAMK1,MKRN2OS,DES,MYL3,ANKMY1,TWF2,ALS2CL,ABHD14A,LNP1,TRIM42,RBMS3,TWF2,MAPKAPK3,GPR62,BTD
KAT2B,RFTN1,SYN2,ERBB4,RNPEPL1,IL17RE,OXNAD1,SPEG,PTH1R,MAB21L4,ERC2,TMIE,PRKCD,PLCXD2,SLC25A36,GADL1,CADPS,PPM1M,PCBP4,ANKRD28
LRRC3B,LRRC3B,MKRN2OS,MARCH4,PPP1R7,PRRT3,PLCL2,SPEGNB,SHISA5,CROCC2,C3orf14,CDC25A,CACNA1D,CD200,SPSB4,CMTM8,MAGI1,STAB1,DUSP7,SATB1
RBMS3,PLCD1,OXNAD1,VIL1,PDCD1,SYN2,RARB,ASIC4,LAMB2,IL5RA,FEZF2,UQCRC1,WNT5A,SIDT1,PXYLP1,SLC22A14,TAFA4,PRKCD,ABHD6,KCNH8
PLCD1,SCN11A,PLCL2,WNT6,RTP5,PPARG,NEK10,TMEM198,KLHDC8B,EFHB,CADPS,HYAL3,PDHB,LSAMP,TRPC1,XYLB,CNTN3,WNT5A,PXK,RAB5A
SCN11A,GORASP1,RARB,CDK5R2,CHL1,WNT7A,TRIM71,INHA,CCDC36,NEK10,TAFA1,CACNA2D2,KCTD6,ARGFX,ZIC4,SCN10A,ROBO2,SUCLG2,FHIT,KAT2B
CSRNP1,CSRNP1,NEK10,DES,LRRN1,SH3BP5,ARPP21,SLC4A3,RHOA,DLEC1,CNTN3,C3orf18,SYNPR,FBXO40,AGTR1,MYRIP,HTR1F,OR5H14,TAFA4,SGO1
CCR8,ZNF621,ZNF860,SPEG,ITPR1,COLQ,DCLK3,SCG2,SEMA3F,SCN11A,ROBO2,ABHD14A,MAGI1,SEMA5B,PLCH1,HIGD1A,CSNKA2IP,ST3GAL6,FRMD4B,SUSD5
ZNF621,TRAK1,TRIM71,INHA,GRM7,HACL1,VILL,AP1S3,GNAT1,TTC21A,HTR1F,BAP1,ARL6IP5,PDIA5,TIPARP,ANO10,EPHA3,GUCA1C,MITF,CLASP2
TRAK1,ZBTB47,ARPP21,EPHA4,CAV3,RARB,SCN10A,NYAP2,SLC38A3,CCR8,CSNKA2IP,ABHD6,LMOD3,ALG1L,SHOX2,LRRC2,IMPG2,MORC1,MDFIC2,ARPP21
HHATL,HHATL,STAC,SCG2,RAD18,GADL1,ENTPD3,GPR55,GNAI2,ULK4,EPHA3,C3orf14,GPR27,AC024558.2,PPM1L,TMIE,HHLA2,GCSAM,RYBP,ITGA9
GASK1A,GASK1A,DCLK3,AP1S3,CAMK1,DCLK3,VIPR1,ARMC9,HYAL1,LYZL4,CD47,SYNPR,PDZRN3,PLXNA1,SI,CDC25A,TAGLN3,ARHGAP31,SHQ1,PLCD1
FYCO1,FYCO1,VILL,NYAP2,FANCD2,TRANK1,TOPAZ1,PRSS56,HYAL2,CCDC13,IFT57,ADAMTS9,ROBO2,PODXL2,SLITRK3,TMA7,TMPRSS7,CD80,GXYLT2,MYD88
PRSS45P,CCR3,SCN10A,GPR55,FANCD2OS,CYP8B1,CDCP1,CHRNG,RASSF1,ACKR2,HHLA2,LMOD3,HTR1F,TRH,LRRIQ4,SHISA5,CD200,ADPRH,PPP4R2,ZNF621
MYL3,LTF,ENTPD3,CHRNG,ATP2B2,ZNF501,TMEM158,NGEF,CISH,CYP8B1,GUCA1C,ROBO2,EPHA3,ASTE1,LRRC31,PFKFB4,CD200R1,HCLS1,EBLN2,TRAK1
CSPG5,PRSS45P,VIPR1,TIGD1,SYN2,KIF15,LARS2,ATG16L1,SEMA3G,CLEC3B,PLCXD2,ROBO1,ABI3BP,CPNE4,SLC7A14,COL7A1,SIDT1,SLC15A2,CADM2,KRBOX1
PLXNB1,MYL3,TOPAZ1,NGEF,PPARG,TMEM158,BSN,MROH2A,NT5DC2,LZTFL1,PHLDB2,CSNKA2IP,DPPA2,BFSP2,ECT2,CELSR3,GAP43,ILDR1,CGGBP1,ZNF662
SLC25A20,PTH1R,CDCP1,ATG16L1,MKRN2OS,ZNF589,TRAIP,HJURP,MUSTN1,LRRC2,TAGLN3,LNP1,TAGLN3,KY,MFN1,SLC25A20,FBXO40,CD86,CLDND1,ZKSCAN7
WDR6,PLXNB1,TMEM158,MROH2A,LSM3,SPINK8,CAMKV,RAMP1,IL17RD,TMIE,TMPRSS7,DPPA2,IGSF11,A4GNT,PEX5L,HYAL3,CASR,CSTA,CPOX,ZNF660
IMPDH2,SLC26A6,LARS2,CHL1,SLC6A6,FBXW12,SEMA3F,ESPNL,DNASE1L3,PRSS45P,C3orf52,PLCXD2,POPDC2,ESYT3,LAMP3,ABHD14A,KALRN,WDR5B,ST3GAL6,LIMD1
LAMB2,SLC25A20,BSN,GRM7,COLQ,COL7A1,IQCF1,GPR35,FAM107A,KIF9,CD200R1L,SIDT1,CHCHD6,MRPS22,MCF2L2,NT5DC2,MUC13,PARP9,CEP97,FYCO1
DAG1,WDR6,TRAIP,SSUH2,RARB,CELSR3,CACNA2D3,PASK,FAM3D,PLXNB1,SIDT1,LSAMP,MCM2,TRIM42,KLHL24,SPCS1,ALG1L,DTX3L,NXPE3,CSPG5
MST1,LAMB2,CAMKV,LHFPL4,NEK10,NCKIPSD,LRTM1,PPP1R7,PTPRG,DALRD3,ATP6V1A,ARGFX,PODXL2,PXYLP1,ABCC5,ITIH4,PLXNA1,PARP15,NFKBIZ,SMARCC1
UBA7,MST1,SEMA3F,BRPF1,ZNF860,PRKAR2A,SLMAP,CNTN4,SUCLG2,CCDC36,ZDHHC23,FBXO40,MGLL,PLS1,ECE2,STIMATE,PODXL2,PARP14,ALCAM,GNAT1
GNAT1,UBA7,IQCF1,IL17RE,TRIM71,P4HTM,SYNPR,LRRN1,EOGT,CDHR4,GAP43,PLXNA1,H1FX,PLSCR2,MAP3K13,WNT5A,TMEM108,HSPBAP1,BBX,SLC38A3
SLC38A3,SLC38A3,CACNA2D3,PRRT3,ARPP21,KLHDC8B,C3orf49,GRM7,LMOD3,GNAT1,STXBP5L,PODXL2,BFSP2,PLSCR5,IGF2BP2,C3orf14,RAB6B,ITGB5,MYH15,PCBP4
MAPKAPK3,SEMA3B,LRTM1,ATP2B2,DCLK3,BSN,KBTBD8,IL17RE,PDZRN3,SLC38A3,POLQ,RAB6B,RAB6B,ZIC4,AHSG,SYNPR,ANAPC13,OSBPL11,ATG3,CHDH
ACY1,LSMEM2,SLMAP,SYN2,TRANK1,CAMKV,FRMD4B,ATP2B2,VGLL3,ZMYND10,ARGFX,MRPS22,SLCO2A1,PTX3,FGF12,ROBO1,ESYT3,CHST13,ZBTB20,IL17RB
TKT,HEMK1,C3orf67,SH3BP5,CTDSPL,RBM15B,MDFIC2,TAMM41,HTR1F,DNAH1,FBXO40,PLS1,ANAPC13,PPM1L,PCYT1A,CSNKA2IP,PLS1,KBTBD12,IGSF11,WNT5A
CHDH,MAPKAPK3,SYNPR,METTL6,VILL,WDR82,FOXP1,SYN2,EPHA3,NT5DC2,KALRN,PAQR9,ESYT3,B3GALNT1,MYL5,EPHA6,PAQR9,GP9,WDR5B,SPATA12
IL17RB,TNNC1,C3orf49,PLCL2,SCN5A,CACNA1D,EIF4E3,IQSEC1,ST3GAL6,ASB14,CHST13,CHST2,PLS1,SPTSSB,CPLX1,IMPG2,CHST2,PLXND1,KLF15,FHIT
SELENOK,CHDH,KBTBD8,RARB,TOPAZ1,CACNA2D3,ROBO1,OXNAD1,DPPA4,DNAH12,PLXNA1,PLSCR5,PLSCR5,SLITRK3,DGKQ,DPPA2,DIPK2A,ACPP,H1FOO,PTPRG
IL17RD,IL17RB,FRMD4B,NEK10,CDCP1,LRTM1,CRYBG3,DAZL,PHLDB2,C3orf67,CPNE4,PTX3,KCNAB1,BCHE,GRK4,PLCXD2,PLSCR2,NCK1,PLXND1,ADAMTS9
KCTD6,SPATA12,MDFIC2,OSBPL10,TMEM158,DNASE1L3,TOMM70,PLCL2,CCDC80,SNTN,TMEM108,PPM1L,IL12A,ACTRT3,HGFAC,TAGLN3,ZIC4,SLC9A9,NPHP3,SUCLG2
ACOX2,IL17RD,FOXP1,ZNF860,LARS2,ABHD6,LNP1,ZNF385D,ARHGAP31,PROK2,BFSP2,SPTSSB,C3orf80,HTR3E,DOK7,SIDT1,PLCH1,PLSCR1,TF,TAFA1
FAM107A,HESX1,EIF4E3,ARPP21,ZNF589,C3orf14,TMEM45A,THRB,ADPRH,CNTN3,RAB6B,SLITRK3,SPTSSB,CAMK2N2,STK32B,GAP43,VEPH1,HPS3,SRPRB,MITF
FEZF2,ACOX2,ROBO2,STAC,SPINK8,CADPS,ADGRG7,RARB,PLA1A,PROS1,SLCO2A1,BCHE,SLITRK3,ECE2,EVC2,GSK3B,PTX3,P2RY13,AMOTL2,CNTN3
LRIG1,FAM107A,ROBO1,DCLK3,FBXW12,SYNPR,ZPLD1,NEK10,FSTL1,ARL13B,NMNAT3,NCEH1,GOLIM4,MAGEF1,EVC,GPR156,SLC66A1L,P2RY12,PPP2R3A,CADM2
SUCLG2,FEZF2,CRYBG3,TRANK1,CELSR3,PRICKLE2,ZBED2,OSBPL10,CSTA,COL8A1,CLSTN2,NDUFB5,ACTRT3,RTP1,CRMP1,CASR,SHOX2,IGSF10,PCCB,ST3GAL6
PDZRN3,ADAMTS9,NIT2,ITGA9,MST1,MAGI1,ZDHHC23,ZNF860,PARP9,CMSS1,RASA2,EEF1AKMT4,KCNMB2,P3H2,AFAP1,C3orf22,IQCJ-SCHIP1,SUCNR1,MRPS22,DCBLD2
ABI3BP,LRIG1,TOMM70,MYD88,TRAIP,EIF4E3,QTRT2,ARPP21,DTX3L,FILIP1L,PLS1,CAMK2N2,MFN1,CLDN16,DRD5,AC024558.2,IQCJ,MBNL1,SLC9A9,COL8A1
MYH15,SUCLG2,TMEM45A,SCN5A,CAMKV,GPR27,DRD3,STAC,PARP14,ABI3BP,PCOLCE2,ECE2,USP13,UTS2B,CLNK,PLXNA1,C3orf80,MFSD1,DIPK2A,TMEM45A
DPPA4,PDZRN3,ADGRG7,ENTPD3,SEMA3F,CSNKA2IP,GAP43,DCLK3,MYLK,IFT57,PAQR9,THPO,CAMK2N2,MB21D2,HS3ST1,PODXL2,SPTSSB,SMC4,CPB1,SENP7
CCDC80,GABRR3,ZPLD1,VIPR1,PPM1M,PROS1,TEX55,MYD88,ITGB5,HHLA2,COMMD2,CHRD,ECE2,FBXO45,NCAPG,TMEM108,SERPINI1,GPR160,RNF13,ZPLD1
BOC,ABI3BP,ZBED2,CELSR3,TNNC1,ARL13B,UPK1B,SLC22A14,HEG1,SLC9C1,PFN2,EPHB3,THPO,PIGZ,CCKAR,BFSP2,SLC7A14,SKIL,SCHIP1,ALCAM
GRAMD1C,MYH15,CD200R1,P4HTM,CACNA1D,STX19,B4GALT4,ENTPD3,MGLL,BOC,RAP2B,MAGEF1,CHRD,NSG1,TBC1D19,SRPRB,KCNMB2,PLD1,IFT80,DPPA4
ZBTB20,DPPA4,ZDHHC23,BSN,CACNA2D3,EPHA6,NR1I2,TOPAZ1,GATA2,CFAP44,SLC66A1L,CLDN16,EPHB3,CRMP1,NWD2,RAB6B,AP2M1,TNFSF10,SMC4,NECTIN3
LSAMP,TMPRSS7,QTRT2,TRAIP,LRTM1,ARL6,STXBP5L,P4HTM,EFCC1,SPICE1,IQCJ-SCHIP1,IL1RAP,MAGEF1,MRFAP1L1,KLHL5,ESYT3,VWA5B2,GNB4,TRIM59,CD96
IGSF11,GCSAM,DRD3,CAMKV,C3orf14,DCBLD2,POLQ,BSN,PLXND1,CCDC191,IQCJ,UTS2B,EIF4A2,DRD5,WDR19,PLS1,EEF1AKMT4,ACTL6A,CLDN11,PLCXD2
ARHGAP31,SLC9C1,GAP43,CACNA2D2,KBTBD8,ALCAM,ADCY5,TRAIP,SLCO2A1,MAATS1,C3orf80,FAM43A,FBXO45,C1QTNF7,CHRNA9,CHST2,CAMK2N2,B3GNT5,SLC2A2,SLC9C1
POPDC2,CCDC80,IGSF11,DOCK3,TAFA1,CBLB,SLC12A8,CAMKV,AMOTL2,FSTL1,PPM1L,NCBP2AS2,TMEM271,LCORL,UCHL1,PLSCR2,ECE2,KLHL6,PLD1,GRAMD1C
FSTL1,BOC,TEX55,POC1A,FOXP1,CIP2A,ABTB1,CACNA2D2,FOXL2,WDR5B,SPTSSB,BDH1,RGS12,LGI2,BEND4,GYG1,THPO,ETV5,NAALADL2,ZBTB20
HGD,GRAMD1C,UPK1B,PRKCD,EIF4E3,DPPA2,KIAA1257,IQCF1,FOXL2NB,PARP15,OTOL1,CPLX1,HGFAC,ANAPC4,SHISA3,PLCH1,CHRD,ST6GAL1,KCNMB3,ARHGAP31
EAF2,ZBTB20,B4GALT4,CACNA1D,GPR27,NECTIN3,RAB43,DUSP7,RBP1,ROPN1,SI,TACC3,NSG1,SLC34A2,GRXCR1,PTX3,RTP1,LPP,ACTL6A,TMEM39A
SLC15A2,GPR156,NR1I2,CACNA2D3,PROK2,TAGLN3,HMCES,POC1A,PLSCR4,ROPN1B,SERPINI1,GRK4,CRMP1,SEL1L3,CORIN,SLC66A1L,CLDN16,P3H2,PEX5L,GPR156
ILDR1,FSTL1,STXBP5L,LRTM1,CNTN3,CD200,IFT122,CACNA2D3,PLSCR1,CFAP100,GPR160,DOK7,JAKMIP1,CCKAR,TXK,SHOX2,OSTN,CLDN1,ATP11B,DTX3L
MYLK,EAF2,POLQ,ARHGEF3,ROBO1,ATP6V1A,ALG1L2,LRTM1,ZIC4,UROC1,SLC7A14,MRFAP1,MRFAP1L1,PTTG2,TEC,LXN,FGF12,IL1RAP,KLHL24,PARP14
ITGB5,SLC15A2,ADCY5,CADPS,CRYBG3,GAP43,ATP1B3,PTPRG,ZIC1,CHST13,PEX5L,GRPEL1,GRPEL1,RFC1,SLC10A4,IQCJ-SCHIP1,FAM43A,CCDC50,MAP6D1,ALG1L
HEG1,PARP9,SLC12A8,SYNPR,RIOX2,TEX55,PAQR9,C3orf49,AGTR1,C3orf22,LAMP3,HTRA3,AFAP1,KLB,ZAR1,IQCJ,ZDHHC19,ZDHHC19,CLCN2,ALDH1L1
OSBPL11,DTX3L,ABTB1,C3orf49,ZPLD1,SEMA5B,CPA3,FOXP1,TM4SF18,RUVBL1,YEATS2,DRD5,DRD5,N4BP2,RASL11B,C3orf80,SMCO1,NRROS,DNAJB11,KLF15
ROPN1B,MYLK,KIAA1257,EIF4E3,HHLA2,PDIA5,SIAH2,EIF4E3,TM4SF1,KIAA1257,AP2M1,HS3ST1,ZNF518B,BEND4,ARL9,B3GALNT1,CPLX1,SLC49A3,APOD,MCM2
ALDH1L1,CCDC14,RAB43,GPR27,CIP2A,HACD2,MINDY4B,GPR27,WWTR1,EFCC1,VWA5B2,C1QTNF7,LCORL,ATP8A1,SPINK2,SPTSSB,DOK7,GAK,DLG1,TMEM108
KLF15,ITGB5,HMCES,PROK2,GRAMD1C,KALRN,CLRN1,ROBO1,GPR171,EFCAB12,FAM131A,PPARGC1A,SLIT2,GRXCR1,STAP1,SLITRK3,NSG1,TNIP2,LRCH3,KY
C3orf22,HEG1,IFT122,ARL13B,ZDHHC23,PLXNA1,GPR87,CADM2,P2RY14,IFT122,THPO,LGI2,LGI2,YIPF7,UBA6,SERPINI1,CRMP1,SH3BP2,PDE6B,NME9
MGLL,OSBPL11,ALG1L2,STX19,DRD3,MCM2,P2RY1,EPHA3,SHOX2,H1FOO,CHRD,KLHL5,SLC34A2,CORIN,GNRHR,SAMD7,HS3ST1,CYTL1,FAM53A,SPSB4
KBTBD12,ALDH1L1,EPHB1,NSUN3,GAP43,SLCO2A1,RAP2B,ARL13B,IL12A,NEK11,LIPH,WDR19,NWD2,SLC10A4,TMPRSS11D,EIF5A2,SLIT2,TBC1D14,C4orf48,PCOLCE2
PLXND1,KLF15,PAQR9,EPHA6,STXBP5L,EPHB1,GPR149,STX19,MECOM,ACKR4,ETV5,RFC1,WDR19,RASL11B,TMPRSS11A,MFN1,LGI2,SH3TC1,ADD1,SLC9A9
NPHP3,C3orf22,CPA3,ARL6,CASR,PPP2R3A,MME,DCBLD2,SLC2A2,CLDN18,DGKG,KLB,BEND4,GSX2,TMPRSS11F,AP2M1,PCDH7,SLC2A9,HMX1,PLOD2
MRAS,NEK11,MINDY4B,DCBLD2,ADCY5,NMNAT3,STRIT1,TOMM70,PLD1,DZIP1L,AHSG,GNPDA2,COX7B2,KIT,NPFFR2,VWA5B2,NWD2,LAP3,CPEB2,PLSCR4
RBP1,ACPP,CLRN1,TOMM70,ROPN1,CLSTN2,KCNAB1,LNP1,FNDC3B,A4GNT,RTP1,COX7B2,TXK,PDCL2,NAAA,EEF1AKMT4,N4BP2,C4orf19,FBXL5,SLITRK3
DIPK2A,KY,GPR87,LNP1,KALRN,TRIM42,SLC66A1L,TMEM45A,TNFSF10,NME9,OSTN,GABRA4,SLC10A4,NMU,FRAS1,CAMK2N2,CHRNA9,RELL1,BST1,BCHE
PLOD2,PLOD2,P2RY1,TMEM45A,SLC12A8,PXYLP1,MLF1,ADGRG7,ECT2,RBP2,FGF12,COMMD8,ZAR1,ARL9,MEPE,ECE2,UCHL1,PGM2,QDPR,GOLIM4
PLSCR4,PLSCR4,RAP2B,IMPG2,ROPN1B,PAQR9,RARRES1,CIP2A,ST6GAL1,RBP1,PIGZ,ATP10D,GSX2,THEGL,CCSER1,DGKG,GRXCR1,TBC1D1,LCORL,FNDC3B
ZIC1,ZIC1,GPR149,CIP2A,MRPL3,CHST2,IQCJ-SCHIP1,NECTIN3,RTP4,DIPK2A,MELTF,CORIN,KIT,SPINK2,BMPR1B,AHSG,GABRG1,PTTG2,SEPSECS,NLGN1
TSC22D2,CP,MME,C3orf52,SLCO2A1,PFN2,IQCJ,CD96,TP63,PLOD2,TMEM271,TXK,SRD5A3,TMPRSS11D,UNC5C,RTP1,CORIN,KLF3,ZCCHC4,NAALADL2
MED12L,WWTR1,STRIT1,DRD3,EPHB1,RAP2B,NMD3,PLCXD2,HES1,ZIC4,POLN,TEC,EXOC1L,CXCL6,STPG2,SST,TXK,TLR10,RBPJ,KCNMB2
GPR171,TSC22D2,KCNAB1,LSAMP,RNF7,C3orf33,LRRC34,TAGLN3,TMEM44,ZIC1,ZFYVE28,GSX2,KIAA1211,CXCL5,RAP1GDS1,P3H2,OCIAD2,TLR1,ARAP2,ZMAT3
GPR87,MED12L,SLC66A1L,TEX55,PLSCR2,C3orf80,GPR160,TMPRSS7,FAM43A,CP,GPR78,KIT,PPAT,EPGN,COL25A1,CLDN1,ERVMER34-1,TLR6,KLF3,SOX2
P2RY1,P2RY1,MLF1,UPK1B,MINDY4B,LRRC34,PRKCI,C3orf52,APOD,WWTR1,CPZ,SRD5A3,PAICS,BTC,MCUB,CLDN16,RASL11B,FAM114A1,FAM114A1,CHRD
ARHGEF26,ARHGEF26,RARRES1,NR1I2,CLRN1,SAMD7,GHSR,GCSAM,TFRC,ANKUB1,DRD5,PDCL2,EPHA5,PARM1,CFI,XXYLT1,PDCL2,TMEM156,RFC1,EPHB3
TIPARP,IL12A,IQCJ-SCHIP1,STXBP5L,RAP2B,SLC7A14,NCEH1,SLC9C1,MELTF,ERICH6,LDB2,NMU,GNRHR,PPEF2,EGF,SMCO1,NMU,KLHL5,APBB2,C3orf70
IL12A,SERPINI2,IQCJ,POLQ,GPR149,SPATA16,CCDC39,BTLA,SLC49A3,IGSF10,KCNIP4,EXOC1L,CXCL5,NAAA,ELOVL6,TMEM271,KIAA1211,RHOH,LIMCH1,TMEM41A
SMC4,WDR49,NMD3,SEMA5B,MME,VWA5B2,LAMP3,CD200R1,TNIP2,AADACL2,SEL1L3,KIAA1211,EPGN,STBD1,TIFA,C4orf48,SPINK2,RBM47,ATP8A1,LIPH
GOLIM4,GOLIM4,SERPINI1,PDIA5,STRIT1,CAMK2N2,MCF2L2,ZDHHC23,CYTL1,ARHGEF26,SMIM20,TMPRSS11D,EREG,CCDC158,CAMK2D,MSANTD1,ADGRL3,TEC,FRYL,IGF2BP2
ACTRT3,LRRC31,ACTRT3,SEC22A,SLC66A1L,TPRG1,VWA5B2,LSAMP,HTRA3,PLCH1,PCDH7,TMPRSS11A,AREG,SOWAHB,PRSS12,NSG1,TECRL,REST,SGCB,ETV5
TNIK,TNIK,LRRC34,ADCY5,IQCJ-SCHIP1,CLDN16,LIPH,UPK1B,CPZ,TIPARP,NWD2,TMPRSS11F,BTC,ANTXR2,TNIP3,CRMP1,EPHA5,UGT2B17,KDR,DGKG
FNDC3B,NAALADL2,GPR160,HACD2,IQCJ,TMEM271,AHSG,STXBP5L,C1QTNF7,LEKR1,PGM2,CXCL5,PARM1,PRDM8,QRFPR,DRD5,GNRHR,MOB1B,SRD5A3,TBCCD1
SOX2,SOX2,PRKCI,KALRN,NMD3,ADRA2C,TPRG1,ILDR1,BST1,VEPH1,TBC1D1,AREG,G3BP2,FGF5,CCNA2,ZNF518B,TMPRSS11D,CXCL8,TMEM165,AHSG
DCUN1D1,CLCN2,GHSR,SLC12A8,SI,NSG1,TP63,ADCY5,PROM1,MLF1,PTTG2,PPEF2,PPEF2,GPAT3,BBS7,C1QTNF7,TMPRSS11F,BMP2K,REST,KNG1
POLR2H,POLR2H,NCEH1,MRPL3,SERPINI1,C4orf50,CLDN16,KALRN,SOD3,IFT80,UCHL1,NAAA,NAAA,SLC10A6,TRPC3,SLC34A2,UGT2B7,PLAC8,THAP6,MASP1
EPHB3,EPHB3,LAMP3,CPNE4,NLGN1,JAKMIP1,TMEM44,SLC12A8,RELL1,OTOL1,RASL11B,STBD1,STBD1,C4orf36,KIAA1109,PCDH7,SULT1E1,COQ2,ODAPH,RTP4
C3orf70,EHHADH,MCF2L2,EPHB1,LAMP3,WFS1,PPP1R2,MRPL3,KLF3,ZBBX,LNX1,CCNI,CCNI,HSD17B13,ANKRD50,UGDH,NPFFR2,HPSE,ART3,BCL6
EHHADH,RTP1,VWA5B2,NMNAT3,ABCC5,AC093323.1,MUC20,MRAS,FAM114A1,SERPINI2,HOPX,PRKG2,CCNG2,HERC6,SLC25A31,UCHL1,RASSF6,GPAT3,SCARB2,LPP
MASP1,MASP1,AHSG,PAQR9,ECE2,SORCS2,MUC4,ATP1B3,APBB2,WDR49,ADGRL3,HPSE,CXCL13,NAP1L5,NOCT,BEND4,PARM1,ARHGAP24,PRDM8,CLDN1
BCL6,BCL6,TPRG1,RAP2B,EIF4A2,ABLIM2,ZDHHC19,PAQR9,SHISA3,GOLIM4,EPHA5,C4orf36,BMP3,TIGD2,MGST2,KCTD8,G3BP2,AFF1,HNRNPDL,IL1RAP
AC072022.2,AC072022.2,TP63,GPR149,TPRG1,FAM90A26,SLC51A,CHST2,CNGA1,LRRC34,CCDC158,HSD17B13,HPSE,CCSER1,SCOC,CORIN,STBD1,HSD17B11,SCD5,UTS2B
LPP,LPP,CLDN16,MME,MB21D2,WDR1,SMCO1,CPA3,TEC,LRRIQ4,SOWAHB,PPM1K,NAP1L5,BANK1,CLGN,NIPAL1,SOWAHB,SPP1,THAP9,CCDC50
ATP13A5,GMNC,TMEM44,KCNAB1,PLAAT1,CLNK,BDH1,GPR149,ERVMER34-1,LRRC31,SEPTIN11,HERC6,CCSER1,CISD2,TBC1D9,TXK,CXCL13,HERC5,LIN54,FGF12
ATP13A4,ATP13A5,PPP1R2,IQCJ-SCHIP1,TMEM44,HS3ST1,LMLN,MME,KDR,SAMD7,PRDM8,NAP1L5,C4orf17,SLC9B2,IL15,SLC10A4,FGF5,MMRN1,PTPN13,MB21D2
HES1,ATP13A4,MUC20,IQCJ,PPP1R2,KCNIP4,ZNF732,KCNAB1,SPINK2,TMEM212,FGF5,CISD2,CISD2,NDST4,INPP4B,ZAR1,BMP3,HPGDS,HSD17B13,PLAAT1
TFRC,HES1,MUC4,NMD3,ZDHHC19,N4BP2,PDE6B,IQCJ-SCHIP1,REST,KCNMB2,TMEM150C,TACR3,MCUB,MAD2L1,GYPE,OCIAD2,PRKG2,DAPP1,SPP1,ATP13A5
TM4SF19,TFRC,ZDHHC19,LRRC34,TCTEX1D2,CHRNA9,DGKQ,IQCJ,IGFBP7,CCDC39,HSD17B13,EGF,CASP6,SPRY1,ANAPC10,KIAA1211,GPAT3,BANK1,PKD2,ATP13A4
ATP5ME,SLC49A3,SLC51A,ABCC5,TMEM271,NSUN7,RNF212,LRRC34,SULT1B1,SOX2,SNCA,NDST4,PLA2G12A,FAT4,DCLK2,EPHA5,MEPE,MANBA,UNC5C,HES1
SLC49A3,SLC26A1,SMCO1,VWA5B2,PDE6B,UCHL1,SPON2,SAMD7,SULT1E1,IGF2BP2,CCSER1,PRSS12,NDST4,HSPA4L,MAB21L2,STAP1,NAP1L5,TIFA,RAP1GDS1,APOD
FGFRL1,FGFRL1,BDH1,ECE2,ATP5ME,ATP8A1,POLN,GPR160,SMR3B,MASP1,TSPAN5,SYNPO2,PRSS12,C4orf33,MND1,TMPRSS11D,C4orf17,ALPK1,TSPAN5,TNK2
FGFR3,FGFR3,LMLN,MAP3K13,DGKQ,GRXCR1,ZFYVE28,NCEH1,CXCL8,TP63,TACR3,MYOZ2,NDNF,MGARP,MSMO1,TMPRSS11A,TACR3,SEC24D,TRMT10A,LRCH3
NAT8L,NAT8L,ZNF732,TMEM41A,RNF212,GABRA2,MSANTD1,CCDC39,CXCL6,GMNC,EGF,HSPA4L,ANKRD50,SCOC,TLL1,TMPRSS11F,DKK2,USP53,SLC9B1,SLC26A1
MXD4,SH3BP2,PDE6B,LIPH,SPON2,COX7B2,OTOP1,VWA5B2,CXCL1,HES1,FAM241A,MGARP,FAT4,CLGN,HPGD,JCHAIN,COL25A1,ANXA5,FAM241A,STK32B
SH3BP2,MSX1,CPLX1,KNG1,POLN,GABRB1,LYAR,EEF1AKMT4,CXCL2,GP5,NEUROG2,NDUFC1,HSPA4L,UCP1,SNX25,CXCL6,MCUB,MGST2,ZGRF1,TBC1D14
EVC2,EVC2,DGKQ,IL1RAP,ZFYVE28,NIPAL1,C4orf50,MAP3K13,CXCL10,MUC4,CAMK2D,SETD7,PCDH18,GYPA,SLC9A3,BTC,RRH,MAML3,UGT8,AFAP1
EVC,EVC,RNF212,FGF12,MSANTD1,USP46,PPP2R2C,LIPH,CXCL11,TM4SF19,ARSJ,MGST2,MGARP,RNF175,ADCY2,ODAPH,EGF,TBC1D9,TRAM1L1,HTRA3
WFS1,CD38,SPON2,TMEM44,LRPAP1,ARL9,ABLIM2,CLDN16,ANXA3,CEP19,SEC24D,SCOC,INPP4B,DCHS2,ATPSCKMT,PPEF2,ELOVL6,TMEM154,FAT4,HMX1
FAM90A26,ADGRA3,POLN,SMCO1,ADRA2C,THEGL,GPR78,MUC20,ANTXR2,IQCG,SYNPO2,INPP4B,FREM3,TDO2,ANKRD33B,NAAA,NDST4,TLR2,ELF2,FAM90A26
CD38,ARAP2,ZFYVE28,DLG1,C4orf50,HOPX,LDB2,MUC4,NKX6-1,LMLN,MYOZ2,GYPA,GYPB,TMA16,MARCH11,SHROOM3,TNIP3,GASK1B,GAB1,SLC2A9
ADGRA3,C4orf19,MSANTD1,ZNF732,JAKMIP1,UGT2B7,FAM184B,SMCO1,AFF1,SPON2,TNIP3,TMEM131L,NR3C2,LRP2BP,BASP1,SOWAHB,QRFPR,DDX60,HHIP,HS3ST1
PPARGC1A,GABRG1,ADRA2C,TMEM271,WFS1,SULT1E1,SLIT2,DLG1,SPARCL1,NELFA,QRFPR,RNF175,MAB21L2,CCDC127,LINC02218,FRAS1,TMEM155,DDX60L,SH3D19,CC2D2A
PI4K2B,REST,OTOP1,ZFYVE28,PPP2R2C,SMR3B,KCNIP4,CPLX1,ABCG2,CFAP99,TMEM155,DCHS2,TDO2,BASP1,CDH18,TMEM150C,ANKRD50,NEIL3,PRSS48,PROM1
SEL1L3,IGFBP7,LYAR,LRPAP1,AC093323.1,NPFFR2,ARAP2,RNF212,HERC6,MSX1,BBS7,PDGFC,FSTL5,NPR3,CDH9,GPAT3,HSPA4L,TLR3,TRIM2,FAM184B
SMIM20,SLC4A4,C4orf50,ADRA2C,ABLIM2,ADAMTS3,DCAF4L1,SPON2,HERC5,EVC2,FREM3,GLRB,NPY1R,PRLR,SLC45A2,HSD17B13,SETD7,FAM149A,MND1,NCAPG
C4orf19,CXCL5,JAKMIP1,LYAR,FAM90A26,EPGN,ATP8A1,POLN,ADH1B,EVC,GYPE,AADAT,NPY5R,UGT3A2,AMACR,PYURF,MGST2,DAP,TMEM144,PI4K2B
TBC1D1,CXCL3,PPP2R2C,C4orf50,CPEB2,G3BP2,GRXCR1,MSANTD1,EMCN,WFS1,GYPB,GALNT7,GALNTL6,CCDC152,IL7R,NAP1L5,SCOC,OTULINL,C4orf46,SEL1L3
GABRG1,CXCL2,ABLIM2,JAKMIP1,FAM200B,FAM47E,KCTD8,ADRA2C,SLC39A8,CCDC96,GYPA,SAP30,TENM3,FGF10,GDNF,TIGD2,CLGN,OTULIN,FNIP2,RBPJ
GABRA2,SHROOM3,GPR78,PPP2R2C,LDB2,FRAS1,GABRA4,C4orf50,BDH2,FAM90A26,FBXW7,GLRA3,SLC9A3,EMB,C9,CCSER1,TBC1D9,SLC1A3,MARCH1,CCKAR
GABRB1,BMP2K,LDB2,AC093323.1,FAM184B,PAQR3,NIPAL1,JAKMIP1,LEF1,CC2D2A,DCHS2,ADAM29,NKD2,ARL15,DAB2,C4orf17,FREM3,FYB1,TRIM61,PCDH7
AASDH,NAA11,FAM184B,SORCS2,KCNIP4,PRKG2,OCIAD2,PPP2R2C,CFI,PROM1,TDO2,TENM3,UBE2QL1,HSPB3,HMGCS1,TACR3,GYPB,C9,SPOCK3,C4orf19
HOPX,ANTXR2,SLIT2,AFAP1,CHRNA9,GPAT3,LNX1,SORCS2,ENPEP,ADGRA3,PDGFC,SLC25A4,SRD5A1,RAB3C,FGF10,CXXC4,GYPA,DAB2,SH3RF1,RELL1
REST,SLC10A6,KCNIP4,ABLIM2,NSUN7,HSD17B13,CENPC,LDB2,FAM241A,PPARGC1A,GLRB,UBE2QL1,ANKH,RNF180,EMB,DKK2,RNF175,PTGER4,MFAP3L,KLF3
IGFBP7,AFF1,ARAP2,FAM90A26,BEND4,NAP1L5,SLC4A4,FAM184B,SEC24D,SOD3,GRIA2,SEMA5A,FBXL7,ADAMTS6,PARP8,LEF1,GLRB,CARD6,CEP44,TLR10
SLC4A4,SPARCL1,DCAF4L1,KCNIP4,ATP8A1,SNCA,ADAMTS3,SLIT2,TNIP3,DTHD1,RXFP1,ANKH,CDH10,FAM169A,ISL1,COL25A1,FSTL5,EMB,AGA,FAM114A1
CXCL5,HERC5,ATP8A1,GABRA2,KCTD8,PPP3CA,ALB,PPARGC1A,ANXA5,WDR19,C4orf45,MARCH11,NPR3,BHMT2,HSPB3,MCUB,MARCH1,SNX18,ENPP6,UGDH
CXCL3,PDLIM5,GRXCR1,GABRA4,GABRA2,CXXC4,AREG,GABRA2,SPRY1,NSUN7,NPY1R,UGT3A2,OXCT1,GPR150,IL31RA,CASP6,SPOCK3,GZMA,IRF2,NSUN7
CXCL2,BMPR1B,KCTD8,NIPAL1,GABRA4,PPA2,PARM1,COX7B2,FAT4,GABRG1,APELA,PLCXD3,CCDC152,TSLP,RAB3C,PLA2G12A,GALNTL6,IL6ST,CENPU,APBB2
EPGN,ADH6,GABRA4,OCIAD2,ATP10D,INTS12,PPEF2,GABRA4,PABPC4L,CWH43,FAM218A,GHR,HCN1,MCC,PDE4D,LRIT3,HPGD,GAPT,ACSL1,SCFD2
THAP6,ADH1A,NIPAL1,LNX1,CWH43,GSTCD,ART3,NIPAL1,PCDH18,SPATA18,MSMO1,NNT,HSPB3,LVRN,RGS7BP,EGF,GLRA3,CD180,CEP72,FIP1L1
SHROOM3,MTTP,OCIAD2,KIT,USP46,NPNT,SEPTIN11,LNX1,SLC7A11,THEGL,GLRA3,HCN1,ANKRD55,PRR16,SHISAL2B,NDST4,TENM3,NAIP,TPPP,LNX1
BMP2K,DDIT4L,LNX1,ARL9,ERVMER34-1,CAMK2D,RASGEF1B,ADGRL3,MGST2,SULT1B1,TENM3,PDE4D,RAB3C,CEP120,ADAMTS6,QRFPR,SLC25A4,S100Z,ZDHHC11B,CHIC2
THAP9,SLC9B1,SLC4A4,HOPX,RASL11B,NDST3,C4orf54,TECRL,GAB1,JCHAIN,SORBS2,RNF180,SHISAL2B,TEX43,NLN,HSPA4L,SLC9A3,LHFPL2,AC026740.3,GSX2
ARHGAP24,BDH2,ADAMTS3,AMBN,ARL9,MYOZ2,DDIT4L,GNRHR,EDNRA,MOB1B,TRIML2,RGS7BP,ADAMTS6,LMNB1,CCNB1,JADE1,TRIP13,MEF2C,IRX2,PDGFRA
MAPK10,ETNPPL,ALB,NPFFR2,EPHA5,C4orf3,PPP3CA,AMBN,ARHGAP10,GC,AHRR,MAST4,SGTB,P4HA2,TAF9,SCOC,UBE2QL1,GLRX,C5orf38,KIAA1211
PTPN13,CFI,CXCL1,ALB,SLC4A4,BBS12,BANK1,JCHAIN,TMEM154,RASSF6,SLC9A3,MRPS36,MAST4,PDLIM4,SERF1B,CLGN,SEMA5A,ELL2,FBXL7,REST
SLC10A6,EGF,AREG,ODAPH,ADAMTS3,ANKRD50,CENPE,ADAMTS3,RAPGEF2,BTC,TPPP,RASGRF2,ARHGEF28,SLC22A4,SERF1A,TBC1D9,MARCH11,ERAP2,RETREG1,ADGRL3
AFF1,ALPK1,PARM1,FRAS1,ALB,PLK4,NPNT,ODAPH,DDX60,FAM47E,TRIP13,CKMT2,IQGAP2,TRPC7,MAP1B,GYPA,BASP1,CHD1,C1QTNF3,UGT2B7
KLHL8,NEUROG2,PPEF2,PAQR3,CXCL6,PCDH10,NDST3,RASGEF1B,DDX60L,CCDC158,NKD2,ZCCHC9,F2R,SPOCK1,TNPO1,ANAPC10,CDH18,ST8SIA4,RAI14,BTC
SPARCL1,ARSJ,ART3,FGF5,SEPTIN11,MAML3,SLC25A31,TMEM150C,VEGFC,SHROOM3,ADAMTS16,HAPLN1,RASGRF2,PCDHAC2,HMGCR,DCHS2,CDH9,DCP2,LIFR,SCARB2
HERC5,SYNPO2,SEPTIN11,PRKG2,CXCL13,CLGN,RNF150,HERC3,WWC2,NAA11,UBE2QL1,EDIL3,HAPLN1,PCDHB6,CERT1,NPY2R,UGT3A2,COMMD10,RICTOR,CCDC158
PDLIM5,PRDM5,FRAS1,TMEM150C,FRAS1,UCP1,SMAD1,FAM13A,ANKRD37,ANTXR2,ANKRD33B,COX7C,CCNH,PCDHB11,SV2C,MAP9,EGFLAM,TNFAIP8,SELENOP,PRKG2
BMPR1B,NDNF,RASGEF1B,TIGD2,PAQR3,GYPB,REELD1,TIGD2,NKD2,PRDM8,CTNND2,GPR150,MEF2C,PCDHB12,F2RL2,MARCH1,PTGER4,SNX2,ITGA2,RASGEF1B
ADH6,FGF2,GRID2,GPRIN3,PTPN13,PRSS48,LRBA,GPRIN3,SLC12A7,CFAP299,RETREG1,RFESD,ARRDC3,PCDHGC4,S100Z,HPGD,PLCXD3,MARCH3,SLC38A9,SCD5
ADH1A,SLC7A11,C4orf54,SNCA,GRID2,FAM160A1,FHDC1,SNCA,MYO10,BMP3,BASP1,ST8SIA4,NR2F1,FCHSD1,CKMT2,GLRA3,HMGCS1,IRF1,DDX4,PKD2
MTTP,IQCM,DDIT4L,C4orf54,DDIT4L,DCHS2,TMEM131L,CCSER1,CDH6,ABRAXAS1,LINC02218,PAM,RGMB,KCTD16,ACOT12,SLC9A3,FGF10,TIFAB,IL31RA,HERC6
SLC9B1,DCLK2,PPP3CA,H2AFZ,PPP3CA,MAP9,RNF175,GRID2,ADAMTS12,NKX6-1,CDH18,C5orf30,FAM174A,PRELID2,ST8SIA4,UBE2QL1,HCN1,TGFBI,SETD9,HERC5
BDH2,SFRP2,BANK1,PPP3CA,CENPE,GUCY1A1,GUCY1A1,PDLIM5,IL7R,CDS1,CDH12,EFNA5,KCNN2,GRXCR2,STARD4,MARCH11,EMB,TMEM173,ELOVL7,FAM13A
ETNPPL,LRAT,CENPE,CENPE,INTS12,GUCY1B1,GUCY1B1,TSPAN5,OSMR,SLC10A6,CDH10,ZNF608,TRIM36,MARCOL,MCC,CDH18,PARP8,CD14,KIF2A,GRID2
NEUROG2,RBM46,INTS12,NPNT,NPNT,GLRB,GRIA2,C4orf17,C9,MMRN1,CDH6,TEX43,CDO1,SPINK13,TRIM36,CDH10,ISL1,TMCO6,ERBIN,PDLIM5
ARSJ,GASK1B,NPNT,PAPSS1,COL25A1,GRIA2,NAF1,C4orf54,DAB2,BMPR1B,LMBRD2,ACSL6,PRR16,GRIA1,ZNF608,ADAMTS12,FST,DELE1,PIK3R1,CXXC4
MYOZ2,CPE,NDST3,CAMK2D,AP1AR,RXFP1,NPY1R,H2AFZ,PTGER4,STPG2,GHR,CDKN2AIPNL,ZNF608,FNDC9,MEGF10,SLC45A2,HSPB3,PCDH12,NAIP,UGT8
PRDM5,DDX60,PDE5A,NDST4,TIFA,C4orf46,NPY5R,PPP3CA,CARD6,ADH4,HMGCS1,CAMLG,PHAX,LSM11,CTXN3,RAI14,IL31RA,ADRB2,TMEM171,TRAM1L1
FGF2,PALLD,SLC25A31,NDST3,PDE5A,ETFDH,KLHL2,CENPE,C7,ADH6,CCL28,DNAJC18,LMNB1,ADRA1B,IL4,EMB,ANKRD55,CSF1R,AP3B1,SEC24D
INTU,MFAP3L,RNF150,PDE5A,QRFPR,C4orf45,SPOCK3,CXXC4,ANXA2R,ADH1A,C5orf34,IGIP,SLC27A6,GABRG2,SMIM32,PARP8,LRRC70,CD74,SERINC5,ANXA5
SLC7A11,SCRG1,SMAD1,BBS12,PLK4,KLHL2,ADAM29,PAPSS1,CCL28,TRMT10A,HCN1,PCDHAC2,MINAR2,FBLL1,TRPC7,GZMA,SHISAL2B,GM2A,ZFYVE16,MGARP
NOCT,GPM6A,REELD1,SPRY1,C4orf51,TLL1,STOX2,COL25A1,PELO,MTTP,EMB,PCDHB7,CHSY3,RANBP17,GFRA3,IL31RA,SGTB,TIMD4,RASGRF2,SETD7
TMEM184C,IRF2,LRBA,PLK4,ZNF827,GALNTL6,ENPP6,LRIT3,ITGA1,BANK1,PARP8,PCDHB8,LYRM7,STC2,CDC25C,ANKRD55,TAF9,HAVCR1,XRCC4,GAB1
DCLK2,CASP3,FHDC1,PCDH10,REELD1,CDKN2AIP,SNX25,ENPEP,ESM1,SGMS2,ARL15,PCDHB9,PITX1,C5orf47,RELL2,RAB3C,CARTPT,HAVCR2,EDIL3,FREM3
DCHS2,PDLIM3,TMEM131L,MAML3,FAM160A1,STOX2,CCDC110,NDST3,GZMA,ENPEP,HSPB3,PCDHB10,CXCL14,CPLX2,FCHSD1,LRRC70,MAP1B,IL12B,CCNH,GYPE
RBM46,KLKB1,RNF175,RNF150,FHDC1,ACSL1,SORBS2,SPRY1,GPX8,PRSS12,IL31RA,PCDHB11,SLC25A48,FAM153B,ARHGAP26,SGTB,CRHBP,DOCK2,CETN3,GYPB
CTSO,F11,GLRB,ZNF827,TMEM131L,SORBS2,MTNR1A,PCDH10,ELOVL7,SYNPO2,PLK2,PCDHB12,SPOCK1,SIMC1,ABLIM3,MAP1B,OTP,C5orf58,ARRDC3,GYPA
GASK1B,FAT1,GRIA2,REELD1,DCHS2,AHRR,TRIML2,NOCT,MARVELD2,PRDM5,PDE4D,PCDHB13,LRRTM2,GPRIN1,GPX3,ARHGEF28,RASGRF2,LCP2,ELL2,ZNF827
FSTL5,IRX2,NAF1,ARHGAP10,RBM46,TPPP,TERT,SETD7,OCLN,CCNA2,DEPDC1B,PCDHB14,PCDHA11,SNCB,ANXA6,CRHBP,ACOT12,KCNMB1,SLCO6A1,SLC10A7
CPE,C5orf38,NPY1R,FAM160A1,NPY2R,TRIP13,ADAMTS16,MAML3,ZNF366,INTU,SGTB,PCDHGA1,PCDHAC2,EIF4E1B,GLRA1,ANKRD34B,POLR3G,STK10,C5orf30,ARHGAP10
ANXA10,IRX1,NPY5R,TMEM131L,NPY1R,TERT,ANKRD33B,RNF150,FCHO2,SLC7A11,NLN,PCDHGA2,PCDHB10,FAM153A,GALNT10,RASGRF2,PCSK1,HK3,MAN2A1,SH3D19
DDX60,ADCY2,TMEM192,MAP9,NPY5R,UBE2QL1,CDH12,ZNF827,FOXD1,MGARP,MAP1B,RELL2,PCDHB11,N4BP3,KIF4B,ACOT12,ST8SIA4,DOK3,TMED7,PRSS48
PALLD,CTNND2,KLHL2,GUCY1A1,MARCH1,SRD5A1,CDH9,PRMT9,F2R,MGAT4D,TNPO1,DELE1,PCDHB12,COL23A1,SGCD,EDIL3,SLCO4C1,LTC4S,COMMD10,TMEM154
SH3RF1,FBXL7,MSMO1,GUCY1B1,FAM218A,CMBL,CDH6,ARHGAP10,BHMT2,C4orf51,ARHGEF28,SPRY4,PCDHGC4,ZNF454,ITK,MBLAC2,SLCO6A1,RASGEF1C,SEMA6A,CTSO
MFAP3L,MYO10,SPOCK3,RXFP1,KLHL2,CDH18,PDZD2,NR3C2,CKMT2,TTC29,ENC1,KCTD16,SPRY4,GRM6,C5orf52,PCSK1,PAM,MGAT1,HSD17B4,PDGFC
AADAT,NADK2,GALNT7,C4orf46,ADAM29,CDH12,ADAMTS12,TMEM131L,NR2F1,IQCM,GCNT4,GRXCR2,KCTD16,SCGB3A1,HMMR,RGMB,NREP,DUSP22,ZNF608,GRIA2
SCRG1,RANBP3L,ADAM29,FNIP2,WDR17,CDH10,PRLR,GUCY1A1,ERAP2,MAB21L2,HMGCR,MARCOL,PRELID2,TRIM7,TENM2,SLCO4C1,KCNN2,IRF4,MEGF10,C4orf46
GPM6A,SLC1A3,TENM3,C4orf45,ING2,CDH9,C5orf34,GUCY1B1,EPB41L4A,FAM160A1,HOMER1,GRPEL2,GRPEL2,BPHL,GABRP,SLCO6A1,TRIM36,HUS1B,SLC12A2,MARCH1
VEGFC,LIFR,STOX2,FSTL5,STOX2,SLC45A2,MRPS30,GLRB,MCC,TIGD4,ACOT12,PCYOX1L,GRIA1,TFAP2A,HRH2,PAM,CTXN3,SERPINB1,CDC42SE2,ANXA10
IRF2,OSMR,ENPP6,NPY1R,ENPP6,AMACR,CDC20B,GRIA2,TNFAIP8,LRAT,MEF2C,SLC36A1,CYFIP2,GCNT2,CPLX2,EFNA5,FBN2,SERPINB9,RAPGEF6,DDX60
CASP3,ANXA2R,CCDC110,NPY5R,CENPU,RAD1,MCIDAS,FSTL5,PPIC,GASK1B,POLR3G,GRIA1,ADAM19,TMEM14C,FAM153B,TSLP,SLC27A6,SERPINB6,FNIP1,DDX60L
PDLIM3,CCL28,SORBS2,TMEM192,CEP72,DNAJC21,CCNO,TRIM61,SLC12A2,HMGB2,SLF1,ADAM19,LSM11,GCM2,TSPAN17,KCNN2,ISOC1,PXDC1,SEPTIN8,PALLD
CYP4V2,GPX8,MTNR1A,KLHL2,TERT,PRLR,DDX4,TLL1,PDLIM4,SPATA4,MCTP1,LSM11,ADRA1B,SYCP2L,MXD3,TRIM36,CHSY3,CDYL,SHROOM1,CBR4
KLKB1,LRRC70,TRIML2,TLL1,CMBL,IL7R,C5orf67,SPOCK3,SLC22A5,VEGFC,GPR150,CCNJL,CCNJL,SMIM13,PROP1,FBN2,CDKN2AIPNL,F13A1,SPOCK1,AADAT
F11,ERBIN,TERT,GALNTL6,ANKRD33B,CAPSL,PLK2,GALNTL6,IRF1,LRP2BP,PCSK1,C1QTNF2,C1QTNF2,GFOD1,N4BP3,SLC27A6,CAMLG,LY86,MYOT,SCRG1
FAT1,F2R,ANKRD33B,GALNT7,CDH12,UGT3A2,DEPDC1B,HPGD,IL4,C4orf47,SLCO4C1,GABRB2,PTTG1,RNF182,MAPK9,ISOC1,TGFBI,RREB1,FAM13B,GPM6A
IRX2,CMYA5,CDH12,TENM3,CDH9,TTC33,RGS7BP,GLRA3,SHROOM1,CCDC110,EFNA5,GABRA6,GABRB2,PRL,BTNL3,P4HA2,REEP2,GCNT2,CTNNA1,ASB5
C5orf38,THBS4,CDH9,STOX2,PDZD2,MROH2B,CENPK,ADAM29,TGFBI,PDLIM3,NREP,GABRA1,GABRA6,NRSN1,BTNL9,CCNI2,SLC4A9,NEDD9,CXXC5,NEIL3
IRX1,VCAN,CDH6,CENPU,ADAMTS12,C6,CDK7,WDR17,EGR1,FAT1,KCNN2,FBLL1,GABRA1,GPLD1,IRF4,CAMLG,SLC25A2,CD83,HBEGF,CENPU
ADCY2,ADGRV1,PDZD2,ACSL1,PRLR,PLCXD3,ENC1,SPCS3,ECSCR,PLEKHG4B,TRIM36,RANBP17,GABRG2,ALDH5A1,RIPK1,LECT2,PCDHGC4,KDM1B,SLC4A9,MTNR1A
CTNND2,NR2F1,ADAMTS12,CCDC110,GDNF,ANKRD55,HEXB,TENM3,TMEM173,ZDHHC11,TEX43,FGF18,FBLL1,ARMH2,CAGE1,SMIM32,RELL2,RNF144B,FGF1,IRX2
FBXL7,FAM81B,PRLR,SORBS2,EGFLAM,C5orf67,GCNT4,CCDC110,HBEGF,IRX1,CCDC192,EFCAB9,KCNIP1,HIST1H1A,SYCP2L,TRPC7,FCHSD1,C6orf62,PPP2R2B,C5orf38
MYO10,SPATA9,C5orf34,AHRR,HCN1,PLK2,POC5,PDLIM3,SLC35A4,ADAMTS16,ADAMTS19,STC2,RANBP17,BTN3A1,HIVEP1,REEP2,GPR151,TRIM38,MARCOL,IRX1
NADK2,RHOBTB3,MRPS30,AC026740.3,ISL1,PDE4D,SV2C,SORBS2,PCDHGA4,C5orf49,MINAR2,C5orf47,FGF18,BTN3A3,TBC1D7,SLC4A9,ABLIM3,HIST1H4B,SPINK13,SEMA5A
RANBP3L,LIX1,HCN1,UBE2QL1,MOCS2,SMIM15,DMGDH,MTNR1A,ARAP3,ROPN1L,CHSY3,HIGD2A,CPLX2,HIST1H2AK,PRL,PCDHA2,PCYOX1L,HIST1H1C,SH3TC2,DAP
SLC1A3,APC,ISL1,CDH12,FST,CENPH,BHMT,FAT1,PCDH12,DNAH5,P4HA2,CLTB,KIAA1191,ZSCAN16,GPLD1,PCDHA3,SLC6A7,HFE,ARHGEF37,CTNND2
LIFR,KCNN2,CDC20B,CDH10,MCIDAS,MAP1B,HOMER1,TRIML2,SPRY4,TTC23L,CAMLG,RNF44,GPRIN1,ZKSCAN8,KIAA0319,PCDHA7,GLRA1,HIST1H2AC,TIGD6,TRIO
OSMR,SEMA6A,MCIDAS,RAD1,DDX4,ARHGEF28,ANKRD34B,AC026740.3,FGF1,SPEF2,SPOCK1,CDHR2,SNCB,ZBED9,GMNN,PCDHAC1,GRIA1,HIST1H1E,ARSI,MYO10
PLPP1,SNCAIP,CCNO,DNAJC21,ANKRD55,FAM169A,SLF1,MARCH11,NR3C1,CAPSL,LRRTM2,SNCB,EIF4E1B,OR2I1P,ARMH2,PCDHGB4,KIF4B,HIST1H2BD,NDST1,CDH10
MAST4,PPIC,DDX4,PRLR,C5orf67,HMGCR,MCTP1,BASP1,PRELID2,NADK2,CXXC5,EIF4E1B,UNC5A,CDSN,RIPOR2,PCDHGC4,SGCD,HIST1H3D,ZNF300,PDZD2
DMGDH,GRAMD2B,C5orf67,GDNF,PLK2,SV2C,PAM,LINC02218,ABLIM3,SLC1A3,PCDH1,PRELID1,FGFR4,ATP6V1G2,HIST1H2AG,SPRY4,FNDC9,HIST1H2AD,GM2A,C1QTNF3
BHMT2,ALDH7A1,PLK2,EGFLAM,RGS7BP,PDE8B,CAMK4,CDH10,AFAP1L1,ANXA2R,KCTD16,N4BP3,NHP2,LY6G6D,VWA7,GPR151,LSM11,HIST1H2BF,ATOX1,RICTOR
BHMT,MARCH3,DEPDC1B,GHR,CENPH,OTP,STARD4,CDH9,IL17B,CCL28,GPR151,TRIM7,ADAMTS2,BTNL2,BTNL2,ABLIM3,C1QTNF2,HIST1H4E,NMUR2,C9
CMYA5,C5orf63,CENPK,FGF10,MCCC2,MBLAC2,LVRN,ADAMTS12,PDGFRB,ITGA2,SPINK9,NQO2,TRIM7,PHF1,HLA-DQA2,PCYOX1L,PTTG1,HIST1H2BG,FAXDC2,DAB2
THBS4,MEGF10,CDK7,MRPS30,CARTPT,ARRDC3,ARL14EPL,RAI14,SMIM3,ESM1,PCYOX1L,GFOD1,TUBB2A,ITPR3,SPDEF,SLC6A7,GABRB2,HIST1H2AE,ADAM19,GHR
CKMT2,MEIKIN,ENC1,HCN1,BTF3,RGMB,PRR16,RAD1,TNIP1,GPX8,SLC6A7,RBM24,TXNDC5,HMGA1,STK38,GPX3,GABRA6,HIST1H3E,NIPAL4,CCDC152
ADGRV1,PDLIM4,HEXB,PELO,ARHGEF28,PJA2,SNCAIP,PRLR,CCDC69,CCNO,CAMK2A,CAP2,TFAP2A,PACSIN1,RAB44,FAM114A2,GABRA1,HIST1H1D,PWWP2A,C5orf67
NR2F1,CATSPER3,GCNT4,FST,ENC1,SEMA6A,CCDC192,IL7R,SPARC,MARVELD2,SYNPO,RNF144B,GCNT2,FANCE,CPNE5,GALNT10,GABRG2,HIST1H2BH,ATP10B,MAP3K1
SPATA9,SLC25A48,ANKRD31,CDC20B,NSA2,DTWD2,ADAMTS19,C9,FAXDC2,ANKRD31,IRGM,ALDH5A1,GCM2,LHFPL5,PPIL1,FNDC9,TENM2,BTN3A2,INSYN2B,ZSWIM6
RHOBTB3,CXXC5,HMGCR,MCIDAS,GCNT4,PRR16,MINAR2,MROH2B,CNOT8,ANKDD1B,SLC36A1,SCGN,SMIM13,GLP1R,MDGA1,ADAM19,FBLL1,BTN2A2,SH3PXD2B,KIF2A
GLRX,PSD2,POC5,CCNO,ANKDD1B,SNX24,CHSY3,C6,EBF1,IQGAP2,KIF4B,HIST1H1A,HIVEP1,SAYSD1,LRFN2,THG1L,INSYN2B,HIST1H2BJ,ZNF354C,RNF180
ERAP2,CYSTM1,SV2C,C5orf67,POC5,PRDM6,SOWAHA,PLCXD3,LCP2,F2RL2,ADAM19,BTN3A3,SCGN,LRFN2,BYSL,LSM11,RANBP17,HIST1H2AG,ADAMTS2,ADAMTS6
LIX1,PCDHA7,DMGDH,MAP3K1,PDE8B,LMNB1,FSTL4,HCN1,KCNMB1,F2RL1,LSM11,HIST1H3H,BTN3A1,MDFI,ABCC10,FBLL1,FGF18,HIST1H2BK,RNF130,CENPK
EFNA5,PCDHA10,BHMT,PLK2,BHMT2,MARCH3,KLHL3,MCIDAS,GABRP,FAM151B,ADRA1B,HIST1H3J,BTN3A3,FRS3,ENPP5,INSYN2B,CLTB,HIST1H3H,DUSP22,PIK3R1
APC,PCDHB4,HOMER1,ZSWIM6,HOMER1,CTXN3,WNT8A,C5orf67,STK10,KIAA0825,GABRB2,ZBED9,HIST1H3H,PRPH2,RCAN2,RANBP17,CDHR2,HIST1H2AK,HUS1B,ANKRA2
MCC,PCDHB7,ANKRD34B,CENPH,FAM151B,RAPGEF6,NME5,PLK2,NEURL1B,FAM81B,GABRA1,OR2I1P,ZSCAN16,TBCC,CYP39A1,FGF18,GPRIN1,HIST1H3J,SERPINB1,ARHGEF28
SNCAIP,PCDHB16,SLF1,CARTPT,ANKRD34B,IL5,NRG2,RAB3C,DUSP1,CAST,SLIT3,ATP6V1G2,ZBED9,PTK7,SLC25A27,CLTB,SNCB,ZSCAN16,SLC22A23,ZBED3
PPIC,PCDHB9,MCTP1,CERT1,RASGRF2,IL4,ZMAT2,ZSWIM6,STC2,FAM174A,FAM153B,NEU1,HLA-A,TMEM151B,TDRD6,GPRIN1,EIF4E1B,ZSCAN9,SLC35B3,ARSB
GRAMD2B,PCDHGA3,PAM,POC5,ACOT12,CCNI2,PCDHB3,RGS7BP,FGFR4,TMEM232,GPRIN1,ZBTB12,TUBB,OPN5,TNFRSF21,SNCB,UNC5A,ZFP57,MYLIP,CMYA5
ALDH7A1,PCDHGB1,CAMK4,SV2C,COX7C,SOWAHA,PCDHGC5,SERF1A,FLT4,EPB41L4A,SNCB,HMGA1,CDSN,PTCHD4,CD2AP,EIF4E1B,FGFR4,HLA-E,KIF13A,THBS4
MEGF10,PCDHGA4,STARD4,S100Z,SLF1,FSTL4,RELL2,ANKDD1B,MGAT1,ARL14EPL,EIF4E1B,SMIM29,ATP6V1G2,MMUT,OPN5,PRELID1,PROP1,PPP1R18,NHLRC1,SERINC5
MEIKIN,PCDHGA5,EPB41L4A,ZBED3,TSLP,C5orf24,ARAP3,SV2C,BTNL8,LOX,TSPAN17,PACSIN1,C6orf47,C6orf141,GCM1,B4GALT7,N4BP3,IER3,DEK,TMEM167A
ACSL6,PCDHGB3,AP3S1,PDE8B,CAMK4,CXCL14,PCDH1,S100Z,BTNL3,ZNF474,UNC5A,SPDEF,FKBPL,CRISP2,BAG2,FAM153A,ADAMTS2,MUC22,MBOAT1,XRCC4
PDLIM4,PCDHGA6,LVRN,HOMER1,NREP,SLC25A48,SH3RF2,PDE8B,BTNL9,AC010255.3,F12,LHFPL5,PRRT1,GSTA4,RAB23,PROP1,TRIM7,HLA-B,HFE,VCAN
GDF9,PCDHGA7,ARL14EPL,MBLAC2,CDO1,KLHL3,PLAC8L1,HOMER1,DUSP22,SNCAIP,GRK6,MAPK13,AGPAT1,MLIP,KHDRBS2,N4BP3,NQO2,MICA,HIST1H2BC,EDIL3
CATSPER3,PCDHGB4,SNCAIP,MCTP1,LVRN,MYOT,GPR151,ANKRD34B,FOXQ1,PPIC,FAM153A,GLP1R,HLA-DOB,TINAG,EYS,TRIM7,TUBB2A,MICB,HIST1H2AC,SPATA9
SLC25A48,PCDHGA8,CCDC192,PJA2,ARL14EPL,IGIP,SPINK9,ACOT12,FOXF2,PRDM6,COL23A1,MEA1,TAP2,HCRTR2,ADGRB3,IRF4,SMIM13,TNF,HIST1H4E,RHOBTB3
HSPA9,PCDHGB5,ADAMTS19,CDO1,CCDC192,PCDHA2,HTR4,SSBP2,FOXC1,GRAMD2B,ADAMTS2,KLC4,ZBTB22,GFRAL,SMAP1,TUBB2A,PRL,LST1,HIST1H2BJ,RGMB
PSD2,PCDHGA9,MINAR2,PRR16,HINT1,PCDHA3,PPARGC1B,MCTP1,SERPINB1,C5orf63,MAPK9,MRPL2,DAXX,HMGCLL1,RIMS1,GCM2,NRSN1,AIF1,ZSCAN16,EPB41L4A
CYSTM1,PCDHGB6,CHSY3,SNX24,CCNI2,PCDHA4,PDE6A,RFESD,SERPINB6,SLC27A6,GFPT2,LRRC73,SMIM29,COL21A1,KHDC3L,SOX4,GPLD1,CLIC1,MOG,KCNN2
PCDHGA3,PCDHGA10,SOWAHA,PRDM6,SOWAHA,PCDHA5,SYNPO,PAM,PXDC1,PDLIM4,NQO2,HSP90AB1,PACSIN1,KIAA1586,SH3BGRL2,ALDH5A1,ARMH2,MSH5,ZFP57,SEMA6A
PCDHGB1,PCDHGB7,FSTL4,LMNB1,FSTL4,PCDHA6,MYOZ3,FBXL17,NRN1,TCF7,TUBB2A,NFKBIE,TULP1,COL19A1,TTK,HIST1H1A,SCGN,HSPA1A,DDR1,ZNF608
PCDHGA4,PCDHGA12,KLHL3,SOWAHA,CATSPER3,PCDHA11,FAT2,CAMK4,F13A1,CDKL3,NRN1,TMEM151B,MDGA1,KHDC1,TENT5A,ZNF165,HIST1H1A,HSPA1B,PSORS1C1,GRAMD2B
PCDHGB2,PCDHGC3,WNT8A,FSTL4,SLC25A48,PCDHAC1,KIF4B,PRR16,RREB1,PITX1,ADTRP,CDC5L,LRFN2,KHDC3L,TPBG,RPP21,HIST1H3D,CFB,APOM,LMNB1
PCDHGA5,FGF1,NME5,CXCL14,LECT2,PCDHAC2,ITK,LMNB1,DSP,NME5,HIVEP1,SUPT3H,SLC22A7,COL12A1,SNAP91,TUBB,OR2I1P,AGER,LSM2,PRRC1
PCDHGB3,PPP2R2B,NRG2,SLC25A48,KLHL3,PCDHB3,FNDC9,CTXN3,BMP6,SLC23A1,GFOD1,RUNX2,CAPN11,PHIP,HTR1E,ATP6V1G2,TUBB,GPSM3,PSMB9,IL4
PCDHGA6,DPYSL3,ZMAT2,LECT2,WNT8A,PCDHB5,IL12B,CCDC192,TXNDC5,MZB1,MCUR1,RCAN2,HSP90AB1,SNAP91,CGA,PRRT1,ATP6V1G2,HLA-DRA,IP6K3,CCNI2
PCDHGA7,PDGFRB,PCDHB3,TGFBI,REEP2,PCDHB10,C1QTNF2,CHSY3,TFAP2A,PROB1,RNF182,TDRD6,NFKBIE,MRAP2,GJB7,AGPAT1,VWA7,HLA-DRB5,PI16,SEPTIN8
PCDHGB6,SPARC,PCDHGC5,SMIM32,SLC4A9,PCDHGB1,GABRA6,FSTL4,NEDD9,SPATA24,RBM24,TMEM14A,TMEM151B,CGA,RARS2,HLA-DQB1,PRRT1,HLA-DRB1,CCDC167,SHROOM1
PCDHGA10,HMMR,RELL2,KLHL3,ZMAT2,PCDHGA9,GABRG2,UBE2B,EDN1,PSD2,CAP2,BEND6,AARS2,GJB7,SRSF12,HLA-DQB2,AGPAT1,HLA-DQA1,KIF6,LEAP2
PCDHGB7,WWC1,PCDH1,WNT8A,PCDHA1,PCDHGC5,TENM2,CDKN2AIPNL,RNF144B,EIF4EBP3,NHLRC1,LMBRD1,CDC5L,SRSF12,GPR63,SMIM29,HMGA1,HLA-DQB1,DAAM2,EGR1
PCDHGA11,SH3PXD2B,SH3RF2,MATR3,PCDHA13,SPINK9,SLIT3,WNT8A,MBOAT1,IK,KIAA0319,COL19A1,OPN5,PM20D2,SIM1,SPDEF,SMIM29,HLA-DQA2,UNC5CL,PSD2
PCDHGA12,DUSP1,PLAC8L1,PCDHA4,PCDHB1,PDE6A,EFCAB9,REEP2,SLC17A3,PCDHB1,SLC17A3,COX7A2,PTCHD4,GABRR2,LIN28B,SCUBE3,PACSIN1,HLA-DQB2,OARD1,PCDHA1
PCDHGC3,MSX2,SPINK9,PCDHA9,PCDHB2,CAMK2A,C5orf47,EGR1,TRIM38,SLC25A2,ZNF391,ELOVL4,HCRTR2,RRAGD,HS3ST5,FANCE,SPDEF,PSMB8,APOBEC2,PCDHA2
FGF1,MXD3,HTR4,PCDHA11,PCDHB3,SYNPO,NSG2,LRRTM2,HFE,STK32A,ZNF184,TENT5A,COL21A1,FAXC,CALHM4,MAPK13,SCUBE3,PSMB9,MDFI,PCDHA3
PPP2R2B,GFPT2,PPARGC1B,PCDHA13,PCDHB10,GRIA1,HRH2,MATR3,HIST1H2AD,DPYSL3,PGBD1,RIPPLY2,FKBP1C,GRIK2,KIAA0408,ETV7,MDGA1,HLA-DMB,TFEB,PCDHA4
DPYSL3,TUBB2B,PDE6A,PCDHB1,PCDHGC5,FNDC9,CDHR2,TMEM173,HIST1H4H,CCDC69,ZSCAN31,MRAP2,LGSN,SOBP,SOGA3,PXT1,LRFN2,HLA-DMA,TJAP1,PCDHA5
MARCOL,PPP1R3G,SYNPO,PCDHB2,PLAC8L1,GABRG2,UNC5A,NRG2,BTN3A2,SOX30,TUBB,SPACA1,EYS,SCML4,SAMD3,MED20,TBCC,HLA-DOA,SLC35B2,PCDHA6
SPINK13,RREB1,MYOZ3,PCDHB3,SPINK9,FBLL1,RGS14,PCDHA12,HIST1H2BK,C5orf52,MICB,CNR1,RIMS1,TSPYL4,TMEM200A,GNMT,SLC22A7,HLA-DPA1,ENPP4,PCDHA7
PDGFRB,ELOVL2,FAT2,PCDHB7,HTR4,SLIT3,F12,PCDHB2,HLA-A,FABP6,ATP6V1G2,EPHA7,KHDC3L,TSPYL1,ARG1,MEA1,SLC29A1,HLA-DPB1,CYP39A1,PCDHA9
FAXDC2,RNF182,KIF4B,PCDHB8,PPARGC1B,INSYN2B,GRK6,PCDHB3,HLA-E,WWC1,FKBPL,NDUFAF4,COL12A1,CALHM6,MED23,SLC22A7,HSP90AB1,DEF6,CENPQ,PCDHA10
HMMR,GMPR,ITK,PCDHB16,PDE6A,FGF18,DBN1,DIAPH1,NRM,SH3PXD2B,SMIM29,KLHL32,RWDD2A,CALHM4,ENPP3,DLK2,TMEM151B,PPARD,PAQR8,PCDHA11
WWC1,ID4,FNDC9,PCDHB9,CAMK2A,NEURL1B,PDLIM7,PCDH1,PSORS1C1,NEURL1B,PACSIN1,MTRES1,ZNF292,FAM162B,ALDH8A1,OPN5,SUPT3H,FKBP5,ICK,PCDHA12
SH3PXD2B,GMNN,IL12B,SLC25A2,SYNPO,NSG2,FLT4,NDFIP1,TCF19,DUSP1,CLPSL2,SCML4,CNR1,SERINC1,PERP,PTCHD4,CLIC5,CDKN1A,GCLC,PCDHA13
COL23A1,CARMIL1,GABRA6,PCDHGC5,MYOZ3,DRD1,GMDS,SPINK5,HLA-C,PRR7,CLPSL1,TSPYL1,SRSF12,TRMT11,TXLNB,CRISP2,ENPP5,FGD2,LRRC1,PCDHAC1
TUBB2B,HIST1H4B,GABRG2,DIAPH1,IRGM,CPLX2,C6orf201,SPINK9,HLA-B,HUS1B,LHFPL5,SMPDL3A,GABRR2,CENPW,NMBR,PKHD1,ADGRF2,TREML1,DST,PCDHB4
PPP1R3G,HIST1H1C,TENM2,HDAC3,ZNF300,FAM153B,ECI2,HTR4,MICA,TUBB2B,SRPK1,CLVS2,ANKRD6,KIAA0408,FUCA2,TMEM14A,ADGRF4,TREM2,ZNF451,PCDHB5
RREB1,HFE,SLIT3,RELL2,FAT2,SIMC1,BMP6,PDE6A,MICB,RREB1,MAPK13,HDDC2,EPHA7,PTPRK,RAET1G,HTR1B,OPN5,TREM1,EYS,PCDHB7
ELOVL2,HIST1H2BC,EFCAB9,PCDH1,GRIA1,GPRIN1,PHACTR1,SLC6A7,MPIG6B,CAGE1,BRPF3,TRMT11,GRIK2,ENPP3,PLEKHG1,ELOVL4,PTCHD4,TFEB,DDX43,PCDHB8
HIVEP1,HIST1H2AC,UBTD2,ARHGAP26,CLINT1,UNC5A,DTNBP1,CAMK2A,LY6G6C,C6orf52,LRFN2,CENPW,POPDC3,ENPP1,AKAP12,TTK,TFAP2D,CCND3,MYO6,PCDHB15
RNF182,HIST1H1E,C5orf47,SH3RF2,EBF1,N4BP3,RBM24,SYNPO,DDAH2,MAK,PGC,ENPP3,SOBP,AHI1,TMEM181,TENT5A,TMEM14A,PTCRA,UFL1,PCDHGA1
JARID2,HIST1H2BD,NSG2,PLAC8L1,CCNJL,SCGB3A1,E2F3,MYOZ3,CLIC1,ADTRP,PRPH2,ENPP1,OSTM1,SLC35D3,ACAT2,SNAP91,GSTA4,CNPY3,KLHL32,PCDHGA2
ID4,HIST1H2AD,DRD1,SPINK9,C1QTNF2,FLT4,HIST1H4H,IRGM,HSPA1A,RNF182,TBCC,MOXD1,NR2E1,IL20RA,SLC22A1,SRSF12,TINAG,NFKBIE,MMS22L,PCDHGB2
KIAA0319,ZNF311,HRH2,PPARGC1B,TENM2,TUBB2A,HIST1H2BN,GLRA1,HSPA1B,GMPR,KLHDC3,VNN1,TSPYL4,PERP,AGPAT4,POU3F2,FAM83B,RUNX2,BVES,PCDHGA5
GMNN,DDR1,CDHR2,PDE6A,SLIT3,SMIM13,ZSCAN31,SGCD,CFB,STMND1,PTK7,EYA4,TSPYL1,ARFGEF3,PACRG,FAXC,HCRTR2,PLA2G7,POPDC3,PCDHGA6
CARMIL1,SFTA2,UNC5A,CAMK2A,INSYN2B,PHACTR1,OR2H2,FABP6,TNXB,DEK,DLK2,ARFGEF3,FAM162B,PBOV1,AFDN,USP45,BEND6,MEP1A,CD164,PCDHGA7
HFE,PSORS1C1,RGS14,SYNPO,C5orf58,RANBP9,HLA-F,TENM2,EGFL8,ID4,TMEM151B,PBOV1,SERINC1,HEBP2,KIF25,GRIK2,RAB23,PRIM2,DDO,PCDHGB4
HIST1H4C,CDSN,F12,MYOZ3,NPM1,NRSN1,LTA,KCNIP1,GPSM3,MBOAT1,ENPP5,CITED2,CLVS2,NMBR,PDGFA,LIN28B,KHDRBS2,LGSN,SLC22A16,PCDHGA12
GABBR1,MICA,GRK6,FAT2,EFCAB9,ALDH5A1,LY6G5C,CPEB4,NOTCH4,DCDC2,TNFRSF21,ADGRG6,CENPW,AIG1,PRKAR1B,SCML4,EYS,OGFRL1,CDK19,PCDHGC3
ZNRD1,LTA,DBN1,GRIA1,UBTD2,ARMH2,VWA7,NSG2,PSMB8,HIST1H1C,ADGRF2,SAMD5,KIAA0408,FBXO30,ELFN1,MARCKS,B3GAT2,DDX43,AMD1,PCDHGC4
DDR1,APOM,PDLIM7,ADAM19,NEURL1B,SLC17A3,C2,HRH2,PSMB9,HIST1H2BC,ADGRF4,MTRF1L,EYA4,STXBP5,SNX8,SERINC1,ELOVL4,CGAS,HS3ST5,SPRY4
SFTA2,MPIG6B,FAM153A,SOX30,NSG2,TUBB,TNXB,FAM153B,TAP1,HIST1H3H,TFAP2D,RGS17,ABRACL,RAET1E,SDK1,PKIB,RWDD2A,MEI4,FRK,NR3C1
MICA,LY6G6C,GMDS,C5orf52,DRD1,CDSN,SYNGAP1,UNC5A,ITPR3,ZNF311,PKHD1,TIAM2,CITED2,ULBP3,AP5Z1,CLVS2,SNAP91,BVES,NT5DC1,STK32A
LTA,DDAH2,C6orf201,THG1L,HRH2,POU5F1,GRM4,F12,PPARD,OR2J2,TRAM2,SLC22A1,ADGRG6,RGS17,RADIL,RSPO3,CGA,PRDM1,COL10A1,DPYSL3
APOM,MSH5,ECI2,LSM11,CPLX2,VWA7,SPDEF,PRR7,FANCE,OR14J1,TMEM14A,SLC22A3,AIG1,FNDC1,PAPOLB,SAMD3,SRSF12,SMLR1,NKAIN2,SPINK13
STK19,SAPCD1,DSP,PTTG1,RGS14,TSBP1,TCP11,FAM153A,TEAD3,OR5V1,MLIP,TCP10L2,GRM1,SLC22A2,SLC29A4,TMEM200A,FAXC,EPB41L2,HEY2,ABLIM3
AGER,HSPA1A,BMP6,GABRA6,F12,BTNL2,DEF6,GMDS,TULP1,OR12D2,TINAG,TTLL2,VIP,SLC22A3,ANKRD61,MOXD1,SIM1,ENPP1,NCOA7,AFAP1L1
HLA-DOB,HSPA1B,PHACTR1,SLIT3,GRK6,GRM4,SLC26A8,SLC22A23,FKBP5,OR11A1,FAM83B,KIF25,NOX3,LPA,MEOX2,AHI1,GRIK2,STX7,THEMIS,SLC26A2
TAP1,CYP21A2,DTNBP1,KCNIP1,PRR7,NUDT3,PNPLA1,FARS2,ETV7,OR10C1,HCRTR2,PRKAR1B,SLC22A2,TCP10L2,HDAC9,PERP,LIN28B,VNN1,PTPRK,SMIM3
HSD17B8,AGER,RBM24,NSG2,ADAMTS2,PACSIN1,RAB44,DSP,STK38,OR2H1,HMGCLL1,PSMG3,SLC22A3,KIF25,TMEM196,PHACTR2,PRDM1,VNN2,LAMA2,ZNF300
KIFC1,HLA-DOB,E2F3,DRD1,CBY3,MAPK13,CPNE5,PHACTR1,CDKN1A,TRIM39,BMP5,ZNF853,LPA,PHF10,ABCB5,ZC2HC1B,CRYBG1,IFNGR1,TMEM244,SLC36A1
TEAD3,PSMB8,ZNF391,SFXN1,SCGB3A1,BRPF3,PGC,GFOD1,KCNK17,DDR1,COL21A1,ICA1,TCP10L2,GRID2IP,MPP6,PLAGL1,SCML4,TNFAIP3,EYA4,GALNT10
FKBP5,PSMB9,HIST1H2BN,HRH2,FLT4,PNPLA1,C6orf132,RBM24,MOCS1,SFTA2,RAB23,NXPH1,TTLL2,ZNF853,SNX10,STXBP5,TSPYL4,HECA,SGK1,FAXDC2
ARMC12,TAP1,HIST1H2AK,CPLX2,IRF4,CPNE5,SLC22A7,CAP2,TREM1,APOM,KHDRBS2,NDUFA4,ADAP1,COL28A1,GHRHR,SAMD5,SERINC1,ADGRG6,ALDH8A1,SGCD
SRSF3,HSD17B8,ZSCAN31,FAM153B,GMDS,MDGA1,DLK2,E2F3,MDFI,LY6G6D,EYS,THSD7A,PSMG3,NXPH1,ITPRID1,ULBP2,PKIB,PLAGL1,HBS1L,ATP10B
TMEM217,RGL2,OR2H2,UNC5A,PSMG4,BTBD9,CAPN11,NRSN1,CCND3,DDAH2,COL19A1,ETV1,ELFN1,THSD7A,PDE1C,LPA,CLVS2,STX11,MAP7,HMMR
UNC5CL,IP6K3,HLA-F,RGS14,RPP40,DNAH8,RCAN2,HIST1H3J,CLIC5,CLIC1,SMAP1,TSPAN13,SNX8,ETV1,EEPD1,AGPAT4,TRDN,RAB32,ARFGEF3,C5orf58
OARD1,TEAD3,LTA,PRR7,F13A1,SAYSD1,PLA2G7,ZSCAN31,ADGRF5,MSH5,RIMS1,AHR,SDK1,DGKB,EPDR1,RAMACL,NKAIN2,TAB2,SASH1,KCNIP1
APOBEC2,FKBP5,LY6G5C,DBN1,PHACTR1,LRFN2,C6orf141,OR2H2,TNFRSF21,SAPCD1,COL12A1,HDAC9,SLC29A4,CRPPA,AMPH,TCP10L2,TRMT11,SUMO4,GINM1,RANBP17
PRICKLE4,ARMC12,LY6G6C,FAM153A,DTNBP1,FOXP4,GCLC,MPIG6B,OPN5,HSPA1L,SNAP91,TMEM196,OCM,TSPAN13,C7orf25,TTLL2,CENPW,ZC3H12D,NUP43,CPEB4
VEGFA,PI16,VWA7,PROP1,MYLIP,PGC,KLHL31,LY6G6C,TRAM2,HSPA1B,SLC35A1,GSDME,GRID2IP,AHR,DBNL,PRKAR1B,RSPO3,MTHFD1L,CNKSR3,ZFP2
PAQR8,PIM1,C2,CBY3,ATXN1,TRERF1,TINAG,VWA7,BMP5,SLC44A4,SPACA1,OSBPL3,NXPH1,TMEM196,MYL7,ADAP1,KIAA0408,IPCEF1,SYNJ2,ZNF354C
ELOVL5,MDGA1,TNXB,FLT4,RBM24,PTCRA,KHDRBS2,PACSIN1,FKBP1C,HSD17B8,ANKRD6,CYCS,NDUFA4,IGF2BP3,GCK,MAFK,SOGA3,SYTL3,TULP4,RNF130
GFRAL,DAAM2,GRM4,GMDS,CAP2,DLK2,LGSN,TCP11,DDX43,PFDN6,GPR63,SNX10,THSD7A,STK31,YKT6,SLC29A4,TMEM244,TAGAP,AGPAT4,HUS1B
CD109,UNC5CL,TCP11,FAM217A,NRSN1,SLC29A1,RIMS1,TULP1,CGAS,ZBTB22,MCHR2,MTURN,VWDE,SKAP2,MYO1G,CYTH3,L3MBTL3,RNASET2,QKI,WRNIP1
ME1,OARD1,DEF6,C6orf201,SLC17A3,GSTA4,KCNQ5,FKBP5,COL12A1,ZBTB9,LIN28B,PPP1R17,TSPAN13,ITPRID1,ADCY1,ZNF853,ARG1,CARD11,PRR18,PXDC1
PRSS35,APOBEC2,SLC26A8,LYRM4,BTN3A3,GFRAL,KHDC1L,CLPSL2,TBX18,SCUBE3,POPDC3,FKBP9,HDAC9,PPP1R17,RABGEF1,NXPH1,ENPP3,TNRC18,SFT2D1,LYRM4
NT5E,CRIP3,PNPLA1,FARS2,ZNF391,BEND6,FILIP1,SRPK1,PNRC1,CDKN1A,SOBP,AMPH,MACC1,PDE1C,SPDYE21P,VWDE,MOXD1,FSCN1,KIF25,GCNT2
FUT9,VEGFA,RAB44,BMP6,OR2H2,KHDRBS2,IMPG1,SLC26A8,GABRR2,PI16,WASF1,MRPS24,ABCB5,EPDR1,CALN1,TSPAN13,AHI1,RAC1,THBS2,KIF13A
POU3F2,CYP39A1,CPNE5,PHACTR1,PPP1R11,FKBP1C,HTR1B,ETV7,FHL5,PIM1,ROS1,PGAM2,SP8,AMPH,SPDYE9P,IGF2BP3,CITED2,DAGLB,PDGFA,DEK
BVES,PAQR8,PGC,GFOD1,GTF2H4,ADGRB3,IRAK1BP1,PXT1,PRDM1,TMEM217,FABP7,ADCY1,IGF2BP3,PGAM2,MLXIPL,CCDC126,AIG1,MIOS,GET4,SOX4
NR2E1,GCM1,C6orf132,RANBP9,VARS2,TMEM30A,SH3BGRL2,RAB44,CRYBG1,KIF6,NKAIN2,PKD1L1,GSDME,MYL7,LIMK1,FAM221A,PHACTR2,SCIN,ADAP1,BTN3A2
GTF3C6,ELOVL5,SLC22A7,CAP2,MICB,MEI4,TPBG,CPNE5,LAMA4,TREM1,CENPW,UPP1,OSBPL3,GCK,GTF2IRD1,NPY,ZC2HC1B,HDAC9,FSCN1,BTN3A1
TRAF3IP2,LRRC1,DLK2,NHLRC1,LTB,IRAK1BP1,EPHA7,PGC,TRAPPC3L,PTK7,RSPO3,VWC2,SNX10,H2AFV,CCL26,MPP6,GRM1,STEAP1B,C1GALT1,ZSCAN16
FYN,COL21A1,CAPN11,NRSN1,SAPCD1,DOP1A,GPR63,C6orf132,CALHM5,DNPH1,KIAA0408,ZPBP,ADCYAP1R1,ADCY1,SRRM3,NFE2L3,SAMD5,IL6,AGMO,ZKSCAN8
LAMA4,DST,RCAN2,ALDH5A1,CYP21A2,ME1,MICAL1,TRERF1,CALHM4,LRRC73,SOGA3,SPATA48,PPP1R17,PKD1L1,DTX2,SNX10,RAET1G,GPNMB,AHR,ZSCAN9
CEP85L,B3GAT2,PLA2G7,RIPOR2,TSBP1,PRSS35,FIG4,DLK2,FAM162B,RSPH9,THEMIS,EGFR,KIAA0895,UPP1,UPK3B,WIPF3,ULBP3,OSBPL3,ITGB8,ZNF311
PLN,OGFRL1,C6orf141,CARMIL1,BTNL2,SNAP91,GPR6,RUNX2,DCBLD1,TCTE1,PTPRK,NUPR2,EPDR1,ABCA13,SPDYE16,GARS,NOX3,C7orf31,RAPGEF5,ZFP57
FAM184A,CD109,GCLC,HIST1H2BE,COL11A2,RIPPLY2,WASF1,TDRD6,HEY2,SPATS1,TMEM244,GALNT17,AMPH,VWC2,CCDC146,CRHR2,ACAT2,SKAP2,STEAP1B,ATAT1
GJA1,BCKDHB,KLHL31,ZSCAN31,WDR46,MRAP2,CDC40,C6orf141,PTPRK,CYP39A1,ARG1,VPS37D,MRPS24,VSTM2A,TMEM60,INMT,PRKAR1B,CPVL,FAM126A,PPP1R18
TPD52L1,PRSS35,TINAG,HLA-F,SYNGAP1,RRAGD,METTL24,PTP4A1,LAMA2,ANKRD66,CCN2,LIMK1,NPC1L1,EGFR,PHTF2,PDE1C,MAFK,AC004593.3,TRA2A,NRM
HEY2,FUT9,GFRAL,VWA7,GRM4,ANKRD6,DDO,ADGRB3,CCN2,MEP1A,GVQW2,MDH2,PPIA,NUPR2,CD36,EPDR1,ELFN1,CHN2,FAM221A,DDR1
C6orf58,POU3F2,HMGCLL1,SYNGAP1,ARMC12,FAXC,SLC22A16,RIMS1,VNN2,ADGRF2,ABRACL,GSAP,IGFBP3,ZNF679,GNAT3,STARD3NL,SLC29A4,PRR15,STK31,SFTA2
AKAP7,SIM1,KHDRBS2,GRM4,SLC26A8,MCHR2,SLC16A10,KCNQ5,SLC2A12,EFHC1,ADGRG6,LRRD1,PKD1L1,ZNF273,CACNA2D1,AMPH,COL28A1,ZNRF2,C7orf31,TCF19
ENPP3,NR2E1,LGSN,PACSIN1,MAPK13,SIM1,MFSD4B,KHDC3L,TNFAIP3,GSTA3,HIVEP2,DLX6,SUN3,ZNF92,PCLO,NACAD,ICA1,NOD1,NFE2L3,LY6G6D
SLC18B1,TRAF3IP2,KCNQ5,CLPSL2,CPNE5,WASF1,CCN6,SH3BGRL2,PERP,MLIP,PHACTR2,DLX5,UPP1,ASL,SEMA3A,DDC,NXPH1,AOAH,CREB5,LY6G6C
SLC2A12,FYN,KHDC1L,LHFPL5,SAYSD1,CDC40,HS3ST5,TPBG,HEBP2,FAM83B,PLAGL1,NPTX2,VWC2,TPST1,ADAM22,GRB10,THSD7A,ELMO1,CHN2,TSBP1
MTFR2,LAMA4,FILIP1,SRPK1,C6orf132,METTL24,COL10A1,MRAP2,ADGRG6,COL21A1,GRM1,TMEM130,ZPBP,SBDS,STEAP4,VSTM2A,SOSTDC1,GPR141,MTURN,BTNL2
MAP3K5,GJA1,IMPG1,SLC26A8,TRERF1,TSPYL4,MAN1A1,HTR1E,PHACTR2,CD109,STXBP5,CPSF4,SPATA48,GALNT17,CDK14,VOPP1,TSPAN13,NME8,PDE1C,PSMB8
IL20RA,TPD52L1,HTR1B,MAPK13,PTCRA,TSPYL1,CLVS2,SLC35A1,UTRN,LCA5,PCMT1,ATP5MF,COBL,TRIM74,DYNC1I1,TRIM74,HDAC9,STK17A,SEPTIN7,PSMB9
HEBP2,HEY2,SH3BGRL2,PNPLA1,SLC22A7,SLC35F1,TPD52L1,BACH2,SASH1,UBE3D,ULBP2,MBLAC1,VSTM2A,FKBP6,ASNS,VPS37D,TMEM196,MYO1G,ANLN,TAP1
NHSL1,MOXD1,TPBG,ETV7,DLK2,TBC1D32,SMLR1,EPHA7,PLEKHG1,CEP162,ULBP3,MAP11,SEC61G,MLXIPL,LMTK2,LIMK1,MACC1,CCM2,ELMO1,COL11A2
REPS1,SLC18B1,SPACA1,DNAH8,PLA2G7,CLVS2,EPB41L2,GPR63,AKAP12,CGA,ESR1,MOSPD3,EGFR,VPS37D,MAP11,RHBDD2,ABCB5,TNS3,GPR141,SLC39A7
EPM2A,MTFR2,CNR1,FOXP4,CRISP2,KIAA0408,SLC2A12,MCHR2,MYCT1,CFAP206,SYNJ2,POP7,ZNF679,STX1A,ZAN,YWHAG,SP8,IKZF1,NME8,SCUBE3
SASH1,IL20RA,EPHA7,C6orf132,KLHL31,SOGA3,MYB,ASCC3,DACT2,POU3F2,ACAT2,COG5,GALNT17,CLDN3,UFSP1,ZNF804B,OSBPL3,TRIM50,NACAD,FANCE
RAET1E,NHSL1,GPR63,TRERF1,HMGCLL1,ARHGAP18,PDE7B,GRIK2,SMOC2,CD24,MAS1,GPR22,VPS37D,CASTOR2,ACHE,LRRD1,CYCS,MLXIPL,COBL,TEAD3
PLEKHG1,EPM2A,ASCC3,DLK2,BEND6,L3MBTL3,MAP3K5,HACE1,GPR146,ARMC2,SLC22A1,BCAP29,CASTOR2,YWHAG,MUC3A,CALCR,SNX10,ABHD11,CLIP2,LRFN2
EZR,SASH1,WASF1,SLC29A1,KCNQ5,SAMD3,UTRN,LIN28B,GPER1,CD164,LPA,SLC26A4,YWHAG,RUNDC3B,MUC12,GNGT1,PRR15,METTL27,GTF2IRD2,FOXP4
QKI,TAB2,CDC40,C6orf141,KHDC3L,TMEM200A,SAMD5,BEND3,MAFK,PPIL6,PLG,LAMB4,GNAI1,LRRD1,SERPINE1,PEG10,GHRHR,LAT2,GTF2IRD2B,MDFI
FRMD1,SUMO4,METTL24,CRISP2,OOEP,AHI1,ZC3H12D,MICAL1,TMEM184A,SMPD2,PRKAR1B,NRCAM,CACNA2D1,CASD1,NAT16,TMEM130,ADCYAP1R1,RFC2,HIP1,VEGFA
GPR146,RAET1G,DDO,BMP5,EEF1A1,PDE7B,PCMT1,ZBTB24,LFNG,AK9,ADAP1,WNT16,ADAM22,SGCE,RINT1,NYAP1,NPSR1,NCF1,MAGI2,SLC35B2
MICALL2,PLEKHG1,SLC16A10,KHDRBS2,FILIP1,ABRACL,ULBP2,FIG4,RADIL,FAM229B,MAFK,LRRC4,ZNF804B,PEG10,PRKAR2B,MOSPD3,EPDR1,DTX2,GNAI1,SLC25A27
GRIFIN,CCDC170,MFSD4B,ADGRB3,IMPG1,TXLNB,RGS17,GPR6,PAPOLB,DSE,PSMG3,PRRT4,CDK14,DYNC1I1,NRCAM,TFR2,AMPH,FGL2,SEMA3C,TNFRSF21
LFNG,NOX3,CCN6,B3GAT2,HTR1B,NMBR,OPRM1,WASF1,ANKRD61,RSPH4A,SNX8,CCDC136,LRRD1,DLX5,LSMEM1,UFSP1,MYL7,GSAP,GRM3,ICK
TTYH3,EZR,HS3ST5,KCNQ5,IRAK1BP1,PEX3,PNLDC1,TRAF3IP2,CYTH3,FAM184A,ARL4A,KCP,DLX6,TMEM130,MET,ACHE,GCK,HGF,KIAA1324L,PRIM2
MMD2,QKI,COL10A1,FILIP1,TPBG,SAMD5,PLG,MAN1A1,ARL4A,GJA1,SOSTDC1,ATP6V1F,DLX5,SPDYE3,CTTNBP2,MUC3A,PKD1L1,TMEM243,ANKIB1,AL135905.2
COL28A1,FRMD1,MAN1A1,MYO6,RIPPLY2,LRP11,PDE10A,TBC1D32,TWIST1,FABP7,TSPAN13,PLXNA4,NPTX2,NYAP1,ANKRD7,MUC12,SUN3,ABCB4,GATAD1,COL9A1
AGMO,THBS2,CLVS2,RIPPLY2,MRAP2,PPP1R14C,DACT2,PKIB,NOD1,TRDN,TWIST1,SLC35B4,TMEM130,MOSPD3,FAM71F2,VGF,UPP1,SAMD9,ERVW-1,FAM135A
TRIL,MICALL2,TPD52L1,SPACA1,SMIM8,SYNE1,SMOC2,RNF217,INMT,ARHGAP18,OSBPL3,BPGM,CPSF4,TFR2,FAM71F1,NAT16,VWC2,SAMD9L,RBM48,B3GAT2
AQP1,GRIFIN,SMLR1,ANKRD6,C6orf163,OPRM1,ZFAND2A,TPD52L1,FKBP9,CCN2,SNX10,CLEC2L,ZNF789,ACHE,CCDC136,RELN,ZPBP,CALCR,PON2,DDX43
GHRHR,LFNG,EPB41L2,BACH2,SPACA1,PLG,MMD2,L3MBTL3,BBS9,EYA4,SKAP2,ZYX,CYP3A5,MUC12,TSPAN33,DNAJB9,VSTM2A,GNGT1,SLC25A13,COL12A1
ADCYAP1R1,AGMO,SGK1,EPHA7,CNR1,TTYH3,GLCCI1,SLC2A12,SFRP4,MYB,AC004593.3,KRBA1,TFR2,SH2B2,KLHDC10,CTTNBP2,ASL,ARPC1B,GJC3,TTK
PPP1R17,ITGB8,ALDH8A1,GRIK2,EPHA7,OCM,ICA1,HIVEP2,RAMP3,IL20RA,MTURN,ATP6V0E2,POP7,SPDYE6,CPA4,ANKRD7,MLXIPL,ZNF394,AZGP1,PGM3
HERPUD2,TRIL,MYB,LIN28B,GPR63,ZNF853,VWDE,GRM1,FKBP6,PERP,GGCT,KCNH2,ZAN,RASA4B,CPA5,ARF5,VPS37D,GAL3ST4,ZKSCAN1,NT5E
SUGCT,AQP1,PDE7B,ZBTB24,ASCC3,GLCCI1,SCIN,STXBP5,FZD9,ECT2L,NEUROD6,CDK5,SH2B2,RASA4,MEST,SND1,STX1A,GPC2,ZSCAN21,GABRR1
GLI3,ADCYAP1R1,MAP3K5,WASF1,GRIK2,LRRC72,DGKB,OPRM1,HIP1,ADGB,ITPRID1,CHPF2,LRRC17,SLC26A5,COPG2,LRRC4,LIMK1,PILRA,ZNF3,GABRR2
STK17A,DPY19L1,SLC35D3,CDC40,SCML4,TWISTNB,MEOX2,CNKSR3,CCL26,RAET1E,PPP1R17,DPP6,RELN,NRCAM,TSGA13,PRRT4,RHBDD2,SAP25,MCM7,POU3F2
POLM,GLI3,UTRN,SLC16A10,WASF1,TMEM196,SOSTDC1,TIAM2,HSPB1,RAET1G,BMPER,HTR5A,CCDC71L,DNAJB9,KLF14,CCDC136,SRRM3,TRIM56,CASTOR3,BVES
AEBP1,PGAM2,GRM1,FRK,DDO,RAPGEF5,LRRC72,ARID1B,FGL2,ULBP3,NPSR1,SHH,GPR22,LSMEM1,CHRM2,ATP6V1F,YWHAG,SERPINE1,ZCWPW1,REV3L
TNS3,POLM,SAMD5,NT5DC1,GTF3C6,ADCYAP1R1,ANKMY2,RSPH3,PTPN12,PPP1R14C,DPY19L1,DLGAP2,LRRC4,WNT2,PTN,IRF5,TMEM60,RASA4B,C7orf61,TRAF3IP2
EGFR,AEBP1,ZC3H12D,COL10A1,SLC16A10,NPSR1,BZW2,PNLDC1,ABCB4,CCDC170,EPDR1,ANGPT2,PRRT4,ASZ1,CREB3L2,TSPAN33,MAGI2,PIK3CG,TSC22D4,FYN
PHKG1,EGFR,PCMT1,TSPYL4,CCN6,KIAA0895,AHR,PDE10A,ABCB1,SYNE1,AMPH,XKR5,OPN1SW,TSPAN12,AKR1D1,MEST,SEMA3C,DOCK4,SLC12A9,LAMA4
ZNF680,PHKG1,ULBP2,TSPYL1,HS3ST5,RALA,CDCA7L,RAMACL,STEAP4,DYNLT1,VPS41,DEFB1,CCDC136,ING3,KIAA1549,BPGM,HGF,TFEC,PLOD3,MARCKS
GTF2IRD2B,ZNF679,TMEM181,CALHM6,COL10A1,HECW1,RAPGEF5,CCR6,FZD1,SYTL3,POU6F2,PRSS55,ATP6V1F,FAM3C,KLRG2,CHRM2,PCLO,TES,CLDN15,FAM162B
HSPB1,ZNF117,PNLDC1,SLC35F1,CALHM6,STK17A,TOMM7,UNC93A,SAMD9,EZR,HECW1,DEFB134,AKR1D1,GRM8,CLEC2L,ATP6V0A4,SEMA3D,CPED1,FIS1,SLC35F1
SEMA3D,TRIM74,PLG,TBC1D32,C6orf58,CAMK2B,MPP6,FAM20C,SAMD9L,RSPH3,RAMP3,SGCZ,TMEM139,GCC1,TMEM178B,TMEM213,ZNF804B,HYAL4,ARMC10,FABP7
GRM3,FKBP6,PDE10A,CLVS2,MYB,SUN3,NFE2L3,ADAP1,GNGT1,FNDC1,ADCY1,NPM2,CNTNAP2,PRRT4,TCAF2,KIAA1549,STEAP1,C7orf77,NAPEPLD,ENPP1
SRI,ELN,DACT2,NKAIN2,PDE7B,UPP1,CPVL,OCM,TFPI2,PACRG,IGFBP3,FGF17,ATP6V0E2,CCDC136,OR2A5,ADCK2,CALCR,IRF5,SRPK2,SLC18B1
SAMD9L,HSPB1,SMOC2,ARHGAP18,MAP3K5,GRB10,AC004593.3,ICA1,GNG11,C6orf118,ZNF727,NUDT18,LRRC61,KCP,OR2A25,TMEM178B,GNGT1,WDR91,SYPL1,SGK1
PON1,SEMA3D,ZFAND2A,L3MBTL3,SLC35D3,VSTM2A,CHN2,VWDE,COL1A2,FGFR1OP,GALNT17,LGI3,KCNH2,TSPAN33,OR2A12,OR9A4,PEG10,ZC3HAV1,HBP1,ZC2HC1B
PON3,SAMD9L,MMD2,AHI1,GVQW2,VOPP1,WIPF3,DGKB,PON3,UNC93A,CALN1,NKX3-1,CDK5,CPA5,KCNH2,MGAM2,DYNC1I1,TBXAS1,CAV1,SASH1
PON2,HEPACAM2,ICA1,PDE7B,ABRACL,NUPR2,MINDY4,MEOX2,BAIAP2L1,DLL1,MLXIPL,PNMA2,HTR5A,SLC13A4,GALNT11,EPHB6,DLX6,PARP12,MET,UST
ASB4,PON1,VWDE,SLC35D3,TXLNB,CALN1,INHBA,LRRC72,ARPC1B,DNAAF5,STX1A,ADRA1A,VIPR2,FAM180A,DPP6,EPHA1,DLX5,KDM7A,ASZ1,PPP1R14C
PDK4,PON3,SCIN,IL20RA,ADAT2,TRIM74,CAMK2B,ANKMY2,FBXO24,TMEM184A,LIMK1,EPHX2,PRSS51,CHRM2,HTR5A,TCAF2,TMEM130,DENND11,CFTR,ESR1
TMEM225B,PON2,DGKB,NMBR,GRM1,MLXIPL,NPC1L1,BZW2,PCOLCE,IQCE,YWHAG,PBK,DEFB134,CLEC2L,INSIG1,ATP6V0E2,TFR2,CLEC5A,AASS,CNKSR3
CYP3A7,ASB4,SOSTDC1,HIVEP2,ZC3H12D,CCL26,PKD1L1,CDCA7L,EPHB4,SDK1,GNAT3,SMIM18,TRMT9B,PARP12,PTPRN2,LRRC61,POP7,TPK1,TMEM229A,ZDHHC14
CYP3A4,PDK4,LRRC72,UST,GTF2H5,RHBDD2,SUN3,RAPGEF5,TRIP6,RSPH10B,SEMA3C,TEX15,SGCZ,RAB19,XKR5,KCNH2,ACHE,ZNF467,GPR37,SLC22A2
CYP3A43,CYP3A4,ANKMY2,ZC3H12D,TMEM181,SRRM3,ABCA13,STK31,TRIM56,RSPH10B2,PCLO,DUSP26,SLC7A2,DENND2A,ZNF705G,CDK5,MUC3A,GIMAP8,C7orf77,SLC22A3
GJC3,CYP3A43,BZW2,PPP1R14C,PNLDC1,YWHAG,GRB10,CPVL,SERPINE1,AC013470.2,SEMA3E,UNC5D,ATP6V1B2,TMEM178B,PRAG1,TMUB1,MUC12,GIMAP7,FLNC,QKI
AP4M1,ZCWPW1,AHR,RGS17,PLG,HGF,ZNF727,CHN2,LRRC17,SCIN,ZNF804B,STAR,GFRA2,TAS2R5,XKR6,ABCF2,VGF,GIMAP4,CPA2,TTLL2
C7orf61,C7orf61,RAPGEF5,OPRM1,PDE10A,CROT,ZNF273,WIPF3,SLC26A5,AGR3,STEAP1,TM2D2,NPM2,MGAM,SLC35G5,CHPF2,NAT16,GIMAP6,CYREN,THBS2
TSC22D4,TSC22D4,TOMM7,TIAM2,TCP10L2,RUNDC3B,CALN1,FKBP14,SYPL1,TWIST1,DYNC1I1,ADAM32,FGF17,OR9A4,BLK,SMARCD3,COL26A1,GIMAP2,TMEM140,GPR146
SAP25,AGFG2,MPP6,SERAC1,TTLL2,ZNF804B,SRRM3,CRHR2,NAMPT,ITGB8,NPTX2,TCIM,NKX3-1,MGAM2,LONRF1,HTR5A,SH2B2,GIMAP1,STRA8,MICALL2
FBXO24,SAP25,NFE2L3,RSPH3,FRMD1,STEAP2,SSC4D,MINDY4,GPR85,DNAH11,TMEM130,ZMAT4,PNMA2,ZNF777,SGCZ,PTPRN2,RELN,GIMAP5,PTN,AMZ1
EPHB4,FBXO24,CPVL,PNLDC1,DACT2,CASD1,ZP3,BMPER,MDFIC,CDCA7L,TFR2,SFRP1,ADRA1A,KCNH2,TUSC3,DLGAP2,GPR22,TMEM176B,CREB3L2,GNA12
TRIP6,EPHB4,WIPF3,PDE10A,SMOC2,PEG10,UPK3B,KIAA0895,TES,CREB5,MUC3A,GPAT4,STMN4,NUB1,MSR1,CSMD1,SLC26A4,TMEM176A,FMC1,MMD2
SH2B2,TRIP6,MINDY4,RAMACL,NUDT1,DLX6,PCLO,POU6F2,CAV2,TRIL,MUC12,NKX6-3,CHRNA2,HTR5A,ZDHHC2,CLDN23,DNAJB9,SLC4A2,HIPK2,GRID2IP
POLR2J,POLR2J,INHBA,RNASET2,MMD2,DLX5,SEMA3A,INHBA,CAV1,MINDY4,AP1S1,ANK1,ESCO2,SHH,VPS37A,RP1L1,WNT2,CLDN23,DENND11,GLCCI1
RASA4B,RASA4B,CAMK2B,CCR6,CCZ1,ASNS,GRM3,HECW1,CPED1,DPY19L1,COL26A1,AP3M2,PBK,ZNF596,SLC18A1,ZDHHC2,ANKRD7,PPP1R3B,TRPV6,NXPH1
SPDYE2,UPK3BL2,NPC1L1,FAM20C,CCZ1B,TMEM130,RUNDC3B,CAMK2B,WNT16,SFRP4,PUS7,VDAC3,PNOC,ANGPT2,GNRH1,ATP6V1B2,WNT16,CTSB,TRPV5,THSD7A
SPDYE2B,RASA4,PKD1L1,TTYH3,NDUFA4,ACTL6B,DBF4,PKD1L1,CADPS2,PGAM2,GPR22,ST18,DUSP4,AGPAT5,KCTD9,GFRA2,FAM3C,MSR1,KEL,ARL4A
CDHR3,SLC26A5,SUN3,PAPOLB,PHF14,AP1S1,STEAP2,DDC,HYAL4,AEBP1,BCAP29,ALKAL1,SARAF,XKR5,CDCA2,NPM2,CADPS2,FGF20,OR9A2,ETV1
PNPLA8,CDHR3,ABCA13,VWDE,VWDE,VGF,FAM237B,NUPR2,GRM8,POLD2,SLC26A4,MRPL15,SMIM18,DEFB1,EPHX2,FGF17,GRM8,FGL1,PIP,AGMO
ZNF277,LAMB4,GRB10,DGKB,MEOX2,NAT16,CLDN12,AUTS2,PODXL,C7orf57,NRCAM,XKR4,DUSP26,SLC35G5,ESCO2,ENTPD4,PRRT4,NAT1,TMEM139,TMEM196
IFRD1,IFRD1,ZNF727,ANKMY2,TOMM7,ORAI2,CDK6,GALNT17,AKR1B15,ABCA13,PPP1R3A,FAM110B,UNC5D,GFRA2,PBK,NKX3-1,CCDC136,NAT2,CASP2,ITGB8
MDFIC,MDFIC,ZNF679,BZW2,FAM126A,CCDC71L,HEPACAM2,CALN1,CALD1,PSPH,CAV2,CRH,RAB11FIP1,NPM2,DUSP4,NEFM,KCP,CSGALNACT1,FAM131B,CDCA7L
TSPAN12,TSPAN12,ZNF138,RAPGEF5,MPP6,LRRN3,PEG10,SRRM3,TMEM140,PHKG1,ST7,RRS1,GOT1L1,FGF17,SMIM18,NEFL,ATP6V1F,SLC18A1,ZNF775,KLHL7
PTPRZ1,PTPRZ1,CALN1,CPVL,CHN2,PPP1R3A,DYNC1I1,UPK3B,SLC13A4,ZNF273,WNT2,KCNB2,ADRB3,PDLIM2,UNC5D,PNMA2,ATP6V1FNB,REEP4,SLC4A2,NUP42
AASS,AASS,SRRM3,CHN2,WIPF3,FOXP2,NPTX2,GRM3,FAM180A,ABHD11,CADPS2,TMEM70,EIF4EBP1,NKX3-1,STAR,ADRA1A,MEST,EGR3,AC021097.2,GPNMB
FEZF1,IQUB,SSC4D,CRHR2,FKBP14,KCND2,AGFG2,DBF4,PTN,CLDN3,GRM8,JPH1,LSM1,STC1,FGFR1,STMN4,BPGM,TNFRSF10B,INSIG1,HIBADH
TMEM229A,TMEM229A,ZP3,INMT,MINDY4,FAM3C,ACTL6B,ADAM22,CREB3L2,CLDN4,ATP6V1FNB,FABP5,TCIM,PNMA2,C8orf86,PNOC,FAM180A,TNFRSF10C,EN2,CREB5
RBM28,HILPDA,UPK3B,MINDY4,HECW1,CADPS2,MUC17,STEAP2,ZC3HAV1,METTL27,TMEM213,FABP4,ZMAT4,ADRA1A,IDO2,DUSP4,CHRM2,TNFRSF10D,CLN8,BMPER
SMO,FLNC,CACNA2D1,BMPER,CAMK2B,LMOD2,AP1S1,CLDN12,PARP12,TMEM270,KIAA1549,LRRCC1,SFRP1,EPHX2,ZMAT4,SARAF,TMEM213,TNFRSF10A,ARHGEF10,SFRP4
AHCYL2,SMO,PCLO,KIAA0895,SPATA48,POT1,COL26A1,CDK6,KDM7A,ELN,EPHB6,CA1,NKX6-3,SARAF,SFRP1,MBOAT4,CLEC2L,SLC25A37,ZNF705G,POU6F2
CPA1,AHCYL2,SEMA3A,RALA,GRB10,GRM8,LHFPL3,CALCR,DENND2A,GTF2IRD2,FAM131B,TMEM64,ANK1,SMIM18,ANK1,SMIM18,EPHB6,ADAM28,FDFT1,HECW1
MKLN1,CPA1,RUNDC3B,INHBA,VSTM2A,LEP,ATXN7L1,GNGT1,CLCN1,CCDC146,ZYX,NECAB1,CHRNB3,NRG1,CHRNA6,MAK16,EPHA1,RNF122,DLC1,STK17A
PTN,AKR1B15,DBF4,MRPL32,SEC61G,PRRT4,PRKAR2B,PPP1R9A,OR2F1,CD36,EPHA1,PIP4P2,CHRNA6,DUSP26,SNAI2,DUSP26,TCAF2,ZNF703,MTMR7,TNS3
FMC1,MGAM,FAM237B,HECW1,NUPR2,SMKR1,LRRN3,DLX6,OR2A5,SEMA3D,TCAF2,CCNE2,SNTG1,RAB11FIP1,PPDPFL,BRF2,CNTNAP2,RAB11FIP1,MTUS1,VWC2
WEE2,OR9A2,CLDN12,STK17A,TPST1,CPA2,WNT2,DLX5,OR2A25,CFAP69,CNTNAP2,PTDSS1,ALKAL1,STAR,SNTG1,RAB11FIP1,ATP6V0E2,EIF4EBP1,HR,ZPBP
MGAM,OR2A25,CDK6,COA1,SPDYE21P,CEP41,CFTR,TAC1,OR2A12,FZD1,CHPF2,LAPTM4B,OPRK1,TM2D2,PXDNL,STAR,ZBED6CL,PLEKHA2,LGI3,COBL
OR9A4,OR2A14,DYNC1I1,BLVRA,CALN1,PLXNA4,CTTNBP2,ACTL6B,OR2A14,ERVW-1,WDR86,COX6C,XKR4,ADAM32,XKR4,LETM2,LRRC61,HTRA4,SFTPC,EGFR
OR2F1,ARHGEF35,TAC1,CAMK2B,SRRM3,SLC35B4,ANKRD7,MUC17,ARHGEF35,HEPACAM2,CRYGN,POLR2K,FAM110B,ZMAT4,CYP7A1,C8orf86,KCNH2,ADAM9,BMP1,ZNF727
OR2A5,OR2A42,AGFG2,SUN3,SSC4D,CLEC2L,FSCN3,AP1S1,OR2A42,KPNA7,PRKAG2,NCALD,TOX,SFRP1,CA8,TM2D2,CDK5,IDO1,DOCK5,ZNF107
OR2A12,RARRES2,ACTL6B,ABCA13,ZP3,TAS2R5,LEP,VGF,OR2A7,ZNF3,GALNTL5,NDUFB9,CA8,THAP1,CLVS1,ADAM2,GBX1,IDO2,PPP2R2A,FZD9
OR2A14,TMEM176B,MUC17,GRB10,UPK3B,EPHB6,FAM71F1,PUS7,GIMAP8,FBXO24,HTR5A,MTSS1,GGH,SNTG1,NKAIN3,SFRP1,CHPF2,PLAT,DPYSL2,CLIP2
ARHGEF35,TMEM176A,AP1S1,VSTM2A,HGF,FAM131B,OPN1SW,PRKAR2B,GIMAP7,EPHB4,NCAPG2,KCNK9,DNAJC5B,PXDNL,GGH,NKX6-3,HTR5A,IKBKB,STMN4,GTF2IRD2
OR2A42,SLC4A2,COL26A1,VOPP1,CACNA2D1,TPK1,STRIP2,ANKRD7,GIMAP4,TRIP6,DLGAP2,PTP4A3,TRIM55,ST18,DNAJC5B,ANK1,SHH,POLB,KIF13B,GTF2IRD2B
OR2A7,IQCA1L,RELN,AUTS2,PCLO,ZNF786,PLXNA4,FSCN3,GIMAP6,TRIM56,MYOM2,AC138647.1,CRH,ALKAL1,SULF1,CHRNA6,DLGAP2,CEBPD,GOLGA7,HIP1
ARHGEF5,INSIG1,LHFPL3,GALNT17,SEMA3E,AGAP3,STRA8,LEP,GIMAP2,IFT22,CSMD1,SLURP2,C8orf34,CHD7,XKR9,OPRK1,DEFB134,LYN,GINS4,DTX2
TMEM176B,EN2,ATXN7L1,CALN1,GRM3,GALNTL5,DGKI,OPN1SW,GIMAP1,LRWD1,MSRA,LYNX1,SLCO5A1,SULF1,STAU2,XKR4,TRMT9B,MOS,FNTA,UPK3B
TMEM176A,ARHGEF10,PRKAR2B,RHBDD2,RUNDC3B,FBXO25,TMEM213,ATP6V1FNB,GIMAP5,FBXL13,PRSS51,LY6H,C8orf89,XKR9,GDAP1,SDR16C5,SGCZ,PLAG1,ST18,GSAP
SLC4A2,CLDN23,LAMB1,SRRM3,STEAP1,TDRP,EPHB6,STRIP2,NOS3,NFE4,TRMT9B,CYC1,SLC10A5,KCNB2,ZFHX4,FAM110B,ATP6V1B2,CHCHD7,CHD7,PTPN12
IQCA1L,MFHAS1,LRRN3,PHTF2,STEAP2,DLGAP2,TCAF1,AKR1B1,SLC4A2,EFCAB10,NAT2,MROH1,CHMP4C,FABP5,ZC2HC1A,TOX,GFRA2,CHD7,ARMC1,SEMA3E
CRYGN,FAM167A,WNT2,SEMA3A,FAM237B,KBTBD11,ASIC3,MTPN,AC021097.2,CDHR3,ATP6V1B2,SCX,CA13,FABP4,IL7,NKAIN3,NPM2,CPA6,MTFR1,STEAP1
ARHGEF10,BLK,CFTR,ZNF804B,CDK6,MSRA,PRKAG2,DGKI,WDR86,PPP1R3A,NPM2,SCRT1,CA1,FABP12,STMN2,CRH,FGF17,LACTB2,PDE7A,CDK14
MFHAS1,SLC7A2,CTTNBP2,STEAP2,DLX6,PRSS51,GALNTL5,TMEM213,CRYGN,MDFIC,DMTN,TONSL,CA3,SLC10A5,FABP4,VXN,STC1,UBE2W,VXN,GATAD1
PRSS55,SH2D4A,ANKRD7,CLDN12,DLX5,DEFB134,ACTR3B,KIAA1549,ESYT2,WNT16,HR,MFSD3,CA2,CNGB3,FABP12,KCNB2,ADAM7,LY96,MYBL1,ERVW-1
FAM167A,CSGALNACT1,FAM71F1,PEG10,ASNS,MTMR7,SHH,ZC3HAV1L,ANGPT2,FEZF1,ADAM7,LRRC24,PSKH2,TMEM64,SNX16,C8orf89,NEFM,PAG1,SGK3,FAM133B
C8orf48,SORBS3,STRIP2,PPP1R9A,ACTL6B,SLC7A2,PTPRN2,RAB19,PPP1R3B,IQUB,NEFM,ZNF250,WWP1,CCNE2,RALYL,STMN2,NEFL,LRRC69,ZFHX4,SGCE
FGL1,PEBP4,SMKR1,DYNC1I1,IFT22,ATP6V1B2,TDRP,TMEM178B,SOX7,ASB15,NEFL,FOXD4,PDP1,NDUFAF6,PSKH2,ZNF704,CDCA2,SLC26A7,PEX2,PPP1R9A
NAT2,ADRA1A,DGKI,DLX6,LHFPL3,LZTS1,DLGAP2,MGAM2,DLC1,LMOD2,STMN4,SMARCA2,LAPTM4B,TP53INP1,SLC7A13,CA13,PNMA2,TP53INP1,TPD52,PON1
SH2D4A,CLU,TMEM213,DLX5,ATXN7L1,DMTN,CSMD1,CLCN1,MTUS1,FLNC,PTK2B,VLDLR,KCNS2,LAPTM4B,WWP1,CA1,STMN4,PLEKHF2,ZNF704,PON3
CSGALNACT1,SCARA3,ZC3HAV1L,TAC1,PRKAR2B,PHYHIP,PRAG1,OR2F1,NAT1,KCP,PBK,PLPP6,ANKRD46,RGS22,CNGB3,CA3,CHRNA2,PABPC1,PMP2,PON2
SORBS3,RBPMS,EPHB6,ASNS,LAMB1,EGR3,PRSS55,OR2A5,LPL,SMO,DUSP4,INSL6,GRHL2,RSPO2,CNBD1,GDF6,SCARA5,DPYS,CA2,GJC3
EPHX2,FUT10,TCAF1,ACTL6B,LRRN3,NKX3-1,XKR6,OR2A25,LZTS1,CPA1,BRF2,RANBP6,ODF1,DSCC1,MMP16,LAPTM4B,NUGGC,DEPTOR,ATP6V0D2,AZGP1
CLU,RNF122,ASIC3,MUC17,SMIM30,STC1,FAM86B2,OR2A12,SORBS3,CEP41,GOT1L1,GLDC,OXR1,ATAD2,PTDSS1,ERICH5,PNOC,TMEM65,TMEM64,MCM7
SCARA3,ERLIN2,WDR86,AP1S1,FSCN3,PNMA2,LONRF1,ARHGEF35,PDLIM2,TSGA13,ADRB3,LURAP1L,ABRA,GSDMC,SDC2,OXR1,DUSP4,TRIB1,LRRC69,GAL3ST4
MBOAT4,CEBPD,PRKAG2,VGF,STRIP2,PTK2B,C8orf48,OR2A7,C8orf58,LRGUK,C8orf86,NFIB,RAD21,PTP4A3,NCALD,ABRA,SARAF,FAM49B,DPY19L4,GPC2
FUT10,PPDPFL,GALNTL5,NAT16,SMKR1,FBXO16,SGCZ,ARHGEF5,TNFRSF10B,STRA8,IDO2,TTC39B,AARD,AC138647.1,SLC30A8,TRHR,SMIM18,KCNQ3,CCNE2,C7orf61
ZNF703,RGS20,ACTR3B,COL26A1,PLXNA4,DUSP4,TUSC3,CNTNAP2,TNFRSF10C,SVOPL,CHRNB3,ELAVL2,EXT1,LY6K,COLEC10,RAD21,DUSP26,TMEM71,CPQ,TSC22D4
ERLIN2,CA8,SHH,ORAI2,AGBL3,SMIM18,PDGFRL,ZNF467,TNFRSF10D,TTC26,CHRNA6,AQP7,CCN3,SPATC1,COL14A1,AARD,UNC5D,TG,MATN2,SLC12A9
CEBPD,ASPH,PTPRN2,PIK3CG,STRA8,NRG1,PSD3,SSPO,TNFRSF10A,TMEM139,OPRK1,RPP25L,DSCC1,SCX,SNTB1,COLEC10,BRF2,SLA,STK3,TRIP6
RGS20,NKAIN3,TDRP,PRKAR2B,DGKI,DUSP26,LPL,ACTR3C,LOXL2,OR2A42,RP1,ARID3C,TMEM65,TMEM249,MYC,DENND3,RAB11FIP1,ST3GAL1,EMC2,NAT16
TOX,TTPA,DLGAP2,PPP1R3A,KLRG2,UNC5D,LZTS1,PRKAG2,KCTD9,PDIA4,XKR4,ARHGEF39,MTSS1,TONSL,OC90,LYNX1,STAR,KHDRBS3,ENPP2,NAPEPLD
CA8,ADHFE1,CSMD1,FOXP2,NDUFB2,GOT1L1,DMTN,GALNTL5,SCARA5,LRRC61,MOS,GBA2,OC90,LRRC24,HHLA1,LY6E,LETM2,DENND3,DEPTOR,LHFPL3
ASPH,PREX2,PRAG1,KCND2,MRPS33,ADRB3,SFTPC,PTPRN2,RBPMS,RARRES2,SDR16C5,FRMPD1,HHLA1,ZNF250,KCNK9,LY6H,TCIM,GSDMD,ZHX2,CCDC71L
NKAIN3,EYA1,PRSS55,STRIP2,WEE2,ADAM9,PHYHIP,DLGAP2,ZNF703,AOC1,TOX,ALDH1B1,PTP4A3,RANBP6,GPR20,TMEM249,ZMAT4,PARP10,WDYHV1,LAMB4
TTPA,TRPA1,XKR6,SMKR1,EPHB6,ADAM18,EGR3,SOX7,ADGRA2,ATG9B,BHLHE22,PIP5K1B,AC138647.1,GLDC,PTP4A3,ADCK5,NKX6-3,DOCK8,FBXO32,NRCAM
RRS1,CRISPLD1,FAM86B2,CPA2,CNTNAP2,HGSNAT,RHOBTB2,PINX1,TACC1,SLC4A2,VXN,FAM122A,SLURP2,TYRP1,TOP1MT,SLC39A4,ANK1,JAK2,ANXA13,CAV2
ADHFE1,HNF4G,LONRF1,PLXNA4,EZH2,PENK,LOXL2,XKR6,TCIM,WDR86,C8orf34,MAMDC2,LY6H,NFIB,FAM83H,MFSD3,VDAC3,INSL6,ZNF572,CTTNBP2
MYBL1,ZFHX4,C8orf48,AGBL3,ZNF467,IMPAD1,SLC25A37,SLC35G5,PLAT,RNF32,SULF1,TRPM3,TOP1MT,ZDHHC21,MROH1,LRRC24,CHRNB3,CD274,SQLE,KCND2
MCMDC2,FABP5,SGCZ,TMEM213,ACTR3C,SLCO5A1,ADAM7,FAM86B2,SLC20A2,WDR60,XKR9,PCSK5,GRINA,CER1,SCX,C8orf82,ALKAL1,PDCD1LG2,WASHC5,TSPAN12
PREX2,PMP2,TUSC3,KIAA1549,ZBED6CL,PKIA,NEFM,SLC7A2,CEBPD,CLDN23,MSC,RMI1,SCRT1,ACER2,TONSL,DMRT1,MRPL15,BNC2,NSMCE2,PTPRZ1
EYA1,FABP4,PDGFRL,ZC3HAV1L,ASIC3,STMN2,EBF2,NAT1,SNAI2,FAM86B1,TRPA1,GAS1,LRRC24,CDKN2A,KIFC2,PLPP6,XKR4,HACD4,LRATD2,AASS
C8orf89,FABP12,PSD3,CLEC2L,SMARCD3,SLC10A5,PTK2B,NAT2,SOX17,TRMT9B,KCNB2,CKS2,ZNF250,ELAVL2,FOXH1,RLN2,SDR16C5,IFNE,NDRG1,PTN
HNF4G,RIPK2,LPL,TMEM178B,PRKAG2,SNX16,PBK,LPL,RP1,TNFRSF10B,TMEM70,GADD45G,FOXD4,TUSC1,WASHC1,RLN1,GGH,CDKN2A,CHRAC1,CREB3L2
ZFHX4,OSGIN2,LZTS1,FAM131B,ACTR3B,E2F5,FBXO16,LZTS1,CYP7A1,ADAM7,JPH1,C9orf129,SMARCA2,LINGO2,DMRT1,RANBP6,BHLHE22,CDKN2B,AGO2,TRIM24
PMP2,SLC26A7,DMTN,EZH2,SHH,NECAB1,MBOAT4,DMTN,SDCBP,EBF2,GDAP1,CDC14B,VLDLR,AQP7,TTC39B,PTPRD,CPA6,B4GALT1,PTK2,ATP6V0A4
DECR1,GEM,SFTPC,ZNF467,PTPRN2,RUNX1T1,TEX15,BMP1,MSC,EPHX2,STMN2,NANS,PLPP6,AQP3,ADAMTSL1,TYRP1,KCNB2,TLN1,GPIHBP1,ZC3HAV1
SLC26A7,CPQ,PHYHIP,ACTR3C,NCAPG2,GDF6,HTRA4,PHYHIP,TRPA1,CLU,FABP12,GABBR2,DMAC1,CNTFR,ELAVL2,LURAP1L,IL7,PGM5,PUF60,HIPK2
GEM,RIDA,EGR3,GBX1,DLGAP2,PTDSS1,ZMAT4,EGR3,SBSPON,FZD3,RALYL,ANKS6,LURAP1L,ARID3C,FAM219A,MPDZ,STMN2,MAMDC2,KANK1,PARP12
FSBP,STK3,RHOBTB2,WDR86,RP1L1,TSPYL5,OPRK1,RHOBTB2,CHMP4C,TEX15,MMP16,GALNT12,MPDZ,VCP,FAM205C,TTC39B,FABP12,OSTF1,DMRT2,DENND2A
SDC2,RGS22,LOXL2,CRYGN,SOX7,ERICH5,ATP6V1H,ADAM7,CA2,KCNU1,ESRP1,TMEM246,NFIB,CA9,C9orf131,RRAGA,RALYL,SYK,VLDLR,TCAF2
CPQ,FBXO43,SLC25A37,PRKAG2,XKR6,KCNS2,RGS20,NEFM,STK3,ZNF703,NIPAL2,SLC46A2,FREM1,MSMP,RUSC2,MLLT3,PSKH2,FGD3,ERMP1,OR2F1
RIDA,SPAG1,ADAM7,GALNTL5,SGCZ,YWHAZ,CHCHD7,PTK2B,KLF10,ERLIN2,KCNS2,ATP6V1G1,TTC39B,FRMPD1,ARHGEF39,FOCAD,CNBD1,SUSD3,PTPRD,OR2A25
STK3,RNF19A,NEFM,ACTR3B,TUSC3,ZNF706,SDR16C5,FBXO16,FZD6,EFCAB1,GRHL2,TEX53,KLHL9,SHB,CA9,KLHL9,PIP4P2,NINJ1,TYRP1,OR2A14
BAALC,SNX31,NEFL,PTPRN2,LPL,KLF10,PENK,FZD3,CTHRC1,RP1,NCALD,PAPPA,CDKN2B,ALDH1B1,RECK,DMRTA1,RUNX1T1,FBP1,LURAP1L,ARHGEF35
EIF3E,BAALC,EBF2,TDRP,LZTS1,BAALC,SDCBP,NRG1,PKHD1L1,TRIM55,KLF10,ASTN2,LINGO2,AL627230.1,MELK,ELAVL2,ESRP1,SLC35D2,SLC24A2,OR2A7
TRPS1,ANGPT1,PTK2B,DLGAP2,DMTN,FZD6,NSMAF,C8orf86,COL14A1,TCF24,BAALC,NDUFA8,ANKRD18B,MAMDC2,PAX5,ANKRD18B,LAPTM4B,NANS,IFNA6,ARHGEF5
SNTB1,EIF3E,FBXO16,KBTBD11,SFTPC,CTHRC1,CLVS1,PXDNL,SNTB1,PPP1R42,DPYS,LHX6,CNTFR,TRPM3,FBXO10,PRSS3,NCALD,TGFBR1,IFNA13,EZH2
ZHX2,TMEM74,MBOAT4,MSRA,PHYHIP,RIMS2,CYP7B1,PCMTD1,TMEM71,CSPP1,DCSTAMP,RBM18,CCL27,PCSK5,SLC25A51,FAM219A,OXR1,NR4A3,IFNA2,ZBED6CL
TRIB1,TRPS1,TEX15,PRSS51,STC1,DPYS,SGK3,CYP7A1,TG,C8orf34,ZFPM2,PDCL,CA9,GOLM1,SHB,DCTN3,ABRA,NIPSNAP3B,CDKN2A,RARRES2
ADCY8,TNFRSF11B,ZMAT4,XKR6,ADAM7,LRP12,EYA1,NSMAF,CCN4,EYA1,OXR1,ST6GALNAC4,FRMPD1,NFIL3,ALDH1B1,ARID3C,RSPO2,LPAR1,EQTN,ZNF775
ST3GAL1,SNTB1,SNTG1,FAM86B2,ADRA1A,SYBU,JPH1,C8orf34,NDRG1,TRPA1,ABRA,PIP5KL1,ALDH1B1,CORO2A,FOXD4L5,SIGMAR1,TMEM74,SLC46A2,MOB3B,TMEM176B
ADGRB1,ZHX2,OPRK1,SLC7A2,PTK2B,CSMD3,PKIA,SULF1,ST3GAL1,PI15,RSPO2,PTGES2,PIP5K1B,GABBR2,PIP5K1B,PHF24,TRHR,FKBP15,UBE2R2,TMEM176A
PSCA,MYC,ATP6V1H,PDGFRL,GOT1L1,RAD21,HEY1,SLCO5A1,GPR20,CRISPLD1,TMEM74,DNM1,FAM122A,ANKS6,FAM122A,C9orf131,PKHD1L1,AKNA,CD72,XRCC2
GSDMD,GSDMC,RGS20,LZTS1,ADRB3,AARD,SLC10A5,RDH10,LY6K,HNF4G,TRHR,SLC27A4,S1PR3,GALNT12,APBA1,UNC13B,SYBU,TNFSF15,GLIPR2,DPP6
SCRIB,ADCY8,NSMAF,DMTN,SNAI2,SLC30A8,RALYL,PKIA,LY6E,ATP6V0D2,KCNV1,ENDOG,C9orf129,TMEM246,TRPM3,TESK1,COLEC10,TNFSF8,GNE,VIPR2
NRBP2,ST3GAL1,CLVS1,PHYHIP,OPRK1,MED30,E2F5,STMN2,GPIHBP1,LRRC69,EXT1,MIGA2,GABBR2,ZNF483,C9orf40,CCDC107,FER1L6,TLR4,GRHPR,ARHGEF10
PARP10,COL22A1,CYP7B1,EGR3,RGS20,SAMD12,NBN,HEY1,GSDMD,SLC26A7,COLEC10,CRAT,TMEM246,SLC46A2,C9orf153,ARHGEF39,TMEM65,GSN,SHB,CSMD1
SPATC1,PSCA,SGK3,STC1,XKR4,MAL2,CALB1,SLC10A5,PARP10,TMEM67,MAL2,HMCN2,GRIN3A,ATP6V1G1,DIRAS2,CREB3,MYC,PTGS1,TJP2,PPP1R3B
OPLAH,RHPN1,EYA1,ADAM7,MOS,TBC1D31,NECAB1,ZFAND1,SLC39A4,GEM,CCN3,ASS1,PPP3R2,TEX53,SYK,MSMP,ADCY8,OR1N2,ABHD17B,TNKS
HGH1,GSDMD,JPH1,PPP2R2A,CHCHD7,KCNK9,PDP1,NBN,SLC1A1,PLEKHF2,FER1L6,PLPP7,FRRS1L,LHX6,WNK2,ALDH1B1,EFR3A,NEK6,C9orf85,PRSS55
GPT,EEF1D,SLC10A5,PTK2B,PENK,TSNARE1,UQCRB,TMEM64,ACER2,C8orf37,MYC,VAV2,C9orf152,RBM18,CORO2A,IGFBPL1,FAM135B,SH2D3C,TRPM6,SH2D4A
KANK1,SCRIB,RALYL,FBXO16,HEY1,ADGRB1,SDC2,NECAB1,CDKN2B,MATN2,EFR3A,OLFM1,TXN,OR1N2,OR13C3,ANKRD18A,KCNK9,ENG,OSTF1,CSGALNACT1
SMARCA2,NRBP2,E2F5,FZD3,SLC10A5,LY6H,ERICH5,RUNX1T1,TEK,RGS22,OC90,PPP1R26,SVEP1,PDCL,TAL2,CNTNAP3C,LYNX1,QRFP,GCNT1,BMP1
GLIS3,PLEC,NBN,NRG1,RALYL,GRINA,ODF1,PDP1,DDX58,FBXO43,HHLA1,MRPS2,ZNF483,RALGPS1,TMEM38B,PIP5K1B,LY6H,FAM78A,PRUNE2,SORBS3
AK3,PARP10,CALB1,HTRA4,CALB1,SPATC1,DPYS,CDH17,B4GALT1,SPAG1,KCNQ3,SOHLH1,SUSD1,GARNL3,EPB41L4B,FAM122A,MROH1,RAPGEF1,PSAT1,ADRA1A
IL33,SPATC1,NECAB1,ADAM9,TMEM64,WDR97,LRP12,RAD54B,CCL19,SNX31,TG,KCNT1,BSPRY,ST6GALNAC4,PALM2-AKAP2,RFK,SCX,SETX,AGTPBP1,PBK
GLDC,OPLAH,PDP1,GPAT4,NECAB1,SCRT1,ZFPM2,ESRP1,C9orf131,NCALD,CCN4,DIPK1B,ATP6V1G1,PIP5KL1,C9orf152,GCNT1,SCRT1,GBGT1,C9orf153,EIF4EBP1
NFIB,GPT,RAD54B,SNTG1,UQCRB,ADAMTSL1,TRHR,ERICH5,TPM2,AZIN1,ST3GAL1,C8G,TRIM32,DOLPP1,TXNDC8,FRMD3,TMEM249,ADAMTSL2,GAS1,FGFR1
C9orf92,ARHGAP39,UQCRB,LYPLA1,ERICH5,FOCAD,SYBU,NIPAL2,TLN1,ANGPT1,KHDRBS3,LRRC26,ZBTB6,HMCN2,SVEP1,C9orf129,ZNF250,CCDC187,SEMA4D,C8orf86
PLIN2,KANK1,ERICH5,C8orf34,NIPAL2,TUSC1,KCNV1,KCNS2,HRCT1,TNFRSF11B,FAM135B,RNF208,GARNL3,ASS1,SLC46A2,CORO2A,FOXD4,CARD9,AOPEP,PLEKHA2
MTAP,GLIS3,ODF1,SLCO5A1,KCNS2,PRSS3,TRPS1,RIMS2,SPAAR,SNTB1,KCNK9,CYSRT1,PIP5KL1,QRFP,PAPPA,GABBR2,PLPP6,AGPAT2,HSD17B3,HTRA4
DMRTA1,AK3,RIMS2,RDH10,PABPC1,PHF24,UTP23,DPYS,PGM5,HAS2,PTK2,FAM166A,DNM1,GTF3C4,OR1L8,GALNT12,RANBP6,TOR4A,AL160269.1,PLAT
KIF24,IL33,DPYS,PI15,YWHAZ,CA9,MAL2,DCSTAMP,KLF9,LRATD2,DENND3,IDI2,SET,AL354761.1,NR6A1,BAAT,TYRP1,TUBB8,SLC35D2,SNAI2
MYORG,GLDC,LRP12,PKIA,ODF1,MSMP,TBC1D31,LRP12,CEMIP2,POU5F1B,SLC45A4,AKR1C2,DOLPP1,DNLZ,PBX3,TMEM246,LURAP1L,KLF6,CDC14B,SNTG1
ENHO,FREM1,SYBU,HEY1,RIMS2,IGFBPL1,ATAD2,ZFPM2,ANXA1,LRRC6,GPR20,AKR1C8P,CRAT,AGPAT2,ANGPTL2,GRIN3A,TTC39B,GDI2,CTSV,XKR4
CNTFR,C9orf92,KCNV1,ZBTB10,DPYS,BX664615.2,LRRC6,OXR1,TRPM6,TG,PSCA,ASB13,NCS1,LRRC26,GARNL3,PPP3R2,DMRTA1,IL15RA,ANP32B,FAM110B
FAM205C,BNC2,UTP23,SLC10A5,TRHR,APBA1,PHF20L1,ABRA,TLE1,COL22A1,SLURP2,FRMD4A,HMCN2,AKR1E2,SLC2A8,OR13C3,ELAVL2,PFKFB3,TBC1D2,TOX
CD72,SAXO1,MAL2,E2F5,SYBU,KLF9,FAM135B,CSMD3,RASEF,MAFA,LYNX1,PTF1A,ASS1,AKR1C1,LRSAM1,NIPSNAP3A,LINGO2,SFMBT2,TMEFF1,CA8
FAM221B,PLIN2,TBC1D31,TMEM64,MAL2,GDA,ARC,UTP23,FRMD3,GSDMD,LY6H,KIAA1217,FIBCD1,AKR1C2,PIP5KL1,ATP6V1G1,TMEM215,USP6NL,CAVIN4,CHD7
FAM189A2,DMRTA1,ATAD2,NECAB1,TBC1D31,SHC3,GML,AARD,C9orf153,PYCR3,MAFA,GAD2,PLPP7,ASB13,SLC27A4,LHX6,ANKRD18B,ECHDC3,ZNF189,NKAIN3
PTAR1,MYORG,FER1L6,RUNX1T1,HHLA1,DIRAS2,KIFC2,MAL2,S1PR3,MAPK15,FAM83H,ACBD5,SURF2,PROSER2,ODF2,RBM18,PRSS3,FRMD4A,SMC2,TTPA
TRPM3,ENHO,LRRC6,FAM92A,GML,C9orf129,RECQL4,COL14A1,OGN,FAM83H,IQANK1,FZD8,FAM163B,MCM10,PTGES,SCAI,ARID3C,DCLRE1C,SLC44A1,VXN
ZFAND5,CNTFR,GML,PDP1,ZNF623,PTPDC1,KCNV2,TBC1D31,OMD,IQANK1,SLC39A4,RET,VAV2,FRMD4A,TOR1B,HSPA5,ARHGEF39,PTER,PALM2-AKAP2,MYBL1
TMC1,IL11RA,WDR97,ERICH5,WDR97,ZNF367,PUM3,FBXO32,ASPN,EPPK1,PTPRD,TMEM72,BRD3,ITGA8,USP20,RALGPS1,ALDH1B1,TMEM236,SVEP1,C8orf89
ALDH1A1,CCL27,KIFC2,NIPAL2,BOP1,NUTM2G,SH3GL2,ANXA13,ECM2,PPP1R16A,TYRP1,DEPP1,RXRA,HACD1,LAMC3,GARNL3,CNTNAP3,MRC1,MUSK,CRISPLD1
RORB,FAM205C,RECQL4,KCNS2,KIFC2,CTSV,ADAMTSL1,FER1L6,SLC35D2,ARHGAP39,SH3GL2,GPRIN2,OLFM1,MALRD1,SLC2A6,SLC2A8,CNTNAP3B,PLXDC2,LPAR1,HNF4G
PCSK5,FAM214B,KCNV2,ODF1,FOXH1,GABBR2,MLLT3,MTSS1,COL15A1,RFX3,ADAMTSL1,FO681492.1,AL354761.1,PLXDC2,SARDH,STXBP1,TRPM3,OTUD1,INIP,ZFHX4
GNA14,CD72,PUM3,KLF10,RECQL4,BAAT,EQTN,SQLE,KLF4,GLIS3,FOCAD,OGDHL,GLT6D1,AL513128.2,VAV2,PIP5KL1,FRMD3,APBB1IP,SNX30,PEX2
PSAT1,TPM2,SH3GL2,RIMS2,VLDLR,ALDOB,MOB3B,LRATD2,RGS3,SPATA6L,ELAVL2,ASAH2,SOHLH1,PTF1A,OLFM1,C9orf16,NXNL2,MAP3K8,SLC46A2,MRPS28
TLE1,GLIPR2,ADAMTSL1,DPYS,KCNV2,TMEM246,IL11RA,POU5F1B,COL27A1,AK3,LINGO2,PCDH15,KCNT1,GAD2,PPP1R26,SLC27A4,C9orf129,ARHGAP12,SLC31A2,ZNF704
NTRK2,TJP2,MLLT3,DCSTAMP,PUM3,GRIN3A,UNC13B,OC90,GSN,RLN2,AQP3,CISD1,GPSM1,ANKRD30A,NACC2,DOLPP1,FBP1,CXCL12,RGS3,PMP2
CKS2,FAM189A2,EQTN,LRP12,LURAP1L,PPP3R2,SPAAR,HHLA1,STOM,RLN1,ANKRD18B,ARID5B,AGPAT2,ZNF25,LCN15,CRAT,CORO2A,RASSF4,WHRN,LRRCC1
CARD19,TRPM3,MOB3B,OXR1,SH3GL2,SMC2,IGFBPL1,FAM135B,DAB2IP,MPDZ,PRSS3,ADO,LCN15,ZNF33A,TRAF2,ASS1,GABBR2,ALOX5,CDK5RAP2,CA13
PTCH1,ZFAND5,PRSS3,ABRA,MLLT3,NIPSNAP3B,ANKRD18A,ADGRB1,OLFML2A,FREM1,PHF24,MYPN,GRIN1,ZNF37A,C8G,SLC2A6,GALNT12,ARHGAP22,MEGF9,CA1
NR4A3,TMC1,IL11RA,PKHD1L1,FOCAD,ABCA1,CNTNAP3,ARC,ANGPTL2,SAXO1,MAMDC2,ATOH7,LRRC26,ZNF33B,LRRC26,FAM163B,BAAT,WDFY4,PHF19,CA3
ABCA1,ALDH1A1,UNC13B,SYBU,EQTN,CTNNAL1,CBWD6,THEM6,NIBAN2,CDKN2B,TRPM3,FAM241B,CYSRT1,RET,CYSRT1,DBH,TMEM246,TMEM273,TRAF1,DCAF4L2
KLF4,RORB,SPAAR,CSMD3,LINGO2,FRRS1L,CNTNAP3C,GML,SH2D3C,DMRTA1,CEMIP2,PCBD1,PNPLA7,TMEM72,FAM166A,BRD3OS,GRIN3A,EGR2,GSN,MMP16
HSDL2,PCSK5,IGFBPL1,AARD,TMEM215,ZNF483,ANKRD20A4,LY6E,ENG,IFT74,GDA,VDAC2,CACNA1B,OR13A1,MRPL41,OLFM1,PPP3R2,SRGN,TTLL11,DECR1
KIAA1958,GNA14,ANKRD18A,SAMD12,DNAJA1,SUSD1,ANKRD20A3,MROH6,PKN3,LRRC19,RORB,COMTD1,ADARB2,MARCH8,ARRDC1,PPP1R26,OR13C3,PALD1,CRB2,FSBP
RNF183,CEP78,CNTNAP3,MAL2,BAG1,SCAI,AL627230.1,SCRT1,ZDHHC12,C9orf72,PCSK5,KCNMA1,AKR1E2,ZFAND4,CACNA1B,GLT6D1,FRRS1L,SLC29A3,MVB12B,TP53INP1
HDHD3,PSAT1,CBWD6,TBC1D31,ARID3C,PBX3,ANKRD20A1,KIFC2,IER5L,ANKRD18B,GCNT1,PPIF,FRMD4A,GPRIN2,IDI1,EGFL7,EPB41L4B,CDH23,ANGPTL2,GDF6
C9orf43,TLE1,CNTNAP3B,FER1L6,POLR1E,MVB12B,C9orf57,FOXD4,PTGES,KIF24,VPS13A,EIF5AL1,ITGA8,SYT15,KLF6,DIPK1B,PALM2-AKAP2,VSIR,FAM102A,MATN2
RGS3,NTRK2,CNTNAP3C,MTSS1,TOMM5,STXBP1,GDA,PTPRD,LAMC3,MYORG,FRMD3,SFTPA2,C1QL3,PTPN20,SFMBT2,CCDC183,ZNF483,PLAU,TRUB2,NCALD
COL27A1,S1PR3,ANKRD20A4,LRRC6,IGFBPL1,KYAT1,CARNMT1,SH3GL2,AIF1L,C9orf24,SHC3,GHITM,HACD1,GDF10,OPTN,NPDC1,ZNF618,LRMDA,URM1,BAALC
TLR4,GADD45G,FOXD4L5,TSNARE1,ANKRD18A,NCS1,GCNT1,MLLT3,GBGT1,DNAI1,DIRAS2,SNCG,GAD2,FO681492.1,MCM10,LRRC26,ATP6V1G1,TSPAN14,CERCAM,CTHRC1
B3GNT10,NFIL3,CBWD5,ADGRB1,CNTNAP3,FAM163B,TLE4,FOCAD,ABO,FAM166B,C9orf129,IFIT5,PDSS1,VSTM4,GPR158,TUBB4B,TEX53,LIPN,TBC1D13,DCAF13
TRAF1,CARD19,ANKRD20A3,THEM6,BX664615.2,OLFM1,IDNK,PRSS3,AL354761.1,CD72,GABBR2,PANK1,ABI1,DRGX,ANKRD30A,MRPL41,TNFSF15,ANKRD22,SH3GLB2,ZFPM2
C5,FBP2,AL627230.1,MROH6,CNTNAP3B,DNLZ,DAPK1,KIF24,NOTCH1,SPAG8,BAAT,PDE6C,ZNF33B,ASAH2B,RET,IDI2,PAPPA,ACTA2,FNBP1,CSMD3
STOM,HSD17B3,ANKRD20A1,SCRT1,CNTNAP3C,AJM1,CKS2,ARID3C,EGFL7,HINT2,TMEM246,LGI1,RET,CISD1,RASGEF1A,AKR1E2,ASTN2,CH25H,AIF1L,TNFRSF11B
CRB2,AL160269.1,C9orf57,ADCK5,ANKRD20A4,GRIN1,CENPP,AL162231.1,LCN8,FAM221B,GRIN3A,TLL2,ANXA8,KIF1BP,C10orf142,AKR1C1,TRIM32,KIF20B,NUP214,DSCC1
LHX2,NR4A3,GDA,KIFC2,FOXD4L5,ADARB2,PTPDC1,PHF24,PTGDS,C9orf135,PPP3R2,FRAT1,ARID5B,TACR2,TMEM72,AKR1C2,LHX6,HHEX,NTNG2,HAS2
NEK6,ABCA1,CARNMT1,FOXH1,CBWD5,GATA3,ZNF367,DNAJB5,CLIC3,TMC1,OR13C3,FRAT2,DNAJC12,FAM241B,OR13A1,AKR1C8P,GARNL3,CYP26C1,GTF3C5,ZHX2
LRRC8A,HSDL2,GCNT1,SH3GL2,ANKRD20A3,CAMK1D,HABP4,SPAAR,TOR4A,ANXA1,CTNNAL1,PGAM1,PCBD1,COL13A1,PTPN20,UCN3,STXBP1,MYOF,RALGDS,MTSS1
PHYHD1,RNF183,VPS13A,MLLT3,ANKRD20A1,CCDC3,TMOD1,KLF9,NRARP,RASEF,FRRS1L,ANKRD2,UNC5B,PPA1,ANXA8,NET1,SH2D3C,CEP55,NOTCH1,LRATD2
C9orf50,C9orf43,TLE4,FOCAD,C9orf57,HSPA14,PLPPR1,C9orf57,KLF6,KIF27,EPB41L4B,AVPI1,SPOCK2,NPFFR1,FO681492.1,CALML3,PIP5KL1,FFAR4,PTGDS,POU5F1B
FNBP1,RGS3,IDNK,PHF24,GDA,SUV39H2,BAAT,TMC1,AKR1C1,SLC28A3,PTPN3,SFRP5,MICU1,SPOCK2,DRGX,BEND7,DNM1,TBC1D12,ABCA2,MYC
NTNG2,COL27A1,DAPK1,IGFBPL1,CARNMT1,CUBN,ALDOB,CARNMT1,AKR1C2,NXNL2,KIF12,CRTAC1,COMTD1,PLA2G12B,ERCC6,C1QL3,SLC27A4,ENTPD1,UAP1L1,ASAP1
DDX31,TNC,CENPP,BX664615.2,RFK,TRDMT1,EPB41L4B,TLE4,TUBAL3,S1PR3,TMEM268,GOT1,PRXL2A,DUSP13,CHAT,HACD1,DOLPP1,CC2D2B,ANAPC2,ADCY8
SARDH,TLR4,PTPDC1,FOXD4L5,TLE4,ST8SIA6,ECPAS,NTRK2,NET1,GADD45G,TEX53,NKX2-3,TSPAN14,COMTD1,SLC18A3,PTF1A,ASS1,BLNK,SSNA1,NDRG1
RXRA,TRAF1,ZNF367,AL627230.1,NAA35,HACD1,PTBP3,DAPK1,IL15RA,ROR2,TEX48,NDUFB8,SH2D4B,ZMIZ1,OGDHL,KIAA1217,PRDM12,PIK3AP1,TPRN,KHDRBS3
PPP1R26,STOM,TMOD1,KLF9,DAPK1,CACNB2,ZNF883,CDK20,ITIH5,ECM2,OR1N2,SEMA4G,NRG3,SFTPA2,ASAH2,MPP7,QRFP,FRAT2,BX255925.3,ADGRB1
NACC2,CRB2,PLPPR1,DAPK1,CDK20,BMI1,RNF183,DIRAS2,ITIH2,CCDC180,OR1L8,FGF8,PAPSS2,NRG3,ANK3,OR13A1,FIBCD1,NFKB2,DIP2C,ARC
NOTCH1,LHX2,BAAT,CDK20,NXNL2,PTF1A,BSPRY,WNK2,GATA3,PTPN3,LHX2,HPS6,IFIT5,GRID1,TMEM26,MARCH8,GFI1B,ITPRIP,PRR26,KANK1
MAMDC4,NEK6,ALDOB,SHC3,PTPDC1,GPR158,KIF12,ZNF367,USP6NL,SVEP1,STXBP1,FBXL15,PANK1,RNLS,DNA2,GPRIN2,SLC2A6,ACSL5,PRKCQ,SLC1A1
LCN12,WDR34,EPB41L4B,DIRAS2,TMOD1,MKX,TEX48,TMEFF1,ECHDC3,MUSK,C9orf16,AS3MT,HTR7,IFIT5,VPS26A,PCDH15,FAM163B,RGS10,FAM107B,GLDC
PTGDS,SPOUT1,ECPAS,WNK2,CORO2A,MPP7,SCAI,CAVIN4,PROSER2,C9orf43,DNM1,INA,PGAM1,FFAR4,TACR2,FAM241B,DBH,HTRA1,HACD1,NFIB
LCNL1,LRRC8A,PTBP3,PTPDC1,PLPPR1,CUL2,CEL,BAAT,OLAH,RGS3,FIBCD1,ATP5MD,AVPI1,HELLS,FAM241B,PPA1,SARDH,FAM53B,STAM,PLIN2
ENTPD2,PHYHD1,ZNF883,ZNF367,EPB41L4B,RASGEF1A,SNAPC4,C9orf152,PTER,AMBP,NTNG2,PRLHR,CRTAC1,DNTT,DUSP13,NPFFR1,VAV2,CTBP2,BMI1,MTAP
UAP1L1,IER5L,RNF183,MFSD14C,SUSD1,PRKG1,GRIN1,ZNF883,VIM,AKNA,ABO,DMBT1,HPSE2,SLIT1,COMTD1,PCBD1,AL354761.1,CLRN3,AL513128.2,CDKN2B
NRARP,C9orf50,BSPRY,NUTM2G,PTBP3,DKK1,PNPLA7,RNF183,ST8SIA6,WHRN,SLC2A6,DHX32,SEMA4G,HOGA1,PPIF,SPOCK2,GLT6D1,PTPRE,PIP4K2A,TEK
NSMF,FNBP1,KIF12,CTSV,KIAA1958,TMEM26,MRPL41,BSPRY,BAMBI,B3GNT10,FAM163B,BNIP3,FBXL15,SFRP5,SNCG,OIT3,SOHLH1,MKI67,ARHGAP21,DDX58
PNPLA7,NTNG2,TEX48,BAAT,ZNF883,RTKN2,ANKRD16,TEX48,SVIL,CNTRL,DBH,DPYSL4,INA,CRTAC1,LIPA,PLA2G12B,KCNT1,VENTX,PRTFDC1,ENHO
IDI1,RXRA,TNFSF15,CTNNAL1,ZFP37,LRRTM3,CELF2,TNFSF15,JCAD,MORN5,OLFM1,ADGRA1,TAF5,NKX2-3,PANK1,COMTD1,GPSM1,PRAP1,CCNY,DNAJB5
PFKP,NACC2,SCAI,FRRS1L,RNF183,TYSND1,NUDT5,BRINP1,MAP3K8,STRBP,SOHLH1,SPRN,SORCS3,SEMA4G,HTR7,DLG5,DIPK1B,FUOM,FXYD4,TPM2
AKR1C3,NOTCH1,CEL,C9orf152,ZNF618,SPOCK2,CDC123,STRBP,ZEB1,CRB2,KCNT1,PKP3,ADRA2A,AS3MT,CYP26A1,EIF5AL1,CCDC183,PAOX,C10orf142,MSMP
PFKFB3,MAMDC4,SNAPC4,ZNF483,KIF12,SFTPA2,CAMK1D,SCAI,ITGB1,ADGRD2,LCN8,CEND1,ATRNL1,INA,CEP55,GHITM,GRIN1,PGGHG,RASSF4,GLIPR2
PRKCQ,C8G,GRIN1,SUSD1,SCAI,BMPR1A,CCDC3,C9orf16,NRP1,WDR38,LCN15,SLC25A22,VAX1,CALHM1,LGI1,CDHR1,LRRC26,IRF7,ZNF488,GNE
PHYH,LCN12,PNPLA7,PTBP3,C9orf16,KLLN,FAM171A1,GFI1B,CXCL12,LMX1B,LRRC26,KRTAP5-2,SLC18A2,PRLHR,SLC35G1,SNCG,RNF208,TNNI2,TMEM273,MELK
CDNF,PTGDS,MRPL41,ZNF883,FIBCD1,STAMBPL1,MINDY3,AL354761.1,DEPP1,NIBAN2,CYSRT1,IFITM10,PRLHR,CACUL1,PLCE1,HTR7,CYSRT1,LSP1,SGMS1,FRMPD1
DCLRE1C,LCNL1,ANKRD16,BSPRY,ENTR1,PDE6C,CACNB2,SOHLH1,SYT15,PTRH1,ENTPD8,TRPM5,INPP5F,NANOS1,HELLS,PCGF5,IDI2,ASCL2,CSTF2T,ANKRD20A1
OLAH,CLIC3,CELF2,KIF12,LCN15,SLIT1,PTF1A,KCNT1,FO681492.1,CFAP157,PNPLA7,KCNQ1,PLPP4,INPP5F,CYP2C18,KIF11,AKR1E2,C11orf21,PHYHIPL,PTAR1
ACBD7,ENTPD2,NUDT5,TNFSF15,CCDC183,FRAT1,C10orf67,GRIN1,BICC1,TTC16,CACNA1B,SLC22A18AS,FAM24B,PLPP4,CYP2C19,RBP4,AKR1C1,TSPAN32,FAM13C,PSAT1
VIM,UAP1L1,CDC123,BRINP1,GRIN1,FRAT2,GPR158,CYSRT1,CDK1,AK1,PFKP,MRGPRE,TCERG1L,FGFR2,SFRP5,PDE6C,UCN3,KCNQ1,ANK3,RMI1
SLC39A12,ANAPC2,CAMK1D,SCAI,CACNA1B,MORN4,MYO3A,CACNA1B,RHOBTB1,ODF2,AKR1E2,OR52N1,DPYSL4,PKP3,GOLGA7B,LGI1,ASB13,SLC22A18AS,RHOBTB1,GOLM1
MALRD1,NRARP,CCDC3,MAPKAP1,CALML3,MARVELD1,GAD2,IDI2,SRGN,WDR34,AKR1C8P,CCKBR,ADGRA1,IFITM10,NKX2-3,CYP2C18,GATA3,SLC22A18,TMEM26,C9orf153
NEBL,ENTPD8,NMT2,PBX3,CELF2,GOLGA7B,MPP7,CELF2,COL13A1,C9orf50,UCN3,NRIP3,SPRN,CDKN1C,CPN1,CYP2C8,ST8SIA6,RHOG,ZNF365,GAS1
C10orf113,NSMF,FAM171A1,MVB12B,ECHDC3,CPN1,JCAD,CCDC3,EIF4EBP2,CFAP77,CELF2,MTRNR2L8,CYP2E1,OSBPL5,PAX2,TLL2,HACD1,TRIM21,ADO,SHC3
SKIDA1,IDI1,MINDY3,STXBP1,FAM171A1,PSD,RASGEF1A,FAM171A1,NODAL,AK8,CAMK1D,MICAL2,CEND1,MRGPRE,SEMA4G,TM9SF3,PTF1A,OR52K2,REEP3,FGD3
PTF1A,PFKP,CACNB2,KYAT1,MKX,MFSD13A,A1CF,CACNB2,PALD1,SPACA9,CCDC3,PARVA,SLC25A22,RRM1,INA,PGAM1,KIAA1217,OR52K1,CTNNA3,CARD19
PRTFDC1,AKR1C3,PTF1A,FAM163B,MPP7,BORCS7,MRLN,C10orf113,PRF1,BRD3OS,OPTN,CALCB,DUSP8,HPX,CALHM1,AVPI1,GAD2,TRIM6,TSPAN15,FANCC
ABI1,IL2RA,C10orf67,FCN1,RASGEF1A,RPEL1,CCDC6,C10orf67,UNC5B,COL5A1,UCMA,CALCA,IFITM10,DCHS1,C10orf82,SFRP5,NRP1,TRIM34,PPA1,PTCH1
NRP1,PFKFB3,GPR158,KCNT1,OR13A1,INA,RTKN2,KIAA1217,CDH23,C9orf116,FRMD4A,SOX6,TRPM5,OR2AG2,SLC18A2,SEMA4G,ANKRD30A,TRIM22,ADAMTS14,CDC14B
PARD3,CDNF,MYO3A,GRIN1,ASAH2B,NEURL1,ZNF365,GPR158,VSIR,CCDC187,ITGA8,NCR3LG1,OR51D1,OR6A2,PRLHR,PDZD7,RET,OR56B1,UNC5B,TMOD1
FZD8,OLAH,GAD2,CACNA1B,A1CF,SORCS3,EGR2,MYO3A,FUT11,LCN12,C1QL3,KCNJ11,OR52N1,ZNF215,GRK5,HPS6,C10orf142,OR52N4,CHST3,TRIM14
RASSF4,ACBD7,MPP7,ADARB2,PRKG1,SORCS1,DNAJC12,GAD2,PLAU,ENTPD2,KIAA1217,ABCC8,HPX,LMO1,PLPP4,C10orf95,TMEM72,LMO1,USP54,COL15A1
GDF10,FAM171A1,JCAD,CELF2,ZWINT,DUSP5,ATOH7,MPP7,VCL,TUBB4B,NRP1,KCNC1,TRIM3,WEE1,WDR11,CYP17A1,GPRIN2,SWAP70,ZCCHC24,TGFBR1
ANXA8,PTER,RASGEF1A,CAMK1D,MRLN,GFRA1,H2AFY2,SVIL,ZNF503,ENTPD8,ANKRD30A,LDHA,DCHS1,MICAL2,CPXM2,INA,GDF10,AMPD3,GRID1,PLPPR1
FRMPD2,VIM,A1CF,CCDC3,RTKN2,C10orf82,AIFM2,JCAD,PLAC9,NSMF,GDF10,LDHAL6A,MRPL17,PDE3B,BNIP3,ADRA2A,DRGX,LYVE1,LDB3,TMEM38B
PHYHIPL,SLC39A12,MRLN,BEND7,EGR2,HSPA12A,TYSND1,RASGEF1A,TSPAN14,TUBAL3,ANXA8,GAS2,ZNF215,CYP2R1,JAKMIP3,C10orf82,OGDHL,RASSF10,NUTM2D,ZNF462
SLC16A9,MALRD1,CCDC6,PRPF18,LRRTM3,VAX1,OIT3,DRGX,MMRN2,ECHDC3,RTKN2,KIAA1549L,NRIP3,CALCB,PRAP1,PRLHR,ASAH2,PSMA1,LIPA,ZFP37
TET1,NEBL,RTKN2,FAM171A1,DNAJC12,KCNK18,ADK,A1CF,ADIRF,CDNF,ATOH7,RAG1,CTR9,CALCA,FUOM,NANOS1,DKK1,PDE3B,IFIT2,COL27A1
STOX1,ARMC3,ZNF365,CACNB2,NPFFR1,PLEKHA1,ZNF503,ZWINT,FAM25A,MEIG1,OIT3,SYT13,EIF4G2,INSC,SIGIRR,INPP5F,PCDH15,TMEM86A,IFIT3,AKNA
HKDC1,PRTFDC1,LRRTM3,GPR158,OIT3,GPR26,ANXA11,UBE2D1,PAPSS2,ACBD7,MSS51,MADD,GALNT18,SOX6,LMNTD2,ADGRA1,ZWINT,CCDC73,PCGF5,PAPPA
VSIR,ENKUR,AIFM2,MKX,PLA2G12B,DHX32,SH2D4B,MRLN,PTEN,RPP38,KCNMA1,RTN4RL2,PTH,C11orf58,RASSF7,CALY,TMEM26,PRRG4,TBC1D12,ASTN2
DDIT4,ABI1,TYSND1,MPP7,CHCHD1,INSYN2A,CDHR1,EGR2,ACTA2,ITGA8,SH2D4B,UBE2L6,RRAS2,ABCC8,CRACR2B,SPRN,DNAJC12,DEPDC7,OPALIN,BRINP1
MYOZ1,BAMBI,OIT3,JCAD,ZNF503,TCERG1L,OPN4,DNAJC12,FAS,CUBN,NRG3,CLP1,CYP2R1,LDHA,CD151,CYP2E1,MYPN,LMO2,HOGA1,PHF19
CAMK2G,MAP3K8,ADK,RASGEF1A,LRMDA,JAKMIP3,KIF20B,OIT3,IFIT2,TRDMT1,GHITM,STX3,KCNJ11,LDHAL6A,KRTAP5-2,LMNTD2,ATOH7,TP53I11,CUTC,NR6A1
PRXL2A,ZNF438,ZNF503,A1CF,SFTPA2,PWWP2B,KIF11,KAT6B,IFIT3,VIM,CDHR1,CBLIF,ABCC8,NELL1,C11orf21,CEND1,FAM241B,PRDM11,ABCC2,ANGPTL2
NRG3,PARD3,ANXA11,BICC1,MAT1A,SPRN,PDE6C,ZNF503,IFIT1,SLC39A12,STAMBPL1,OOSP3,KCNC1,LIN7C,SLC22A18,SLC25A22,PCBD1,DDB2,SCD,TTC16
RGR,FZD8,SH2D4B,MRLN,CDHR1,SYCE1,ACSM6,SFTPA2,SLC16A12,SPAG6,EXOC6,OOSP1,LDHAL6A,KIAA1549L,PHLDA2,TSPAN4,CDH23,MYBPC3,SLF2,C9orf50
GLUD1,RASSF4,CDHR1,ANK3,CYP2C8,EPS8L2,RRP12,ANXA11,HHEX,AL513128.2,CYP26A1,OOSP4B,NELL1,C11orf91,OSBPL5,CHID1,SPOCK2,SPI1,LZTS2,PRRX2
FAS,GDF10,OPN4,TMEM26,ACSM6,DUSP8,CNNM1,OPN4,MYOF,ARMC3,FFAR4,SCGB1A1,ANO5,COMMD9,OR51M1,KRTAP5-2,PLA2G12B,RAPSN,SFR1,NTNG2
PPP1R3C,ANXA8,KIF11,LRRTM3,RRP12,TH,CUTC,KIF20B,PLCE1,C10orf67,CYP2C18,UQCC3,LIN7C,RAG1,OR52H1,C11orf21,EIF5AL1,FAM180B,MXI1,VAV2
SORBS1,FRMPD2,CYP2C8,ANXA11,ANKRD2,OSBPL5,ABCC2,HTR7,PDLIM1,ENKUR,CYP2C19,GNG3,KIAA1549L,RAG2,OR52N1,HBD,SH2D4B,PTPRJ,ENO4,RXRA
ENTPD1,PRKG1,ACSM6,OPN4,MARVELD1,OR52K2,CPN1,HECTD2,ENTPD1,MYO3A,SLIT1,TMEM223,TSPAN18,TP53I11,OR56A1,HBG2,GHITM,SLC43A3,SHTN1,COL5A1
CC2D2B,PHYHIPL,RRP12,STAMBPL1,HPSE2,OR52I1,PKD2L1,PDE6C,MARVELD1,MKX,GOLGA7B,COX8A,TP53I11,SYT13,OR2AG2,UBQLNL,SNCG,CTNND1,VAX1,NACC2
UBTD1,SLC16A9,CNNM1,KIF20B,CNNM1,OR52N1,WNT8B,SLIT1,LOXL4,ARMC4,BLOC1S2,TRPT1,SYT13,F2,OR6A2,TRIM6,IFIT5,LPXN,TIAL1,NOTCH1
HOGA1,TET1,CUTC,HECTD2,WNT8B,OR56A1,PDZD7,RRP12,DNMBP,BAMBI,PKD2L1,NUDT22,CHST1,SMTNL1,OR10A2,HPX,PANK1,FAM111A,FGFR2,SAPCD2
LOXL4,STOX1,CPN1,FGFBP3,NPM3,C11orf42,KAZALD1,ANKRD2,KAZALD1,MAP3K8,PAX2,VEGFB,MAPK8IP1,UBE2L6,ZNF215,DCHS1,HTR7,MPEG1,NSMCE4A,ADARB2
PYROXD2,HKDC1,PKD2L1,PDE6C,KCNIP2,CCKBR,FGF8,PDZD7,NFKB2,HNRNPF,PDZD7,PPP1R14B,LRRC55,SERPING1,NLRP10,MRPL17,CYP26A1,MS4A6A,BTBD16,AKR1E2
HPSE2,NPFFR1,WNT8B,ACSM6,PSD,DCHS1,OGA,NPM3,CALHM2,ZNF487,SFXN3,ESRRA,SMTNL1,GLYAT,AMPD3,GALNT18,FFAR4,MS4A4A,PLEKHA1,AKR1C1
NFKB2,C10orf105,PAX2,SORBS1,C10orf95,NLRP10,KCNIP2,ELOVL3,ITPRIP,C10orf142,FGF8,TRMT112,UBE2L6,GLYATL2,GALNT18,PDE3B,CYP2C8,MS4A4E,HTRA1,AKR1C3
TRIM8,CHST3,PDZD7,SLIT1,MFSD13A,TUB,PSD,PSD,DUSP5,CXCL12,NPM3,NRXN2,SERPING1,GLYATL1,CSNK2A3,SOX6,SLIT1,MS4A6E,DMBT1,PRKCQ
CYP17A1,DDIT4,KAZALD1,RRP12,SFXN2,NRIP3,MFSD13A,RPEL1,ACSL5,FRMPD2,ELOVL3,CDCA5,YPEL4,FAM111B,MICAL2,C11orf58,PGAM1,MS4A7,IKZF5,BEND7
ADD3,MYOZ1,FGF8,ANKRD2,RPEL1,TEAD1,RPEL1,NEURL1,CASP7,LRRC18,CALHM2,TIGD3,CNTF,DTX4,RRAS2,KCNJ11,ANKRD2,MS4A14,CPXM2,ITGA8
MXI1,CAMK2G,OGA,CNNM1,ATP5MD,KCNC1,NEURL1,SH3PXD2A,TDRD1,DRGX,CALHM1,FIBP,GLYAT,CBLIF,SAA4,SAA4,GOT1,SLC15A3,LHPP,MALRD1
GPAM,ZMIZ1,KCNIP2,PDZD7,NEURL1,SERGEF,SLK,SLK,VWA2,C10orf53,SORCS3,CCDC85B,GLYATL2,FEN1,SAA2,LDHA,CPN1,RAB3IL1,FAM53B,BAMBI
TECTB,PPIF,PSD,NPM3,GSTO2,SAA4,COL17A1,SORCS3,AFAP1L2,CABCOCO1,ADRA2A,SLC29A2,GLYATL1,SCGB1D2,LDHAL6A,NELL1,SEMA4G,FERMT3,C10orf90,ZNF438
TCF7L2,NRG3,MFSD13A,KCNIP2,RBM20,IGSF22,GSTO2,DUSP5,GRK5,EGR2,HABP2,PELI3,STX3,ASRGL1,HTATIP2,SVIP,KAZALD1,PLCB3,DOCK1,ZEB1
NRAP,RGR,RPEL1,PSD,ADRB1,PTPN5,SORCS3,RBM20,CTBP2,PBLD,NRAP,SSH3,CBLIF,SCGB1A1,C11orf91,MPPED2,FGF8,CCDC88B,NKX6-2,CREM
CASP7,BMPR1A,NEURL1,SFXN2,ATRNL1,ANO5,SORCS1,ATRNL1,DOCK1,STOX1,VWA2,NDUFS8,CD6,GNG3,CD59,CD59,INA,POLA2,PAOX,RASSF4
ADRB1,ADIRF,SLK,CYP17A1,GFRA1,CCDC179,DUSP5,NSMCE4A,EBF3,HKDC1,ATRNL1,GAL,FEN1,TRMT112,NAT10,C11orf96,CALHM1,SLC25A45,SCART1,ZNF22
ABLIM1,FAM25A,COL17A1,RPEL1,CUZD1,LUZP2,RBM20,CUZD1,FUOM,C10orf105,C10orf82,MRPL21,SCGB1A1,NRXN2,FJX1,SYT13,SH3PXD2A,EHBP1L1,RNH1,ZFAND4
GFRA1,GLUD1,GSTO2,PDCD11,PSTK,ANO3,ADRB1,NKX1-2,PGGHG,CHST3,GPR26,ANO1,C11orf98,TIGD3,RAG1,CHST1,ADRA2A,SIPA1,TALDO1,GDF10
VAX1,FAS,SORCS3,NEURL1,CHST15,CCDC34,CUZD1,UROS,IFITM2,CFAP70,TEX36,P4HA3,UQCC3,SLC25A45,HSD17B12,SLC35C1,GFRA1,CTSW,PIDD1,ZNF488
KCNK18,SLC16A12,SORCS1,SH3PXD2A,NKX1-2,BDNF,CHST15,INSYN2A,IFITM1,MYOZ1,CLRN3,PGM2L1,GNG3,KCNK7,CREB3L1,CREB3L1,C10orf82,FOSL1,CDKN1C,AGAP9
EMX2,PPP1R3C,DUSP5,GSTO2,ADAM12,C11orf74,NKX1-2,DPYSL4,IFITM3,SFTPD,TCERG1L,CAPN5,CHRM1,TSGA10IP,MADD,DGKZ,SLC18A2,TSGA10IP,RHOG,MAPK8
BAG3,PLCE1,RBM20,SORCS3,INSYN2A,DGKZ,ADAM12,STK32C,SIGIRR,TMEM254,BNIP3,AQP11,RTN3,B4GAT1,LRRC55,MDK,INPP5F,GRK2,SMPD1,ARHGAP22
FGFR2,SORBS1,ADRB1,SORCS1,TCERG1L,LRRC55,CLRN3,PWWP2B,IRF7,MAT1A,STK32C,KCTD14,MACROD1,SSH3,P2RX3,ACP2,HMX3,POLD4,APBB1,VSTM4
HTRA1,UBTD1,CUZD1,DUSP5,STK32C,YPEL4,EBF3,INPP5A,SCT,DYDC1,ADGRA1,NDUFC2,FLRT1,KRTAP5-9,RTN4RL2,LRRC55,GPR26,CABP4,SYT9,SGMS1
OAT,HOGA1,CHST15,RBM20,CYP2E1,ZP1,STK32C,ANO9,CRACR2B,DYDC2,SPRN,DLG2,PPP1R14B,KRTAP5-11,GLYAT,UBE2L6,CPXM2,TBX10,PPFIBP2,DKK1
CTBP2,LOXL4,NKX1-2,ATRNL1,SYCE1,PRPF19,INPP5A,RASSF7,CD151,LIPJ,SYCE1,VSTM5,NRXN2,RELT,DTX4,YPEL4,INSYN2A,ACY3,CYB5R2,PCDH15
DOCK1,PYROXD2,ADAM12,GFRA1,LRRC56,TMEM109,ADAM8,DEAF1,POLR2L,LIPF,PKP3,HEPHL1,SAC3D1,CHRDL2,STX3,OR9Q1,TCERG1L,UNC93B1,DENND5A,PHYHIPL
KNDC1,HPSE2,EBF3,CCDC172,LMNTD2,SYT7,SYCE1,MUC6,TSPAN4,FAS,EPS8L2,PANX1,TIGD3,GDPD5,CBLIF,GLYAT,BNIP3,ALDH3B1,AMPD3,CDK1
PGGHG,NKX2-3,STK32C,HSPA12A,RASSF7,SCGB2A1,ANO9,MUC2,LSP1,MYOF,SLC25A22,GPR83,FIBP,WNT11,OOSP3,GLYATL1,DPYSL4,TCIRG1,RNF141,RTKN2
B4GALNT4,NFKB2,INPP5A,VAX1,EPS8L2,CHRM1,LRRC56,BRSK2,AC132217.2,PLCE1,TOLLIP,PDGFD,C11orf68,CAPN5,OOSP1,OOSP3,ADGRA1,MYEOV,ZBED5,ZNF365
PKP3,ADD3,ADAM8,KCNK18,CRACR2B,SLC22A25,RASSF7,DUSP8,CDKN1C,PDLIM1,BRSK2,CARD18,GAL3ST3,MYO7A,MS4A8,OOSP1,CALY,CCND1,USP47,REEP3
SIGIRR,MXI1,SYCE1,CUZD1,BRSK2,SLC22A9,MUC6,KRTAP5-2,PHLDA2,HOGA1,KRTAP5-2,GRIA4,PELI3,GDPD4,TMEM132A,OOSP4B,SPRN,IL18BP,PTH,LRRTM3
ART5,GPAM,ANO9,PSTK,PGAP2,RTN3,OR51E2,TNNT3,ART5,PYROXD2,ASCL2,FDXACB1,ACTN3,CLNS1A,CD6,PRPF19,SYCE1,FOLR2,FAR1,TET1
OR51B5,TECTB,LRRC56,GPR26,OR51D1,C11orf95,OR56A1,TH,ART1,HPSE2,SLC22A18AS,HSPB2,SSH3,AQP11,DAGLA,PGA3,EPS8L2,INPPL1,USH1C,TSPAN15
UBQLNL,TCF7L2,RASSF7,CHST15,OR51E2,MACROD1,C11orf42,CHRNA10,TRIM21,ENTPD7,PHLDA2,TEX12,ANO1,KCTD14,INCENP,SCGB2A1,CEND1,ARAP1,HTATIP2,CHST3
CNGA4,HABP2,EPS8L2,NKX1-2,C11orf42,FLRT1,OR2AG2,PGAP2,OR52K2,DPCD,OR51D1,HTR3A,KRTAP5-7,THRSP,GNG3,SCGB1A1,DUSP8,ATG16L2,SVIP,MCU
RRP8,CASP7,MUC6,EEF1AKMT2,OR2AG1,KCNK4,OR2AG1,OR56A1,MMP26,CFAP43,HBD,ZBTB16,PGM2L1,CCDC89,PLAAT2,INTS5,IFITM10,FCHSD2,KIF18A,USP54
ILK,PLEKHS1,KRTAP5-2,UROS,NLRP10,CATSPERZ,OR6A2,OR2AG2,OR52A1,ITPRIP,HBG2,NNMT,GDPD5,SYTL2,NRXN2,BSCL2,TH,P2RY6,DEPDC7,MYOZ1
TPP1,ABLIM1,TH,INSYN2A,TUB,NRXN2,OR10A2,OR2AG1,HBB,CFAP58,AC104389.5,ZPR1,CAPN5,VSTM5,MAJIN,GNG3,PHLDA2,RELT,ABTB2,LRMDA
DCHS1,EMX2,OR51E2,PWWP2B,SAAL1,PPP2R5B,DKK3,OR6A2,AC104389.5,TCF7L2,OR51B5,FXYD6,GRM5,HEPHL1,CDCA5,PLAAT5,OR51D1,UCP2,CAT,KCNMA1
SYT9,BAG3,OR56A1,INPP5A,PTPN5,MAJIN,ARNTL,OR10A2,OR51B5,HABP2,OR51B2,SCN2B,VSTM5,PANX1,CTSW,RTN3,MMP26,KCNE3,EHF,ZMIZ1
LMO1,FGFR2,C11orf42,SIRT3,GAS2,ARL2,BTBD10,ZNF215,OR52H1,PLEKHS1,OR51M1,ATP5MG,CNTN5,GPR83,PACS1,VEGFB,CCKBR,SLCO2B1,LDLRAD3,ZCCHC24
STK33,CPXM2,OR2AG2,LRRC56,CCDC179,SLC25A45,NUCB2,ARNTL,TRIM6,TDRD1,OR51I2,TTC36,TRPC6,AMOTL1,DPP3,BAD,DCHS1,UVRAG,PRR5L,RGR
TRIM66,NKX1-2,OR2AG1,RASSF7,ANO3,GAL3ST3,NCR3LG1,BTBD10,TRIM34,VWA2,UBQLNL,TMEM25,MMP20,BIRC3,ACTN3,TRMT112,ZNF215,MYO7A,CD82,GRID1
ADM,DOCK1,OR6A2,MUC6,MUC15,CNIH2,LDHC,SPON1,TRIM22,ENO4,TRIM6,UPK2,PDGFD,GRIA4,C11orf80,NRXN2,MICAL2,GAB2,TSPAN18,PAPSS2
LYVE1,KNDC1,OR10A2,DUSP8,CCDC34,TMEM151A,IGSF22,RRAS2,OR56B1,KCNK18,TRIM5,ABCG4,CARD18,SLC35F2,RCE1,TMEM262,NCR3LG1,PICALM,MAPK8IP1,SLC35G1
MRVI1,SCART1,TUB,KRTAP5-2,KCNA4,RIN1,PTPN5,NCR3LG1,CAVIN3,TACC2,OR56B1,UBASH3B,GRIA4,C11orf87,SSH3,MRPL49,KCNC1,RAB38,PEX16,PLCE1
TEAD1,PGGHG,DKK3,TNNT3,RCN1,PELI3,PRMT3,KCNJ11,ILK,FANK1,OR52N1,CRTAM,SLC35F2,C11orf52,SMIM38,TIGD3,LDHA,CTSC,HARBI1,HELLS
RASSF10,IFITM3,BTBD10,PGAP2,WT1,SPTBN2,ANO3,KCNC1,OLFML1,CLRN3,CCKBR,PKNOX2,C11orf53,USP28,TPBGL,KLC2,SLC17A6,MAML2,ATG13,ALDH18A1
SPON1,IRF7,NUCB2,OR56A1,KIAA1549L,SHANK2,MUC15,SERGEF,ST5,LRRC27,TRIM3,KIRREL3,HSPB2,HTR3A,MAP6,CNIH2,GAS2,CASP4,ARHGAP1,CRTAC1
PLEKHA7,CDHR5,NCR3LG1,C11orf42,ELF5,NADSYN1,SLC5A12,IGSF22,WEE1,CFAP46,ZNF215,APLP2,HTR3B,ZBTB16,KCTD14,B4GAT1,BDNF,CASP5,LRP4,SLF2
PIK3C2A,SCT,LDHC,DCHS1,LRRC4C,KRTAP5-7,CCDC34,PTPN5,SWAP70,KNDC1,TUB,B3GAT1,HTR3A,NNMT,THRSP,PELI3,ELF5,CASP1,PACSIN3,KAZALD1
SLC5A12,DRD4,IGSF22,OR2AG2,C1QTNF4,KRTAP5-9,KCNA4,ANO3,ADM,PRAP1,MICAL2,FKBP4,ZBTB16,ZPR1,USP35,C11orf80,RAG1,CARD16,FOLH1,SORCS3
FIBIN,GATD1,PTPN5,OR2AG1,ZP1,PDE2A,RCN1,MUC15,MTRNR2L8,LRRC56,NCR3LG1,TSPAN9,NNMT,PAFAH1B2,GAB2,GSTP1,SYT13,RAB39A,DTX4,SORCS1
BBOX1,TSPAN32,ANO3,OR6A2,SYT7,ARHGEF17,WT1,KCNA4,PARVA,LMNTD2,ABCC8,NDUFA9,DSCAML1,FXYD6,TENM4,SHANK2,SLC35C1,ATM,MYRF,MXI1
LGR4,CD81,MUC15,OR10A2,EEF1G,PGM2L1,CCDC73,MPPED2,C11orf91,SCT,SAA4,GALNT8,FXYD2,KMT2A,SMCO4,KRTAP5-8,ACP2,IL18,TMEM258,TCF7L2
KIF18A,SLC22A18AS,SLC5A12,NRIP3,UBXN1,KLHL35,PRRG4,WT1,CD59,DRD4,SAA2,SCNN1A,FXYD6,TTC36,VSTM5,KRTAP5-9,TRIM49B,TMPRSS13,FADS1,AFAP1L2
PAX6,HBG2,CCDC34,DKK3,CHRM1,GDPD5,FBXO3,ELF5,LMO2,CD81,LDHA,VAMP1,SCN2B,TMEM25,HEPHL1,STARD10,LRRC55,IL10RA,BEST1,ATRNL1
ABTB2,AC104389.5,KCNA4,SPON1,KCNK4,THRSP,ELF5,LRRC4C,LDLRAD3,ART1,LDHAL6A,GAPDH,TMEM25,FOXR1,PANX1,UCP2,YPEL4,SMIM35,FTH1,GFRA1
CAT,OR51B5,RCN1,RRAS2,CATSPERZ,DLG2,LRRC4C,SYT13,PRR5L,HBG2,SLC17A6,COPS7A,ABCG4,ABCG4,GPR83,PGM2L1,GLYATL1,TMPRSS4,ROM1,PLPP4
SLC1A2,OR51B2,WT1,KCNC1,RASGRP2,ME3,F2,PSMC3,RAG1,AC104389.5,BDNF,MLF2,NECTIN1,TECTA,AMOTL1,CAPN5,CBLIF,JAML,ZBTB3,WDR11
PAMR1,OR51I2,PRRG4,SERGEF,FAU,PRSS23,C1QTNF4,RAPSN,C11orf96,OR51B5,KIAA1549L,LAG3,UBASH3B,PATE2,MMP20,AQP11,OOSP3,CBL,POLR2G,TACC2
FJX1,UBQLNL,FBXO3,SPTY2D1OS,SNX32,GRM5,CLP1,CELF1,ALX4,OR51B2,TSPAN18,GPR162,SCN3B,VSIG10L2,MMP1,SYTL2,MS4A8,SORL1,PLAAT4,HTRA1
LDLRAD3,TRIM6,ELF5,IGSF22,CNIH2,NAALAD2,MS4A13,FAM180B,TSPAN18,OR51I2,TP53I11,CDCA3,PKNOX2,CDON,RDX,PRSS23,PRPF19,UBASH3B,PLAAT2,ADAM12
ACCS,TRIM34,LRRC4C,PTPN5,RIN1,MTNR1B,CCDC86,TRIM49B,MDK,OR52H1,SYT13,TPI1,DCPS,KIRREL3,ZC3H12C,TYR,CD6,SLC37A2,PLAAT3,C10orf90
CHST1,CNGA4,F2,CCDC179,NPAS4,VSTM5,ZP1,CNTF,TRIM49B,OR56B1,CHST1,CLSTN3,APLP2,ST14,DRD2,VSTM5,FEN1,FLI1,ATL3,DOCK1
CRY2,SYT9,MS4A13,LUZP2,SPTBN2,AMOTL1,CD5,MS4A13,TNKS1BP1,OR52N4,CREB3L1,KLRB1,B3GAT1,ADAMTS15,NXPE1,PANX1,SCGB1A1,KCNJ5,SF1,PTPRE
LRP4,STK33,CCDC86,ANO3,C11orf80,SRSF8,PGA3,ZP1,P2RX3,CNGA4,DGKZ,TAS2R8,LRTM2,NRIP2,JAML,GPR83,BSCL2,ST14,EHD1,MKI67
PACSIN3,TRIM66,ZP1,MUC15,RCE1,SESN3,LRRC10B,LRRC10B,SLC43A3,ZNF214,LRRC55,TAS2R9,FKBP4,FGF6,TTC36,TRPC6,GNG3,CACNA2D4,ZFPL1,ADGRA1
FAM180B,ADM,CD5,KCNA4,TESMIN,CARD16,SYT7,CHRM1,UBE2L6,NLRP14,RTN4RL2,TAS2R10,NRIP2,KCNA5,CXCR5,BIRC3,PLAAT5,CRACR2A,TMEM262,IFITM10
DTX4,LYVE1,PGA3,ARL14EP,KRTAP5-8,CARD18,SLC22A25,SLC22A6,SERPING1,RBMXL2,SLC43A1,PRR4,PRMT8,CD27,UPK2,MMP20,PLAAT2,TIGAR,POLA2,TRIM21
TMEM132A,MRVI1,LRRC10B,MPPED2,KRTAP5-9,ELMOD1,RCOR2,SLC22A8,FAM111A,STK33,YPEL4,AEBP2,CCND2,LAG3,FOXR1,C11orf87,RTN3,PLEKHG6,CDC42EP2,OR51D1
CD5,CSNK2A3,SYT7,RCN1,KRTAP5-11,C11orf87,KCNK4,SLC22A24,MS4A15,C11orf16,OR9Q1,PDE3A,GALNT8,GPR162,HMBS,NXPE2,NRXN2,TNFRSF1A,KCNK7,OR52A1
FADS2,TEAD1,SLC22A25,WT1,ANAPC15,MPZL3,CATSPERZ,SLC22A10,PTGDR2,WEE1,GLYAT,SLCO1B3,SCNN1A,P3H3,ABCG4,DSCAML1,PPP2R5B,LTBR,MAP3K11,SYT9
FADS1,RASSF10,RCOR2,KIAA1549L,PDE2A,TMEM25,RASGRP2,SLC22A25,ZP1,AMPD3,STX3,GYS2,VAMP1,SLC2A14,GRIK4,FXYD6,TIGD3,IFFO1,YIF1A,PPFIBP2
FADS3,SPON1,KCNK4,FBXO3,OR2AT4,CXCR5,SNX32,SLC22A9,TMEM109,TEAD1,CBLIF,LDHB,GPR162,KLRB1,TECTA,FOXR1,KLC2,LPAR5,TMEM151A,CYB5R2
BEST1,PLEKHA7,CATSPERZ,C11orf74,TPBGL,THY1,RIN1,KCNK4,SLC15A3,RASSF10,OOSP3,SOX5,CLSTN3,TAS2R9,CRTAM,HYOU1,B4GAT1,ACRBP,SSH3,LMO1
FTH1,USH1C,RASGRP2,DGKZ,KLHL35,GRIK4,NPAS4,CATSPERZ,RAB3IL1,PLEKHA7,OOSP1,BCAT1,ACSM4,TAS2R10,OR8D4,C2CD2L,PELI3,CD4,CARNS1,ST5
ASRGL1,OTOG,SNX32,C1QTNF4,GDPD5,SC5D,SPTBN2,RASGRP2,AHNAK,USH1C,OOSP4B,PTHLH,CD163L1,PRR4,OR10D3,ABCG4,GAL,PTPN6,ALDH3B1,SCUBE2
AHNAK,E2F8,RIN1,LRRC55,MAP6,GRAMD1B,PC,SNX32,EML3,E2F8,MS4A13,PKP2,TAS2R8,TAS2R13,OR8G1,CBL,ANO1,C1RL,CHKA,DENND5A
EML3,SLC5A12,NPAS4,MS4A13,DGAT2,SCN3B,SYT12,GAL3ST3,LRRN4CL,FANCF,MS4A8,CPNE8,TAS2R10,TAS2R43,OR8G5,MCAM,SHANK2,CD163L1,C11orf24,WEE1
ROM1,FIBIN,SPTBN2,ZP1,RSF1,OR8D4,PPP1CA,CNIH2,PLAAT4,BBOX1,MS4A15,KIF21A,PRR4,CDKN1B,OR8D1,THY1,WNT11,CD163,DHCR7,CYP2R1
SLC3A2,BBOX1,SYT12,SYT7,AAMDC,VWA5A,TBC1D10C,RIN1,ATL3,KIF18A,CD6,ABCD2,CDKN1B,PDE6H,OR8B3,GRIK4,THRSP,C3AR1,NADSYN1,CALCA
SLC22A6,LGR4,PPP1CA,CHRM1,TENM4,PATE1,TESMIN,NPAS4,PLCB3,DCDC1,PGA3,C12orf40,FAM234B,PTPRO,OR8B8,TECTA,RAB38,CLEC4A,AP002495.1,INSC
PLAAT4,KIF18A,TBC1D10C,SLC22A6,ME3,PATE2,SMIM38,SYT12,RASGRP2,HIPK3,TKFC,SLC2A13,GRIN2B,RERGL,OR8A1,SC5D,GRM5,CLEC4E,DEFB131B,SOX6
TRPT1,PAX6,TESMIN,SLC22A8,GRM5,KIRREL3,KRTAP5-8,TPCN2,MAP4K2,LMO2,SYT7,ADAMTS20,PDE3A,PIK3C2G,PANX3,CRTAM,NAALAD2,A2M,ARAP1,ABCC8
VEGFB,CAT,SMIM38,SLC22A24,FAT3,C11orf45,KRTAP5-9,SMIM38,BATF2,CAT,DAGLA,PUS7L,SLCO1B3,PLCZ1,FEZ1,CLMP,VSTM5,CLEC2D,STARD10,NAV2
PPP1R14B,CD44,KRTAP5-8,SLC22A10,ANKRD49,ADAMTS8,KRTAP5-10,KRTAP5-8,NAALADL1,EHF,FEN1,SLC38A1,GYS2,AEBP2,CHEK1,SCN3B,HEPHL1,CLECL1,FCHSD2,LUZP2
PLCB3,SLC1A2,KRTAP5-9,SLC22A25,SESN3,OPCML,KRTAP5-11,PDE2A,TMEM262,PAMR1,FADS3,PFKM,BCAT1,GYS2,ACRV1,VWA5A,CNTN5,CD69,PLEKHB1,SLC5A12
PYGM,PAMR1,KRTAP5-11,SLC22A9,GUCY1A2,IQSEC3,PDE2A,OR2AT4,CDC42EP2,ALX4,GNG3,CCDC184,PPFIBP1,MANSC4,VSIG10L2,SIAE,TRPC6,KLRF1,MRPL48,FIBIN
EHD1,CD82,PDE2A,MARK2,ALKBH8,ERC1,NEU3,TPBGL,ZNRD2,AGBL2,CHRM1,ZNF641,REP15,OVCH1,CDON,VSIG10L2,BIRC3,CLEC2B,COA4,MPPED2
BATF2,TSPAN18,NEU3,RCOR2,ELMOD1,CACNA1C,OR2AT4,KLHL35,MAP3K11,SERPING1,SLC22A6,C12orf54,MANSC4,TMTC1,OPCML,KCNJ5,MMP1,CLEC12A,PAAF1,DEPDC7
EFEMP2,LRP4,OR2AT4,FLRT1,SLN,NRIP2,KLHL35,TENM4,SIPA1,CNTF,SLC22A8,OR8S1,KLHL42,CPNE8,GLB1L3,TMEM45B,C11orf87,CLEC9A,UVRAG,ABTB2
CCS,PACSIN3,KLHL35,KCNK4,SLC35F2,TEX52,DGAT2,ME3,EFEMP2,FAM111A,SLC22A24,RHEBL1,PTHLH,KIF21A,IQSEC3,NTM,SDHD,CLEC1A,ACER3,LDLRAD3
RHOD,MYBPC3,DGAT2,CATSPERZ,DDX10,FGF23,ANKRD42,PRSS23,CTSW,VWCE,SLC22A10,AQP5,AMN1,PDZRN4,LRTM2,NRIP2,TEX12,CLEC7A,B3GNT6,LRRC4C
CDK2AP2,RAPSN,WNT11,NRXN2,ARHGAP20,DYRK4,GRM5,NAALAD2,CCDC85B,DDB1,SLC22A9,GPD1,PKP2,GXYLT1,RBP5,FGF23,NXPE4,OLR1,AAMDC,C11orf96
NUDT8,APLNR,TENM4,RASGRP2,C11orf1,KCNA5,FAT3,FAT3,FOSL1,TKFC,RTN3,COX14,ABCD2,ADAMTS20,CLSTN3,GAPDH,ZPR1,TMEM52B,GAB2,CD82
ALDH3B1,SMTNL1,GRM5,PPP2R5B,APOA1,PLEKHG6,MTNR1B,PIWIL4,CD248,CYB561A3,KCNK4,TMPRSS12,SLC2A13,PUS7L,NANOGNB,PIANP,APOA1,ETV6,RAB30,CREB3L1
CHKA,FAM111A,FAT3,SNX32,TMPRSS4,PIANP,C11orf97,CNTN5,TBC1D10C,TMEM138,CATSPERZ,KRT81,SLC38A4,SLC38A1,KLRD1,USP5,FXYD6,CREBL2,SYTL2,LRP4
LRP5,TMEM132A,MTNR1B,GAL3ST3,SCN4B,PTMS,SESN3,GUCY1A2,CORO1B,PPP1R32,CDCA5,IGFBP6,CCDC184,VDR,TAS2R8,ENO2,SCN2B,DDX47,PICALM,PACSIN3
CPT1A,VWCE,C11orf97,CNIH2,THY1,P3H3,ANGPTL5,ALKBH8,CABP4,LRRC10B,CNIH2,SOAT2,ZNF641,TMEM106C,PDE6H,CLSTN3,UPK2,GPRC5D,TYR,NUP160
PPFIA1,FADS2,SESN3,RIN1,CRTAM,ENO2,CEP126,ELMOD1,CDK2AP2,SCGB2A1,SLC29A2,MFSD5,TUBA1B,COL2A1,AEBP2,NANOGNB,FOXR1,PLBD1,NOX4,PTPRJ
INPPL1,FADS1,ANGPTL5,SYT12,CLMP,NANOG,GUCY1A2,C11orf87,GSTP1,SCGB1D2,SPTBN2,ESPL1,PRPH,TEX49,GOLT1B,KLRD1,HYOU1,ERP27,ENDOD1,SLC43A3
PLEKHB1,FADS3,CEP126,SHANK2,SCN3B,SLC2A14,ALKBH8,ZC3H12C,TCIRG1,PLAAT5,C11orf80,C12orf10,FAIM2,DHH,ST8SIA1,PRR4,ABCG4,ARHGDIB,MTMR2,RTN4RL2
ARRB1,SCGB1D2,CARD16,KRTAP5-7,NRGN,NECAP1,ELMOD1,ARHGAP20,LRP5,PLAAT4,SYT12,ZNF385A,ASIC1,AQP5,BCAT1,FAM234B,TECTA,DERA,CCDC82,SLC43A1
SERPINH1,AHNAK,GUCY1A2,KRTAP5-8,PKNOX2,FAM90A1,SLN,SIK2,CPT1A,DNAJC4,GAL,GDF11,GPD1,TMPRSS12,ARNTL2,GSG1,SC5D,LRMP,TMEM123,GLYAT
TSKU,EML3,ALKBH8,PDE2A,ACRV1,PHC1,ZC3H12C,TTC12,MRGPRF,PRDX5,SHANK2,MYL6B,TMPRSS12,FIGNL2,SMCO2,MANSC4,UBASH3B,RASSF8,KBTBD3,GLYATL2
KCTD21,ROM1,ELMOD1,OR2AT4,PATE1,TAS2R9,ARHGAP20,ANKK1,CCND1,CCDC88B,DHCR7,NABP2,FIGNL2,ACVR1B,OVCH1,OVCH1,CLMP,BHLHE41,C11orf65,FAM111B
FAM181B,SLC3A2,SLN,KLHL35,PATE2,TAS2R50,ANKK1,DRD2,KCNE3,CDC42BPG,PDE2A,MIP,SP7,SMIM41,TMTC1,TMTC1,SCN3B,ITPR2,RDX,FAM111A
FZD4,PLAAT5,ARHGAP20,B3GNT6,VSIG10L2,PRB1,DRD2,DSCAML1,SLCO2B1,NAALADL1,PGM2L1,ATP5F1B,GPR84,KRT7,BICD1,CPNE8,VWA5A,SINHCAF,POU2AF1,TMEM216
MAML2,PLAAT4,APOA1,TENM4,KIRREL3,PRB2,APOA1,SCN4B,SERPINH1,ZNHIT2,MAP6,KIF5A,ZNF385A,KRT86,KIF21A,KIF21A,OR10D3,RESF1,LAYN,FADS2
ARHGAP42,PLAAT2,TMPRSS13,ME3,GLB1L3,GPRC5A,TMPRSS13,SCN2B,LRRC32,TIGD3,TSKU,TAFA2,GDF11,KRT18,C12orf40,GXYLT1,OR8G1,FGD4,PPP2R1B,BEST1
YAP1,PLCB3,SCN4B,FAT3,GLB1L2,GPRC5D,SCN4B,MPZL3,TSKU,EHBP1L1,GDPD4,TBC1D30,MYL6B,SOAT2,SLC2A13,ADAMTS20,OR8G5,IRAK4,CRYAB,FLRT1
C11orf65,PYGM,MPZL3,MTNR1B,CCDC77,FAM234B,MPZL3,USP2,FZD4,TSGA10IP,PAK1,MSRB3,PRIM1,ESPL1,MUC19,PUS7L,OR8D1,SCAF11,DIXDC1,PPP1R14B
COLCA2,TMEM262,USP2,ANKRD49,B4GALNT3,GSG1,C2CD2L,THY1,ARHGAP42,YIF1A,THRSP,GRIP1,TAC3,NFE2,CNTN1,SLC38A4,OR8B3,VDR,PTS,BATF2
PPP2R1B,LTBP3,CRTAM,PIWIL4,WNT5B,GRIN2B,USP2,CLMP,PGR,RHOD,USP35,CCT2,NXPH4,PPP1R1A,SLC38A4,VDR,OR8B8,TROAP,PLET1,LRP5
HSPB2,EFEMP2,TBRG1,AMOTL1,LRTM2,GUCY2C,CRTAM,GRAMD1B,YAP1,CLCF1,DDIAS,BEST3,KIF5A,PMEL,AMIGO2,TMEM106C,OR8A1,FMNL3,NCAM1,MRGPRF
TTC12,YIF1A,ACRV1,SESN3,CACNA1C,HIST4H4,TBRG1,VWA5A,TMEM123,PITPNM1,SYTL2,RAB3IP,ARHGEF25,COQ10A,PCED1B,CCDC184,PANX3,NCKAP5L,TMPRSS5,TPCN2
TMPRSS5,PC,PATE1,CNTN5,PRMT8,PTPRO,NRGN,NRGN,MMP27,GSTP1,CCDC83,MYRFL,B4GALNT1,MIP,ADCY6,TEX49,PKNOX2,DIP2B,HTR3B,MYEOV
NXPE1,LRFN4,PATE2,MMP1,MRPL51,EPS8,ACRV1,PATE1,CASP4,UNC93B1,GRM5,PTPRR,SLC16A7,PRIM1,PRKAG1,ADCY6,HYLS1,METTL7A,C11orf71,CCND1
NXPE4,NUDT8,VSIG10L2,CARD16,PIANP,KRAS,PATE1,PATE2,CASP1,ALDH3B1,TYR,TPH2,TAFA2,SDR9C7,GPD1,CACNB3,KCNJ5,BIN2,REXO2,DHCR7
NXPE2,LRP5,FAM118B,CARD18,PTMS,RASSF8,PATE2,KCNJ1,CARD16,LRP5,CNTN5,KCNC2,PPM1H,TAC3,CSRNP2,RHEBL1,ADAMTS15,GALNT6,SIK3,INPPL1
CADM1,PPFIA1,KIRREL3,ALKBH8,P3H3,MANSC4,VSIG10L2,C11orf45,LAYN,SHANK2,ANGPTL5,SYT1,AVPR1A,NXPH4,SLC4A8,DHH,IQSEC3,ITGB7,BACE1,ATG16L2
TRIM29,ZNF705E,KCNJ1,ELMOD1,GNB3,OVCH1,FAM118B,ARHGAP32,ZBTB16,KRTAP5-10,BIRC3,LIN7A,GRIP1,KIF5A,FIGNL2,TUBA1B,GALNT8,HOXC4,DSCAML1,FCHSD2
OAF,INPPL1,C11orf45,C11orf87,NANOG,TMTC1,KIRREL3,IGSF9B,TAGLN,LRTOMT,GUCY1A2,SLC6A15,DYRK2,ARHGEF25,ACVR1B,FAIM2,NTF3,GPR84,PHLDB1,PLEKHB1
POU2F3,P2RY2,NFRKB,ARHGAP20,SLC2A14,IPO8,KCNJ1,IQSEC3,JAML,FOLR1,SLN,KITLG,RAB3IP,SLC26A10,SMIM41,CSRNP2,VAMP1,ITGA5,TREH,COA4
TLCD5,PLEKHB1,ST14,CADM1,FAM90A1,CAPRIN2,C11orf45,LRTM2,MPZL2,P2RY2,SLC35F2,NDUFA12,MYRFL,MSRB3,KRT80,KRT81,GPR162,GTSF1,H2AFX,ACER3
ARHGEF12,CHRDL2,ADAMTS8,APOA1,STYK1,SYT10,NFRKB,CACNA1C,CD3E,DNAJB13,ARHGAP20,USP44,PTPRB,LYZ,KRT7,KRT8,CDCA3,NCKAP1L,MCAM,B3GNT6
BLID,CAPN5,IGSF9B,SCN4B,GPRC5A,C12orf40,ST14,TSPAN9,CD3G,UCP2,C11orf53,NTN4,KCNC2,BEST3,KRT86,KRT18,TPI1,PYM1,NECTIN1,CAPN5
ROBO3,FAM181B,GLB1L3,SCN2B,GPRC5D,MUC19,ADAMTS8,PRMT8,MCAM,WNT11,USP28,SLC25A3,SYT1,THAP2,SOAT2,SPRYD3,ENO2,DGKA,BLID,MYO7A
HEPACAM,PRCP,CCDC77,MPZL3,HEBP1,NELL2,IGSF9B,FGF6,OAF,MYO7A,HTR3B,GAS2L3,MGAT4C,TPH2,GTSF1,IGFBP6,CLSTN3,CDK2,HEPACAM,KCTD14
HEPN1,MAML2,B4GALNT3,C2CD2L,FAM234B,CACNB3,GLB1L3,RAD51AP1,VSIG2,FAM181B,FXYD6,ANO4,C12orf29,GLIPR1L1,IKZF4,C12orf10,KLRB1,MYO1A,HEPN1,FAM181B
CCDC15,JRKL,ERC1,USP2,GSG1,RND1,CCDC77,KCNA1,ESAM,PRCP,TMPRSS13,SLC5A8,KITLG,MYF6,ESYT1,GDF11,TAS2R9,STAT6,CCDC15,DDIAS
NTM,ARHGAP42,CACNA2D4,THY1,GRIN2B,CCDC65,B4GALNT3,PLEKHG6,ROBO4,ANKRD42,NECTIN1,IGF1,BTG1,SLC6A15,IL23A,PMEL,TAS2R50,ARHGAP9,FEZ1,RAB38
WNT5B,YAP1,FOXM1,GRAMD1B,FAR2,FKBP11,ERC1,PIANP,ETS1,CCDC89,GRIK4,NUAK1,USP44,C12orf50,MIP,MIP,TAS2R46,SRGAP1,ST3GAL4,MAML2
TULP3,CARD18,PRMT8,TBRG1,TSPAN11,ARF3,CACNA2D4,CLSTN3,FLI1,CCDC81,CLMP,CKAP4,NTN4,BTG1,BAZ2A,KIF5A,GRIN2B,RASSF3,KIRREL3,ARHGAP42
AKAP3,C11orf65,CRACR2A,SIAE,SINHCAF,WNT10B,FOXM1,PEX5,TMEM45B,DEUP1,SCN3B,BTBD11,SLC17A8,EEA1,NXPH4,B4GALNT1,PDE6H,IRAK3,ZBTB44,MSANTD4
TAPBPL,EXPH5,FGF23,NRGN,SYT10,DDN,PRMT8,ACSM4,ADAMTS15,MRE11,OR8D4,ISCU,NR1H4,PLXNC1,STAC3,SRGAP1,CMAS,HELB,ADAMTS8,NCAM1
C1S,COLCA2,FGF6,ACRV1,C12orf40,KCNH3,CRACR2A,CD163L1,SLC6A12,C11orf97,VWA5A,FAM216A,GAS2L3,USP44,INHBE,HELB,ST8SIA1,LYZ,SNX19,DSCAML1
C1R,PPP2R1B,KCNA1,PATE1,SLC2A13,LIMA1,FGF23,NANOG,SLC6A13,PGR,NRGN,CUX2,ANO4,SLC5A8,KIF5A,KCNC2,MANSC4,GLIPR1,JAM3,FXYD2
MFAP5,CRYAB,CD27,PATE2,MUC19,SPRYD3,FGF6,FAM90A1,ADIPOR2,TRPC6,ADAMTS8,PHETA1,SLC5A8,STAB2,SLC26A10,MYF6,CPNE8,GALNT4,B3GAT1,FXYD6
A2ML1,HSPB2,GNB3,VSIG10L2,TMEM117,SP7,KCNA1,PRB1,TEAD4,CEP126,OPCML,RPH3A,GNPTAB,NT5DC3,B4GALNT1,C12orf29,PRICKLE1,TMCC3,NINJ2,PHLDB1
YBX3,TTC12,NANOG,ARHGAP32,PCED1B,CBX5,CD27,PRB2,TSPAN9,CFAP300,B3GAT1,PEBP1,IGF1,GLT8D2,PPM1H,TMCC3,SLC38A1,ELK3,WNK1,TREH
C12orf60,TMPRSS5,SLC2A14,ADAMTS8,COL2A1,METTL7B,P3H3,GPR19,NTF3,YAP1,B4GALNT3,SRRM4,PAH,HCFC2,PTPRR,USP44,AMIGO2,TMPO,ADIPOR2,MCAM
ART4,NXPE4,FAM90A1,OPCML,CACNB3,RNF41,GNB3,GRIN2B,ANO2,TMEM123,CCND2,TMEM233,ASCL1,ALDH1L2,CAPS2,AMDHD1,VDR,IKBIP,ITFG2,NECTIN1
MGST1,FXYD2,TMEM52B,IGSF9B,CCDC65,GLS2,NANOG,GUCY2C,VWF,DYNC2H1,TIGAR,SIRT4,NT5DC3,C12orf75,GLIPR1L1,HAL,CCDC184,APAF1,NRIP2,GRIK4
LMO3,OAF,KLRD1,B4GALNT3,FKBP11,NAB2,SLC2A14,HIST4H4,CD9,SLN,FGF23,COX6A1,ALDH1L2,CKAP4,SYT1,DRAM1,TEX49,GAS2L3,TULP3,BLID
PDE3A,POU2F3,KLRC1,ERC1,ARF3,B4GALNT1,SLC2A3,H2AFJ,TNFRSF1A,C11orf65,FGF6,BRI3BP,CKAP4,CRY1,PPFIA2,IGF1,TUBA1B,C12orf42,AKAP3,HEPACAM
SLCO1C1,BLID,EIF2S3B,LRTM2,WNT10B,AGAP2,FAM90A1,WBP11,LTBR,POGLUT3,KCNA1,RIMBP2,BTBD11,BTBD11,TMTC2,PAH,C1QL4,CHST11,CD9,HEPN1
SPX,ROBO3,STYK1,CACNA1C,DDN,SLC16A7,TMEM52B,C12orf60,C12orf57,EXPH5,NTF3,GALNT9,WSCD2,ISCU,SLC6A15,STAB2,FAIM2,WASHC4,NCAPD2,PKNOX2
LDHB,HEPACAM,PRB1,KCNA1,KCNH3,TAFA2,KLRD1,ART4,C1S,C11orf53,GPR162,PXMP2,SVOP,CUX2,C12orf50,NT5DC3,FIGNL2,APPL2,CLEC2A,ACRV1
KCNJ8,HEPN1,PRB2,KCNA5,RACGAP1,DPY19L2,KLRC1,ERP27,C1R,COLCA2,TPI1,MRPL57,FOXN4,PHETA1,VEZT,HSP90B1,KRT81,C12orf75,CLEC12B,PATE1
ABCC9,CCDC15,GPRC5A,PIANP,SCN8A,TBC1D30,EIF2S3B,ARHGDIB,SLC2A3,POU2AF1,CLSTN3,FGF9,RPH3A,RPH3A,CCDC38,EID3,KRT8,NUAK1,KLRK1,PATE2
SOX5,BARX2,GSG1,PTMS,KRT5,MDM1,MAGOHB,PDE6H,CLEC4E,BTG4,ACSM4,ATP12A,PEBP1,DTX1,AMDHD1,SLC41A2,KRT18,ASCL4,KLRC4,ETS1
RASSF8,NTM,GRIN2B,P3H3,EIF4B,RAP1B,STYK1,RERG,RIMKLB,C11orf88,CD163L1,MTMR6,SRRM4,RNFT2,HAL,ALDH1L2,SPRYD3,CMKLR1,KLRC3,NTM
SSPN,TEX52,RERG,GNB3,CSAD,THAP2,PRB1,PTPRO,A2M,LAYN,KLRB1,ATP8A2,TMEM233,SRRM4,LTA4H,DAO,C12orf10,TMEM119,TAS2R43,OPCML
ITPR2,FOXM1,PTPRO,CLSTN3,ESPL1,TMEM19,PRB2,LMO3,CLEC2D,C11orf52,CLEC2A,MTUS2,CIT,BRI3BP,SLC17A8,KCTD10,SP7,SELPLG,TAS2R30,IGSF9B
FGD4,TULP3,LMO3,NANOG,PFDN5,TRHDE,GPRC5A,BCAT1,KLRF1,DIXDC1,STYK1,STARD13,SIRT4,PXMP2,PARPBP,FAM222A,ESYT1,SSH1,LRP6,CCND2
ABCD2,AKAP3,PLEKHA5,SLC2A14,HNRNPA1,ATXN7L3B,GSG1,ARNTL2,CLEC2B,PIH1D2,TAS2R8,NBEA,CABP1,TPTE2,IGF1,PHETA1,MIP,TRPV4,BORCS5,RAD51AP1
DBX2,CD9,FAR2,FAM90A1,PDE1B,OSBPL8,GRIN2B,MANSC4,CLEC1A,BCO2,TAS2R9,SERTM1,C12orf43,MRPL57,ALDH1L2,ERP29,GLS2,ARPC3,DUSP16,GALNT8
PCED1B,TNFRSF1A,OVCH1,TAS2R8,PPP1R1A,SYT1,RERG,OVCH1,YBX3,TTC12,GRIN2B,SMAD9,BCL7A,ATP12A,C12orf75,RPH3A,NAB2,GPN3,CDKN1B,ANO2
ENDOU,TAPBPL,C12orf40,TAS2R50,MYL6B,LIN7A,PTPRO,TMTC1,TAS2R50,ANKK1,SLC15A5,LHFPL6,BRI3BP,RNF17,NUAK1,TBX5,NXPH4,HVCN1,APOLD1,LTBR
RAPGEF3,ATN1,CCDC65,SMIM10L1,GLS2,PPFIA2,LMO3,SINHCAF,CDKN1B,TMPRSS5,LMO3,COG6,TMEM132B,ATP8A2,BTBD11,NOS1,KIF5A,SH2B3,GPRC5D,LAG3
C12orf54,C1S,FKBP11,PRB1,NACA,TSPAN19,PLEKHA5,NELL2,APOLD1,IFT46,PIK3C2G,KBTBD6,TMEM132D,FLT3,KCTD10,KSR2,ARHGEF25,OAS1,HEBP1,KLRG1
OR8S1,C1R,WNT10B,PRB2,AGAP2,ATP2B1,FAR2,CACNB3,EMP1,BCL9L,AEBP2,KBTBD7,RIMBP2,MTUS2,MVK,BICDL1,SLC26A10,OAS2,SLCO1B1,KLRB1
RND1,NANOGNB,DDN,GPR19,CYP27B1,BTG1,OVCH1,CCDC65,PLBD1,H2AFX,KCNJ8,VWA8,GALNT9,MEDAG,FAM222A,DYNLL1,B4GALNT1,SLC8B1,SLCO1A2,CLEC2D
C1QL4,MFAP5,KCNH3,GRIN2B,METTL1,PLXNC1,SYT10,FKBP11,H2AFJ,PDZD3,ABCC9,SMIM2,MRPL57,N4BP2L1,RPH3A,RHOF,SLC16A7,RBM19,INTS13,KLRF1
AQP5,A2ML1,RACGAP1,GUCY2C,ATP23,CDK17,C12orf40,ARF3,MGP,CCDC153,CMAS,SLC25A30,FGF9,STARD13,PLBD2,B3GNT4,TAFA2,MED13L,FGFR1OP2,CLEC2A
AQP6,YBX3,SCN8A,HIST4H4,PTPRR,ANO4,SLC2A13,WNT10B,ARHGDIB,TRIM29,LRMP,SIAH3,C1QTNF9B,NBEA,SDSL,CCDC92,AVPR1A,RAB35,TWF1,CLEC12B
METTL7A,TAS2R43,GRASP,H2AFJ,PHLDA1,SLC5A8,LRRK2,DDN,EPS8,JHY,ARNTL2,NUDT15,ATP8A2,SMAD9,RNFT2,BRI3BP,TBC1D30,OASL,ARID2,KLRK1
NR4A1,EMP1,SMIM41,PDE6H,PTPRQ,ARL1,CCDC65,KCNH3,RERGL,SPA17,SMCO2,EBPL,RNF6,KBTBD6,WSB2,AACS,GRIP1,P2RX7,SLC38A2,KLRC4
KRT8,DERA,KRT5,RERG,MYF6,NFYB,FKBP11,RACGAP1,SLCO1B1,TMEM218,REP15,CKAP2,CDK8,TNFSF11,SRRM4,GALNT9,TPH2,P2RX4,ENDOU,KLRC3
ITGB7,MGST1,ESPL1,PTPRO,LIN7A,SLC41A2,WNT10B,ASIC1,SLCO1A2,TP53AIP1,MUC19,PCDH8,WASF3,SMIM2,CIT,SAP18,TRHDE,ORAI1,RAPGEF3,KLRC2
RARG,SLCO1C1,CALCOCO1,EPS8,MGAT4C,C12orf45,DDN,CERS5,KCNJ8,BARX2,CNTN1,KLF12,GPR12,SIAH3,BICDL1,ZDHHC20,KCNC2,RILPL2,SLC48A1,KLRC1
AAAS,SPX,PDE1B,PDE3A,CDK17,CKAP4,RACGAP1,LIMA1,ABCC9,GLB1L2,PDZRN4,KCTD12,MTUS2,EBPL,SIRT4,FGF9,GLIPR1,PARP4,TUBA1A,EIF2S3B
NPFF,ABCC9,PPP1R1A,OVCH1,ANKS1B,WSCD2,SCN8A,SMAGP,PPFIBP1,WNT5B,PRICKLE1,UGGT2,SERTM1,SERPINE3,CABP1,ATP12A,SYT1,SLC46A3,DNAJC22,ETV6
ATF7,ST8SIA1,MUCL1,TMTC1,C12orf45,SVOP,GRASP,SCN8A,REP15,AKAP3,NELL2,FARP1,SMAD9,CKAP2,RHOF,SHISA2,PAWR,ALOX5AP,AQP6,LRP6
NFE2,SOX5,TESPA1,CAPRIN2,POLR3B,ANKRD13A,SMIM41,ACVR1B,ANO6,GPR162,CACNB3,TEX30,TRPC4,PCDH8,B3GNT4,GSX1,LIN7A,BRCA2,GPD1,DUSP16
ITGA7,LMNTD1,DGKA,FGD4,RIC8B,CCDC63,KRT5,GRASP,HDAC7,LRRC23,RND1,SOX1,FREM2,OLFM4,RFLNA,FLT3,SLC6A15,ELF1,DIP2B,ATF7IP
BLOC1S1,RASSF8,GLS2,SYT10,WSCD2,CUX2,SOAT2,SMIM41,DHH,A2ML1,DDN,GRK1,KBTBD6,KLHL1,NCOR2,FRY,NTS,EPSTI1,SLC11A2,DERA
RDH5,SSPN,SDR9C7,C12orf40,SVOP,RASAL1,ESPL1,CALCOCO1,FMNL3,PZP,RHEBL1,KLHL33,KBTBD7,KLF12,TMEM132B,POSTN,MGAT4C,LCP1,GALNT6,ST8SIA1
MMP19,ITPR2,INHBE,SLC2A13,MYO1H,FBXO21,CALCOCO1,PDE1B,SMAGP,YBX3,TUBA1B,SLC7A8,SMIM2,GPC6,TMEM132D,KBTBD6,C12orf50,RUBCNL,SLC4A8,SOX5
SUOX,DBX2,AGAP2,MUC19,ANKRD13A,KSR2,PDE1B,PPP1R1A,C12orf81,EMP1,PRPH,BCL2L2,EBPL,DZIP1,RIMBP2,SIAH3,PLXNC1,LRCH1,TNS2,SSPN
ZC3H10,SLC38A1,CYP27B1,NELL2,RASAL1,BICDL1,PPP1R1A,MIP,ACVRL1,MGST1,SPATS2,CARMIL3,PCDH8,UGGT2,GALNT9,PCDH20,USP44,ITM2B,SP7,ITPR2
RBMS2,PCED1B,AVIL,CACNB3,DDX54,CABP1,MUCL1,GLS2,GRASP,PLCZ1,KCNH3,CPNE6,PCDH20,F7,PXMP2,DACH1,GAS2L3,LPAR6,SP1,PPFIBP1
HSD17B6,ENDOU,ATP23,CCDC65,MAP1LC3B2,TMEM120B,DGKA,SDR9C7,NR4A1,PLEKHA5,CSRNP2,EMC9,KCTD12,GRK1,GOLGA3,MZT1,ANO4,RCBTB2,NPFF,REP15
RDH16,RAPGEF3,C12orf66,FKBP11,KSR2,HPD,GLS2,NAB2,TNS2,ABCC9,SLC4A8,REC8,SLITRK1,POTEM,FGF9,KLF5,SLC5A8,PHF11,ATF7,TSPAN11
LRP1,C12orf54,TBC1D30,ARF3,CIT,BCL7A,SDR9C7,STAT6,IGFBP6,ST8SIA1,SCN8A,NYNRIN,DOCK9,POTEG,ATP8A2,KLF12,IGF1,ARL11,GTSF1,DDX11
INHBC,OR8S1,OSBPL8,WNT10B,TMEM120B,ABCB9,INHBE,STAC3,SOAT2,SOX5,C12orf81,PRKD1,FGF14,OR4N2,SHISA2,SLITRK1,SLC41A2,DLEU7,BLOC1S1,LRRK2
GLI1,PRPH,PTPRQ,DDN,B3GNT4,PITPNM2,AGAP2,R3HDM2,ITGA5,CASC1,SMIM41,SFTA3,TEX30,KLHL33,FLT3,GPC6,ALDH1L2,WDFY2,RDH5,CNTN1
DDIT3,C1QL4,MYF6,KCNH3,PITPNM2,GLT1D1,CYP27B1,INHBC,CD63,LMNTD1,KRT81,NKX2-1,MYO16,PNP,MTUS2,FARP1,CKAP4,NEK3,ORMDL2,PDZRN4
C12orf56,DNAJC22,ATP2B1,SCN8A,GLT1D1,MMP17,AVIL,INHBE,ORMDL2,SSPN,KRT1,NKX2-8,COL4A1,SUPT16H,TRPC4,FAM155A,BTBD11,TBC1D4,ERBB3,PRICKLE1
WIF1,AQP6,IKBIP,GRASP,MMP17,C1QTNF9B,ATP23,AGAP2,MMP19,SINHCAF,CSAD,SLC25A21,COL4A2,LMLN2,LHFPL6,SOX1,ISCU,KCTD12,ZC3H10,DBX2
MSRB3,METTL7A,ANKS1B,PDE1B,ULK1,C1QTNF9,SLC16A7,CYP27B1,CDK2,SYT10,TESPA1,LRFN5,SOX1,MYH7,TNFSF11,F7,SVOP,ABCC4,STAT2,ANO6
HMGA2,NR4A1,RIC8B,TESPA1,ANHX,ATP8A2,DPY19L2,ATP23,ESYT1,RHEBL1,PMEL,CDKN3,SLC7A8,CARMIL3,SIAH3,RNF212B,MYO1H,UBAC2,TIMELESS,ARID2
GLIPR1L1,RARG,DAO,GLS2,SKA3,LNX2,C12orf66,DPY19L2,MYL6,TROAP,GLS2,CNIH1,BCL2L2,EMC9,LRCH1,SLC22A17,RPH3A,GPR183,RDH16,TROAP
ACSS3,NPFF,PTPN11,SDR9C7,SGCG,MEDAG,PTPRR,GRIP1,RBMS2,AQP6,SDR9C7,SLC35F4,MYH7,REC8,C13orf42,NYNRIN,LHX5,CCDC168,CTDSP2,SPATS2
MGAT4C,ATF7,RASAL1,NAB2,SPATA13,TEX26,OSBPL8,PTPRR,STAT6,METTL7A,NXPH4,DAAM1,CARMIL3,TGM1,KLHL1,CBLN3,RNFT2,TNFSF13B,LRIG3,FAM186B
FGD6,NFE2,DDX54,B4GALNT1,C1QTNF9,N4BP2L1,MYF6,LGR5,NDUFA4L2,C12orf81,INHBC,DHRS7,CPNE6,NOP9,SLITRK1,FAM177A1,KSR2,RAB20,PPM1H,FMNL3
MYBPC1,METTL7B,TESC,AGAP2,GPR12,RFC3,ATP2B1,NAP1L1,AVPR1A,KRT81,INHBE,SIX4,PCK2,CIDEB,SLITRK6,NKX2-8,SRRM4,MCF2L,C12orf56,AQP5
CHPT1,ITGA7,CIT,CYP27B1,UBE2L5,DCLK1,IKBIP,OSBPL8,RASSF3,MUCL1,KIF5A,SYT16,EMC9,NYNRIN,SLITRK5,SLC25A21,BICDL1,TMEM255B,IL26,AQP6
SYCP3,RDH5,CAMKK2,ATP23,HSPH1,CCNA1,ANKS1B,NAV3,MSRB3,RDH5,PIP4K2C,SPTB,FOXG1,STXBP6,SLC15A1,LRFN5,SIRT4,C13orf46,CPM,ASIC1
DRAM1,HSD17B6,RNF34,TBC1D30,RXFP2,POSTN,RIC8B,SYT1,IRAK3,ESYT1,ARHGEF25,ARG2,NPAS3,NOVA1,FAM155A,MDGA2,BRI3BP,RASA3,CNOT2,LIMA1
RFX4,RDH16,TMEM120B,GRIP1,RFC3,TRPC4,DAO,PTPRQ,CPM,LRIG3,B4GALNT1,PLEKHD1,MGAT2,MBIP,F7,MGAT2,AACS,TEP1,KCNMB4,HIGD1C
FICD,GLI1,PITPNM2,TRHDE,DCLK1,FREM2,PTPN11,MYF6,PTPRB,HMGA2,AGAP2,MAP3K9,CDKL1,SFTA3,F10,GNG2,TMEM132C,KLHL33,TSPAN8,NR4A1
UNG,LRIG3,SCARB1,PHLDA1,SOHLH2,KBTBD6,RASAL1,CCDC59,CSRP2,MDM1,SLC16A7,HEATR4,GNG2,NKX2-1,ADPRHL1,CDKN3,GALNT9,RNASE6,LGR5,KRT80
ACACB,MSRB3,GLT1D1,NAP1L1,CCDC169,AKAP11,DDX54,KITLG,PAWR,CAPS2,TAFA2,ACOT6,TXNDC16,NKX2-8,TMCO3,CNIH1,FGF9,RNASE2,TMTC2,KRT5
RAD9B,HMGA2,MMP17,OSBPL8,CCNA1,TNFSF11,MAP1LC3B2,DUSP6,ACSS3,CSRP2,AVPR1A,PNMA1,GPR137C,SLC25A21,GAS6,GCH1,C1QTNF9B,ARHGEF40,POC1B,TNS2
HVCN1,CSRP2,ULK1,SYT1,DGKH,DNAJC15,TESC,ATP2B1,ALX1,E2F7,DYRK2,ACYP1,ERO1A,MIPOL1,POTEM,TBPL2,ATP12A,RPGRIP1,GALNT4,RARG
ALDH2,PAWR,PUS1,PTPRQ,KCTD4,ENOX1,CIT,SOCS2,DUSP6,PTPRQ,IL26,JDP2,CDKN3,SSTR1,POTEG,DAAM1,ATP8A2,SLC7A7,CRADD,GDF11
DTX1,ACSS3,ANHX,LIN7A,TPT1,CCDC122,CAMKK2,AMDHD1,LUM,ACSS3,KCNMB4,TGFB3,CNIH1,LRFN5,RPGRIP1,C14orf39,FLT3,MMP14,TMCC3,MMP19
TPCN1,ALX1,GJA3,PPFIA2,DHRS12,ERICH6B,RNF34,CDK17,DCN,TSPAN19,PTPRB,KCNK10,SLC35F4,GNG2,CDH24,SYT16,MTUS2,CEBPE,NEDD1,ERBB3
SLC8B1,MGAT4C,SACS,TSPAN19,TMEM272,HTR2A,TMEM120B,ANKS1B,BTG1,LRRIQ1,PTPRR,EML5,DACT1,TXNDC16,RNF212B,GPHB5,SOHLH2,PCK2,ANO4,LRP1
SDS,GALNT4,SHISA2,C12orf29,CNMD,FNDC3A,PITPNM2,STAB2,TMCC3,ALX1,KCNC2,LGMN,DAAM1,PELI2,CARMIL3,ESR2,POSTN,IRF9,UTP20,TAFA2
SDSL,FGD6,GPR12,DUSP6,PCDH20,DLEU7,TCTN2,NT5DC3,FGD6,RASSF9,CSRP2,CHGA,SYT16,TOMM20L,PRKD1,SLC8A3,TRPC4,LTB4R,WASHC3,BEST3
C12orf49,MYBPC1,RASL11A,ATP2B1,KLHL1,RNASEH2B,SCARB1,SLC41A2,HAL,NTS,NAV3,MOAP1,KCNH5,KIAA0586,MBIP,TTC9,FREM2,RIPK3,TCP11L2,RAB3IP
VSIG10,CHPT1,UBE2L5,SOCS2,MZT1,TMEM272,GLT1D1,RIC8B,ELK3,C12orf74,SYT1,TMEM251,ARG2,SIX4,SFTA3,MAP3K9,KBTBD6,BAZ1A,CORO1C,LGR5
TAOK3,DRAM1,HSPH1,CDK17,KLF5,ATP7B,TMEM132D,WSCD2,TMPO,NUDT4,OTOGL,ASB2,TTC9,SYT16,NKX2-1,RIOX1,TNFSF11,MIS18BP1,USP30,GLIPR1L1
HSPB8,PAH,B3GLCT,GNPTAB,LMO7,MZT1,MMP17,GIT2,DRAM1,CEP83,SLC6A15,ANKRD9,RGS6,ESR2,NKX2-8,ESRRB,ENOX1,LRR1,MMAB,PHLDA1
MSI1,ASCL1,RXFP2,SLC41A2,SCEL,LMO7,ULK1,ANKRD13A,CMKLR1,NTN4,MGAT4C,BTBD6,PNMA1,GALNT16,SLC25A21,TMEM63C,NUDT15,PYGL,MVK,PPP1R12A
ACADS,RFX4,FRY,RIC8B,SLITRK5,GPC6,PUS1,LHX5,TRPV4,CCDC38,NUDT4,MAGEL2,TGFB3,PLEKHD1,LRFN5,ZDHHC22,EBPL,TMX1,FAM222A,OTOGL
CLIP1,ACACB,KL,WSCD2,DCT,RAP2A,ANHX,FBXW8,OAS1,CFAP54,SOCS2,NDN,NGB,CCDC177,MDGA2,NRXN3,ATP7B,TOMM20L,GLTP,DUSP6
KMT5A,HVCN1,RFC3,SVOP,UBAC2,SLC15A1,GJA3,TESC,OAS3,NEDD1,SLC17A8,SNRPN,SLC24A4,SMOC1,GNG2,KCNK10,PCDH17,HIF1A,C12orf76,EEA1
TMEM132C,CCDC63,FOXO1,GIT2,GPR18,FGF14,SACS,KSR2,OAS2,NR1H4,SLC5A8,SNURF,CHGA,SLC8A3,KTN1,EML5,KLHL1,RAD51B,RAD9B,USP44
LRCOL1,ALDH2,DGKH,ANKRD13A,COL4A1,SOX1,C1QTNF9,CIT,TBX3,PAH,C12orf42,FMN1,MOAP1,ADAM20,SIX4,GPR68,KLF12,ZFP36L1,TRAFD1,NTN4
GJB2,DTX1,ENOX1,CCDC63,TEX29,TUBGCP3,RNF17,CAMKK2,PXN,C12orf42,STAB2,PGBD4,ASB2,MAP3K9,GPHB5,CHGA,SLITRK1,SUSD6,RASAL1,NEDD1
GJB6,TPCN1,KCTD4,PTPN11,F7,F7,SHISA2,MLXIP,OASL,TCP11L2,NT5DC3,GJD2,OTUB2,DPF3,RAB15,MOAP1,SLITRK6,NPC2,COQ5,DEPDC4
IL17D,SLC8B1,TPT1,KSR2,REM2,OR11G2,GPR12,B3GNT4,ORAI1,ACACB,ALDH1L2,ACTC1,C14orf132,ACOT1,FUT8,PPP4R4,GPC6,PROX2,P2RX7,ANO4
LATS2,SDS,C13orf42,CIT,AP1G2,SLC7A8,RASL11A,ABCB9,HCAR1,FOXN4,NUAK1,INAFM2,BEGAIN,LTBP2,TMEM229B,BDKRB2,HS6ST3,BATF,ANAPC5,GNPTAB
PABPC3,SDSL,TMEM272,CABP1,JPH4,SLC22A17,HSPH1,MPHOSPH9,SCARB1,MYO1H,SVOP,DISP2,AMN,ZDHHC22,RDH11,BDKRB1,SLC15A1,ESRRB,HIP1R,DRAM1
AMER2,TBX5,CNMD,CAMKK2,CARMIL3,MYH7,B3GLCT,GLT1D1,UBC,TCHP,RASAL1,GCHFR,COA8,NGB,RDH12,BCL11B,ZIC5,VASH1,SNRNP35,PAH
WASF3,MAP1LC3B2,OLFM4,TMEM120B,CPNE6,AP1G2,FRY,RIMBP2,TMEM132C,IFT81,SLC8B1,VPS18,ASPG,FLRT2,SLC8A3,TNFAIP2,ZIC2,LRRC74A,RILPL1,ASCL1
UBE2L5,HSPB8,DACH1,HPD,PSME2,JPH4,KL,MMP17,FZD10,RAD9B,LHX5,CHAC1,KIF26A,KCNK10,COX16,CEP170B,TEX30,SPTLC2,SFSWAP,NT5DC3
CCDC169,PXN,KLF5,BCL7A,CHMP4A,DHRS2,RFC3,ULK1,ADGRD1,TCTN1,HRK,TTBK2,TMEM179,EML5,ADAM21,AHNAK2,EFNB2,GPR65,ZDHHC20,CHST11
FREM2,MSI1,UCHL3,B3GNT4,G2E3,CPNE6,FOXO1,ANHX,LRCOL1,CFAP73,RFC5,LCMT2,AHNAK2,GPR68,TTC9,JAG2,FAM155A,FOXN3,C1QTNF9,ALDH1L2
FOXO1,ACADS,LMO7,ABCB9,FANCM,LTB4R2,DGKH,SKA3,LATS2,IQCD,WSB2,MAP1A,BTBD6,CHGA,MAP3K9,BTBD6,MYO16,KCNK13,PARP4,CORO1C
CAB39L,HIP1R,SLITRK6,PITPNM2,WDHD1,CBLN3,KCTD4,FGF9,TNFRSF19,TBX5,SRRM4,CKMT1B,SNRPN,MOAP1,DCAF4,MAGEL2,F7,RIN3,AMER2,ALKBH2
THSD1,CDK2AP1,GPC5,MPHOSPH9,DACT1,STXBP6,TPT1,C1QTNF9B,PARP4,HRK,TMEM233,CKMT1A,CHRFAM7A,ASB2,AREL1,NDN,C13orf46,LGMN,SHISA2,TRPV4
DIAPH3,UBC,DCT,GLT1D1,RTN1,INSM2,C13orf42,SPATA13,USP12,HSPB8,BICDL1,WDR76,GOLGA8H,CCDC85C,TMEM63C,NPAP1,POTEM,ASB2,STARD13,GLTP
PCDH9,PIWIL1,HS6ST3,RIMBP2,SLC38A6,LRFN5,TMEM272,C1QTNF9,RASL11A,CCDC60,DYNLL1,SHC4,CHRNA7,HHIPL1,ZDHHC22,SNRPN,OR4N2,SERPINA1,SPART,C12orf76
EDNRB,LRCOL1,MBNL2,MMP17,PRKCH,ATL1,CNMD,B3GLCT,FLT1,MSI1,CABP1,EID1,GOLGA8K,LBHD2,NGB,FAM189A1,SLC22A17,RCOR1,NHLRC3,PHETA1
POU4F1,GJB2,TEX29,ULK1,TMEM30B,TRIM9,OLFM4,PDS5B,POMP,UNC119B,CAMKK2,SLC27A2,FMN1,ADSSL1,NRXN3,NSMCE3,MYH7,TNFAIP2,ELF1,OAS3
SPRY2,GJB6,ADPRHL1,ANHX,SNAPC1,FRMD6,KLF5,KL,SLC7A1,MORN3,B3GNT4,SCG3,NOP10,OR4M2,FLRT2,AC091057.6,DHRS2,PLD4,RGCC,TBX5
GPC5,IL17D,REM2,SKA3,SYT16,GNG2,UCHL3,DCLK1,MEDAG,WDR66,CCDC62,LYSMD2,GJD2,TUBGCP5,EML5,ARHGAP11B,CARMIL3,GPR132,ENOX1,HRK
SOX21,LATS2,SLC7A8,SPATA13,KCNH5,NID2,LMO7,SOHLH2,MAB21L1,LRRC43,AACS,FAM81A,GPR176,MAGEL2,FOXN3,GOLGA8K,CPNE6,NUDT14,CCDC122,TAOK3
CLDN10,CCDC169,AP1G2,C1QTNF9,MTHFD1,GPR137C,SLITRK6,CCDC169,SMAD9,CDK2AP1,TMEM132D,C2CD4A,SRP14,NDN,ITPK1,EMC7,NYNRIN,CYFIP1,LACC1,SUDS3
FARP1,SMAD9,JPH4,RASL11A,AKAP5,ERO1A,GPC5,ERICH6B,LHFPL6,TCTN2,PIWIL1,PIF1,INAFM2,NPAP1,UNC79,NUTM1,STXBP6,CHRFAM7A,KCTD4,MSI1
CLYBL,FOXO1,LTB4R,TEX26,SPTB,GNPNAT1,DCT,HTR2A,ELF1,DNAH10,STX2,CILP,DISP2,SNRPN,PRIMA1,GPR176,INSM2,AC091057.6,CPB2,P2RX7
ZIC5,CAB39L,G2E3,KL,GPX2,CDKN3,MBNL2,FNDC3A,RGCC,ZNF664,MMP17,C15orf61,RHOV,SNURF,RTL1,DISP2,SSTR1,ARHGAP11B,LRRC63,ORAI1
GRTP1,DIAPH3,COCH,RFC3,RAB15,CNIH1,TEX29,SETDB2,EPSTI1,UBC,GALNT9,FEM1B,CHAC1,GABRG3,DYNC1H1,GCHFR,LRFN5,MTMR10,RCBTB1,HPD
PNP,EDNRB,FANCM,DCLK1,ACTN1,GMFB,ADPRHL1,RCBTB1,CYSLTR2,STX2,LRCOL1,THAP10,JMJD7,GOLGA6L7,TNFAIP2,SPINT1,MDGA2,FMN1,FAM124A,HCAR1
NDRG2,POU4F1,NIN,SOHLH2,GALNT16,WDHD1,REM2,TMEM272,ATP7B,P2RX2,P2RX2,THSD4,PLA2G4B,CHRFAM7A,ASPG,RHOV,GNG2,SPRED1,SERPINE3,HIP1R
TPPP2,SPRY2,ABHD12B,CCDC169,TTC9,CCDC198,SLC7A8,CNMD,NEK3,IFT88,SGCG,NR2E3,LCMT2,GOLGA8H,CEP170B,CHAC1,GPR137C,BMF,WDFY2,TMEM132C
ARHGEF40,GPC5,PTGDR,CCNA1,SIPA1L1,SLC35F4,AP1G2,PCDH8,THSD1,LATS2,ATP8A2,INSYN1,MAP1A,FAN1,AHNAK2,JMJD7,CDKN3,PLCB2,NEK3,SLC15A4
ZNF219,SOX21,PTGER2,DGKH,SYNDIG1L,DACT1,JPH4,PCDH17,TBC1D4,TNFRSF19,KATNAL1,STOML1,CKMT1A,CHRNA7,JAG2,WDR76,OTX2,INAFM2,PCDH9,TMEM132D
TMEM253,CLDN10,GCH1,AKAP11,ISM2,RTN1,LTB4R,DACH1,KCTD12,MIPEP,UBE2L5,SEMA7A,CTXN2,ARHGAP11A,OR4M2,CTXN2,AP5M1,SPINT1,SCEL,LRCOL1
SALL2,FARP1,WDHD1,TNFSF11,SLIRP,SYT16,FOXG1,NDFIP2,OXGR1,ATP12A,MEDAG,CYP1A1,SLC27A2,PGBD4,MAGEL2,SLC12A1,CCDC198,EHD4,SLAIN1,TPTE2
OR6J1,ZIC5,FBXO34,ENOX1,DIO2,KCNH5,G2E3,SLITRK1,STK24,UBL3,RFC3,COX5A,TNFAIP8L3,ACTC1,GABRG3,FBN1,SLC35F4,PATL2,SLITRK1,PABPC3
LRP10,ZIC2,TBPL2,CCDC122,CEP128,GPHB5,COCH,SLITRK6,DOCK9,TEX26,NBEA,RPP25,SCG3,DISP2,FAM189A1,EID1,DACT1,DUOX2,OXGR1,GSX1
C14orf93,ITGBL1,SLC35F4,ERICH6B,KCNK13,WDR89,FANCM,SLITRK5,ZIC5,CCNA1,DCLK1,SCAMP5,UNC13C,RAD51,AC091057.6,SLC27A2,C14orf39,SQOR,MBNL2,MAB21L1
CDH24,COL4A2,SLC38A6,FNDC3A,CATSPERB,SPTB,ATL1,GPC6,ZIC2,STOML3,SERTM1,TMEM266,RSL24D1,GCHFR,ARHGAP11B,SCG3,SIX4,ATP8B4,DOCK9,EXOSC8
RNF212B,GRTP1,PRKCH,DLEU7,TC2N,RAB15,ABHD12B,MBNL2,ITGBL1,FAM216B,POSTN,SH2D7,CCNB2,SPINT1,FMN1,WDR72,SYT16,LIPC,GGACT,FREM2
EFS,C13orf46,TMEM30B,TMEM272,FBLN5,GPHN,PTGDR,RAP2A,COL4A1,ERICH6B,SMIM2,CIB2,FAM81A,RHOV,GJD2,ALDH1A2,KCNH5,ADAM10,TMTC4,LHFPL6
IRF9,CFAP97D2,MTHFD1,ALG11,SLC24A4,GALNT16,PTGER2,NALCN,COL4A2,LRRC63,HTR2A,IDH3A,C2CD4A,CHAC1,ACTC1,FOXB1,GPHB5,PLEKHO2,NALCN,RGCC
NFATC4,PNP,AKAP5,PCDH17,UNC79,CCDC177,GCH1,ITGBL1,F10,CYSLTR2,PCDH17,CRABP1,IGDCC3,OIP5,BUB1B,C2CD4A,RDH12,SMAD6,ATP11A,CPB2
KHNYN,ANG,SPTB,LMO7,CCDC197,SIPA1L1,WDHD1,FGF14,POTEG,CDADC1,PCDH20,RASGRF1,IGDCC4,JMJD7,DISP2,RAB8B,PLEKHD1,CALML4,LAMP1,RCBTB1
FOXG1,RNASE4,CCDC196,SCEL,OTUB2,RGS6,FBXO34,TNFSF13B,ANG,KCNRG,PCDH9,ANKRD34C,HACD3,PLA2G4B,BAHD1,PPIB,SLC8A3,ANP32A,RNASE1,C13orf42
ARHGAP5,RNASE2,ARG2,SLITRK5,PPP4R4,TMEM63C,TBPL2,TEX29,RNASE4,NEK5,LMO7,MINAR1,HCN4,SPTBN5,CCDC32,KIF23,TTC9,PAQR5,NDRG2,DHRS12
NPAS3,NDRG2,ACTN1,RAP2A,C14orf132,ISM2,SLC38A6,ADPRHL1,RNASE1,DIAPH3,NDFIP2,CTXND1,INSYN1,LCMT2,KNL1,CELF6,MAP3K9,TLE3,LRP10,CNMD
EGLN3,ARHGEF40,ADAM21,NALCN,VRK1,NRXN3,PRKCH,TMEM255B,MMP14,SOX21,SLITRK1,CFAP161,SEMA7A,CKMT1B,RAD51,HCN4,RGS6,ADPGK,LMLN2,PCDH17
TMX1,OR6J1,SIPA1L1,FGF14,BCL11B,KCNK13,TMEM30B,REM2,LRP10,OXGR1,HS6ST3,HOMER2,CYP1A1,STRC,RMDN3,STOML1,ACOT4,SEMA7A,PPP1R3E,PCDH20
FERMT2,MMP14,RGS6,EFNB2,CYP46A1,CALM1,MTHFD1,CDH24,AJUBA,CLYBL,OXGR1,TM6SF1,CSK,CKMT1A,RHOV,CYP1A1,FAM161B,ARID3B,EFS,PCDH9
CGRRF1,LRP10,SYNDIG1L,FAM155A,EML1,TTC7B,AKAP5,SLC7A8,FITM1,ZIC5,RAP2A,HDGFL3,LMAN1L,WDR76,VPS18,RPP25,TMEM63C,CSK,CMTM5,KLHL1
SAMD4A,C14orf93,ISM2,COL4A1,EVL,GPR68,SPTB,RNF212B,PSME1,GRTP1,CCDC168,BNC1,CPLX3,DUOX2,EXD1,SCAMP5,ZDHHC22,SCAMP2,STXBP6,KLF12
LGALS3,CDH24,DIO2,TEX29,RTL1,CATSPERB,CCDC196,AP1G2,IRF9,ATP4B,EFNB2,AEN,RPP25,SHF,CHP1,NEIL1,NGB,PSTPIP1,HEATR5A,SLAIN1
RHOJ,EFS,TSHR,TFDP1,DIO3,TC2N,ARG2,JPH4,CIDEB,C13orf46,FAM155A,MESP1,SCAMP5,CTXN2,PLA2G4B,TMEM266,NRXN3,TBC1D2B,DTD2,POU4F1
ZFP36L1,IL25,CCDC88C,REM2,AMN,FBLN5,ACTN1,DHRS2,ADCY4,CFAP97D2,OR11G2,NGRN,C15orf39,SLC12A1,TTBK2,SH2D7,KCNK10,CTSH,AKAP6,SPRY2
DPF3,FITM1,FBLN5,CDH24,EXOC3L4,UNC79,ADAM21,PRKD1,RIPK3,POTEM,CDH24,HDDC3,ODF3L1,EID1,TMEM62,CIB2,GPR68,BCL2A1,EGLN3,SLITRK1
PAPLN,NFATC4,CCDC197,AP1G2,TNFAIP2,C14orf132,SIPA1L1,G2E3,NFATC4,ANG,DHRS2,PRC1,SH2D7,FGF7,CKMT1B,CHRNA3,CHGA,ZFAND6,SNX6,GPC6
ACOT1,KHNYN,PPP4R4,JPH4,XRCC3,BCL11B,RGS6,NPAS3,NYNRIN,RNASE4,CBLN3,LYSMD4,CIB2,SLC27A2,CKMT1A,CHRNB4,MOAP1,FAH,CFL2,SOX21
ACOT6,ARHGAP5,TUNAR,DHRS2,ATP5MPL,BEGAIN,SYNDIG1L,INSM2,KHNYN,TPPP2,INSM2,POLR3K,RASGRF1,SCG3,CASC4,ANKRD34C,UNC79,STARD5,FAM177A1,CLDN10
ENTPD5,NPAS3,GSKIP,FOXG1,TDRD9,RTL1,BATF,SSTR1,GZMB,ZNF219,SSTR1,SNRNP25,CTXND1,PRTG,CTXN2,TMED3,PPP4R4,TM6SF1,PPP2R3C,DZIP1
ALDH6A1,EGLN3,VRK1,G2E3,ASPG,PPP1R13B,ISM2,MIA2,NFKBIA,TMEM253,MDGA2,ARHGDIG,ARNT2,TPM1,SLC12A1,MINAR1,DLK1,ALPK3,TOGARAM1,UGGT2
PGF,SPTSSA,BCL11B,AP4S1,CRIP2,KIF26A,DIO2,FBXO33,CLEC14A,SALL2,NIN,PDIA2,CFAP161,PIF1,HDC,UBE2Q2L,RTL1,AKAP13,CDKL1,HS6ST3
FOS,TMX1,CYP46A1,INSM2,TEDC1,TMEM179,TSHR,ABHD12B,ARF6,OR6J1,GNG2,AXIN1,STARD5,UBAP1L,WDR72,NMB,AMN,AEN,MAP4K5,DOCK9
TGFB3,FERMT2,EML1,FBXO33,NPAP1,CEP170B,CCDC88C,TRIM9,SAV1,MMP14,GNPNAT1,MCRIP2,TMC3,PDCD7,RAB27A,AEN,LBHD2,ARPIN,SAV1,CCDC168
STON2,BMP4,DLK1,NIN,GABRB3,SNURF,FBLN5,TXNDC16,FRMD6,LRP10,GMFB,RHBDL1,MEX3B,CILP,CCNB2,RHCG,TNFAIP2,ZNF710,FERMT2,TEX30
DGLUCY,SAMD4A,TDRD9,ABHD12B,GABRA5,UBE3A,SLC24A4,GNPNAT1,NID2,AJUBA,RTN1,STUB1,AP3B2,PARP16,TLN2,TICRR,ASPG,FES,CCDC198,POGLUT2
FAM181A,LGALS3,TMEM179,TRIM9,GABRG3,GABRB3,UBR7,C14orf39,PTGDR,EFS,C14orf39,GNG13,HOMER2,IGDCC3,PCLAF,KIF7,CEP170B,MEF2A,HSPA2,TNFSF13B
IFI27L1,OTX2,MAGEL2,GPR137C,FAM189A1,GABRA5,CCDC197,GPHN,FERMT2,IL25,KCNH5,C16orf91,HDGFL3,IGDCC4,IGDCC4,MESP1,AHNAK2,LRRK1,PPP1R36,MYO16
IFI27L2,DAAM1,NPAP1,WDHD1,LPCAT4,GABRG3,PPP4R4,FAM71D,BMP4,ZFHX2,GPHB5,FAHD1,BNC1,HACD3,NOX5,NGRN,MAGEL2,CHSY1,PLEKHG3,UPF3A
CCDC85C,CCDC175,GABRB3,FBXO34,GOLGA8A,AVEN,TUNAR,PLEK2,LGALS3,IPO4,RAB15,SYNGR3,ADAMTSL3,FEM1B,GLCE,PRC1,NDN,MSLN,FNTB,TPPP2
HHIPL1,LRRC9,GABRA5,TMEM260,GOLGA8B,CHRM5,GSKIP,RDH12,SIX1,TM9SF1,GALNT16,CASKIN1,UBE2Q2L,ITGA11,KIF23,SLCO3A1,SNRPN,KCTD5,FUT8,ARHGEF40
DIO3,RHOJ,OCA2,SLC35F4,GJD2,ZNF770,VRK1,ACTN1,PRKCH,CIDEB,PLEKHD1,ECI1,MESP1,CORO2B,THSD4,TM2D3,GABRG3,TNFRSF12A,MPP5,ZNF219
ANKRD9,RAD51B,GOLGA8J,C14orf39,AQR,DPH6,BCL11B,SLC8A3,TMEM30B,LTB4R2,CCDC177,TBC1D24,NGRN,THAP10,HCN4,ARHGDIG,FAM189A1,MEFV,PLEKHH1,TMEM253
CKB,ZFP36L1,GOLGA8T,SYT16,ZNF770,C15orf41,CYP46A1,HEATR4,RHOJ,CBLN3,TTC9,ATP6V0C,RCCD1,CELF6,REC114,PDIA2,NSMCE3,CORO7,RAD51B,ABHD4
XRCC3,SMOC1,GOLGA8K,AKAP5,DPH6,MEIS2,EML1,ABCD4,SYNE2,FOXA1,RGS6,LINC00514,ST8SIA2,CYP11A1,CD276,RHBDL1,AC091057.6,ATF7IP2,DPF3,EFS
ZFYVE21,DPF3,RYR3,SPTB,C15orf41,FAM98B,TDRD9,SYNDIG1L,PLEK2,TTC6,ACOT4,BICDL2,NR2F2,ARID3B,LOXL1,BAIAP3,FMN1,CIITA,PSEN1,CMTM5
GOLGA8S,PAPLN,NUTM1,RAB15,THBS1,RASGRP1,TMEM179,TMEM63C,LTBP2,DNAAF2,TMEM63C,MTRNR2L4,HBA1,CYP1A1,ARID3B,SYNGR3,NUTM1,LITAF,ALDH6A1,IRF9
MKRN3,ACOT1,LPCAT4,CCDC196,BUB1B,FSIP1,MAGEL2,ISM2,PGF,PTGDR,ZDHHC22,SRL,HBQ1,RPP25,GOLGA6D,CCNF,GJD2,SNX29,MLH3,NOVA1
GOLGA8M,ALDH6A1,C15orf41,GPHN,PAK6,GPR176,NPAP1,NRXN3,FLVCR2,PTGER2,NGB,PPL,RGS11,SCAMP5,SH2D7,ATP6V0C,ACTC1,ITPRIPL2,TMED10,PRKD1
CHRFAM7A,FOS,MEIS2,FAM71D,PLCB2,PAK6,GABRB3,FLRT2,FBLN5,PELI2,KCNK10,ABAT,ARHGDIG,UBE2Q2,CIB2,PRSS27,GPR176,CLEC19A,TGFB3,NPAS3
GOLGA8H,JDP2,RASGRP1,SLC8A3,KNSTRN,PLCB2,GABRA5,CCDC88C,IFI27,OTX2,GPR68,GRIN2A,PDIA2,FBXO22,DNAJA4,FLYWCH2,DISP2,ACSM5,CIPC,EGLN3
MTMR10,TGFB3,THBS1,ADAM21,ITPKA,DISP2,OCA2,UBR7,DEGS2,CCDC175,CATSPERB,TEKT5,NME4,SCAPER,CRABP1,KREMEN2,SPINT1,ACSM2A,POMT2,SSTR1
GOLGA8K,GSTZ1,PAK6,SIPA1L1,LTK,GCHFR,GOLGA8J,CCDC197,DIO3,LRRC9,TC2N,DEXI,RHBDL1,CIB2,CHRNA5,CLDN6,RHOV,IGSF6,SPTLC2,CLEC14A
GOLGA8O,STON2,PLCB2,HEATR4,PLA2G4E,TGM5,GOLGA8T,OTUB2,EXOC3L4,SYNE2,CHGA,BMERB1,WDR24,CRABP1,MINAR1,HCFC1R1,CHAC1,OTOA,ADCK1,MDGA2
GOLGA8N,DGLUCY,ITPKA,ACOT4,PLA2G4D,MAP1A,RYR3,PPP4R4,KIF26A,HSPA2,ASB2,ARL6IP1,MEIOB,CHRNA5,MTHFS,MMP25,CKMT1B,ARHGAP17,KCNK10,CDKL1
CCDC9B,SLC24A4,LTK,ACOT6,ELL3,STRC,NUTM1,TUNAR,ZBTB42,PPP1R36,OTUB2,GDE1,SYNGR3,CHRNA3,CPEB1,SEPTIN12,CKMT1A,HS3ST4,EFCAB11,MAP4K5
CHST14,FAM181A,PLA2G4E,SYNDIG1L,SLC30A4,CATSPER2,LPCAT4,VRK1,JAG2,RAD51B,BDKRB1,PDZD9,NPW,CHRNB4,AP3B2,TMEM114,CTXN2,IL4R,ITPK1,PYGL
TGM5,IFI27L1,PLA2G4D,ESRRB,CYP19A1,SHF,ZNF770,BCL11B,CRIP2,ZFP36L1,BEGAIN,ERN2,CCNF,RASGRF1,BNC1,ARL6IP1,SLC12A1,IL21R,PRIMA1,TRIM9
SERINC4,IFI27L2,CKMT1B,ISM2,DMXL2,SEMA6D,DPH6,DEGS2,CRIP1,CCDC177,AMN,IL21R,TBC1D24,ANKRD34C,ALPK3,ERN2,EID1,APOBR,SERPINA5,FRMD6
SLC28A2,SERPINA5,STRC,NRXN3,TMOD3,CTXN2,C15orf41,BEGAIN,ATP10A,SMOC1,EXOC3L4,SBK1,ATP6V0C,MINAR1,RHCG,IL27,SLC27A2,IL27,DICER1,GNG2
CEP152,SERPINA3,DUOX2,KCNK13,LEO1,SLC12A1,MEIS2,DLK1,THBS1,DNAL1,CEP170B,BOLA2,LINC00514,FAH,TICRR,CDIPT,HDC,RABEP2,CLMN,FERMT2
FAM227B,HHIPL1,DUOXA1,CALM1,BCL2L10,SLC27A2,RASGRP1,RTL1,CCDC9B,BBOF1,AHNAK2,QPRT,MTRNR2L4,CTXND1,MESP2,SEZ6L2,CYP19A1,CD19,SYNE3,BMP4
TNFAIP8L3,ANKRD9,DUOX1,CCDC88C,GNB5,TNFAIP8L3,THBS1,XRCC3,CHST14,ZC2HC1C,NUDT14,SEZ6L2,UBALD1,CFAP161,UNC45A,TLCD3B,SCG3,SPN,BDKRB2,SAMD4A
CGNL1,TEX22,SLC30A4,FBLN5,MYO5A,BCL2L10,GPR176,ZFYVE21,DLL4,FOS,GABRB3,TLCD3B,GRIN2A,TMC3,SV2B,MAPK3,LYSMD2,QPRT,BDKRB1,DLGAP5
FOXB1,GOLGA8S,DTWD1,CCDC197,ARPP19,CCPG1,PAK6,PPP1R13B,STARD9,TTLL5,GABRA5,YPEL3,TEKT5,FSD2,MCTP2,DCTPP1,ONECUT1,C16orf54,WDR20,PELI2
RORA,GOLGA8M,DMXL2,PPP4R4,GCNT3,MAP2K1,PLCB2,TDRD9,SERF2,SAMD15,GOLGA6L7,BOLA2B,NPIPA3,BNC1,LRRC28,PRSS8,WDR72,CORO1A,CINP,ARMH4
USP3,GOLGA8T,BCL2L10,TUNAR,FBXL22,SMAD3,ITPKA,INF2,B2M,C14orf178,APBA2,ZNF48,BMERB1,UBE2Q2L,TARSL2,PRSS36,UNC13C,ITGAL,TECPR2,SIX4
PIF1,GOLGA8H,GNB5,BCL11B,MAP2K1,AAGAB,LTK,SNRPN,SQOR,CEP128,FAM189A1,DCTPP1,MYH11,ALPK3,RGS11,PYDC1,GCOM1,ORAI3,AMN,KCNH5
PLEKHO2,GOLGA8O,MYO5C,EVL,LCTL,C15orf61,PLA2G4E,SNURF,TMOD3,STON2,OTUD7A,SEPHS2,ABCC1,AEN,ARHGDIG,COX6A2,ALDH1A2,PYCARD,CDC42BPB,TMEM229B
ANKDD1A,RYR3,MYO5A,DEGS2,SMAD3,SKOR1,CKMT1B,ATP10A,PRTG,PTPN21,FMN1,ZNF629,ARL6IP1,KIF7,PDIA2,SLC5A2,AQP9,ITGAM,INF2,RDH11
SLC51B,CHST14,ARPP19,BEGAIN,NOX5,GLCE,STRC,GABRB3,NEDD4,EFCAB11,NUTM1,STX1B,SYT17,MESP1,RHBDL1,NETO2,FAM81A,ITGAX,PACS2,SMOC1
RASL12,TGM5,CCPG1,TRMT61A,GLCE,CELF6,DUOXA1,GABRA5,CGNL1,DGLUCY,RHOV,PRSS36,TMC5,MESP2,GNG13,PHKB,GCNT3,ITGAD,NIPA1,DPF3
IGDCC3,PATL2,AQP9,PPP1R13B,NPTN,HCN4,DUOX1,GABRG3,MYZAP,CATSPERB,CHAC1,CBLN1,SCNN1G,NGRN,C1QTNF8,TOX3,UBAP1L,ZNF267,MKRN3,VASH1
IGDCC4,GATM,C2CD4B,TDRD9,ISLR2,REC114,SLC30A4,GOLGA8G,MYO1E,TC2N,EXD1,TOX3,SCNN1B,PRC1,EME2,CES5A,IGDCC4,ADCY7,TJP1,ANGEL1
LCTL,CEP152,CA12,NPAP1,ULK3,NPTN,DTWD1,GOLGA8J,ANXA2,GON7,ITPKA,AKTIP,CACNG3,SV2B,SYNGR3,DOK4,HACD3,SNX20,MTMR10,LRRC74A
TLE3,FAM227B,ZWILCH,SNURF,DNAJA4,CD276,DMXL2,GOLGA8T,C2CD4B,FAM181A,TYRO3,SLC12A3,ZKSCAN2,SLCO3A1,NPW,CNGB1,THAP10,NOD2,TRPM1,ZDHHC22
PARP6,WDR72,NOX5,GABRB3,ABHD17C,RPP25,BCL2L10,GOLGA8K,TPM1,IFI27L2,PLA2G4D,CIAPIN1,SBK1,ST8SIA2,TEDC2,TEPP,CELF6,SALL1,KLF13,NGB
NEO1,PRTG,NPTN,GABRA5,MEX3B,SCAMP5,GNB5,SCG5,RBPMS2,SERPINA5,LRRC57,GOT2,CDIPT,TM2D3,TBC1D24,USB1,HCN4,HNRNPA1P48,OTUD7A,POMT2
LOXL1,CGNL1,ISLR2,GABRG3,CRTC3,TMEM266,MYO5C,RYR3,RASL12,SYNE3,TGM5,PDP2,SEZ6L2,POLR3K,AMDHD2,CDH8,STOML1,MMP2,GREM1,KCNK10
CYP11A1,MYZAP,HYKK,OCA2,FAM169B,FSD2,MYO5A,NUTM1,SMAD6,BDKRB2,STRC,CES3,HIRIP3,RGS11,KREMEN2,NOL3,CYP1A1,LPCAT2,CCDC9B,RIN3
GOLGA6D,FOXB1,ARNT2,SCG5,PCSK6,NTRK3,ARPP19,LPCAT4,ITGA11,AK7,CKMT1A,B3GNT9,TLCD3B,RHBDL1,PKMYT1,EXOC3L1,RPP25,CAPNS2,TYRO3,ASB2
SNX33,PLEKHO2,TLNRD1,FMN1,HBM,NGRN,UNC13C,GOLGA8A,PAQR5,MOK,TNFAIP8L3,HSF4,YPEL3,GNG13,LINC00514,KCTD19,SCAMP5,HERPUD1,TMEM87A,SYNE3
ODF3L1,ANKDD1A,KLHL25,RYR3,HBQ1,RCCD1,CCPG1,C15orf41,UACA,C14orf180,UNC13C,EXOC3L1,SLX1A,IGFALS,CLDN9,LRRC36,TMEM266,NLRC5,GANC,DLK1
ETFA,SLC51B,AGBL1,CHRM5,PDIA2,SV2B,AQP9,MEIS2,THSD4,ZBTB42,MYZAP,ATP6V0D1,DCTPP1,NOXO1,HCFC1R1,PARD6A,CIB2,CCL22,CAPN3,MTA1
ACSBG1,RASL12,NTRK3,LPCAT4,DECR2,PGPEP1L,C2CD4B,SPRED1,NR2E3,AHNAK2,GCOM1,PARD6A,STX1B,SYNGR3,BICDL2,GFOD2,IDH3A,ADGRG5,STARD9,TMEM121
HYKK,IGDCC4,MESP2,ZNF770,WFIKKN1,POLR3K,LACTB,RASGRP1,PML,CLBA1,ALDH1A2,CDH3,PRSS36,DNASE1L2,MTRNR2L4,THAP11,RASGRF1,ADGRG1,SERINC4,OR4M2
ZFAND6,LCTL,MCTP2,C15orf41,METTL26,PDIA2,CA12,PAK6,ISLR,TEX22,AQP9,EXOSC6,SLC5A2,CCNF,SLX4,NUTF2,ANKRD34C,CKLF,FRMD5,MKRN3
FAH,TLE3,FAM169B,MEIS2,FBXL16,FBXL16,ZWILCH,PLA2G4E,STRA6,CRIP2,MINDY2,CNTNAP4,NETO2,TBC1D24,GLIS2,ESRP2,MINAR1,CMTM3,SPG11,APBA2
CTXND1,PARP6,CERS3,RASGRP1,CHTF18,MSLNL,NOX5,PLA2G4D,SNX33,CRIP1,FAM81A,SYCE1L,ABCC12,ATP6V0C,TVP23A,SYCE1L,CFAP161,CBFB,DUOX2,FAN1
GOLGA6L10,CYP11A1,HBM,THBS1,CACNA1H,BAIAP3,NPTN,ZNF106,CSPG4,TMEM121,ZWILCH,MAF,CBLN1,SLX4,ABCC1,VAT1L,MEX3B,C16orf70,DUOXA1,ARHGAP11A
KLHL25,LMAN1L,HBQ1,FSIP1,BAIAP3,MEIOB,ISLR2,TUBGCP4,CEMIP,OCA2,KIF23,NECAB2,SALL1,SRL,NPIPA9,ATMIN,HOMER2,ELMO3,GATM,GOLGA8A
HAPLN3,CPLX3,RAB40C,GPR176,MEIOB,NOXO1,DNAJA4,PPIP5K1,ISG20,GOLGA8M,ISLR2,SLC38A8,TOX3,TMEM114,PDILT,SDR42E1,MESP1,FHOD1,C15orf48,ACTC1
MFGE8,GOLGA6D,FBXL16,BUB1B,NOXO1,RAB26,HYKK,CKMT1B,HAPLN3,FSIP1,STRA6,COTL1,SLC6A2,ABCC1,ACSM2A,CDH13,MESP2,DPEP3,SLC30A4,SPRED1
RLBP1,SNX33,CCDC78,PAK6,RAB26,PDPK1,ARNT2,STRC,MFGE8,CHST14,SEMA7A,KIAA0513,CES5A,ARL6IP1,ACSM3,MEAK7,NGRN,DPEP2,SHC4,CHST14
RHCG,PSTPIP1,MSLNL,PLCB2,TEDC2,CLDN6,TLNRD1,CATSPER2,ANPEP,ELL3,UBL7,MAP1LC3B,CPNE2,SYT17,REXO5,JPH3,PGPEP1L,NFATC3,SECISBP2L,KNL1
KIF7,ACSBG1,CHTF18,RHOV,CLDN6,MTRNR2L4,CFAP161,CKMT1A,IQGAP1,SERINC4,CPLX3,CDT1,DOK4,TMC5,CHP2,VPS9D1,TM2D3,PLA2G15,FAM227B,LTK
PLIN1,CTSH,CACNA1H,ITPKA,THOC6,ADCY9,KLHL25,DUOXA1,FES,PATL2,ULK3,SLC22A31,BEAN1,PDILT,PRKCB,TUBB3,ARHGDIG,SLC7A6,USP50,TYRO3
PEX11A,FAH,NOXO1,PLA2G4E,HMOX2,TFAP4,AGBL1,DUOX1,NR2F2,FAM227B,TMEM266,VPS9D1,CES2,ACSM2A,XPO6,DBNDD1,PDIA2,CHTF8,GLDN,SPTBN5
IDH2,GOLGA6L10,RAB26,PLA2G4D,SEC14L5,NAGPA,NTRK3,C15orf48,IGF1R,HDC,LINGO1,DBNDD1,CES3,ERN2,SBK1,MYO1C,RHBDL1,CMTR2,MAPK6,EHD4
SEMA4B,ADAMTSL3,TEDC2,TGM5,RBFOX1,RBFOX1,MCTP2,SLC30A4,SYNM,MYO5C,RASGRF1,DOC2B,CES4A,CACNG3,CCDC189,RILP,GNG13,PMFBP1,ZNF280D,WDR76
CIB1,NMB,KREMEN2,PPIP5K1,TNFRSF17,RMI2,FAM169B,SEMA6D,ALDH1A3,C15orf65,CPEB1,RPH3AL,B3GNT9,TNRC6A,COX6A2,RAP1GAP2,BAIAP3,ZFHX3,TCF12,GATM
RGMA,SLC28A1,CLDN9,CKMT1B,SHISA9,SHISA9,CERS3,SLC12A1,RHBDF1,DNAAF4,AP3B2,RILP,FBXL8,ZKSCAN2,ORC6,P2RX5,FAHD1,RFWD3,ADAM10,SHC4
PGPEP1L,RLBP1,ADCY9,STRC,MRTFB,MRTFB,HBM,CYP19A1,HBA2,TEX9,BNC1,RTN4RL1,HSF4,IL21R,ABCC11,VMO1,SYNGR3,MLKL,CCNB2,SCG3
TTC23,RHCG,SEC14L5,CATSPER2,TMEM159,NPIPA8,HBQ1,BCL2L10,TMEM204,MNS1,UBE2Q2L,OR3A3,KIAA0895L,GSG1L,ZNF423,GLTPD2,CCNF,MAF,MYO1E,ONECUT1
ADAMTS17,KIF7,NAGPA,DUOX1,ANKS4B,THUMPD1,RAB40C,GNB5,SLC9A3R2,MYO1E,HAPLN3,EMC6,EXOC3L1,SEZ6L2,NUP93,C17orf107,ATP6V0C,CMIP,DAPK2,PYGO1
RHBDF1,PLIN1,RBFOX1,SHF,CRYM,TMEM159,FBXL16,ARPP19,TNFRSF12A,FAM81A,RHCG,VMO1,CARMIL2,TLCD3B,SLC12A3,KIF1C,SLX4,PLCG2,SNX1,PRTG
METRN,PEX11A,PMM2,SEMA6D,CDR2,UBFD1,CCDC78,UNC13C,MMP25,FOXB1,MESP2,GLTPD2,CDH3,MAPK3,CIAPIN1,SLC52A1,TMEM114,COTL1,SNX22,NEDD4
TPSD1,RGMA,CARHSP1,SLC12A1,AQP8,DCTN5,MSLNL,CCPG1,IL32,ANXA2,SV2B,C17orf107,CHTF8,TRIM72,DOK4,AIPL1,ARL6IP1,IRF8,UACA,TCF12
SPSB3,ARRDC4,RMI2,TNFAIP8L3,SULT1A2,CACNG3,CHTF18,RORA,SRL,TLN2,MCTP2,SLC25A11,CALB2,PYDC1,MMP15,C17orf100,HS3ST2,CYBA,LARP6,MYZAP
MSRB1,TTC23,SNN,BCL2L10,SULT1A1,SULT1A1,CACNA1H,CA12,GLIS2,PCLAF,HBZ,C1QBP,CNTNAP4,COX6A2,CDH8,RNASEK,SCNN1B,RNF166,PARP6,GCOM1
CASKIN1,METRN,TXNDC11,GNB5,SEPTIN1,NPIPB8,NOXO1,HERC1,VASN,RBPMS2,HBM,AIPL1,SYCE1L,TP53TG3D,BEAN1,EIF5A,CACNG3,PIEZO1,NEO1,RORA
VASN,C1QTNF8,SHISA9,CCPG1,SHCBP1,NPIPB12,RAB26,SMAD3,C16orf89,SLC51B,HBA2,PIMREG,MAF,VPS35,TMED6,FXR2,SEZ6L2,NXN,SEMA7A,RAB8B
C16orf96,TPSD1,MRTFB,MAP2K1,NUP93,PRRT2,TEDC2,NOX5,EMP2,SLC24A1,HBA1,PITPNM3,ATMIN,NETO2,CLEC18A,EFNB3,TLCD3B,ABR,PPCDC,USP3
C16orf89,CCDC154,PLA2G10,C15orf61,SLC12A3,ZNF689,CLDN9,GLCE,SOCS1,IQCH,HBQ1,ASGR1,HSD17B2,ABCC12,CLEC18C,KCNAB3,YPEL3,SLC43A2,ACSBG1,DAPK2
SOCS1,IGFALS,GPR139,NOX5,CCL22,STX1B,ADCY9,LRRC49,MYH11,ITGA11,ARHGDIG,SOX15,CDH13,CBLN1,CALB2,TRAPPC1,DCTPP1,SCARF1,CPEB1,SNX1
LITAF,KREMEN2,TMEM159,GLCE,CX3CL1,PRSS36,SEC14L5,REC114,ABCC6,CORO2B,PDIA2,KCNAB3,NECAB2,IRX6,TAT,GUCY2D,SEPHS2,WDR81,SH3GL3,SNX22
NPIPA2,VASN,ANKS4B,REC114,CNGB1,PYDC1,NAGPA,NPTN,ITPRIPL2,TLE3,AXIN1,TRAPPC1,SLC38A8,MMP2,ZNF821,ALOXE3,STX1B,SERPINF2,ADAMTSL3,PIF1
SYT17,C16orf96,CRYM,NPTN,NDRG4,C16orf87,RBFOX1,NEIL1,NPIPB3,GRAMD2A,GNG13,GUCY2D,GSE1,CCL22,CLEC18B,VAMP2,PRSS36,SERPINF1,SLC28A1,CILP
KNOP1,C16orf89,PDZD9,NEIL1,SETD6,CCL22,PMM2,TLNRD1,NPIPB4,TMEM202,BAIAP3,HES7,MAP1LC3B,DOK4,CNTNAP4,CCDC42,COX6A2,SMYD4,PDE8A,IGDCC3
IQCK,SOCS1,CDR2,TMEM266,CMTM2,ADGRG3,CARHSP1,CFAP161,NPIPB5,CCDC33,EME2,VAMP2,ZNF469,MMP15,NECAB2,NTN1,ZNF423,OR3A2,ISG20,MEGF11
GPRC5B,TNFRSF17,CHP2,NTRK3,CA7,CNGB1,RMI2,MEX3B,IL4R,CYP11A1,SYNGR3,ARHGEF15,SLC22A31,TERB1,SLC38A8,TMEM238L,TOX3,OR3A1,IQGAP1,LCTL
ERI2,SYT17,PRKCB,ZNF774,FBXL8,AGRP,TXNDC11,RAMAC,NUPR1,C15orf39,PKD1,SHISA6,CPNE7,CES3,JPH3,CDRT1,CX3CL1,P2RX1,MAN2A2,SMAD3
NUPR1,KNOP1,CACNG3,ST8SIA2,FHOD1,CARMIL2,SHISA9,HAPLN3,MVP,ODF3L1,RAB26,NT5M,DPEP1,HSF4,MVD,SLC5A10,DOK4,ATP2A3,SLCO3A1,SNX33
QPRT,IQCK,AQP8,RAB40C,SLC9A5,SMPD3,MRTFB,TICRR,ORAI3,NRG4,AMDHD2,MIEF2,DBNDD1,EXOC3L1,CDT1,FAM83G,ADGRG3,SPNS3,PCSK6,CSPG4
TBX6,GPRC5B,GSG1L,FBXL16,PLEKHG4,CDH3,PLA2G10,TTLL13P,PRSS8,IL16,KREMEN2,KCNJ12,SERPINF1,SLC9A5,CBFA2T3,UNC119,KATNB1,SPNS2,TARSL2,UBE2Q2
CTF1,NUPR1,NPIPB6,HAGHL,KCTD19,HAS3,GPR139,ZNF774,TGFB1I1,SAXO2,PKMYT1,AC005726.1,SLC52A1,PLEKHG4,CPNE7,DHRS13,CNGB1,ARRB2,SOX8,RCN2
HSD3B7,NPIPB9,SULT1A2,MSLNL,HSD11B2,EXOSC6,TMEM159,BLM,ZNF423,NMB,BICDL2,UNC119,C1QBP,AGRP,VPS9D1,COPRS,TEPP,CXCL16,PAQR4,PSTPIP1
GPT2,QPRT,NPIPB9,CACNA1H,AGRP,NPIPB15,ANKS4B,RAB11FIP3,NKD1,SLC28A1,MMP25,ALDOC,TMEM102,ESRP2,SPIRE2,CDK5R1,MMP15,ZMYND15,CLDN9,TSPAN3
ABCC11,PRRT2,ASPHD1,NOXO1,CARMIL2,DUXB,CRYM,RAB40C,NOD2,AKAP13,MEFV,SPAG5,SOX15,CALB2,TUBB3,ACACA,NDRG4,VMO1,CORO7,PEAK1
ZNF423,PAGR1,TRIM72,RAB26,ACD,NUDT7,PDZD9,WFIKKN1,MMP2,AGBL1,SLX4,DHRS13,ATP1B2,SYCE1L,DEF8,GPR179,SLC38A7,PLD2,SEPTIN12,LINGO1
SALL1,AC093512.2,TP53TG3D,TEDC2,C16orf86,VAT1L,CDR2,FBXL16,CAPNS2,WDR93,PPL,CORO6,CHD3,ADAMTS18,DBNDD1,GJD3,CDH8,ZNF232,SMIM22,ADAMTS7
CES1,TBX6,SHCBP1,PDPK1,ESRP2,SLC38A8,CHP2,MSLNL,CES1,CIB1,NAGPA,C17orf75,KCNAB3,ATMIN,PRDM7,IGFBP4,BEAN1,USP6,ROGDI,TMED3
BBS2,GDPD3,C16orf87,CLDN6,SMPD3,ADAD2,PRKCB,CACNA1H,MT2A,ARRDC4,GRIN2A,RASL10B,ALOXE3,HSD17B2,RPH3AL,KRT222,LRRC36,SCIMP,SEC14L5,ZFAND6
MT3,HSD3B7,NETO2,THOC6,CDH3,KIAA0513,CACNG3,EME2,MT1E,TTC23,SNN,C17orf50,VAMP2,SLC38A8,NXN,KRT19,CALB2,NLRP1,AC099489.1,CTXND1
MT2A,GPT2,ITFG1,ADCY9,TANGO6,JPH3,AQP8,IGFALS,MT1M,CERS3,SHISA9,PIGW,SHISA6,MAP1LC3B,SLC43A2,HAP1,TAT,XAF1,LITAF,ARNT2
MT1E,ABCC11,RPGRIP1L,SEC14L5,HAS3,FANCA,GSG1L,NOXO1,MT1A,NHLRC4,MRTFB,DHRS11,HS3ST3A1,JPH3,SERPINF1,HCRT,ZNF821,CLEC10A,SNX29,MEX3B
MT1M,ZNF423,IRX6,NAGPA,ST3GAL2,TUBB3,NPIPB6,NPW,MT1F,WDR90,BMERB1,GPR179,HS3ST3B1,CDT1,RTN4RL1,TUBG1,VAT1L,ASGR2,CPPED1,GOLGA6L10
MT1A,CES1,NUP93,RBFOX1,IL34,DOC2B,SULT1A2,RAB26,MT1X,METRN,AC138969.1,SRCIN1,CENPV,CDH15,OR3A3,CNTNAP1,HSD17B2,CLDN7,NOMO1,GOLGA6L9
MT1F,MT3,SLC12A3,CARHSP1,PMFBP1,RPH3AL,ASPHD1,BRICD5,HERPUD1,CCDC78,NPIPA7,LINC00672,TRPV2,SLC22A31,ZZEF1,AOC2,CDH13,TMEM102,NDE1,UBE2Q2L
MT1G,MT2A,CMTM2,GRIN2A,ZFHX3,TLCD3A,PRSS53,PGP,CETP,HAGHL,NPIPA8,STAC2,PLD6,PRDM7,GLTPD2,VAT1,MAP1LC3B,TNFSF13,MYH11,GOLGA6L4
MT1H,MT1E,CA7,SNN,NUDT7,RAP1GAP2,PRSS8,TEDC2,NLRC5,C1QTNF8,NPIPA9,MIEN1,MIEF2,GEMIN4,KIF1C,RND2,PABPN1L,CD68,NOMO3,KLHL25
MT1X,MT1M,CES4A,MRTFB,VAT1L,P2RX5,TRIM72,PKMYT1,CCDC102A,BAIAP3,CLEC19A,GJD3,SLC5A10,TIMM22,NLRP1,CFAP97D1,CPNE7,TP53,NOMO2,NTRK3
ADGRG1,MT1A,FBXL8,REXO5,BCO1,CAMKK1,TP53TG3D,LINC00514,CDH5,IFT140,TMC5,TOP2A,ULK2,RILP,AIPL1,G6PC3,TUBB3,ALOX15B,TMC7,ACAN
PRSS54,MT1F,SLC9A5,DCUN1D3,SDR42E1,AC055839.2,SHCBP1,CLDN6,CMTM3,TNFRSF12A,GPR139,IGFBP4,KCNJ12,CYB5D2,PIMREG,FAM171A2,RAP1GAP2,MFSD6L,GDE1,ABHD2
GINS3,MT1G,KCTD19,TMEM159,NECAB2,PITPNM3,C16orf87,SEPTIN12,RRAD,C16orf71,CRYM,KRT222,TMEM97,GLTPD2,CLEC10A,ITGA2B,GLTPD2,PIK3R6,CCP110,RLBP1
NOL3,MT1H,AGRP,ANKS4B,COX4I1,C17orf100,NETO2,SEC14L5,FHOD1,PPL,OTOA,HAP1,UNC119,C17orf107,GUCY2D,ADAM11,C17orf107,PIK3R5,VPS35L,FANCI
LCAT,MT1X,SMPD3,MOSMO,PABPN1L,DLG4,ITFG1,NAGPA,LCAT,EMP2,MOSMO,HCRT,ALDOC,AC055839.2,ALOX15B,C1QL1,SLC52A1,TRPV2,KNOP1,RHCG
SLC12A4,NLRC5,SNTB2,CDR2,SPATA2L,EFNB3,RPGRIP1L,RBFOX1,SLC12A4,NDE1,HS3ST2,CNTNAP1,SPAG5,PIMREG,GSG1L2,SPATA32,C1QBP,SHMT1,GPRC5B,TICRR
DPEP3,ADGRG1,CHST5,AQP8,FANCA,DNAH2,IRX6,ABAT,DPEP2,ABCC6,SCNN1G,COA3,DHRS13,PITPNM3,ARHGAP44,WNT3,AC055839.2,GRAP,ACSM1,KIF7
CYB5B,PRSS54,AC025287.4,GSG1L,DOC2B,CHD3,CDH8,PMM2,NQO1,TMC5,PRKCB,ARL4D,CORO6,C17orf100,HS3ST3A1,WNT9B,PITPNM3,GRAPL,USP31,BLM
NQO1,GINS3,DUXB,SULT1A2,RTN4RL1,KCNAB3,CMTM2,CARHSP1,ZFHX3,IQCK,CACNG3,HDAC5,CDK5R1,ASGR1,TTC19,TBX21,ASGR2,LGALS9,SLC5A11,ARRDC4
MTSS2,RRAD,CPHXL,SULT1A1,SGSM2,ALOX12B,TERB1,GRIN2A,MLKL,DNAH3,HS3ST4,ASB16,ASIC2,SOX15,TRPV2,PNPO,ASGR1,PROCA1,NPIPB6,ADAMTS17
TAT,NOL3,VAT1L,PRRT2,TRPV3,ALOXE3,CA7,TEKT5,CDYL2,VWA3A,SBK1,ATXN7L3,NLE1,GUCY2D,LRRC75A,NFE2L1,EFNB3,ABHD15,NPIPB9,ALDH1A3
MARVELD3,TPPP3,CLEC3A,ASPHD1,P2RX5,HES7,CES4A,SNN,WFDC1,SDR42E2,DOC2A,ADAM11,HNF1B,PIRT,RAI1,CBX1,KCNAB3,TP53I13,MVP,RHBDF1
TXNL4B,LCAT,CDYL2,STX1B,CAMKK1,VAMP2,FBXL8,SHISA9,CRISPLD2,IL4R,TLCD3B,C1QL1,GPR179,CENPV,MYO15A,SKAP1,GUCY2D,ADAP2,TBX6,SOX8
HP,SLC12A4,BCO1,PYDC1,ATP2A3,PFAS,HSF4,MRTFB,FOXF1,KIAA0556,CORO1A,HEXIM1,LINC00672,NT5M,SLC5A10,CACNA1G,ALOX15B,RNF135,TBC1D10B,PKMYT1
HPR,DPEP3,SDR42E1,SHCBP1,ALOX15,CCDC42,SLC9A5,CDR2,FOXC2,TMEM219,COX6A2,SPATA32,STAC2,MYO15A,FAM83G,ANKFN1,HES7,EVI2B,MYLPF,EMP2
LDHD,MTSS2,NECAB2,HEATR3,PIMREG,SHISA6,AGRP,ERN2,FOXL1,DOC2A,TP53TG3D,NSF,NR1D1,MIEF2,KCNJ12,C17orf67,VAMP2,EVI2A,STX4,AC099489.1
WWOX,TXNL4B,MBTPS1,IRX6,AC004706.3,MAPK7,SMPD3,AQP8,SLC7A5,AC093512.2,ORC6,WNT3,KRT17,SLC5A10,NEK8,DYNLL2,MYH10,CCL2,NKD1,LITAF
GCSH,HP,ADAD2,NUP93,C17orf100,RNF112,SNTB2,HS3ST4,CA5A,TBX6,ABCC12,MYL4,HAP1,USP22,PIPOX,OR4D1,SHISA6,CCL8,SALL1,ZC3H7A
GAN,HPR,C16orf95,CX3CL1,ACAP1,ALDH3A2,CLEC18C,GTF3C1,CYBA,ZNF768,CES5A,TBKBP1,CNTNAP1,NATD1,SEZ6,PPM1E,MAP2K4,UNC45B,GNAO1,TNFRSF17
MLYCD,CLEC18B,SNAI3,NDRG4,TNK1,SPECC1,CHST5,GSG1L,RPH3AL,CCDC189,DOK4,PNPO,COA3,KCNJ12,CORO6,CYB561,MYO15A,SLFN11,CPNE2,BMERB1
OSGIN1,LDHD,PABPN1L,SETD6,CHD3,USP22,AC025287.4,STX1B,NXN,CTF1,CNGB1,NFE2L1,MPP3,TMEM97,SSH2,KCNH6,NOS2,SLFN12,PLLP,NOMO3
WFDC1,CHST6,CBFA2T3,CDH8,ALOX12B,MAP2K3,DUXB,TP53TG3D,MYO1C,ORAI3,TEPP,ATP5MC1,MPP2,VTN,EFCAB5,PSMD12,TMEM97,SLFN13,DYNC1LI2,XYLT1
C16orf74,WWOX,SLC22A31,CDH11,RANGRF,NOS2,CPHXL,ORC6,SCARF1,MYLK3,CA7,GNGT2,HDAC5,UNC119,RAB11FIP4,KPNA2,UNC119,CCL3,CBFB,NOMO2
PIEZO1,BCO1,SPATA2L,CMTM2,RCVRN,LYRM9,VAT1L,ABCC11,TLCD2,AC007906.2,CES3,PHOSPHO1,C17orf53,DHRS13,PSMD11,FAM20A,ALDOC,CCL4,C16orf70,SYT17
PRDM7,GAN,FANCA,CA7,ARHGAP44,UNC119,CLEC3A,HEATR3,HIC1,RPGRIP1L,CES4A,EPN3,ATXN7L3,SEZ6,ASIC2,ABCA6,DHRS13,CCL3L1,TRADD,EEF2K
TRPV3,C16orf74,MC1R,HSD11B2,ZNF286A,SEZ6,CDYL2,CES5A,TAX1BP3,IRX3,FBXL8,SPATA20,FAM171A2,SLFN11,TMEM132E,ABCA10,CORO6,CCL4L2,PSKH1,GSG1L
SHPK,PIEZO1,RFLNB,AGRP,TBC1D26,ANKRD13B,SDR42E1,GNAO1,ATP2A3,IRX5,CARMIL2,ANKRD40CL,ADAM11,HEATR9,FNDC8,ABCA5,CDK5R1,ARL5C,CDH1,QPRT
AC233723.1,PRDM7,DPH1,CARMIL2,CCDC144A,RAB11FIP4,NECAB2,NUP93,SMTNL2,MT1E,CENPT,NME1,HEXIM1,GPR179,RASL10B,FADS6,UNC45B,IKZF3,WWP2,HSD3B7
PLD2,ABR,OR1A1,SMPD3,PLD6,LRRC37B,MBTPS1,NDRG4,PFN1,MT1A,SNTB2,TMEM100,TBKBP1,LINC00672,DHRS11,HID1,DHRS11,STAT5A,FA2H,TGFB1I1
ENO3,TLCD2,OR3A2,CDH3,FLCN,CDK5R1,ADAD2,SETD6,NLRP1,MT1F,IL34,PCTP,TBX21,GJD3,ACACA,JPT1,LHX1,TMEM106A,BCAR1,SLC5A2
SLC13A5,TRPV3,OR3A1,IL34,RNF112,FNDC8,C16orf95,CDH11,XAF1,MT1X,PHLPP2,ANKFN1,NFE2L1,KRT19,TBC1D3D,ZACN,HNF1B,CCDC200,CHST6,ZNF423
XAF1,CTNS,TRPV3,NPIPB15,SLC47A1,HEATR9,SNAI3,CA7,FBXO39,CPNE2,BCO1,NOG,ITGA3,STAT5A,GSDMA,CYGB,LINC00672,SLC4A1,CNTNAP4,NKD1
FBXO39,TAX1BP3,P2RX5,ZNRF1,ALDH3A2,C17orf78,PABPN1L,FHOD1,C17orf49,CCDC102A,CDH13,DYNLL2,SAMD14,ARL4D,RAPGEFL1,PRCD,STAC2,GRN,ADAMTS18,SNX20
ALOX12,P2RX1,CAMKK1,CHST5,CCDC144NL,TBC1D3L,CBFA2T3,SLC9A5,BCL6B,DRC7,SLC38A8,OR4D1,PPP1R9B,MEOX1,WIPF2,AC015802.6,GJD3,FZD2,CENPN,NOD2
SLC16A11,AC233723.1,ALOX15,VAT1L,LYRM9,TBC1D3D,SLC22A31,PLEKHG4,SLC16A13,CFAP20,ADAD2,MPO,NME1,MPP3,CDC6,ST6GALNAC2,KRT222,FMNL1,GCSH,TOX3
ACADVL,PLD2,CHRNE,CLEC3A,VTN,GPR179,SPATA2L,KCTD19,SLC2A4,CCDC113,ATP2C2,SEPTIN4,HLF,MPP2,RARA,MXRA7,KRT15,MAP3K14,TRAPPC2L,CHD9
SLC2A4,ENO3,GP1BA,SDR42E1,AC005726.1,PIP4K2B,FANCA,LRRC36,TMEM102,PRSS54,KIAA0513,PPM1E,OR4D1,NAGS,KLHL11,TIMP2,HAP1,ARHGAP27,ZNF276,MMP2
YBX2,FBXO39,PITPNM3,NECAB2,SPAG5,STAC2,MC1R,HSD11B2,TNFSF12,CMTM3,JPH3,TRIM37,DHX40,ASB16,ACLY,SGSH,HCRT,ITGB3,SRR,MT3
FGF11,ACADVL,KIAA0753,ADAD2,RSKR,THRA,DPH1,AGRP,TMEM88,RRAD,MVD,GDPD1,KCNH6,FAM171A2,HCRT,SLC26A11,TUBG1,EFCAB13,SPATA22,RSPRY1
CHRNB1,SLC2A4,AC004706.3,KIAA0513,ANKRD13B,RAPGEFL1,OR1A1,CARMIL2,ARHGEF15,B3GNT9,SNAI3,ABCA9,C17orf58,ADAM11,STAT5B,FSCN2,CCR10,PRR15L,ASPA,PLLP
TNFSF13,YBX2,C17orf100,C16orf95,SLC6A4,KRT222,OR3A2,PARD6A,PIK3R6,LRRC36,CPNE7,ABCA6,SSTR2,HEXIM1,CCR10,MCRIP1,CNTNAP1,HOXB2,TRPV3,ADGRG1
SHBG,FGF11,ACAP1,JPH3,ATAD5,KRT15,OR3A1,CTRL,MYOCD,TPPP3,SPATA33,ABCA10,SDK2,SPATA32,CFAP97D1,ARHGDIA,RND2,HOXB3,SHPK,ADGRG3
ATP1B2,TNFSF13,TNK1,PABPN1L,FNDC8,P3H4,P2RX5,SMPD3,PMP22,ZDHHC1,SPATA2L,ABCA5,RAB37,CRHR1,HDAC5,NPB,MPP2,GNGT2,CTNS,KIFC3
TP53,SHBG,EFNB3,SPATA2L,C17orf50,KLHL10,CAMKK1,CDH3,ADORA2B,ENKD1,FANCA,RAB37,FADS6,WNT3,C17orf53,MAFG,PYY,ABI3,TAX1BP3,MMP15
PER1,ATP1B2,ALOX12B,FANCA,HEATR9,KCNH4,ALOX15,NQO1,TRPV2,TSNAXIP1,TUBB3,FADS6,TEN1,WNT9B,ASB16,PYCR1,NAGS,ZNF652,NCBP3,GINS3
SLC25A35,TP53,ALOXE3,DOC2B,CCL5,CFAP97D1,CHRNE,NOB1,GRAP,SLC12A4,DBNDD1,CDR2L,EVPL,ITGB3,SLC4A1,RAC3,C17orf53,EME1,SPNS2,CMTM3
TMEM220,PER1,GLP2R,RFLNB,RDM1,ITGA2B,GP1BA,ST3GAL2,GRAPL,NQO1,DOC2B,RNF157,RNF157,EFCAB13,SPATA32,EPB41L3,ATXN7L3,ACSF2,MED11,CBFB
TMEM238L,SLC25A35,RCVRN,TLCD3A,EPOP,CRHR1,KIAA0753,IL34,MFAP4,HYDIN,RPH3AL,QRICH2,CYGB,PNPO,CRHR1,TMEM200C,FAM171A2,ABCC3,PFN1,B3GNT9
HS3ST3A1,KRBA2,GAS7,OR1A1,FBXO47,STH,AC004706.3,PKD1L3,MTRNR2L1,ZNF23,SERPINF1,UBE2O,PRCD,CBX1,MAPT,L3MBTL4,ADAM11,TEX14,ZNF232,DPEP3
PMP22,NDEL1,MYH13,OR3A2,PPP1R1B,NSF,C17orf100,CDYL2,LGALS9,ZNF19,RTN4RL1,AANAT,TIMP2,ITGA3,STH,ARHGAP28,C1QL1,PRR11,TMEM256,WWP2
ADORA2B,CCDC42,ARHGAP44,OR3A1,STARD3,RPRML,ACAP1,BCO1,TNFAIP1,CHST4,RAP1GAP2,CYGB,RBFOX3,EPN3,GNGT2,PTPRM,HEXIM1,C17orf64,TMEM102,CLEC18A
LRRC75A,TMEM220,TBC1D26,P2RX5,PNMT,MYL4,TNK1,SDR42E1,RNF135,CHST6,CAMKK1,PRCD,SLC25A10,SPATA20,NGFR,MTCL1,SPATA32,MRC2,GAS7,MTSS2
SREBF1,TMEM238L,FLCN,CAMKK1,TNS4,TBKBP1,EFNB3,HSD17B2,CCL2,CHST5,SLC52A1,LGALS3BP,NPB,CACNA1G,ITGA3,MC5R,CRHR1,MAP3K3,MYH3,MARVELD3
TOM1L2,PIRT,B9D1,PITPNM3,KRT14,IGF2BP1,ALOX12B,CBFA2T3,UNC45B,TMEM231,AC055839.2,RBFOX3,RAC3,ANKRD40CL,SAMD14,ANKRD30B,STH,LIMD2,PMP22,HP
ALDOC,HS3ST3A1,RNF112,AC004706.3,KCNH4,FAM117A,ALOXE3,CPNE7,SLFN5,WWOX,YBX2,PVALEF,FASN,TMEM100,XYLT2,RBBP8,NSF,PECAM1,ZNF624,HPR
RAB34,PMP22,SLC47A1,C17orf100,PSMC3IP,COL1A1,GLP2R,DPEP1,SLFN11,DYNLRB2,CHD3,PDE6G,DLGAP1,PCTP,ANKRD40CL,DSC3,WNT9B,MILR1,SREBF1,FA2H
TLCD1,ADORA2B,ALDH3A2,DLG4,CNTD1,EPN3,RCVRN,SPATA2L,SLFN12,C16orf46,GUCY2D,MRPL12,TMEM200C,C17orf67,SCPEP1,SLC25A52,TBKBP1,SMURF2,LLGL1,CHST6
NEK8,RASD1,CCDC144NL,CHD3,AOC2,CACNA1G,MYH13,MC1R,SLFN13,HSBP1,ALOX15B,MYADML2,L3MBTL4,OR4D1,MSI2,SLC39A6,PNPO,GNA13,SHMT1,DUXB
TRAF4,SREBF1,NOS2,ALOX12B,PTGES3L,HLF,TBC1D26,OR1A1,SLFN12L,DNAAF1,VAMP2,RAC3,ARHGAP28,MPO,OR4D1,TPGS2,ATP5MC1,WIPI1,TRIM16L,WWOX
PIPOX,LLGL1,AC005726.1,ALOXE3,RND2,MMD,FLCN,P2RX5,TBC1D3,ATP2C2,MYH10,METRNL,PTPRM,PPM1E,MPO,CELF4,GNGT2,CD300A,EPN2,CDH13
ABHD15,ALDOC,RSKR,HES7,MPP3,ANKFN1,B9D1,ITGAE,PLXDC1,FAM92B,USP43,CLUL1,MTCL1,SKA2,HSF5,RIT2,PHOSPHO1,CD300LB,WSB1,KCNG4
TP53I13,RAB34,SEZ6,GAS7,HEXIM2,NOG,RNF112,CAMKK1,IKZF3,GALNS,GLP2R,DLGAP1,RALBP1,KCNH6,PPM1E,SYT4,EPN3,CD300C,KSR1,WFDC1
CCT6B,TLCD1,ANKRD13B,HS3ST3A1,SPATA32,PPM1E,SLC47A1,ALOX15,CSF3,DPEP1,RCVRN,AKAIN1,ZNF519,CD79B,BRIP1,SETBP1,CACNA1G,CD300LF,NLK,ATP2C2
MMP28,PIPOX,CORO6,TBC1D26,RPRML,BRIP1,ALDH3A2,AC004706.3,NR1D1,SPATA33,GAS7,EPB41L3,POTEC,LRRC37A3,KCNH6,SLC14A2,OR4D1,SLC16A5,TRAF4,CRISPLD2
TCAP,TP53I13,SLC6A4,PLD6,CDK5RAP3,CYB561,CCDC144NL,C17orf100,GJD3,SPIRE2,MYH13,TMEM200C,ANKRD29,SDK2,PRKCA,RAB27B,PPM1E,NT5C,MYO18A,GINS2
PNMT,CCL2,ASIC2,FLCN,SKAP1,LIMD2,NOS2,DLG4,IGFBP4,PRDM7,MYOCD,ARHGAP28,LAMA3,RAB37,ARSG,TCF4,KCNH6,SLC25A19,TIAF1,ZNF469
ERBB2,SLFN11,HEATR9,B9D1,TTLL6,TEX2,AC005726.1,EFNB3,KRT14,C17orf97,ARHGAP44,CABLES1,TTC39C,FADS6,SLC16A6,ATP8B1,CEP112,GRB2,SSH2,PIEZO1
NR1D1,MMP28,CCL5,MAPK7,FAM117A,RGS9,RSKR,ALOXE3,JUP,CXCL16,HS3ST3B1,ANKRD29,CABYR,H3F3B,RAB37,RNF152,CACNG5,LLGL2,OMG,SPG7
JUP,CCL15,RDM1,RNF112,SAMD14,AXIN2,SEZ6,HES7,FKBP10,AC233723.1,TRPV2,DSG1,OSBPL1A,EVPL,NAT9,CDH7,ABCA6,MYO15B,EVI2B,ZNF276
FKBP10,TCAP,LHX1,SLC47A1,SGCA,CACNG5,ANKRD13B,MYH10,GHDC,INCA1,CCDC144A,B4GALT6,CHST9,ZACN,CDR2L,C2CD4C,ABCA10,UNC13D,EVI2A,TLCD3A
DHX58,ERBB2,C17orf78,ALDH3A2,COL1A1,CACNG4,CORO6,CCDC42,STAT3,TEKT1,MYO15A,SETBP1,B4GALT6,CYGB,JPT1,SHC2,ABCA5,SPHK1,MYO1D,CXCL16
NAGLU,TNS4,DUSP14,SPECC1,RSAD1,SDK2,SLC6A4,GSG1L2,CAVIN1,SLC16A11,LYRM9,ATP5F1A,SLC39A6,PRCD,ZACN,FGF22,RAB37,RHBDF2,TMEM98,ZMYND15
PLEKHH3,FKBP10,PPP1R1B,CCDC144NL,ANKRD40CL,GRB2,ASIC2,RCVRN,PLEKHH3,KCTD11,NLK,ST8SIA5,SETBP1,RBFOX3,QRICH2,PLPPR3,FADS6,TMC6,RFFL,ENO3
FZD2,DHX58,STARD3,VTN,NME2,MGAT5B,HEATR9,GAS7,RAMP2,TMEM102,EFCAB5,IER3IP1,ST8SIA5,SLC26A11,PRPSAP1,AZU1,RNF157,TMC8,SLFN5,WSCD1
PLCD3,STAT3,PNMT,SEZ6,MMD,TIMP2,CCL5,MYH13,WNK4,WRAP53,CDK5R1,ZBTB7C,RAB27B,PDE6G,SPHK1,KISS1R,AANAT,SYNGR2,ARHGAP23,SLC13A5
COPZ2,NAGLU,GRB7,GIT1,DGKE,RBFOX3,RDM1,ARHGAP44,AOC3,DNAH2,MYO1D,C18orf32,TCF4,RAC3,UBE2O,ABCA7,CYGB,CEP295NL,SRCIN1,FBXO39
ACSF2,HSD17B1,GSDMB,ANKRD13B,TRIM25,SGSH,LHX1,TBC1D26,IFI35,CYB5D1,ASIC2,MYO5B,CCBE1,OGFOD3,AANAT,GPX4,TIMP2,ENGASE,TNS4,NLGN2
TOB1,PLEKHH3,RAPGEFL1,SLC6A4,EPX,BAIAP2,C17orf78,MPRIP,VAT1,RNF227,UNC45B,TCF4,DOK6,ENOSF1,PVALEF,EFNA2,CBX8,ENPP7,JUP,FGF11
TMEM100,WNK4,P3H4,ATAD5,TSPOAP1,NPB,DUSP14,RASD1,CD300LG,TMEM107,HEATR9,NARS,C18orf63,AKAIN1,FAAP100,ONECUT3,SGSH,TBC1D16,CNP,MPDU1
PCTP,GFAP,KLHL10,RAB11FIP4,NACA2,CCDC57,PPP1R1B,RAI1,NAGS,SLC25A35,TBC1D3D,ATP8B1,KCNG2,EPB41L3,NPLOC4,ATP8B3,SLC26A11,GAA,NAGLU,TP53
ANKFN1,DCAKD,KCNH4,COPRS,EFCAB3,RAB40B,STARD3,RNF112,GRN,RNF222,TBC1D3,CCBE1,C2CD4C,TMEM200C,PDE6G,JSRP1,MYADML2,CARD14,BRCA1,KCNAB3
MSI2,NMT1,AOC2,ASIC2,LIMD2,ZNF750,PNMT,CCDC144NL,FZD2,NTN1,SOCS7,KCNG2,SHC2,L3MBTL4,NPB,DIRAS1,RAC3,RNF213,MPP2,NTN1
TEX14,PLCD3,AOC3,TMEM132E,RGS9,B3GNTL1,GRB7,SEZ6,GJC1,CFAP52,SRCIN1,HSBP1L1,PRSS57,ARHGAP28,MAFG,SLC39A3,CLUL1,SLC38A10,MAPT,STX8
MRC2,MAP3K14,PTGES3L,RASL10B,CACNG4,METRNL,GSDMB,ANKRD13B,HIGD1B,USP43,EPOP,THEG,PLPPR3,MTCL1,RAC3,FZR1,ADCYAP1,SLC16A3,STH,USP43
SMARCD2,WNT9B,RUNDC1,C17orf50,CACNG1,ZBTB14,RAPGEFL1,SLC6A4,MYL4,TMEM238L,LINC00672,HCN2,AZU1,POTEC,METRNL,ZFR2,DLGAP1,CD7,UBE2Z,SHISA6
SMURF2,PRR15L,DHX8,HEATR9,ARSG,TMEM200C,KRT15,CPD,ITGB3,PIRT,CACNB1,AZU1,AMH,ANKRD30B,USP14,ATCAY,AKAIN1,SECTM1,ZNF652,RASD1
PRKCA,COPZ2,ETV4,CCL5,MAP2K6,L3MBTL4,P3H4,RAB11FIP4,TBX21,DNAH9,STAC2,POLR2E,JSRP1,CABLES1,CLUL1,FSD1,EPB41L3,CYBC1,NGFR,EPN2
PITPNC1,B4GALNT2,MEOX1,RDM1,KCNJ2,GNAL,KLHL10,CDK5R1,COPZ2,HS3ST3B1,NEUROD2,GPX4,LMNB2,B4GALT6,ADCYAP1,STAP2,TMEM200C,LPIN2,EME1,WSB1
C17orf58,NXPH3,PYY,DHRS11,SSTR2,CHMP1B,KCNH4,ASIC2,HOXB2,TEKT3,GRB7,ATP5F1D,DIRAS1,ASXL3,MYOM1,TNFAIP8L1,PTPRM,RAB31,ANKRD40,KSR1
AMZ2,COL1A1,NSF,MRM1,COG1,PTPN2,AOC2,TMEM132E,CALCOCO2,CDRT1,RAPGEFL1,AMH,SLC39A3,MAPRE2,MTCL1,MYDGF,MC5R,MPPE1,WFIKKN2,TRAF4
SOX9,ACSF2,RPRML,TBC1D3D,ATP5PD,ZNF519,AOC3,FNDC8,PHOSPHO1,DRC3,KRT31,TIMM13,TLE6,SLC39A6,PRELID3A,TNFSF9,GREB1L,IMPA2,SPAG9,OMG
SLC39A11,WFIKKN2,MYL4,EPOP,SUMO2,POTEC,PTGES3L,RASL10B,SGCA,FBXW10,KRT17,DIRAS1,TLE2,CELF4,SPIRE1,CD70,DSC3,LDLRAD4,CUEDC1,LRRC37B
CPSF4L,TOB1,PRR15L,CACNB1,ZACN,ANKRD30B,RUNDC1,CCL5,COL1A1,B9D1,KLHL10,SLC39A3,TLE5,TCF4,PSMG2,CAMSAP3,B4GALT6,ABHD3,VEZF1,RHBDL3
CDC42EP4,ANKFN1,FAM117A,STAC2,UBE2O,GREB1L,DHX8,DUSP14,WFIKKN2,SLC47A2,CNTNAP1,TLE2,GNA11,SERPINB11,LDLRAD4,PRR36,KLHL14,NPC1,SEPTIN4,PCGF2
TTYH2,MSI2,TAC4,PPP1R1B,MGAT5B,LAMA3,ETV4,TBC1D3D,HLF,ALDH3A1,DUSP3,TLE5,TBXA2R,DSEL,POTEC,LRRC8E,CCDC178,DSC2,YPEL2,TOP2A
BTBD17,TEX14,DLX4,GRB7,TK1,IMPACT,MEOX1,TBC1D3,CA4,SLC46A1,RUNDC3A,ATCAY,MATK,THEG,ANKRD30B,MARCH2,ASXL3,RNF125,VMP1,HAP1
GPRC5C,PRR11,PDK2,GSDMB,RBFOX3,CHST9,PYY,EPOP,TBX2,PROCA1,FAM171A2,MPND,ZFR2,C2CD4C,GREB1L,LINC01862,NOL4,MOCOS,USP32,FKBP10
SLC9A3R1,SMARCD2,COL1A1,RAPGEFL1,CBX2,B4GALT6,NSF,CACNB1,NACA2,TLCD1,ADAM11,SEMA6B,ATCAY,AZU1,ANKRD29,CDKN2D,SLC39A6,PSTPIP2,APPBP2,NAGLU
GRIN2C,GNA13,CHAD,KRT222,TBC1D16,CELF4,RPRML,STAC2,MRC2,NEK8,CRHR1,HSD11B1L,SEMA6B,AMH,LAMA3,PLPPR2,FHOD3,SMAD7,PPM1D,SLC4A1
NT5C,PRKCA,MMD,KRT14,BAIAP2,SYT4,PRR15L,PPP1R1B,CD79B,ABHD15,RPRML,NRTN,TNFAIP8L1,JSRP1,CABYR,ZNF69,CELF4,LIPG,BCAS3,ITGA2B
CASKIN2,PITPNC1,SMIM36,KLHL10,NDUFAF8,ST8SIA3,FAM117A,STARD3,SCN4A,TP53I13,TTLL6,TNFSF9,CAMSAP3,TLE6,ZNF521,ZNF878,SYT4,MALT1,ABCA8,KIF18B
ITGB4,AMZ2,EPX,ZNF385C,FSCN2,RNF152,TAC4,RAPGEFL1,ICAM2,CCT6B,NXPH3,ZNF358,PRR36,TLE2,TAF4B,HOOK2,ST8SIA5,TNFRSF11A,KCNJ2,C1QL1
UNC13D,SOX9,LPO,C17orf113,MYADML2,DOK6,DLX4,KRT222,PECAM1,GAS2L2,FAM117A,CAMSAP3,FBN3,SMIM24,B4GALT6,PRDX2,ZBTB7C,SERPINB8,SLC39A11,MYL4
TRIM47,SLC39A11,HSF5,KCNH4,NOTUM,NETO1,CHAD,KRT14,AXIN2,CCL15,TAC4,CLEC4G,OR7D2,ZFR2,CCDC178,RTBDN,MYO5B,CD226,TTYH2,NGFR
EIF4A3,CPSF4L,BRIP1,AOC2,CCDC57,ZNF407,MMD,ZNF385C,SLC16A6,LHX1,CACNA1G,PRR36,PIN1,ATCAY,ASXL3,MAST1,DCC,RTTN,KIF19,SGCA
RNF213,CDC42EP4,TANC2,NSF,RAB40B,ZADH2,SMIM36,C17orf113,WIPI1,DUSP14,ABCC3,TGFBR3L,DNMT1,NRTN,NOL4,DNASE2,RAB27B,SOCS6,SLC9A3R1,CHAD
TSPAN10,BTBD17,ACE,RPRML,B3GNTL1,TSHZ1,EPX,KCNH4,FAM20A,ERBB2,NME1,NDUFA7,SPC24,FUT3,MAPRE2,NANOS3,GRP,NFATC1,HID1,CACNA1G
DCXR,GPRC5C,LIMD2,SKAP1,GNAL,MISP,LPO,TUBG2,ABCA8,GRB7,CA10,OR7D2,ANGPTL8,CAMSAP3,FHOD3,IL27RA,CDH7,CFD,CDR2L,WFIKKN2
METRNL,SLC9A3R1,RGS9,IGF2BP1,CHMP1B,PLPPR3,HSF5,CCR10,ABCA9,TTC25,HLF,PIN1,PLPPR2,FCER2,KIAA1328,PALM3,DOK6,ARID3A,CASKIN2,CA10
MYOM1,GRIN2C,CACNG4,FAM117A,CIDEA,PRTN3,NACA2,PTGES3L,ABCA6,CAVIN1,MMD,ATG4D,ELAVL3,PRR36,CELF4,MISP3,MISP,ARHGAP45,LLGL2,TMEM100
LAMA1,MYO15B,CACNG1,RSAD1,TMEM241,KISS1R,BRIP1,RUNDC1,ABCA10,PSMC3IP,SMIM36,AP1M2,ELOF1,TGFBR3L,SIGLEC15,SLC1A6,PLPPR3,SBNO2,MYO15B,CUEDC1
RAB31,ITGB4,KCNJ2,TOM1L1,TTC39C,EFNA2,TANC2,MEOX1,GPRC5C,CCDC200,SCPEP1,SPC24,GET3,ADAMTS10,CTIF,OR10H1,AZU1,MOB3A,SMIM5,VEZF1
APCDD1,TRIM47,SSTR2,HLF,TAF4B,ONECUT3,ACE,IGF2BP1,CDR2L,CFAP97D1,PPM1E,ANGPTL8,RTBDN,OLFM2,DYM,DDA1,PRTN3,PEAK3,SMIM6,MPO
IMPA2,TRIM65,COG1,MMD,KCTD1,KLF16,LIMD2,TAC4,CASKIN2,PLCD3,EFCAB3,ELAVL3,MAST1,DNMT1,MYO5B,GTPBP3,KISS1R,ZNF556,UNC13D,TSPOAP1
ABHD3,SPHK1,MGAT5B,SMIM36,DSG2,AMH,RGS9,RSAD1,LLGL2,LRRC46,TEX2,BEST2,NFIX,CNN1,ATP8B1,TMEM221,ABCA7,GNA15,PRCD,POLG2
CABLES1,SEPTIN9,TK1,NOG,TTR,CELF5,CACNG4,CACNA1G,SPHK1,TTLL6,SSTR2,HOOK2,NANOS3,RTBDN,MC4R,RAB3A,ONECUT3,NFIC,TMC6,PRKCA
TMEM241,C17orf99,CBX2,RNFT1,CELF4,C19orf71,CACNG1,MMD,ST6GALNAC1,B4GALNT2,COG1,PRDX2,C19orf57,MAST1,GALR1,PDE4C,DIRAS1,GIPC3,SYNGR2,CACNG5
ZNF521,FSCN2,EIF4A3,TANC2,RIT2,ZFR2,KCNJ2,AKAP1,SEC14L1,NXPH3,SDK2,THSD8,IL27RA,DAND5,PARD6G,AC008397.1,TLE6,EBI3,TK1,CACNG4
AQP4,TSPAN10,BAIAP2,ACE,SYT4,ATCAY,SSTR2,YPEL2,SEPTIN9,DLX4,RAB37,RTBDN,MISP3,NFIX,THEG,IQCN,TLE2,TMIGD2,AFMID,CACNG1
DSC1,SECTM1,NOTUM,LIMD2,RNF165,SEMA6B,MGAT5B,TANC2,TMC6,DLX3,JPT1,MAST1,OR7A17,NANOS3,C2CD4C,FKBP8,TLE5,TNFAIP8L1,BIRC5,KCNJ16
GAREM1,COLEC12,CCDC57,RGS9,CXXC1,ACER1,TK1,LIMD2,SYNGR2,EME1,EVPL,FARSA,SLC1A6,PODNL1,HCN2,TMEM59L,SMIM24,TICAM1,TMEM235,KIF19
MEP1B,MYOM1,RAB40B,CACNG5,SKA1,PSPN,CBX2,CACNG5,SOCS3,MYCBPAP,SEPTIN9,DAND5,CYP4F22,IL27RA,FGF22,HOMER3,FZR1,PLIN3,DNAH17,BTBD17
DTNA,TGIF1,B3GNTL1,CACNG4,DCC,SLC25A41,BAIAP2,KCNJ2,LGALS3BP,WFIKKN2,RBFOX3,NANOS3,FAM32A,PRKACA,PRSS57,CILP2,ZFR2,ARRDC5,CYTH1,CASKIN2
SLC14A1,LAMA1,GNAL,MGAT5B,ST8SIA3,TNFSF9,NOTUM,SDK2,C1QTNF1,TOB1,NPTX1,MISP3,TMEM221,OR7A17,AZU1,LPAR2,ATCAY,UHRF1,TIMP2,MYO15B
KATNAL2,APCDD1,CHMP1B,RBFOX3,ONECUT2,PRR36,CCDC57,MXRA7,CBX2,STXBP4,PDE6G,PRKACA,NIBAN3,CCDC105,KISS1R,GMIP,NMRK2,DENND1C,CEP295NL,GALK1
ZBTB7C,IMPA2,CIDEA,NPTX1,CDH7,SNAPC2,RAB40B,MGAT5B,NOTUM,ANKFN1,RAC3,NR2F6,UNC13A,NIBAN3,ABCA7,ZNF675,SHD,TNFSF14,LGALS3BP,UNK
ACAA2,TUBB6,LDLRAD4,BAIAP2,DSEL,CTXN1,B3GNTL1,RBFOX3,CD7,NOG,CLUL1,ANKLE1,KCNN1,INSL3,MEX3D,ZNF726,FSD1,C3,CARD14,RNF157
MAPK4,ZNF521,POTEC,BAHCC1,PLPPR3,ADAMTS10,PTPRM,BAIAP2,SECTM1,MSI2,ADCYAP1,MRPL34,RAB3A,JAK3,TLE6,VSTM2B,SEMA6B,VAV1,AATK,TNRC6C
MRO,AQP4,ANKRD30B,MYADML2,PRTN3,ICAM5,GNAL,PVALEF,COLEC12,VEZF1,DLGAP1,DDA1,AC008397.1,AC008397.1,TLE2,CCNE1,FUT6,ADGRE1,PVALEF,CBX8
RAX,CHST9,GREB1L,NOTUM,KISS1R,PDE4A,CHMP1B,MYADML2,YES1,MKS1,ANKRD62,NIBAN3,HAPLN4,IQCN,ZFR2,CHST8,TNFSF9,PCP2,RAB40B,PYCR1
CDH20,DSC1,TMEM241,CCDC57,CBARP,AP1M2,CIDEA,NOTUM,NDC80,RNF43,CIDEA,INSL3,YJEFN3,HAPLN4,CREB3L3,KRTDAP,TNFSF14,STXBP2,FN3K,YES1
PHLPP1,DSG1,PSMA8,RAB40B,ADAMTSL5,PLPPR2,ZNF519,CCDC57,MYL12A,MRC2,MC5R,RAB3A,CILP2,TM6SF2,FSD1,DMKN,TEX45,CD209,TYMS,NDC80
BCL2,GAREM1,TAF4B,B3GNTL1,PLK5,ADGRL1,POTEC,NARF,MYL12B,MARCH10,ZNF519,FKBP8,PBX4,PBX4,SH3GL1,TMEM147,CLEC4G,PRAM1,ENOSF1,EMILIN2
DIPK1C,MEP1B,KCTD1,PTPRM,LINGO3,SLC1A6,ANKRD30B,RAB40B,APCDD1,CYB561,RBBP8,REX1BD,ZNF675,ZNF253,KDM4B,LRFN3,PRR36,MYO1F,EMILIN2,MYOM1
ZNF516,DTNA,DSG1,GNAL,GNG7,CCDC105,GREB1L,ZNF750,TUBB6,PRR29,TTC39C,HAPLN4,ZNF681,ZNF93,PTPRS,SYNE4,TGFBR3L,ZNF846,PIEZO2,TMEM200C
SALL3,SLC14A1,DSG2,GREB1L,CELF5,ANKLE1,TMEM241,PTPRM,LAMA3,KCNJ16,CABYR,TM6SF2,ZNF726,ZNF66,TINCR,ALKBH6,OR7D2,ANGPTL6,GREB1L,PPP4R1
NFATC1,ZBTB7C,CCDC178,TMEM241,MATK,INSL3,PSMA8,GNAL,SLC25A52,SOX9,CDH2,ZNF738,CCNE1,ZNF85,FUT6,CLIP3,CDKN2D,ICAM1,RMC1,RAB31
FSTL3,ACAA2,RIT2,TAF4B,ZFR2,SLC5A5,TAF4B,CHMP1B,PSTPIP2,CDC42EP4,DSC3,ZNF208,ZNF536,ZNF738,CAMSAP3,TBCB,BEST2,DNM2,NPC1,APCDD1
PALM,MRO,SIGLEC15,KCTD1,FSD1,KCNN1,KCTD1,ZNF519,C18orf54,SDK2,DSC2,ZNF730,KCTD15,ZNF208,FCER2,CAPNS1,PRDX2,C19orf38,OSBPL1A,MC5R
MIDN,RAX,SKA1,CDH2,STAP2,MAST3,DSG1,TAF4B,CCDC68,DNAI2,DSG2,ZNF724,WTIP,ZNF257,CLEC4G,SPINT2,RNASEH2A,TSPAN16,SS18,ZNF521
APC2,CDH20,MAPK4,DSG1,NRTN,PDE4C,DSG2,KCTD1,ATP8B1,KIF19,MEP1B,ZNF681,SCN1B,ZNF676,LRRC8E,C19orf33,RTBDN,SWSAP1,RNF125,SS18
ADAMTSL5,BCL2,DCC,FHOD3,SLC25A41,AC008397.1,RIT2,DSC3,GRP,BTBD17,ASXL3,ZNF726,FXYD7,ZNF729,CCL25,GGN,MAST1,EPOR,GAREM1,CHST9
PLK5,HMSD,ST8SIA3,CELF4,ICAM5,IQCN,SIGLEC15,DSG1,PMAIP1,GPRC5C,CELF4,UQCRFS1,ATP4A,ZNF98,MBD3L1,SPRED3,CACNA1A,RGL3,MAPRE2,KLHL14
MKNK2,DIPK1C,ONECUT2,RNF165,CDKN2D,PBX4,SKA1,DSG2,RNF152,FDXR,SETBP1,CCNE1,UPK1A,ZNF99,FBXL12,ECH1,NANOS3,ZNF700,ZNF397,NOL4
IZUMO4,SALL3,NEDD4L,LOXHD1,QTRT1,ZNF492,MAPK4,INO80C,PARD6G,SLC16A5,SLC14A2,ZNF536,HSPB6,ZNF723,OLFM2,LRFN1,PALM3,MAN2B1,ZNF24,SLC39A6
GADD45B,NFATC1,RELCH,ST8SIA3,ZNF709,LRP3,DCC,GALNT1,PLPP2,LLGL2,RNF165,WTIP,PRODH2,ZNF728,AP1M2,LGALS13,PRKACA,DNASE2,C18orf54,DCC
HMG20B,THEG,CDH7,ONECUT2,C19orf53,FXYD7,ST8SIA3,FHOD3,MIER2,MYO15B,ST8SIA5,SCN1B,LRFN3,ZNF730,LDLR,TTC9B,OR10H1,LYL1,FECH,C18orf54
PLIN4,GZMM,CD226,NEDD4L,CC2D1A,GAPDHS,ONECUT2,TPGS2,ODF3L2,SMIM5,RAB27B,COX6B1,SDHAF1,ZNF724,TSPAN16,PLD3,ANKLE1,TRMT1,CDH20,RAB27B
PLIN5,FSTL3,RTTN,CDH7,ADGRL1,UPK1A,NEDD4L,RIT2,GZMM,ITGB4,ATP8B1,HSPB6,CLIP3,ZNF675,RAB3D,CYP2S1,TMEM221,ASF1B,PHLPP1,TCF4
PLIN3,PALM,KCNG2,DOK6,PTGER1,DPF1,RELCH,SYT4,BSG,FOXJ1,ALPK2,LRFN3,TBCB,ZNF681,ELAVL3,RABAC1,NXNL1,CLEC17A,KDSR,CDH20
RFX2,MIDN,MISP,NETO1,SLC1A6,FAM98C,CDH7,SIGLEC15,PRSS57,SPHK1,GRP,SDHAF1,COX7A1,ZNF726,CNN1,ATP1A3,UNC13A,ADGRE2,HMSD,PHLPP1
ACSBG2,APC2,PRTN3,ZNF407,CCDC105,FBXO27,CD226,C18orf25,PTBP1,AC015802.6,CCBE1,CLIP3,SPINT2,ZNF536,ZNF439,DEDD2,INSL3,RASAL3,SERPINB8,DSEL
TRIP10,PCSK4,CBARP,ZADH2,OR10H1,LRFN1,ZNF516,RNF165,CNN2,ST6GALNAC2,MC4R,COX7A1,GGN,TSHZ3,ZNF69,PAFAH1B3,RAB3A,PGLYRP2,CDH19,DIPK1C
ANGPTL4,ADAMTSL5,KLF16,TSHZ1,TMEM38A,HIPK4,MISP,LOXHD1,ADAMTSL5,SOCS3,TNFRSF11A,WDR87,CCER2,SCGB2B2,ZNF763,LYPD3,AC008397.1,HAUS8,DSEL,ZADH2
OLFM2,PLK5,JSRP1,TXNL4A,IL12RB1,SPTBN4,PRTN3,ST8SIA5,ATP8B3,ENPP7,SERPINB13,SPINT2,MRPS12,FAM187B,ZNF878,ZNF233,TMEM59L,MYO9B,DIPK1C,GALR1
COL5A3,MKNK2,LINGO3,PLPPR3,MAST3,LTBP4,KISS1R,SMAD7,GADD45B,CCDC40,SERPINB11,SPRED3,FBXO27,KRTDAP,ZNF625,IGSF23,HAPLN4,PLVAP,CNDP2,SALL3
ICAM3,IZUMO4,TMPRSS9,PRTN3,SSBP4,ATP1A3,CBARP,MAPK4,HMG20B,LRRC45,DOK6,MRPS12,LRFN1,DMKN,ZNF442,PVR,PBX4,CCDC194,CNDP1,PARD6G
SLC44A2,GADD45B,GNG7,KISS1R,UBA52,POU2F2,KLF16,ST8SIA3,GIPC3,METRNL,CBLN2,FBXO27,PAF1,HSPB6,HOOK2,CEACAM19,LPAR2,BST2,MBP,SHC2
TMED1,SMIM24,CELF5,CBARP,TMEM59L,CIC,JSRP1,ATP8B1,TBXA2R,COLEC12,C18orf63,LRFN1,DLL3,PRODH2,THSD8,RTN2,ZNF729,COLGALT1,PLPP2,MIDN
CCDC159,HMG20B,SMIM24,REXO1,YJEFN3,PRR19,LINGO3,NEDD4L,PIP5K1C,TGIF1,KCNG2,EID2,EID2,SDHAF1,RTBDN,IRF2BP1,ZNF99,JAK3,ODF3L2,EFNA2
RGL3,PLIN4,TJP3,KLF16,ZNF507,LYPD3,TMPRSS9,ALPK2,TNFAIP8L1,LAMA1,THEG,LGALS13,TTC9B,SYNE4,MAST1,PNMA8C,ZNF730,ARRDC2,HCN2,MEX3D
ZNF844,PLIN5,MATK,LINGO3,DPY19L3,ZNF575,GNG7,CDH7,TRIP10,GATA6,C2CD4C,B3GNT8,ATP1A3,ZNF566,MRI1,PNMA8B,ZNF675,IL12RB1,NDUFS7,LINGO3
BEST2,PLIN3,NMRK2,GNG7,TDRD12,KCNN4,CELF5,NETO1,CD320,CHST9,FGF22,ATP1A3,GSK3A,ZNF540,NANOS3,GNG8,ZNF681,IFI30,GAMT,TLE6
JUNB,UHRF1,SLC25A41,DIRAS1,WDR88,LYPD5,SMIM24,TIMM21,KANK3,DSG2,PLPPR3,GSK3A,PAFAH1B3,WDR87,PODNL1,TMEM160,GPI,LRRC25,DAZAP1,TLE2
DNASE2,RFX2,SLC25A23,CELF5,CHST8,CEACAM19,TJP3,KCNG2,ICAM1,ZNF396,AZU1,PAFAH1B3,TMEM145,SPINT2,PALM3,BBC3,SCN1B,HOMER3,MEX3D,ATCAY
GCDH,TNFSF14,STXBP2,C19orf71,FXYD7,ZNF296,MATK,SLC66A2,ICAM3,MOCOS,CFD,PRR19,PSG3,RYR1,PRKACA,INAFM1,KRTDAP,MEF2B,ABHD17A,SHD
SYCE2,TRIP10,CTXN1,ZFR2,FXYD5,NKPD1,NMRK2,CBARP,LDLR,KATNAL2,KISS1R,TMEM145,LYPD3,MAP4K1,ASF1B,TPRX1,ATP4A,LPAR2,SGTA,UHRF1
DAND5,SH2D3A,ICAM5,SLC25A41,FAM187B,NOVA2,FUT6,EFNA2,KANK2,ZBTB7C,ABCA7,MEGF8,IRGQ,CCER2,GIPC1,GRIN2D,UPK1A,GMIP,DOHH,FUT6
DNAJB1,ANGPTL4,ZGLP1,SLC25A23,GAPDHS,IGFL4,SLC25A41,REEP6,DOCK6,MYO5B,JSRP1,IRGQ,PVR,FBXO17,OR7A17,GRWD1,SYNE4,ZNF90,HMG20B,TRIP10
TECR,COL5A3,FDX2,CTXN1,ATP4A,IGFL2,SLC25A23,ADAMTSL5,ANGPTL8,CFAP53,SMIM24,ZNF576,CEACAM19,FBXO27,CYP4F22,FUT1,CLIP3,ZNF486,PIAS4,PCP2
EPHX3,ICAM3,PDE4A,CCL25,ARHGAP33,PNMA8C,STXBP2,PLK5,CNN1,HMSD,PIP5K1C,CADM4,BCL3,LRFN1,CALR3,LIN7B,WDR62,ZNF100,PLIN3,EVI5L
CYP4F11,LDLR,ZNF441,ICAM5,PRODH2,PNMA8A,CTXN1,TCF3,ACP5,FBXO15,MATK,LYPD5,CBLC,DLL3,SIN3B,PPFIA3,WDR87,ZNF257,TUBB4A,ELAVL1
NWD1,EPOR,THSD8,PDE4A,NPHS1,MEIS3,ICAM5,REXO1,ZNF442,SALL3,ZFR2,ZNF222,NECTIN2,SELENOV,DDA1,PRRG2,SPINT2,CEBPA,TNFSF9,CCL25
ANO8,RGL3,CACNA1A,AP1M2,KIRREL2,SLC8A2,ZGLP1,KLF16,ZNF799,NFATC1,ATCAY,ZNF233,BLOC1S3,EID2B,UNC13A,ADM5,SPRED3,GRAMD1A,INSR,FBN3
TMEM221,ACP5,PTGER1,ZNF440,DPF1,SYNGR4,FDX2,GNG7,JUNB,PARD6G,CREB3L3,BCL3,BHMG1,LGALS13,AC008397.1,MYBPC2,FBXO27,SCN1B,ARHGEF18,OLFM2
NXNL1,BEST2,SLC1A6,ADGRL1,CAPN12,LMTK3,ZNF441,CELF5,LYL1,GRIN3B,ANKRD24,TOMM40,IGFL4,CNTD2,HAPLN4,FAM71E1,LRFN1,HPN,PEX11G,DNMT1
SLC27A1,JUNB,CCDC105,SLC1A6,RINL,CA11,THSD8,ANKRD24,IER2,PCSK4,FSD1,EML2,PNMA8A,B3GNT8,TM6SF2,ASPDH,LGALS13,FXYD5,TEX45,S1PR2
CRLF1,DNASE2,TMEM38A,CCDC105,FBXO17,DHDH,CACNA1A,SHD,IL27RA,SCAMP4,SH3GL1,IRF2BP1,PNMA8B,ATP1A3,TSSK6,SYT3,TTC9B,HAMP,ZNF358,ZNF491
KLHL26,GCDH,UNC13A,OR10H1,FBL,KCNC3,PTGER1,SEMA6B,ADGRE5,HMG20B,SEMA6B,IGFL4,CALM3,POU2F2,ZNF208,SHANK1,SPTBN4,FFAR2,EVI5L,ZNF625
CERS1,DAND5,IL12RB1,AP1M1,HIPK4,LRRC4B,SLC1A6,PTPRS,OR7C1,NMRK2,TNFAIP8L1,PNMA8C,NPAS1,TMEM145,ZNF729,ACP4,CYP2S1,IGFLR1,CERS4,ZNF442
HOMER3,NFIX,MAST3,TMEM38A,SPTBN4,SHANK1,CCDC105,FUT6,OR7A5,PLIN3,HSD11B1L,PNMA8A,TMEM160,ZNF222,ZNF723,KLK15,B3GNT8,NFKBID,RAB11B,CACNA1A
MEF2B,IER2,YJEFN3,FCHO1,LTBP4,AC010325.1,TMEM38A,SLC25A41,SYDE1,UHRF1,FUT6,PNMA8B,BBC3,ZNF233,CCNE1,KLK10,ATP1A3,HCST,KEAP1,ZSWIM4
RFXANK,EPHX3,ZNF737,SLC5A5,TMEM91,ACP4,UNC13A,SLC25A23,NOTCH3,CATSPERD,TUBB4A,CALM3,INAFM1,ZNF112,TSHZ3,IGLON5,TMEM145,TYROBP,S1PR5,MYO9B
NCAN,CYP4F3,ZNF66,IL12RB1,EXOSC5,HAS1,IL12RB1,PCP2,EPHX3,FUT3,TNFSF9,DACT3,MEIS3,PVR,KIAA0355,HAS1,CEACAM20,KCNK6,DNM2,TM6SF2
ZNF98,CYP4F12,VSTM2B,MAST3,GRIK5,ZNF534,MAST3,CCL25,TPM4,CAPS,CAMSAP3,TMEM160,ZNF541,CEACAM19,SYNE4,CACNG7,PVR,RASGRP4,CCDC159,ZNF93
ZNF728,CYP4F11,TDRD12,SSBP4,CNFN,MYADM,YJEFN3,LINC01862,KLF2,RFX2,CLEC4G,BBC3,TPRX1,IGFL4,ALKBH6,MBOAT7,CD3EAP,RYR1,PRKCSH,ZNF486
ZNF730,CALR3,SLC7A9,CRTC1,CXCL17,CACNG8,ZNF737,ICAM5,USHBP1,MLLT1,PRR36,INAFM1,SULT2A1,PNMA8A,THAP8,SYT5,PNMA8C,MAP4K1,ELAVL3,ZNF85
RHPN2,NWD1,WDR88,SUGP2,PSG8,MBOAT7,ZNF66,ZGLP1,CCDC194,PEX11G,TGFBR3L,GRIN2D,BSPH1,PNMA8B,WDR62,COX6B2,PNMA8A,GMFG,RNASEH2A,ZNF431
SLC7A10,CPAMD8,KRTDAP,NCAN,PSG1,NLRP7,VSTM2B,PDE4A,BST2,LRRC8E,CTXN1,GRWD1,GRIN2D,SLC1A5,ZNF571,IL11,PNMA8B,ZFP36,NFIX,ZNF738
KCTD15,ANO8,DMKN,YJEFN3,PSG6,SYT5,TDRD12,AP1M2,ARRDC2,CTXN1,CERS4,TULP2,GRWD1,BBC3,WDR87,UBE2S,CALM3,FCGBP,ADGRE5,ZNF100
FXYD3,TMEM221,SBSN,TDRD12,PSG7,SHISA7,SLC7A9,ZNF878,PDE4C,TMED1,OR7D2,LIN7B,DBP,MEIS3,SIPA1L3,ISOC2,NPAS1,SERTAD3,DDX39A,ZNF43
LGI4,NXNL1,GAPDHS,LRP3,PSG11,NLRP5,WDR88,ADGRL1,GDF15,CCDC151,ICAM5,IZUMO2,FUT1,TPRX1,SPRED3,SMIM17,TMEM160,SHKBP1,TECR,ZNF257
FXYD1,JUND,ZBTB32,FXYD7,PSG2,ZIM2,KRTDAP,SLC1A6,ISYNA1,ZNF20,FDX2,KCNC3,DHDH,ZNF114,CAPN12,PEG3,BBC3,CYP2S1,ADGRE2,ZNF676
IGFLR1,GDF15,NPHS1,NPHS1,PSG5,PEG3,SBSN,CCDC105,PLEKHF1,FBXW9,CDKN2D,FAM71E1,PPFIA3,GRIN2D,DMAC2,UBE2M,INAFM1,AXL,OR7A5,ZNF729
GGN,CRLF1,KIRREL2,KIRREL2,PSG4,ZIK1,GAPDHS,AP1M1,WTIP,NFIX,SPC24,ASPDH,IZUMO2,FAM83E,ZNF574,TRIB3,ZNF541,TGFB1,TPM4,ZNF492
LGALS4,CERS1,FBXO17,ZNF382,PSG9,ZCCHC3,ZBTB32,TMEM38A,FXYD5,IER2,TSPAN16,SYT3,SYT3,TULP2,PSG4,SRXN1,SULT2A1,CCDC97,MYO9B,ZNF99
C19orf54,HOMER3,ACP7,DPF1,TEX101,TRIB3,ARHGAP33,FCHO1,FAM187B,PODNL1,RAB3D,SIGLECL1,SHANK1,DHDH,ZNF221,ANGPT4,GRIN2D,CEACAM21,SLC27A1,ZNF728
AXL,MEF2B,CNTD2,FBXO17,ZNF575,FAM110A,NPHS1,KCNN1,LSR,IL27RA,CNN1,IGLON5,KLK4,ATF5,ZNF233,TMEM74B,GRWD1,CEACAM4,NIBAN3,ZNF730
ZNF404,RFXANK,HIPK4,ACP7,PINLYP,SDCBP2,KIRREL2,MAST3,COX7A1,MISP3,RTBDN,VSIG10L,KLK10,IZUMO2,CEACAM20,SIRPG,FUT1,ARHGEF1,FCHO1,ZNF681
BCAM,NCAN,PRR19,HIPK4,ZNF428,FKBP1A,CNTD2,SSBP4,PPP1R14A,SYDE1,MAST1,CLDND2,IGLON5,FAM71E1,GEMIN7,ADRA1D,PPFIA3,POU2F2,ARRDC2,ZNF726
APOE,ZNF98,CNFN,SPTBN4,LYPD5,SIRPG,HIPK4,ELL,C19orf33,C19orf44,NANOS3,HAS1,VSIG10L,SYT3,CKM,PRNP,MYBPC2,PLAUR,MAST3,VSTM2B
APOC1,ZNF730,PSG1,LTBP4,NKPD1,PDYN,SPTBN4,NCAN,ACTN4,NWD1,C19orf57,ZNF578,PPP2R1A,SHANK1,RTN2,PRND,FAM71E1,APOC4,HOMER3,PLEKHF1
APOC4,RHPN2,PSG6,TMEM91,EXOC3L2,TMC2,PRR19,YJEFN3,GMFG,OCEL1,PALM3,ZNF765,ZNF578,KLK15,EML2,PROKR2,SYT3,APOC2,MEF2B,TSHZ3
APOC2,SLC7A10,PSG7,ERFL,SNRPD2,CDC25B,CNFN,CCNE1,ZFP36,NXNL1,OR7A17,DPRX,ZNF468,KLK10,RSPH6A,CHGB,SHANK1,RELB,TSSK6,DPY19L3
FOSB,KCTD15,PSG11,GRIK5,QPCTL,RNF24,PSG6,TDRD12,PLEKHG2,SSBP4,SIN3B,CACNG7,ZNF765,IGLON5,INAFM1,TRMT6,KLK4,GEMIN7,ZNF90,RHPN2
SIX5,FXYD3,PSG2,POU2F2,NOVA2,PRNP,PSG7,GPI,PRX,CRLF1,UNC13A,NDUFA3,ZNF761,VSIG10L,MEIS3,TMX4,KLK5,PPP1R13L,ZNF486,SLC7A10
HIF3A,LGI4,PSG5,PSG3,PGLYRP1,TMX4,PSG11,FFAR2,SERTAD1,MEF2B,INSL3,GP6,CACNG7,HAS1,TPRX1,ANKEF1,KLK10,PPM1N,ZNF708,CHST8
CCDC8,FXYD1,PSG4,PSG1,IGFL4,PLCB1,PSG5,PRODH2,SERTAD3,RHPN2,KCNN1,RDH13,CACNG8,DPRX,SYNGR4,ISM1,IGLON5,VASP,ZNF738,KCTD15
EHD2,IGFLR1,PSG9,PSG6,IGFL2,LAMP5,PSG9,NPHS1,SHKBP1,DMKN,MAST3,ISOC2,FIZ1,OSCAR,GRIN2D,NDUFAF5,HAS1,PTGIR,ZNF676,FFAR2
ZNF114,HSPB6,TEX101,PSG7,CALM3,PAK5,TEX101,KIRREL2,AXL,PSENEN,RAB3A,NLRP8,ZNF470,COX6B2,KCNJ14,FLRT3,MYADM,SLC1A5,ZNF728,ZNF260
BCAT2,SERTAD1,KCNN4,PSG11,MEIS3,SNAP25,KCNN4,DPF1,B3GNT8,HSPB6,PDE4C,SMIM17,SMIM17,IL11,SPHK2,RBBP9,CACNG7,C5AR1,VSTM2B,ZNF850
HSD17B14,ITPKC,IGSF23,PSG2,SLC8A2,FLRT3,NKPD1,HIPK4,ERICH4,PROSER3,TMEM59L,ZNF835,ZIM2,ZFP28,FUT1,SLC24A3,CACNG8,C5AR2,PLEKHF1,SIPA1L3
PLEKHA4,C19orf54,NKPD1,PSG5,TMEM143,BFSP1,EXOC3L2,GRIK5,PHLDB3,ACTN4,ZNF492,ZIM2,ZBTB45,SMIM17,LIN7B,INSM1,MBOAT7,CARD8,ZNF536,SIRT2
PPP1R15A,MIA,EXOC3L2,PSG9,LMTK3,INSM1,CKM,CNFN,BCL3,COQ8B,ZNF675,PEG3,NRSN2,ZIM2,PPFIA3,GINS1,RDH13,BAX,HPN,CCER2
FTL,AXL,CKM,ZNF575,CA11,NAPB,KLC3,PSG3,BCAM,C19orf54,VSTM2B,ZBTB45,TRIB3,PEG3,TRPM4,NINL,EPS8L1,TRPM4,MAG,PLEKHG2
FLT3LG,ARHGEF1,KLC3,KCNN4,DHDH,NANP,PPM1N,PSG8,NECTIN2,B9D2,TSHZ3,UBE2M,TCF15,ZCCHC3,IZUMO2,C20orf203,SYT5,CD37,CD22,DLL3
FCGRT,ZNF404,RTN2,LYPD5,C19orf73,GSS,GIPR,PSG1,RELB,GIPR,FAAP24,NRSN2,SRXN1,TRIB3,MYH14,DYNLRB1,IL11,CCDC155,FFAR1,SELENOV
BCL2L12,APOE,PPM1N,MARK4,PRRG2,MMP24,RSPH6A,PSG6,PPP1R13L,SIX5,CHST8,SRXN1,SCRT2,TCF15,NAPSA,MAP1LC3A,SMIM17,ALDH16A1,APLP1,TTC9B
NAPSA,ZNF296,GIPR,NKPD1,CPT1C,MROH8,PGLYRP1,PSG7,VASP,CCDC8,LGI4,SCRT2,TMEM74B,SRXN1,SPIB,MMP24,PEG3,FCGRT,OVOL3,CNTD2
CLDND2,PPP1R13L,RSPH6A,KLC3,AC010325.1,BLCAP,TMEM143,PSG11,GPR4,PNMA8C,FXYD7,SNPH,GNRH2,EBF4,MYBPC2,SPAG4,NRSN2,RCN3,TBCB,ITPKC
ZNF331,FOSB,PGLYRP1,ERCC1,KLK5,SLC32A1,CA11,PSG2,SIX5,C5AR1,ATP4A,ADAM33,ADAM33,ADRA1D,FAM71E1,GHRH,TRIB3,IRF3,ZNF565,ARHGEF1
TSEN34,SIX5,TMEM143,RTN2,KLK14,ACTR5,NTN5,PSG5,PTGIR,CCDC114,PRODH2,ADRA1D,RNF24,PROKR2,SYT3,VSTM2L,SRXN1,TSKS,ZNF146,CADM4
TTYH1,HIF3A,CA11,PGLYRP1,ETFB,TOX2,FUT2,PSG4,PRKD2,BCAT2,WDR62,PRND,ADRA1D,CHGB,SHANK1,SLC32A1,SCRT2,IL4I1,ZNF850,DMPK
TNNT1,CCDC8,NTN5,IGFL2,HAS1,TTPAL,CPT1C,PSG9,EHD2,PLEKHA4,ZNF382,SLC23A2,PRNP,BMP2,ACP4,PTPRT,ANGPT4,SIGLEC11,PPP1R14A,HIF3A
UBE2S,EHD2,FUT2,SLC8A2,FPR2,SERINC3,IZUMO2,TEX101,NOP53,RUVBL2,WDR87,CHGB,PCNA,TMX4,KLK15,L3MBTL1,RSPO4,SIGLEC9,YIF1B,PPP5D1
ZNF784,CRX,TULP2,SYNGR4,PRKCG,PKIG,KLK14,LYPD5,CARD8,KCNA7,GGN,ANKEF1,PROKR2,PLCB4,KLK4,MYBL2,SNPH,SIGLEC7,CATSPERG,GNG8
C19orf18,ZNF114,CPT1C,LMTK3,CACNG8,YWHAB,ETFB,MARK4,EMP3,SLC6A16,SPRED3,MKKS,CHGB,ANKEF1,KLK5,TOX2,GNRH2,CD33,ACTN4,ZNF114
SIRPA,EMP3,IZUMO2,CA11,VSTM1,TOMM34,FPR2,NKPD1,SULT2B1,TEAD2,LRFN1,RBBP9,BMP2,FLRT3,KLK10,GDAP1L1,RNF24,SIGLECL1,LGALS4,GRIN2D
SLC4A11,NTN5,AC010325.1,IZUMO1,SYT5,TNNC2,ZNF534,CKM,RASIP1,DKKL1,LGALS13,SLC24A3,TMX4,SLC24A3,IGLON5,TTPAL,PRND,C19orf84,SIRT2,FAM83E
ADAM33,BCAT2,KLK14,DHDH,SHISA7,EYA2,ZNF578,KLC3,FUT1,BCL2L12,TTC9B,INSM1,LAMP5,INSM1,C19orf84,KCNK15,CHGB,SIGLEC10,NFKBIB,FLT3LG
SMOX,HSD17B14,FPR2,CPT1C,ZNF581,SULF2,ZNF83,RTN2,PLEKHA4,FUZ,CNTD2,THBD,PAK5,THBD,SPACA6,RIMS4,TMX4,SIGLEC8,ACP7,FCGRT
OVOL2,PLEKHA4,ZNF534,KCNC3,ZNF667,KCNB1,ZNF611,BHMG1,HRC,MED25,NUMBL,XKR7,ISM1,NAPB,LILRB3,YWHAB,SNAP25,SIGLEC12,PAK4,MYH14
MGME1,TEAD2,ZNF83,AC010325.1,ZIM2,PARD6B,PRKCG,PGLYRP1,TRPM4,ZNF473,TMEM145,C20orf203,SLC24A3,NINL,RDH13,WFDC2,RBBP9,SIGLEC5,SAMD4B,EMC10
RALGAPA2,DKKL1,ZNF611,KLK14,ZNF530,PFDN4,LILRA6,SLC8A2,SLC6A16,JOSD2,PSG3,DNMT3B,NAPB,XKR7,COX6B2,MMP9,NAPB,SIGLEC14,SHKBP1,ZNF649
NKX2-2,FLT3LG,PRKCG,HAS1,ZNF135,CTCFL,NLRP2,ZNF541,TEAD2,CACNG6,PSG1,NECAB3,VSX1,NOL4L,IL11,SLC12A5,XKR7,FPR1,RAB4B,ZNF677
GZF1,FCGRT,LILRA6,FPR2,A1BG,PMEPA1,GP6,CRX,CCDC155,VSTM1,PSG6,MAP1LC3A,C20orf203,C20orf203,ZNF71,PTGIS,KIF3B,FPR2,ARHGEF1,CACNG7
CST3,IRF3,NLRP2,ZNF534,ZNF497,ZNF831,SHISA7,LMTK3,FLT3LG,TMC4,PSG11,EDEM2,DNMT3B,DNMT3B,SMIM17,BCAS4,DNMT3B,FPR3,ERF,SHISA7
ACSS1,BCL2L12,GP6,PRKCG,ZNF837,FAM217B,SSC5D,CA11,FCGRT,KIR2DL4,PSG2,MMP24,VSTM2L,MMP24,ZNF552,MOCS3,NECAB3,ZNF600,LIPE,ZNF211
VSX1,NAPSA,SYT5,CACNG8,CHMP2A,HRH3,NLRP9,NTN5,RRAS,TNNI3,PSG5,SPAG4,SLC32A1,CEP250,TRIB3,CBLN4,MAP1LC3A,ZNF28,PSG8,ZNF154
PYGB,TTYH1,SHISA7,VSTM1,FAM110A,NTSR1,EDDM13,FUT2,BCL2L12,DNAAF3,PSG4,SCAND1,MAFB,SPAG4,SCRT2,NTSR1,MMP24,ZNF888,CADM4,ZNF671
SNTA1,C19orf18,SSC5D,NLRP2,ANGPT4,KCNQ2,ZNF667,TULP2,ADM5,HSPBP1,PSG9,NDRG3,PTPRT,RBL1,ANGPT4,CHRNA4,SPAG4,ZNF816,ZNF234,ZNF274
ACTL10,C20orf202,NLRP9,SYT5,TMEM74B,STMN3,TMEM74B,DHDH,VSIG10L,TMEM190,TEX101,SLC32A1,L3MBTL1,MROH8,RSPO4,EEF1A2,VSTM2L,ZNF813,CLASRP,SOX12
MYH7B,SIRPA,EDDM13,PTPRH,RAD21L1,ZNF512B,RAD21L1,CPT1C,NKG7,TMEM238,ZNF233,MAFB,TOX2,SLC32A1,EBF4,STMN3,SLC32A1,OSCAR,TRAPPC6A,TMC2
CNBD2,TGM6,ZNF667,SHISA7,SIRPG,SAMD10,FKBP1A,IZUMO2,ZNF600,NAT14,PPP1R37,GDAP1L1,GDAP1L1,GDAP1L1,CHGB,RBM11,MAFB,LILRB3,EML2,EBF4
TGIF2,OXT,ANGPT4,SSC5D,TGM6,C20orf204,LZTS3,FAM71E1,DPRX,ZNF524,KLC3,KCNK15,HNF4A,SPATA25,BMP2,HSPA13,TOX2,LILRA6,GIPR,CPXM1
KIAA1755,SLC4A11,TMEM74B,CCDC106,ZNF343,OPRL1,DDRGK1,AC010325.1,TMC4,EDDM13,RTN2,RIMS4,RIMS4,NEURL2,PLCB4,CHODL,GDAP1L1,LILRB5,IGFL2,OXT
PLCG1,SMOX,RAD21L1,NLRP9,TMC2,LIPI,C20orf27,SIGLECL1,CDC42EP5,USP29,PGLYRP1,WFDC2,SLC12A5,MMP9,FLRT3,TMPRSS15,RBPJL,LILRB2,GNG8,AVP
ZHX3,SPTLC3,FKBP1A,NLRP8,NOP56,USP25,SPEF1,FPR2,NCR1,C19orf18,IGFL4,MMP9,KCNB1,SLC12A5,PCSK2,ADAMTS5,WFDC2,LILRA4,DACT3,ITPA
LPIN3,CST3,PDYN,ZNF667,LZTS3,TIAM1,CDC25B,CACNG8,EPS8L1,ZSCAN1,IGFL2,SLC12A5,PFDN4,CDH22,ZNF133,GRIK1,SLC12A5,LAIR1,PLA2G4C,SMOX
ADA,ACSS1,LZTS3,ZIM2,DDRGK1,CHAF1B,LRRN4,NLRP2,ZNF628,A1BG,PNMA8B,ARFGEF2,DOK5,APCDD1L,THBD,TIAM1,CDH22,LAIR2,IZUMO1,RASSF2
CCN5,VSX1,DDRGK1,ZNF304,C20orf27,TTC3,LAMP5,SYT5,SSC5D,ZNF497,CALM3,AURKA,CBLN4,GNAS,NINL,KCNE2,MOCS3,LILRA2,ALDH16A1,FERMT1
SDC4,PYGB,C20orf27,VN1R1,LRRN4,KCNJ6,SEL1L2,SHISA7,ZNF524,ZNF837,AP2S1,GNAS,GNAS,LAMA5,DEFB124,CLDN14,KCNG1,LILRA1,FUZ,BMP2
SNX21,ID1,SPEF1,ZNF549,PLCB1,ETS2,MACROD2,SSC5D,NLRP9,ZNF584,TMEM160,FAM217B,FAM217B,CABLES2,TPX2,AIRE,SALL4,LILRB1,TBC1D17,JAG1
SPATA25,SNTA1,CDC25B,FAM110A,LAMP5,SUMO3,ENTPD6,CCDC106,NLRP5,C20orf96,BBC3,CDH4,HRH3,SLCO4A1,DUSP15,LRRC3,CBLN4,LILRB4,MYH14,RRBP1
PLTP,ACTL10,LRRN4,ANGPT4,PAK5,ADARB1,TPX2,SMIM17,TCF15,TGM3,C5AR2,CABLES2,LAMA5,CHRNA4,XKR7,SUMO3,CTCFL,KIR2DL4,EMC10,OVOL2
CD40,MYH7B,LAMP5,RSPO4,ISM1,PCBP3,EFCAB8,ANGPT4,SLC52A3,SPEF1,MEIS3,SLCO4A1,SLCO4A1,C20orf204,NOL4L,SLC7A4,GNAS,FCAR,JOSD2,MGME1
SLC35C2,KIAA1755,SNAP25,SDCBP2,SEL1L2,COL6A1,BPIFB1,RSPO4,SIRPG,ANKEF1,SLC8A2,EEF1A2,NTSR1,RBM11,C20orf203,TMEM191C,LAMA5,TMEM150B,C19orf81,SLC24A3
ELMO2,LBP,SEL1L2,FKBP1A,MACROD2,TMEM191B,ASIP,C20orf202,SLC4A11,DZANK1,ZNF541,STMN3,CHRNA4,CYYR1,DNMT3B,SDF2L1,NTSR1,NLRP11,C19orf48,RIN2
ZNF334,ADIG,MACROD2,PDYN,PCSK2,GP1BB,UQCC1,FKBP1A,ADAM33,CFAP61,SYNGR4,LKAAEAR1,EEF1A2,KCNE2,MAP1LC3A,ZNF280B,CHRNA4,NLRP4,KLK6,KIZ
SLC2A10,PLCG1,ENTPD6,ZNF343,BFSP1,RTL10,EPB41L1,ZNF343,HSPA12B,TTLL9,CA11,RBM11,PTK6,DSCAM,MMP24,GNAZ,EEF1A2,FAM110A,ZNF649,NKX2-2
EYA2,ZHX3,TPX2,TMC2,TPX2,SERPIND1,DLGAP4,TMC2,CENPB,ACTL10,IZUMO1,ATP5PF,STMN3,BACE2,SPAG4,VPREB3,STMN3,SIRPB2,ZNF600,VSX1
PREX1,LPIN3,C20orf203,LZTS3,DUSP15,SLC7A4,SLA2,EBF4,GPCPD1,MYH7B,FUT1,APP,C20orf204,AIRE,TLDC2,MIF,RBM11,SIRPD,ZNF160,ABHD12
TFAP2C,SDC4,EFCAB8,CDC25B,BPIFB1,GGT2,BLCAP,UBOX5,SHLD1,PROCR,TULP2,CYYR1,LKAAEAR1,LRRC3,CTNNBL1,SGSM1,ADAMTS5,SIRPB1,ZNF415,E2F1
BMP7,WFDC10B,BPIFB1,TRMT6,DLGAP4,TMEM191C,NNAT,LZTS3,BMP2,ERGIC3,PPFIA3,ADAMTS5,LIPI,PCBP3,VSTM2L,NEFH,GRIK1,OXT,ZNF347,CNBD2
APCDD1L,SNX21,E2F1,LRRN4,BLCAP,ZNF280B,PPP1R16B,SPEF1,PLCB4,ADIG,SLC17A7,BACH1,RBM11,COL6A1,KIAA1755,MTFP1,HUNK,AVP,ZNF765,SOGA1
SYCP2,PLTP,ASIP,PLCB1,NNAT,GNAZ,FAM83D,CDC25B,JAG1,ARHGAP40,SHANK1,GRIK1,ADAMTS5,CECR2,BPI,SEC14L4,KCNE2,SIGLEC1,PTPRH,SAMHD1
PPP1R3D,ELMO2,EPB41L1,PAK5,CCN5,DRICH1,KCNK15,TRMT6,ISM1,JPH2,KLK5,TIAM1,GRIK1,C22orf39,CHD6,SEC14L6,KCNJ6,PANK2,BRSK1,RBL1
CDH26,ZNF334,DLGAP4,SNAP25,KCNK15,CABIN1,RIMS4,PLCB1,THBD,SLPI,KLK7,ATP5PO,HUNK,TBX1,GDAP1L1,SELENOM,FAM3B,RASSF2,TMEM150B,EMILIN3
CDH4,SLC2A10,SLA2,JAG1,RIMS4,SGSM1,PABPC1L,PCSK2,CD93,WFDC10B,NLRP12,MRPS6,SLC5A3,RTL10,FITM2,YWHAH,SLC37A1,GPCPD1,ZNF524,PTPRT
BIRC7,EYA2,BLCAP,SEL1L2,PABPC1L,MYO18B,TOMM34,SLC24A3,CST7,WFDC13,MYADM,SLC5A3,KCNE2,ZNF74,TTPAL,SLC5A1,AIRE,SHLD1,ZNF582,SRSF6
NKAIN4,CEBPB,NNAT,MACROD2,TNNC2,SEZ6L,TNNC2,ENTPD6,DEFB124,SPINT4,PRKCG,CBR3,KCNJ6,P2RX6,ZSWIM3,C22orf42,SUMO3,SPTLC3,ZNF471,SGK2
SLC2A4RG,TSHZ2,PPP1R16B,PCSK2,MMP9,RFPL1,MMP9,DUSP15,REM1,WFDC3,CACNG8,DSCAM,LRRC3,SLC7A4,SULF2,BPIFC,PCBP3,RRBP1,AURKC,MYBL2
CBSL,DOK5,FAM83D,BFSP1,SLC12A5,YWHAH,SLC12A5,TTLL9,ID1,SNX21,NLRP2,BACE2,BID,ZNF280B,BCAS4,LARGE1,TMEM191B,MGME1,ZNF274,TOX2
SON,TFAP2C,KCNK15,DUSP15,CDH22,SLC5A4,KCNB1,PDRG1,COX4I2,SPATA25,GP6,ADARB1,C22orf39,IGLL1,SALL4,APOL4,CCDC188,RIN2,A1BG,KCNS1
CBR1,BMP7,RIMS4,TTLL9,KCNB1,SYN3,PTGIS,XKR7,BCL2L1,PLTP,TNNT1,C22orf39,RANBP1,DRICH1,ZFP64,APOL2,SLC7A4,NAA20,RASSF2,SLPI
CBR3,RBM38,PABPC1L,PDRG1,PTGIS,APOL2,SNAI1,EFCAB8,MYLK2,SLC2A10,SYT5,TBX1,RTN4R,ZNF70,TSHZ2,CACNG2,TMEM191C,CD93,TMEM230,MATN4
TMPRSS3,SYCP2,TOMM34,XKR7,KCNG1,CACNG2,CYP24A1,BPIFB1,FOXS1,RIPOR3,PTPRH,RTL10,DGCR6L,MYO18B,ZNF217,PDXP,ZNF280B,SYNDIG1,MCM8,RBPJL
CBS,BIRC7,TNNC2,UQCC1,TSHZ2,SSTR3,CBLN4,DLGAP4,CCM2L,PARD6B,NLRP9,RANBP1,SCARF2,HORMAD2,DOK5,MICALL1,GNAZ,CST7,BTBD3,SLC2A10
SIK1,NKAIN4,MMP9,DLGAP4,FAM210B,ELFN2,FAM209A,VSTM2L,PROCR,KCNG1,TRIB3,RTN4R,P2RX6,SELENOM,GNAS,SYNGR1,VPREB3,APMAP,RRBP1,EYA2
PFKL,SIK1B,SLC12A5,VSTM2L,CTCFL,LGALS2,FAM209B,SLC32A1,MYL9,NFATC2,SNPH,USP41,SLC7A4,INPP5J,TUBB1,GRAP2,SLC2A11,HCK,KIZ,SULF2
LRRC3,CBSL,KCNB1,SLC32A1,PCK1,KCNJ4,APCDD1L,PPP1R16B,TGIF2,BMP7,SIRPG,P2RX6,TMEM191C,PLA2G3,ZNF831,MCHR1,SGSM1,RALY,NKX2-2,BCAS1
S100B,JAM2,PTGIS,ACTR5,PMEPA1,CBX6,NPEPL1,FAM83D,TGM2,RBM38,SIRPA,TMEM191C,DERL3,SLC5A1,EEF1A2,CSDC2,SEZ6L,PROCR,BCL2L1,DOK5
CECR2,C21orf62,SNAI1,PPP1R16B,NPEPL1,MCHR1,ZNF831,PTPRT,KIAA1755,C20orf85,TGM6,IGLL1,MIF,C22orf42,ZBTB46,SNU13,NEFH,MMP24OS,E2F1,AURKA
SLC25A18,LCA5L,CYP24A1,FAM83D,ATP5F1E,DNAJB7,CDH4,TNNC2,LPIN3,FNDC11,GNRH2,DRICH1,GRK3,TOM1,CBSL,SEPTIN3,SEC14L4,PHF20,RALY,BMP7
DGCR6,CBS,CBLN4,PKIG,ZNF831,SHISA8,RTEL1,ZMYND8,EMILIN3,SMIM34B,RNF24,RGL4,RFPL1,APOL2,TPTE,ATP5MGL,SELENOM,TGIF2,ITCH,APCDD1L
PRODH,SIK1,FAM209A,YWHAB,HRH3,BIK,TNFRSF6B,SULF2,JPH2,KCNE1B,PROKR2,VPREB3,CABP7,CACNG2,RBM11,MPPED1,INPP5J,TLDC2,PIGU,PHACTR3
ARVCF,HSF2BP,FAM209B,PABPC1L,NTSR1,PNPLA5,SAMD10,KCNB1,R3HDML,MRAP,PAK5,CHCHD10,SELENOM,SSTR3,BACH1,SULT4A1,PLA2G3,SAMHD1,NCOA6,SYCP2
AIFM3,PTTG1IP,NPEPL1,TOMM34,KCNQ2,SHISAL1,LIPI,KCNG1,CD40,C21orf62,SNAP25,MMP11,SYN3,ELFN2,HUNK,PARVB,YWHAH,MAFB,TP53INP2,COL9A3
GSTT2B,S100B,ZNF831,KCNB1,RTEL1,RTL6,USP25,SALL4,SLC2A10,KCNE1,FLRT3,MIF,LARGE1,PDXP,DNAJC28,SHISAL1,C22orf42,STK4,ACSS2,BIRC7
LRRC75B,XKR3,CDH4,PARD6B,TNFRSF6B,DENND6B,HUNK,NPEPL1,PTGIS,CLIC6,OVOL2,DDT,RBFOX2,H1F0,MRPS6,ARHGAP8,RFPL2,SLPI,MYH7B,NKAIN4
KIAA1671,CECR2,RTEL1,CTCFL,LIME1,CPT1B,MIS18A,ZNF831,RIPOR3,LCA5L,NAPB,GRK3,FOXRED2,NPTXR,KCNE2,UPK3A,BPIFC,CD40,TRPC4AP,COL20A1
LRP5L,SLC25A18,TNFRSF6B,PMEPA1,SAMD10,MAPK8IP2,TCP10L,HRH3,CYP24A1,TMPRSS2,TPX2,EMID1,CACNG2,APOBEC3A,B3GALT5,PANX2,MB,NCOA3,SOGA1,CHRNA4
TFIP11,DGCR6,SAMD10,NPEPL1,OPRL1,PLCXD1,RCAN1,KCNQ2,CASS4,RIPK4,XKR7,NEFH,ELFN2,SYNGR1,PCP4,HDAC10,APOL2,PREX1,KIAA1755,HELZ2
TPST2,PRODH,LIPI,ZNF831,TPTE,SHOX,DOP1B,TNFRSF6B,PCK1,RSPH1,MAP1LC3A,UQCR10,CARD10,DNAJB7,DSCAM,ANOS1,CACNG2,CEBPB,PPP1R16B,MYT1
ZNRF3,ARVCF,USP25,KCNQ2,LIPI,ARSE,CHAF1B,SAMD10,ZBP1,SIK1,TLDC2,MTFP1,LGALS2,SEPTIN3,RIPK4,FAM9B,PVALB,NFATC2,SGK2,PCMTD2
C22orf31,AIFM3,CXADR,TNFRSF6B,USP25,FRMPD4,RIPPLY3,OPRL1,CTSZ,GATD3A,PTPRT,SELENOM,PDXP,ATP5MGL,PDE9A,EGFL6,SSTR3,ZNF217,ADA,BTG3
KREMEN1,MMP11,HUNK,SAMD10,CXADR,PRPS2,B3GALT5,NCAM2,EDN3,COL6A1,GDAP1L1,INPP5J,H1F0,WNT7B,CBS,VEGFD,PDXP,CASS4,CCN5,NCAM2
EMID1,GSTT2B,MIS18A,OPRL1,BTG3,GLRA2,IGSF5,ADAMTS5,LAMA5,COL6A2,HNF4A,PLA2G3,NPTXR,CERK,AIRE,NHS,H1F0,FAM209A,TP53TG5,JAM2
GAS2L1,KIAA1671,TCP10L,TIAM1,ATP5PF,CLTRN,PCP4,GRIK1,SLCO4A1,C21orf58,SERINC3,SLC5A4,CBX6,TAFA5,LRRC3,RAI2,TOMM22,ZBP1,DBNDD2,ADAMTS5
RASL10A,ZNRF3,RCAN1,TCP10L,GABPA,AP1S2,UMODL1,TCP10L,HELZ2,XKR3,YWHAB,LARGE1,SYNGR1,VCX3B,KRTAP10-4,SMS,SYNGR1,CTSZ,PIGT,MAP3K7CL
MTMR3,C22orf31,DOP1B,DOP1B,TIAM1,MAGEB17,TRPM2,PCP4,ZBTB46,COMT,KCNS1,TOM1,CACNA1I,FAM9B,FAM207A,ARX,MGAT3,SLC17A9,SLC13A3,GRIK1
HORMAD2,KREMEN1,CHAF1B,CHAF1B,HUNK,CTPS2,TSPEAR,PKNOX1,SOX18,CCDC188,MATN4,MB,SGSM3,MID1,ADARB1,LANCL3,MCHR1,RGS19,PREX1,OLIG2
CASTOR1,EMID1,RIPPLY3,IGSF5,MIS18A,RAI2,KRTAP10-4,RRP1B,FP565260.3,SCARF2,CDH22,APOL2,MCHR1,ARHGAP6,COL6A1,DYNLT3,MEI1,FP565260.3,TMEM189,OLIG1
TBC1D10A,GAS2L1,B3GALT5,PCP4,DOP1B,MAP7D2,ITGB2,PDXK,SIK1B,LRRC74B,KCNB1,FOXRED2,SNU13,VEGFD,LSS,SYTL5,SHISA8,FP565260.1,BCAS1,SIM2
SEC14L2,RASL10A,IGSF5,UMODL1,HLCS,CNKSR2,FTCD,AGPAT3,JAM2,SDF2L1,KCNG1,CACNG2,SHISA8,GRPR,CECR2,NYX,SEPTIN3,SAMSN1,PHACTR3,HMGN1
MTFP1,HORMAD2,PCP4,RRP1B,RIPPLY3,KLHL34,PCNT,TRPM2,CYYR1,RSPH14,TSHZ2,PVALB,SEPTIN3,MAGEB17,MICAL3,USP11,SCUBE1,NRIP1,COL9A3,DSCAM
SEC14L6,CASTOR1,C2CD2,PDXK,TTC3,DMD,XKR3,TSPEAR,ADAMTS1,RAB36,ZNF831,ELFN2,PHETA2,NHS,SLC25A1,ZNF157,MPPED1,BACH1,TCFL5,TMPRSS2
SMTN,SEC14L2,UMODL1,TRPM2,KCNJ6,TMEM47,IL17RA,KRTAP10-4,EVA1C,C22orf15,NTSR1,PDXP,ATP5MGL,SCML1,CLTCL1,SYN1,SULT4A1,IFNGR2,PPDPF,ABCG1
PIK3IP1,SEC14L6,TRPM2,TSPEAR,HMGN1,XK,TUBA8,FAM207A,IFNAR2,MMP11,CHRNA4,H1F0,TTLL1,RAI2,ARVCF,PCSK1N,SHISAL1,RUNX1,PTK6,CBS
TIMP3,DUSP18,FTCD,KRTAP10-4,B3GALT5,MAOA,TMEM191B,ADARB1,ERG,DERL3,KCNQ2,PICK1,MPPED1,BEND2,TANGO2,PRAF2,RTL6,ETS2,FP565260.3,S100B
MB,LIMK2,SPATC1L,SUMO3,IGSF5,MAOB,GP1BB,PCBP3,ETS2,KIAA1671,EEF1A2,KCNJ4,SULT4A1,SCML2,CCDC188,PLP2,ARHGAP8,FAM3B,FP565260.1,XKR3
IFT27,TIMP3,PCNT,ADARB1,PCP4,SYN1,PI4KA,FTCD,BACE2,MYO18B,STMN3,TOMM22,WNT7B,RS1,RTN4R,SYP,IL17REL,MX2,FP565260.6,ADA2
TST,APOL6,IL17RA,FTCD,C2CD2,ELK1,SERPIND1,SPATC1L,MX2,GAS2L1,RBM11,NPTXR,TAFA5,MAP3K15,KLHL22,USP27X,MAPK8IP2,MX1,C21orf91,CECR2
MPST,TST,TUBA8,PCNT,UMODL1,PCSK1N,GGT2,PCNT,MX1,CCDC157,SYNJ1,APOBEC3A,PANX2,ARX,P2RX6,NUDT10,NLGN4X,ICOSLG,CHODL,USP18
C1QTNF6,MPST,TMEM191B,TMEM121B,TRPM2,SYP,HIC2,IL17RA,C2CD2,DUSP18,DOP1B,SYNGR1,MAPK8IP2,DCAF8L2,TMEM191C,NUDT11,STS,TRPM2,NCAM2,CDC45
GCAT,C1QTNF6,GP1BB,TMEM191B,FTCD,NUDT10,YPEL1,TMEM121B,SIK1,LIMK2,KCNJ6,MCHR1,ARSF,LANCL3,IGLL1,CENPVL3,EGFL6,ITGB2,APP,USP41
MAFF,GCAT,PI4KA,SEPTIN5,TMEM121B,NUDT11,MAPK1,TUBA8,PTTG1IP,MB,ERG,CSDC2,VCX3B,XK,VPREB3,GSPT2,GLRA2,DIP2A,ADAMTS1,CCDC116
TMEM184B,PLA2G6,SERPIND1,GP1BB,TUBA8,CENPVL3,BCR,SEPTIN5,COL18A1,IFT27,ETS2,SNU13,TMSB4X,DYNLT3,SUSD2,FAM156B,NHS,IL17RA,N6AMT1,GSTT2B
DMC1,MAFF,GGT2,SERPIND1,TMEM191B,GSPT2,ADORA2A,GP1BB,SLC19A1,ANKRD54,PSMG1,CENPM,EGFL6,SYTL5,GRK3,TSPYL2,MAP7D2,ADA2,LTN1,LRRC75B
FAM83F,DMC1,HIC2,GGT2,CDC45,MAGED4,UPB1,GNB1L,PCBP3,C22orf23,DSCAM,SEPTIN3,GLRA2,SRPX,MYO18B,TRO,SMPX,BID,USP16,SEZ6L
TOB2,FAM227A,YPEL1,TMEM191C,SEPTIN5,IQSEC2,PIWIL3,GGT2,COL6A1,KDELR3,CBS,PHETA2,ASB9,TSPAN7,SEZ6L,MAGEH1,ARX,TANGO2,EVA1C,EMID1
POLR3H,GRAP2,MAPK1,MAPK1,GP1BB,WNK3,SGSM1,YPEL1,COL6A2,FAM227A,AIRE,NDUFA6,AP1S2,CASK,NEFH,FAAH2,LANCL3,DERL3,OLIG2,SEC14L2
CSDC2,FAM83F,BCR,BCR,SERPIND1,FGD1,TMEM211,BCR,USP18,APOBEC3C,SPATC1L,SULT4A1,GRPR,RGN,THOC5,ZXDB,XK,CRYBB1,OLIG1,SEC14L4
WBP2NL,TOB2,SGSM1,PIWIL3,HIC2,KLF8,CRYBB3,IGLL1,CDC45,APOBEC3D,TMEM121B,PKDREJ,MAGEB17,USP11,NIPSNAP1,AMER1,DYNLT3,CHEK2,CBR1,SEC14L6
NDUFA6,ACO2,TMEM211,SGSM1,TMEM191C,UBQLN2,CRYBB2,VPREB3,CLDN5,APOBEC3F,TMEM191B,TTC38,REPS2,ZNF157,CABP7,ASB12,USP11,XBP1,CLDN14,GAL3ST1
PRR5,POLR3H,CRYBB3,TMEM211,YPEL1,FAAH2,ASPHD2,ADORA2A,USP41,XPNPEP3,RTN4R,CERK,NHS,SYN1,PLA2G3,FAM155B,SYN1,AP1B1,SIM2,FBXO7
ARHGAP8,WBP2NL,CRYBB2,CRYBB3,MAPK1,ARHGEF9,MN1,UPB1,SUSD2,MEI1,PI4KA,TAFA5,SCML2,ERAS,PIK3IP1,EDA,EBP,OSM,ABCG1,MCM5
PHF21B,PNPLA3,ASPHD2,SEZ6L,TOP3B,AMER1,RFPL1,CRYBB2,GGT5,CENPM,SLC7A4,PANX2,PPEF1,PCSK1N,SLC5A1,ARR3,KCND1,HMOX1,TRAPPC10,APOL6
KIAA0930,PHF21B,MN1,ASPHD2,TMEM211,ASB12,OSBP2,ASPHD2,ADORA2A,TSPO,HIC2,MAPK8IP2,EIF1AX,KCND1,C22orf42,PDZD11,PRAF2,MCM5,PWP2,TST
FBLN1,UPK3A,RFPL1,MN1,ASPHD2,ZC3H12B,RFPL2,MN1,UPB1,EFCAB6,YDJC,SLC25A6,MBTPS2,SYP,BPIFC,GDPD2,SYP,APOL3,ICOSLG,MPST
WNT7B,PPARA,OSBP2,NF2,CHEK2,PJA1,SYN3,TTC28,GUCD1,FAM118A,GNAZ,STS,POLA1,USP27X,APOL4,DLG3,USP27X,APOL1,LSS,ELFN2
PPARA,PKDREJ,RFPL2,OSBP2,RFPL1,SNX12,RASD2,RFPL1,TPST2,SMC1B,SGSM1,VCX,ARX,CLCN5,SSTR3,TEX11,CENPVL3,MYH9,S100B,SH3BP1
PKDREJ,TTC38,SYN3,RFPL2,RFPL2,ZMYM3,KCTD17,NF2,PES1,RIBC2,KIAA1671,CLCN4,IL1RAPL1,DGKK,TRIOBP,SLC7A3,FAM156B,NCF4,CECR2,SOX10
TTC38,GRAMD4,RASD2,SYN3,RASD2,BX276092.9,TMPRSS6,OSBP2,TCN2,FBLN1,CRYBB3,HCCS,XK,EZHIP,GALR3,CITED1,MAGED2,CSF2RB,MICAL3,CSNK1E
GRAMD4,IL17REL,KCTD17,CACNG2,NOL12,NHSL2,GALR3,RFPL2,SMTN,CELSR1,CRYBB2,FRMPD4,JADE3,NUDT11,CSNK1E,PABPC1L2B,TRO,TEX33,CCDC116,APOBEC3C
TAFA5,TTLL8,TMPRSS6,KCTD17,GALR3,RTL5,BAIAP2L2,SLC5A4,SLC5A4,IL17REL,GRK3,NHS,NDUFB11,CENPVL3,APOBEC3A,PABPC1L2A,MAGEH1,IL2RB,GAL3ST1,CCDC134
TTLL8,MLC1,GALR3,IL2RB,PICK1,DMRTC1B,KCNJ4,SYN3,TIMP3,TTLL8,SEZ6L,SCML1,USP11,GSPT2,SGSM3,NAP1L2,FAAH2,RAC2,SLC35E4,PHF21B
MLC1,MAPK12,BAIAP2L2,KCNJ4,SLC16A8,DMRTC1,CACNA1I,LARGE1,APOL6,MLC1,RASL10A,RAI2,SYN1,TSPYL2,CSDC2,NEXMIF,FAM155B,CYTH4,OSBP2,WNT7B
MAPK12,CD99,KCNJ4,CACNA1I,KCNJ4,PABPC1L2B,ENTHD1,RASD2,APOL3,PLXNB2,RFPL1,SCML2,EBP,MAGED2,CYP2D6,MAGEE2,PDZD11,MFNG,PIK3IP1,PPP2R3B
MAPK11,GYG2,CACNA1I,BIK,CACNA1I,PABPC1L2A,PMM1,GALR3,APOL4,DENND6B,CABP7,PPEF1,SUV39H1,MAGEH1,TCF20,MAGEE1,CITED1,SH3BP1,FBXO7,ARSF
SYCE3,ARSF,ENTHD1,PNPLA5,LINC00634,NAP1L2,CYP2D6,KCNJ4,APOL1,SCO2,YWHAH,PDHA1,ERAS,USP51,SCUBE1,FGF16,PABPC1L2B,APOBEC3C,HMGXB4,NLGN4X
ARSD,VCX3B,CYP2D6,SHANK3,CYP2D6,SLC16A2,SERHL2,CACNA1I,MYH9,TYMP,SLC5A1,MAP7D2,KCND1,SPIN3,PNPLA3,POU3F4,PABPC1L2A,APOBEC3F,MCM5,RAB9A
ARSF,ANOS1,SERHL2,GPR143,PNPLA5,NEXMIF,BIK,CENPM,IL2RB,ODF3B,RFPL2,ARX,PRAF2,FAAH2,PARVB,SATL1,NAP1L2,APOBEC3G,TEX33,S100G
VCX3B,TBL1X,BIK,CLCN4,MOV10L1,ZDHHC15,PNPLA5,LINC00634,RAC2,SYCE3,LARGE1,LANCL3,SYP,NLRP2B,SHISAL1,ZNF711,NEXMIF,PDGFB,TST,RBBP7
ANOS1,GPR143,PNPLA5,PRPS2,ACR,MAGEE2,MOV10L1,PIM3,MFNG,ACR,APOL2,XK,USP27X,AMER1,KIAA0930,DACH2,MAGEE2,TNFRSF13C,MPST,SCML2
TBL1X,MID1,GTSE1,EGFL6,PLCXD1,MAGEE1,MAPK11,IL17REL,CARD10,RABL2B,SSTR3,DYNLT3,TSPYL2,MTMR8,UPK3A,KLHL4,MAGEE1,NAGA,CDC42EP1,ADGRG2
GPR143,GPM6B,MOV10L1,CTPS2,PUDP,TBX22,CPT1B,MAPK11,CDC42EP1,ZBED1,RAC2,SYTL5,UBQLN2,AR,IL17REL,NAP1L3,FGF16,PHETA2,LGALS2,MAP3K15
SHROOM2,PIGA,CPT1B,S100G,FAM9B,SATL1,GPR143,PUDP,LGALS2,CD99,PDXP,CHST7,NLRP2B,AWAT1,TTLL8,FAM133A,HDX,NFAM1,MICALL1,PRDX4
MID1,AP1S2,XG,RAI2,TBL1X,ZNF711,ACE2,STS,LGALS1,XG,KCNJ4,NDUFB11,SPIN4,ARR3,MOV10L1,TMEM35A,NAP1L3,PACSIN2,POLR2F,PCYT1B
GPM6B,PHEX,ACE2,BEND2,ARHGAP6,CHM,REPS2,VCX,TRIOBP,GYG2,DNAL4,CDK16,SLC7A3,SLC7A3,PANX2,ARMCX1,PCDH19,BIK,SOX10,NR0B1
PIGA,PTCHD1,REPS2,CDKL5,FRMPD4,KLHL4,MAP7D2,VCX3B,MICALL1,PRKX,NPTXR,ZNF41,ITGB1BP2,RTL5,SHOX,TCEAL2,TNMD,TSPO,SLC16A8,DMD
SYAP1,EIF2S3,MAP7D2,PHKA2,PRPS2,PABPC5,CNKSR2,GPR143,MAFF,TBL1X,SYNGR1,SYN1,PABPC1L2A,CITED1,CRLF2,TCEAL6,TMEM35A,PARVG,PLA2G6,CASK
DDX53,PCYT1B,CNKSR2,CNKSR2,GLRA2,PCDH11X,KLHL34,MID1,APOBEC3C,GEMIN8,CACNA1I,ERAS,NAP1L2,PABPC1L2B,ASMT,BEX5,TIMM8A,PRR5,TMEM184B,GPR82
PTCHD1,SRPX,KLHL34,KLHL34,ASB9,NAP1L3,SMPX,EGFL6,APOBEC3D,ACE2,MCHR1,SYP,POU3F4,PABPC1L2A,VCX,GPRASP1,TCEAL6,ARHGAP8,SUN2,CHST7
ACOT9,DDX3X,SMPX,DDX53,REPS2,CSTF2,PDK3,MAGEB17,APOBEC3F,PHEX,MEI1,FAM156B,NAP1L3,NAP1L2,ANOS1,GPRASP2,BEX5,TTC38,CBX7,JADE3
SAT1,NYX,PDK3,PTCHD1,BEND2,NOX1,SYTL5,REPS2,APOBEC3G,CXorf58,SEPTIN3,MAGED2,FAM133A,NEXMIF,EGFL6,BEX1,GPRASP1,TBC1D22A,CHADL,RGN
KLHL15,MAOB,XK,DCAF8L2,MAP7D2,TMEM35A,TSPAN7,RAI2,PDGFB,PCYT1B,SCUBE1,TRO,PCDH19,MAGEE2,GLRA2,BEX4,GPRASP2,TYMP,TOB2,ZNF157
EIF2S3,NDP,SYTL5,IL1RAPL1,CNKSR2,DRP2,MAOB,BEND2,PHETA2,TMEM47,MPPED1,NLRP2B,TNMD,MAGEE1,NHS,TCEAL7,BEX1,CSF2RA,PHF5A,ARAF
PCYT1B,EFHC2,TSPAN7,TMEM47,KLHL34,HNRNPH2,SLC9A7,CDKL5,CYB5R3,CFAP47,SULT4A1,AR,NOX1,FGF16,SCML1,TCEAL9,BEX4,P2RY8,SREBF2,CCNB3
NYX,RGN,MAOB,XK,SMPX,GPRASP1,CFP,RS1,A4GALT,RPGR,PNPLA3,PDZD11,TIMM8A,ATRX,PPEF1,BEX3,TCEAL7,CD99,TSPO,SHROOM4
MAOA,TIMP1,SLC9A7,SYTL5,DMD,GPRASP2,ELK1,PPEF1,TSPO,MID1IP1,SHISAL1,RTL5,HNRNPH2,HMGN5,MAP7D2,TMSB15B,BEX3,PRKX,KIAA0930,EZHIP
NDP,GATA1,CFP,SLC9A7,XK,BHLHB9,FTSJ1,PHKA2,PARVB,MAOB,MOV10L1,CITED1,TCEAL2,POF1B,SMPX,PWWP3B,TCEAL3,ARHGAP6,PIM3,GPR173
CHST7,WDR45,ELK1,CFP,TSPAN7,BEX1,GAGE10,MAP7D2,FBLN1,EFHC2,PANX2,NAP1L2,TCEAL6,PABPC5,PTCHD1,CLDN2,TCEAL1,MSL3,SBF1,WNK3
RGN,PLP2,FTSJ1,ELK1,GPR82,BEX4,DGKK,CNKSR2,CD99,RP2,MAPK11,MAGEE2,BEX5,NAP1L3,ARX,PRPS1,GLRA4,TLR7,AKAP17A,TRO
TIMP1,PRICKLE3,GAGE10,SYP,CACNA1F,TCEAL5,IQSEC2,KLHL34,ARSE,TIMP1,MAPK8IP2,MAGEE1,ARMCX5,FAM133A,HDAC6,VSIG1,TMEM31,TLR8,RAB9A,SPIN2A
GATA1,GAGE10,DGKK,CACNA1F,NUDT10,BEX2,KLF8,SMPX,MXRA5,GLOD5,CRLF2,FGF16,GPRASP1,TCEAL6,KCND1,PSMD10,PWWP3B,TMSB4X,GPM6B,AR
PRICKLE3,MAGED4,IQSEC2,NUDT11,NUDT11,BEX3,NHSL2,DDX53,PRKX,GATA1,FRMPD4,PGK1,BHLHB9,TMSB15A,CACNA1F,RTL9,RNF128,ASB11,FANCB,OPHN1
PFKFB1,RIBC1,KLF8,CENPVL3,CENPVL3,TCEAL1,DMRTC1B,PTCHD1,SHROOM2,MAGIX,GLRA2,DACH2,RAB40AL,GPRASP1,MAGED4,PAK3,FRMPD3,S100G,MOSPD2,FAM155B
HEPH,HEPH,PJA1,IQSEC2,IQSEC2,TMEM31,DMRTC1,IL1RAPL1,ASB9,PLP2,CDKL5,NAP1L3,TCEAL5,GPRASP2,TRO,DCX,PRPS1,SH3KBP1,PIGA,NLGN3
OPHN1,AR,NHSL2,KLF8,TSR2,RAB9B,POU3F4,SYTL5,ASB11,PRICKLE3,RS1,PCDH19,TCEAL7,ARMCX5-GPRASP2,KLF8,SERTM2,IRS4,SAT1,PCYT1B,LPAR4
DGAT2L6,OPHN1,DMRTC1B,ARHGEF9,KLF8,RADX,PCDH11X,CFP,BMX,GAGE10,PPEF1,NXF5,TCEAL3,BEX4,FAAH2,TRPC5,PAK3,CXorf21,POLA1,ZNF711
AWAT1,EFNB1,POU3F4,AMER1,ARHGEF9,RNF128,FAM133A,SYP,PRRG1,RIBC1,CNKSR2,TCEAL2,TCEAL1,TCEAL7,ASB12,TRPC5OS,DCX,CYBB,IL1RAPL1,PABPC5
ARR3,DGAT2L6,PCDH11X,ASB12,AR,NCBP2L,DIAPH2,CACNA1F,MAOA,KIF4A,KLHL34,TCEAL6,FRMPD3,TCEAL3,MTMR8,IL13RA2,SERTM2,GPR34,PRRG1,PCDH19
GDPD2,ARR3,DIAPH2,MTMR8,PJA1,MID2,RPA4,FOXP3,DIPK2B,GDPD2,SMPX,BEX5,PRPS1,GLRA4,ZC4H2,PLS3,TRPC5,RP2,MID1IP1,TNMD
PHKA1,GDPD2,RPA4,PJA1,NHSL2,RTL9,NOX1,GAGE10,JADE3,TEX11,DMD,ARMCX5-GPRASP2,IRS4,ZCCHC18,ZC3H12B,KLHL13,TRPC5OS,WAS,NDP,ARMCX6
GPR174,PHKA1,NOX1,DLG3,SLC16A2,DCX,DRP2,DGKK,TIMP1,ITGB1BP2,XK,BHLHB9,AMMECR1,RADX,HDAC8,DOCK11,HTR2C,PRICKLE3,KDM6A,TMSB15A
TNMD,LPAR4,DRP2,DMRTC1B,POU3F4,IL13RA2,TAF7L,IQSEC2,SLC38A5,LPAR4,OTC,TCEAL5,CHRDL1,FRMPD3,NEXMIF,ZCCHC12,IL13RA2,CLCN5,DIPK2B,NXF3
TSPAN6,TSPAN6,TAF7L,DMRTC1,DIAPH2,PGRMC1,GLRA4,ARHGEF9,PLP2,TBX22,SYN1,TCEAL3,PAK3,PRPS1,FGF16,PGRMC1,ZCCHC12,MSN,PPP1R3F,RAB9B
SRPX2,SRPX2,GLRA4,POU3F4,RPA4,RHOXF1,RAB9B,ASB12,PRICKLE3,TENT5D,EBP,IL1RAPL2,DCX,PSMD10,LPAR4,NKRF,PGRMC1,VSIG4,CCNB3,TMSB15B
SYTL4,SYTL4,RAB9B,TMEM35A,DRP2,GRIA3,RADX,DLG3,FAM156B,CPXCR1,SYP,NRK,LRCH2,IRS4,HDX,SEPTIN6,SEPTIN6,EDA2R,SHROOM4,RADX
XKRX,XKRX,RADX,DRP2,TAF7L,TENM1,RNF128,CITED1,MSN,TSPAN6,IQSEC2,PWWP3B,PLS3,PAK3,SATL1,TENM1,TMEM255A,EFNB1,HEPH,RNF128
ZMAT1,ZMAT1,RNF128,TAF7L,RAB40AL,DCAF12L2,TBC1D8B,DMRTC1B,EDA2R,XKRX,BX276092.9,FRMPD3,ZCCHC12,TRPC5,ZNF711,DCAF12L2,TENM1,EDA,EDA2R,TSC22D3
NXT2,RAB40AL,TBC1D8B,BEX1,TCEAL8,DCAF12L1,CLDN2,DMRTC1,STARD8,NXF2B,PABPC1L2B,PRPS1,LONRF3,TRPC5OS,ARL13A,DCAF12L1,DCAF12L2,IL2RG,EDA,IRS4
KCNE5,ZCCHC18,CLDN2,BEX2,BEX2,OCRL,VSIG1,POU3F4,EFNB1,NRK,NAP1L2,AMMECR1,PGRMC1,KLHL13,CENPI,XPNPEP2,XPNPEP2,MAGT1,FOXO4,KCNE5
TMEM164,FRMPD3,VSIG1,BEX3,GLRA4,XPNPEP2,TMEM164,NOX1,IL2RG,NUP62CL,SATL1,CHRDL1,SEPTIN6,ZCCHC12,TMSB15A,RTL8C,ARHGAP36,ATP7A,NLGN3,KLHL13
CHRDL1,COL4A6,TMEM164,RAB9B,RAB9B,ENOX2,AMMECR1,TMEM35A,CYSLTR1,PIH1D3,PCDH19,DCX,RNF113A,KIAA1210,ARMCX5,SMIM10L2B,IGSF1,CYSLTR1,GJB1,SLC25A43
LHFPL1,NXT2,AMMECR1,RNF128,TMSB15B,STK26,RTL9,DRP2,GPR174,COL4A6,TAF7L,TRPC5,TMEM255A,PGRMC1,RAB40AL,SMIM10L2A,FRMD7,DIAPH2,ITGB1BP2,TMEM255A
AMOT,KCNE5,RTL9,NCBP2L,ZCCHC18,HS6ST2,HTR2C,NXF5,ITM2A,COL4A5,BEX5,TRPC5OS,DCAF12L2,NKRF,PWWP3B,MMGT1,HS6ST2,RPA4,MAGT1,GLUD2
SLC25A43,CHRDL1,HTR2C,MID2,TBC1D8B,SMIM10L2A,IL13RA2,BEX3,SRPX2,GUCY2F,RAB40AL,ZCCHC12,DCAF12L1,RHOXF1,NCBP2L,SLC9A6,GPC3,BTK,KLHL4,RAB33A
SLC25A5,AMOT,IL13RA2,VSIG1,CLDN2,MCF2,DOCK11,VSIG1,TMSB15A,NXT2,TCEAL7,LONRF3,ARHGAP36,DCAF12L2,ACSL4,ADGRG4,HPRT1,NXF3,PLP1,ZNF280C
APLN,LONRF3,DOCK11,TMEM164,NCBP2L,ATP11C,GLUD2,RTL9,TSC22D3,HTR2C,GLRA4,SLC25A5,SMIM10L2B,HPRT1,PAK3,BRS3,RTL8C,SERTM2,PWWP3B,ARHGAP36
ARHGAP36,SLC25A43,GLUD2,AMMECR1,VSIG1,FMR1NB,GRIA3,KLHL13,GUCY2F,AKAP14,PWWP3B,NKRF,SMIM10L2A,SMIM10,DCX,HTATSF1,SMIM10L2B,DOCK11,TBC1D8B,CCDC160
IGSF1,TMEM255A,GRIA3,RTL9,GUCY2F,IDS,SLC25A14,GLUD2,PLS3,RHOXF1,CLDN2,SEPTIN6,ADGRG4,SMIM10L2B,TRPC5,AFF2,SMIM10L2A,IL13RA1,TSC22D3,PHF6
MBNL3,APLN,ARHGAP36,ATP1B4,AMMECR1,VMA21,STK26,GRIA3,IL13RA1,ZBTB33,NCBP2L,SOWAHD,HTATSF1,CT55,KIAA1210,CXorf40A,ZIC3,SEPTIN6,COL4A5,ARHGEF6
GPC4,IGSF1,IGSF1,GLUD2,RTL9,PRRG3,HS6ST2,TENM1,LONRF3,ATP1B4,PAK3,SMIM10L2B,FGF13,INTS6L,GLUD2,HMGB3,MCF2,SOWAHD,PLS3,SOX3
CCDC160,GPC4,STK26,GRIA3,HTR2C,GABRE,USP26,ENOX2,KIAA1210,ELF4,TRPC5,CT55,ATP11C,ADGRG4,GPC3,PRRG3,LDOC1,SASH3,WDR44,SLITRK2
SLC9A6,CCDC160,HS6ST2,TENM1,IL13RA2,GABRA3,FAM122C,HS6ST2,APLN,GPC4,GLUD2,FGF13,LDOC1,VMA21,SMIM10L2B,GABRA3,SLITRK4,ELF4,LAMP2,FMR1NB
MAP7D3,ARHGEF6,USP26,STK26,KLHL13,GABRQ,CT55,USP26,XPNPEP2,CCDC160,GRIA3,MCF2,SLITRK4,PNMA3,ADGRG4,PNMA5,AFF2,RAP2C,APLN,MAMLD1
SOX3,SOX3,CT55,FRMD7,MCTS1,PNMA5,BRS3,PLAC1,MBNL3,FAM122C,SMIM10L2B,LDOC1,AFF2,PNMA6A,CD40LG,PNMA3,IDS,MBNL3,ZDHHC9,ZNF275
CDR1,CDR1,GPR101,HS6ST2,GRIA3,PNMA6A,GPR101,FAM122B,GPC3,MOSPD1,SMIM10L2A,CD99L2,CD99L2,PNMA6F,ZIC3,PNMA6A,HMGB3,MAP7D3,AIFM1,HAUS7
SLITRK2,PASD1,FGF13,MCF2,GPC4,PNMA6F,FGF13,CT55,SMIM10,INTS6L,SLITRK4,HMGB3,HMGB3,ATP2B3,CXorf40A,PNMA6F,PRRG3,CD40LG,RAB33A,BGN
MTM1,HAUS7,MCF2,SLITRK2,GPR101,ATP2B3,MCF2,ZNF449,RTL8B,MAP7D3,IDS,PNMA3,VMA21,CCNQ,CD99L2,BCAP31,GABRE,ARHGEF6,ENOX2,PLXNB3
ABCD1,SLC6A8,CDR1,IDS,MCF2,DUSP9,CDR1,ATP11C,ZIC3,SOX3,PRRG3,PNMA6A,PNMA3,SRPK3,HMGB3,SSR4,GABRA3,ATP11C,MBNL3,SRY
PLXNB3,ABCD1,SPANXN1,TMEM185A,CDR1,L1CAM,SPANXN1,MAGEC3,GABRE,CDR1,GABRA3,PNMA6F,PNMA6A,L1CAM,GABRE,L1CAM,PNMA5,ABCD1,MAGEC3,ZFY
RENBP,PLXNB3,ZNF185,PASD1,SPANXN1,RAB39B,ZNF185,SLITRK4,CSAG1,CETN2,GABRQ,ATP2B3,ZNF275,ATP6AP1,L1CAM,ATP6AP1,PNMA3,ARHGAP4,SLC6A8,TMSB4Y
F8,SRPK3,PNMA5,GABRA3,PRRG3,ZFY,DUSP9,SLITRK2,BGN,ARHGAP4,PNMA5,CCNQ,ZFP92,USP9Y,FAM50A,GDI1,PNMA6A,RENBP,PLXNB3,NLGN4Y
CMC4,RENBP,DUSP9,GABRQ,ZNF185,PCDH11Y,PNCK,ATP2B3,FLNA,TMEM187,PNMA3,TKTL1,ATP2B3,KDM5D,PLXNA3,PLXNA3,PNMA6F,IRAK1,SRPK3,BX004987.1
AC145212.1,AC011043.1,PNCK,DUSP9,PNMA5,AMELY,FLNA,DUSP9,SLC10A3,IRAK1,PNMA6A,ATP6AP1,L1CAM,EIF1AY,F8,F8A1,SRPK3,GAB3,RENBP,AC011043.1
AC011043.1,AC171558.1,TBL1Y,PCDH11Y,DUSP9,TBL1Y,TBL1Y,IL9R,CLIC2,SRY,L1CAM,LAGE3,ATP6AP1,AC240274.1,SPRY3,RAB39B,L1CAM,PRKY,AC145212.1,AC011043.2
AC011841.1,AC136616.1,MAFIP,MAFIP,PNCK,AC011043.2,MAFIP,MAFIP,AMELY,AMELY,PRKY,RAB39B,VBP1,AC171558.1,PCDH11Y,PCDH11Y,AC171558.1,AC011043.2,AC011841.1,AC011841.1
AC007325.2,AC007325.2,AL354822.1,AL354822.1,NLGN4Y,AC004556.3,AL354822.1,AL354822.1,PRKY,TBL1Y,AC004556.3,CLIC2,RAB39B,AC136616.1,AC007325.4,AC136616.1,AC136616.1,AC011841.1,AC136616.1,AC136616.1
